ISO-10303-21;
HEADER;
FILE_DESCRIPTION(('FreeCAD Model'),'2;1');
FILE_NAME('Open CASCADE Shape Model','2026-09-14T23:47:59',('Author'),(
    ''),'Open CASCADE STEP processor 7.9','FreeCAD','Unknown');
FILE_SCHEMA(('AUTOMOTIVE_DESIGN { 1 0 10303 214 1 1 1 1 }'));
ENDSEC;
DATA;
#1 = APPLICATION_PROTOCOL_DEFINITION('international standard',
  'automotive_design',2000,#2);
#2 = APPLICATION_CONTEXT(
  'core data for automotive mechanical design processes');
#3 = SHAPE_DEFINITION_REPRESENTATION(#4,#10);
#4 = PRODUCT_DEFINITION_SHAPE('','',#5);
#5 = PRODUCT_DEFINITION('design','',#6,#9);
#6 = PRODUCT_DEFINITION_FORMATION('','',#7);
#7 = PRODUCT('Product012','Product012','',(#8));
#8 = PRODUCT_CONTEXT('',#2,'mechanical');
#9 = PRODUCT_DEFINITION_CONTEXT('part definition',#2,'design');
#10 = ADVANCED_BREP_SHAPE_REPRESENTATION('',(#11,#15),#4174);
#11 = AXIS2_PLACEMENT_3D('',#12,#13,#14);
#12 = CARTESIAN_POINT('',(0.,0.,0.));
#13 = DIRECTION('',(0.,0.,1.));
#14 = DIRECTION('',(1.,0.,-0.));
#15 = MANIFOLD_SOLID_BREP('',#16);
#16 = CLOSED_SHELL('',(#17,#73,#116,#139,#218,#285,#436,#476,#519,#553,
    #729,#810,#874,#898,#922,#939,#965,#994,#1006,#1068,#1099,#1124,
    #1151,#1254,#1318,#1341,#1353,#1365,#1430,#1495,#1558,#1615,#1730,
    #1853,#1887,#1912,#1937,#1962,#1987,#2014,#2041,#2066,#2091,#2116,
    #2143,#2161,#2193,#2300,#2334,#2359,#2384,#2409,#2434,#2461,#2488,
    #2513,#2538,#2563,#2590,#2608,#2640,#2681,#2715,#2747,#2779,#2811,
    #2845,#2879,#2911,#2943,#2975,#3007,#3032,#3055,#3076,#3131,#3213,
    #3263,#3333,#3390,#3446,#3512,#3554,#3592,#3644,#3700,#3736,#3785,
    #3809,#3851,#3886,#3918,#3959,#3971,#3988,#4005,#4017,#4034,#4052,
    #4072,#4089,#4107,#4119,#4145,#4162));
#17 = ADVANCED_FACE('',(#18),#60,.F.);
#18 = FACE_BOUND('',#19,.F.);
#19 = EDGE_LOOP('',(#20,#31,#40,#51));
#20 = ORIENTED_EDGE('',*,*,#21,.T.);
#21 = EDGE_CURVE('',#22,#24,#26,.T.);
#22 = VERTEX_POINT('',#23);
#23 = CARTESIAN_POINT('',(235.42285239101,204.83304120134,4.63039454832)
  );
#24 = VERTEX_POINT('',#25);
#25 = CARTESIAN_POINT('',(238.82098908758,204.83304120134,4.63039454832)
  );
#26 = B_SPLINE_CURVE_WITH_KNOTS('',3,(#27,#28,#29,#30),.UNSPECIFIED.,.F.
  ,.F.,(4,4),(-17.7035051414,-14.30536844483),.PIECEWISE_BEZIER_KNOTS.);
#27 = CARTESIAN_POINT('',(235.42285239101,204.83304120134,4.63039454832)
  );
#28 = CARTESIAN_POINT('',(236.55556462321,204.83304120134,4.63039454832)
  );
#29 = CARTESIAN_POINT('',(237.68827685539,204.83304120134,4.63039454832)
  );
#30 = CARTESIAN_POINT('',(238.82098908758,204.83304120134,4.63039454832)
  );
#31 = ORIENTED_EDGE('',*,*,#32,.T.);
#32 = EDGE_CURVE('',#24,#33,#35,.T.);
#33 = VERTEX_POINT('',#34);
#34 = CARTESIAN_POINT('',(238.82098908759,204.83304120134,7.629609248238
    ));
#35 = B_SPLINE_CURVE_WITH_KNOTS('',3,(#36,#37,#38,#39),.UNSPECIFIED.,.F.
  ,.F.,(4,4),(0.,2.999214699918),.PIECEWISE_BEZIER_KNOTS.);
#36 = CARTESIAN_POINT('',(238.82098908759,204.83304120134,4.63039454832)
  );
#37 = CARTESIAN_POINT('',(238.82098908759,204.83304120134,5.630132781626
    ));
#38 = CARTESIAN_POINT('',(238.82098908759,204.83304120134,6.629871014932
    ));
#39 = CARTESIAN_POINT('',(238.82098908759,204.83304120134,7.629609248238
    ));
#40 = ORIENTED_EDGE('',*,*,#41,.F.);
#41 = EDGE_CURVE('',#42,#33,#44,.T.);
#42 = VERTEX_POINT('',#43);
#43 = CARTESIAN_POINT('',(236.49201034564,204.83304120134,7.766591215197
    ));
#44 = B_SPLINE_CURVE_WITH_KNOTS('',3,(#45,#46,#47,#48,#49,#50),
  .UNSPECIFIED.,.F.,.F.,(4,2,4),(0.163870690426,2.44303347601,
    2.49687329052),.UNSPECIFIED.);
#45 = CARTESIAN_POINT('',(236.49201034564,204.83304120134,7.766591215196
    ));
#46 = CARTESIAN_POINT('',(237.25022115252,204.83304120134,7.71869801342)
  );
#47 = CARTESIAN_POINT('',(238.00864107663,204.83304120134,7.674014516603
    ));
#48 = CARTESIAN_POINT('',(238.78514908991,204.83304120134,7.63156321071)
  );
#49 = CARTESIAN_POINT('',(238.803069038,204.83304120134,7.630585333525)
  );
#50 = CARTESIAN_POINT('',(238.82098908759,204.83304120134,7.629609248238
    ));
#51 = ORIENTED_EDGE('',*,*,#52,.T.);
#52 = EDGE_CURVE('',#42,#22,#53,.T.);
#53 = B_SPLINE_CURVE_WITH_KNOTS('',3,(#54,#55,#56,#57,#58,#59),
  .UNSPECIFIED.,.F.,.F.,(4,2,4),(0.414793904951,1.656505136986,
    3.728225398928),.UNSPECIFIED.);
#54 = CARTESIAN_POINT('',(236.49201034564,204.83304120134,7.766591215197
    ));
#55 = CARTESIAN_POINT('',(236.35845439883,204.83304120134,7.374827104565
    ));
#56 = CARTESIAN_POINT('',(236.22489845202,204.83304120134,6.983062993934
    ));
#57 = CARTESIAN_POINT('',(235.86851246715,204.83304120134,5.937664104974
    ));
#58 = CARTESIAN_POINT('',(235.64568242908,204.83304120135,5.284029326648
    ));
#59 = CARTESIAN_POINT('',(235.42285239101,204.83304120135,4.63039454832)
  );
#60 = B_SPLINE_SURFACE_WITH_KNOTS('',1,1,(
    (#61,#62,#63,#64)
    ,(#65,#66,#67,#68)
    ,(#69,#70,#71,#72
    )),.UNSPECIFIED.,.F.,.F.,.F.,(2,1,2),(2,1,1,2),(-48.99999999999,
    2.025E-13,18.),(-113.9999999999,0.,3.,39.650002000038),
  .UNSPECIFIED.);
#61 = CARTESIAN_POINT('',(195.45135753241,204.83304120136,
    -109.3696054516));
#62 = CARTESIAN_POINT('',(195.45135753241,204.83304120136,4.63039454832)
  );
#63 = CARTESIAN_POINT('',(195.45135753241,204.83304120136,7.63039454832)
  );
#64 = CARTESIAN_POINT('',(195.45135753241,204.83304120136,
    44.280396548358));
#65 = CARTESIAN_POINT('',(244.45135753241,204.83304120134,
    -109.3696054516));
#66 = CARTESIAN_POINT('',(244.45135753241,204.83304120134,4.63039454832)
  );
#67 = CARTESIAN_POINT('',(244.45135753241,204.83304120134,7.63039454832)
  );
#68 = CARTESIAN_POINT('',(244.45135753241,204.83304120134,
    44.280396548358));
#69 = CARTESIAN_POINT('',(262.45135753241,204.83304120133,
    -109.3696054516));
#70 = CARTESIAN_POINT('',(262.45135753241,204.83304120133,4.63039454832)
  );
#71 = CARTESIAN_POINT('',(262.45135753241,204.83304120133,7.63039454832)
  );
#72 = CARTESIAN_POINT('',(262.45135753241,204.83304120133,
    44.280396548358));
#73 = ADVANCED_FACE('',(#74),#111,.T.);
#74 = FACE_BOUND('',#75,.T.);
#75 = EDGE_LOOP('',(#76,#86,#94,#102));
#76 = ORIENTED_EDGE('',*,*,#77,.F.);
#77 = EDGE_CURVE('',#78,#80,#82,.T.);
#78 = VERTEX_POINT('',#79);
#79 = CARTESIAN_POINT('',(235.43058230645,204.18304120135,4.63039454832)
  );
#80 = VERTEX_POINT('',#81);
#81 = CARTESIAN_POINT('',(236.49202746349,204.18304120133,7.743967008979
    ));
#82 = LINE('',#83,#84);
#83 = CARTESIAN_POINT('',(236.90496185559,204.18304120133,8.955241225784
    ));
#84 = VECTOR('',#85,1.);
#85 = DIRECTION('',(0.32267392779,-1.3043E-13,0.946510188178));
#86 = ORIENTED_EDGE('',*,*,#87,.F.);
#87 = EDGE_CURVE('',#88,#78,#90,.T.);
#88 = VERTEX_POINT('',#89);
#89 = CARTESIAN_POINT('',(238.82098908759,204.18304120134,4.63039454832)
  );
#90 = LINE('',#91,#92);
#91 = CARTESIAN_POINT('',(253.45135753241,204.18304120134,4.63039454832)
  );
#92 = VECTOR('',#93,1.);
#93 = DIRECTION('',(-1.,4.0422E-13,0.));
#94 = ORIENTED_EDGE('',*,*,#95,.F.);
#95 = EDGE_CURVE('',#96,#88,#98,.T.);
#96 = VERTEX_POINT('',#97);
#97 = CARTESIAN_POINT('',(238.82098908759,204.18304120133,7.606986123182
    ));
#98 = LINE('',#99,#100);
#99 = CARTESIAN_POINT('',(238.82098908759,204.18304120133,9.527046E-11)
  );
#100 = VECTOR('',#101,1.);
#101 = DIRECTION('',(0.,0.,-1.));
#102 = ORIENTED_EDGE('',*,*,#103,.T.);
#103 = EDGE_CURVE('',#96,#80,#104,.T.);
#104 = B_SPLINE_CURVE_WITH_KNOTS('',3,(#105,#106,#107,#108,#109,#110),
  .UNSPECIFIED.,.F.,.F.,(4,2,4),(2.385754496496,2.44562256969,
    4.718739987735),.UNSPECIFIED.);
#105 = CARTESIAN_POINT('',(238.82098908759,204.18304120134,
    7.606986123182));
#106 = CARTESIAN_POINT('',(238.80106259123,204.18304120134,
    7.608071497407));
#107 = CARTESIAN_POINT('',(238.78113622037,204.18304120134,
    7.609159087259));
#108 = CARTESIAN_POINT('',(238.004634871,204.18304120134,7.651627470293)
  );
#109 = CARTESIAN_POINT('',(237.24822718357,204.18304120134,7.69620088801
    ));
#110 = CARTESIAN_POINT('',(236.49202746349,204.18304120134,
    7.743967008978));
#111 = PLANE('',#112);
#112 = AXIS2_PLACEMENT_3D('',#113,#114,#115);
#113 = CARTESIAN_POINT('',(253.45135753241,204.18304120133,6.13039454832
    ));
#114 = DIRECTION('',(-4.0422E-13,-1.,0.));
#115 = DIRECTION('',(-0.,0.,-1.));
#116 = ADVANCED_FACE('',(#117),#134,.F.);
#117 = FACE_BOUND('',#118,.T.);
#118 = EDGE_LOOP('',(#119,#125,#126,#133));
#119 = ORIENTED_EDGE('',*,*,#120,.F.);
#120 = EDGE_CURVE('',#22,#78,#121,.T.);
#121 = LINE('',#122,#123);
#122 = CARTESIAN_POINT('',(235.42546352517,204.61347383123,4.63039454832
    ));
#123 = VECTOR('',#124,1.);
#124 = DIRECTION('',(1.189133676013E-02,-0.999929295555,0.));
#125 = ORIENTED_EDGE('',*,*,#21,.T.);
#126 = ORIENTED_EDGE('',*,*,#127,.F.);
#127 = EDGE_CURVE('',#88,#24,#128,.T.);
#128 = CIRCLE('',#129,2.7);
#129 = AXIS2_PLACEMENT_3D('',#130,#131,#132);
#130 = CARTESIAN_POINT('',(241.50135753241,204.50804120134,4.63039454832
    ));
#131 = DIRECTION('',(0.,0.,-1.));
#132 = DIRECTION('',(0.,1.,0.));
#133 = ORIENTED_EDGE('',*,*,#87,.T.);
#134 = PLANE('',#135);
#135 = AXIS2_PLACEMENT_3D('',#136,#137,#138);
#136 = CARTESIAN_POINT('',(253.45135753241,204.83304120133,4.63039454832
    ));
#137 = DIRECTION('',(0.,0.,1.));
#138 = DIRECTION('',(1.,0.,-0.));
#139 = ADVANCED_FACE('',(#140),#201,.F.);
#140 = FACE_BOUND('',#141,.F.);
#141 = EDGE_LOOP('',(#142,#169,#180,#191,#200));
#142 = ORIENTED_EDGE('',*,*,#143,.T.);
#143 = EDGE_CURVE('',#33,#144,#146,.T.);
#144 = VERTEX_POINT('',#145);
#145 = CARTESIAN_POINT('',(241.17635753241,207.18840964617,
    7.593639358183));
#146 = B_SPLINE_CURVE_WITH_KNOTS('',3,(#147,#148,#149,#150,#151,#152,
    #153,#154,#155,#156,#157,#158,#159,#160,#161,#162,#163,#164,#165,
    #166,#167,#168),.UNSPECIFIED.,.F.,.F.,(4,3,3,3,3,3,3,4),(
    5.367871331743E-02,0.751571735468,0.820141900863,1.678181480065,
    1.819322743825,2.746952609757,3.451338770245,3.653230642667),
  .UNSPECIFIED.);
#147 = CARTESIAN_POINT('',(238.82098908764,204.8330412014,7.629609246822
    ));
#148 = CARTESIAN_POINT('',(238.84896006153,205.06372534148,
    7.636114615954));
#149 = CARTESIAN_POINT('',(238.90659698538,205.28985214944,
    7.640845409627));
#150 = CARTESIAN_POINT('',(238.9924793524,205.50580382914,7.643738603232
    ));
#151 = CARTESIAN_POINT('',(239.00091756273,205.52702175499,
    7.644022868525));
#152 = CARTESIAN_POINT('',(239.00962844868,205.54814145203,
    7.644289435253));
#153 = CARTESIAN_POINT('',(239.01861066497,205.56915759084,
    7.644538269831));
#154 = CARTESIAN_POINT('',(239.13100790093,205.83213900201,7.64765201347
    ));
#155 = CARTESIAN_POINT('',(239.28436031385,206.07532367885,
    7.647941737831));
#156 = CARTESIAN_POINT('',(239.47269576082,206.28976252696,
    7.645604731827));
#157 = CARTESIAN_POINT('',(239.50367557066,206.32503615623,
    7.645220311354));
#158 = CARTESIAN_POINT('',(239.53560195316,206.35953198111,
    7.644764930464));
#159 = CARTESIAN_POINT('',(239.56844833341,206.39321016683,
    7.644239580563));
#160 = CARTESIAN_POINT('',(239.78432625949,206.6145550101,7.640786796842
    ));
#161 = CARTESIAN_POINT('',(240.03659109153,206.79714406638,
    7.634369650846));
#162 = CARTESIAN_POINT('',(240.3141943667,206.9330450401,7.625525049073)
  );
#163 = CARTESIAN_POINT('',(240.52498954769,207.03624004144,
    7.618808992029));
#164 = CARTESIAN_POINT('',(240.74800854232,207.11134746435,
    7.610770252827));
#165 = CARTESIAN_POINT('',(240.97753132153,207.15673996024,
    7.601694212496));
#166 = CARTESIAN_POINT('',(241.04331737222,207.16975040324,
    7.599092828654));
#167 = CARTESIAN_POINT('',(241.10963769275,207.18031972853,
    7.596405907404));
#168 = CARTESIAN_POINT('',(241.17635753242,207.18840964616,
    7.593639358183));
#169 = ORIENTED_EDGE('',*,*,#170,.T.);
#170 = EDGE_CURVE('',#144,#171,#173,.T.);
#171 = VERTEX_POINT('',#172);
#172 = CARTESIAN_POINT('',(241.17635753241,211.59420479954,
    7.746982212328));
#173 = B_SPLINE_CURVE_WITH_KNOTS('',3,(#174,#175,#176,#177,#178,#179),
  .UNSPECIFIED.,.F.,.F.,(4,2,4),(2.406020769216,3.430836407463,
    6.814483649196),.UNSPECIFIED.);
#174 = CARTESIAN_POINT('',(241.17635753241,207.18840964613,
    7.593639358182));
#175 = CARTESIAN_POINT('',(241.17635753241,207.52980814073,
    7.605521667218));
#176 = CARTESIAN_POINT('',(241.17635753241,207.87120663532,
    7.617403976254));
#177 = CARTESIAN_POINT('',(241.17635753241,209.33980501977,
    7.668518260969));
#178 = CARTESIAN_POINT('',(241.17635753241,210.46700490963,
    7.707750236647));
#179 = CARTESIAN_POINT('',(241.17635753241,211.59420479949,
    7.746982212326));
#180 = ORIENTED_EDGE('',*,*,#181,.T.);
#181 = EDGE_CURVE('',#171,#182,#184,.T.);
#182 = VERTEX_POINT('',#183);
#183 = CARTESIAN_POINT('',(236.49183285899,211.57257175457,
    8.001170490722));
#184 = B_SPLINE_CURVE_WITH_KNOTS('',3,(#185,#186,#187,#188,#189,#190),
  .UNSPECIFIED.,.F.,.F.,(4,2,4),(3.151650954829E-02,2.443666609927,
    4.723025112038),.UNSPECIFIED.);
#185 = CARTESIAN_POINT('',(241.17635753241,211.59420479954,
    7.746982212328));
#186 = CARTESIAN_POINT('',(240.37314615283,211.59109104674,
    7.783568807723));
#187 = CARTESIAN_POINT('',(239.57009148427,211.58767184223,
    7.823744460697));
#188 = CARTESIAN_POINT('',(238.00859006193,211.58042807102,
    7.908858772396));
#189 = CARTESIAN_POINT('',(237.25010675944,211.57663611461,
    7.953414260196));
#190 = CARTESIAN_POINT('',(236.49183285899,211.57257175457,
    8.001170490722));
#191 = ORIENTED_EDGE('',*,*,#192,.T.);
#192 = EDGE_CURVE('',#182,#42,#193,.T.);
#193 = B_SPLINE_CURVE_WITH_KNOTS('',3,(#194,#195,#196,#197,#198,#199),
  .UNSPECIFIED.,.F.,.F.,(4,2,4),(5.996741175046E-02,3.430836403958,
    6.80357916994),.UNSPECIFIED.);
#194 = CARTESIAN_POINT('',(236.49183285899,211.57257175458,
    8.001170490722));
#195 = CARTESIAN_POINT('',(236.49186243188,210.44962876902,
    7.962084808123));
#196 = CARTESIAN_POINT('',(236.49189200476,209.32668578344,
    7.922999125528));
#197 = CARTESIAN_POINT('',(236.49195116698,207.08017559905,
    7.844806033687));
#198 = CARTESIAN_POINT('',(236.4919807563,205.95660840022,7.805698624441
    ));
#199 = CARTESIAN_POINT('',(236.49201034564,204.8330412014,7.766591215199
    ));
#200 = ORIENTED_EDGE('',*,*,#41,.T.);
#201 = B_SPLINE_SURFACE_WITH_KNOTS('',3,3,(
    (#202,#203,#204,#205)
    ,(#206,#207,#208,#209)
    ,(#210,#211,#212,#213)
    ,(#214,#215,#216,#217
    )),.UNSPECIFIED.,.F.,.F.,.F.,(4,4),(4,4),(5.286411932794E-02,
    7.81002367908E-02),(2.923337584808E-02,4.666432986342E-02),
  .PIECEWISE_BEZIER_KNOTS.);
#202 = CARTESIAN_POINT('',(236.49183285875,211.58534226803,
    8.001614966002));
#203 = CARTESIAN_POINT('',(238.05215633668,211.58876852757,
    7.903173669947));
#204 = CARTESIAN_POINT('',(239.61378252766,211.59172317482,
    7.818282579086));
#205 = CARTESIAN_POINT('',(241.17635753242,211.59420479954,
    7.746982212328));
#206 = CARTESIAN_POINT('',(236.49183290068,209.33298781396,
    7.923222199894));
#207 = CARTESIAN_POINT('',(238.05215637861,209.33641407349,7.82478090384
    ));
#208 = CARTESIAN_POINT('',(239.61378256959,209.33936872075,
    7.739889812979));
#209 = CARTESIAN_POINT('',(241.17635757435,209.34185034547,
    7.668589446221));
#210 = CARTESIAN_POINT('',(236.49183294261,207.08063335988,
    7.844829433787));
#211 = CARTESIAN_POINT('',(238.05215642054,207.08405961942,
    7.746388137733));
#212 = CARTESIAN_POINT('',(239.61378261153,207.08701426667,
    7.661497046871));
#213 = CARTESIAN_POINT('',(241.17635761628,207.0894958914,7.590196680114
    ));
#214 = CARTESIAN_POINT('',(236.49183298455,204.82827890581,7.76643666768
    ));
#215 = CARTESIAN_POINT('',(238.05215646247,204.83170516535,
    7.667995371626));
#216 = CARTESIAN_POINT('',(239.61378265346,204.8346598126,7.583104280764
    ));
#217 = CARTESIAN_POINT('',(241.17635765821,204.83714143732,
    7.511803914007));
#218 = ADVANCED_FACE('',(#219),#268,.F.);
#219 = FACE_BOUND('',#220,.F.);
#220 = EDGE_LOOP('',(#221,#232,#243,#254,#267));
#221 = ORIENTED_EDGE('',*,*,#222,.T.);
#222 = EDGE_CURVE('',#80,#223,#225,.T.);
#223 = VERTEX_POINT('',#224);
#224 = CARTESIAN_POINT('',(236.4921490342,199.56675409759,7.58329034532)
  );
#225 = B_SPLINE_CURVE_WITH_KNOTS('',3,(#226,#227,#228,#229,#230,#231),
  .UNSPECIFIED.,.F.,.F.,(4,2,4),(5.940135060418E-02,2.510252222476,
    4.678483903326),.UNSPECIFIED.);
#226 = CARTESIAN_POINT('',(236.4920274635,204.18304120133,7.743967008979
    ));
#227 = CARTESIAN_POINT('',(236.49204896499,203.36658532554,7.71554906113
    ));
#228 = CARTESIAN_POINT('',(236.4920704665,202.55012944974,7.687131113283
    ));
#229 = CARTESIAN_POINT('',(236.49211099007,201.01136708183,
    7.633572225398));
#230 = CARTESIAN_POINT('',(236.49213001213,200.28906058974,
    7.608431285359));
#231 = CARTESIAN_POINT('',(236.4921490342,199.56675409763,7.583290345322
    ));
#232 = ORIENTED_EDGE('',*,*,#233,.T.);
#233 = EDGE_CURVE('',#223,#234,#236,.T.);
#234 = VERTEX_POINT('',#235);
#235 = CARTESIAN_POINT('',(241.17635753241,199.47381160666,
    7.325134255068));
#236 = B_SPLINE_CURVE_WITH_KNOTS('',3,(#237,#238,#239,#240,#241,#242),
  .UNSPECIFIED.,.F.,.F.,(4,2,4),(0.172062690598,2.444280405523,
    4.864357293102),.UNSPECIFIED.);
#237 = CARTESIAN_POINT('',(236.4921490342,199.56675409758,7.58329034532)
  );
#238 = CARTESIAN_POINT('',(237.24781126538,199.5493514096,7.534952821287
    ));
#239 = CARTESIAN_POINT('',(238.00371098477,199.53311041786,
    7.489842012583));
#240 = CARTESIAN_POINT('',(239.56510573138,199.50197275208,
    7.403354357904));
#241 = CARTESIAN_POINT('',(240.37063858073,199.48723210173,
    7.362410881695));
#242 = CARTESIAN_POINT('',(241.17635753242,199.47381160668,
    7.325134255068));
#243 = ORIENTED_EDGE('',*,*,#244,.T.);
#244 = EDGE_CURVE('',#234,#245,#247,.T.);
#245 = VERTEX_POINT('',#246);
#246 = CARTESIAN_POINT('',(241.17635753241,201.82767275652,
    7.407059940311));
#247 = B_SPLINE_CURVE_WITH_KNOTS('',3,(#248,#249,#250,#251,#252,#253),
  .UNSPECIFIED.,.F.,.F.,(4,2,4),(0.240154573901,2.510252223439,
    2.595440996126),.UNSPECIFIED.);
#248 = CARTESIAN_POINT('',(241.17635753241,199.47381160666,
    7.325134255068));
#249 = CARTESIAN_POINT('',(241.17635753241,200.23005291603,
    7.351455088598));
#250 = CARTESIAN_POINT('',(241.17635753241,200.98629422539,
    7.377775922129));
#251 = CARTESIAN_POINT('',(241.17635753241,201.77091460868,
    7.405084483876));
#252 = CARTESIAN_POINT('',(241.17635753241,201.7992936826,7.406072212094
    ));
#253 = CARTESIAN_POINT('',(241.17635753241,201.82767275652,
    7.407059940311));
#254 = ORIENTED_EDGE('',*,*,#255,.T.);
#255 = EDGE_CURVE('',#245,#96,#256,.T.);
#256 = B_SPLINE_CURVE_WITH_KNOTS('',3,(#257,#258,#259,#260,#261,#262,
    #263,#264,#265,#266),.UNSPECIFIED.,.F.,.F.,(4,2,2,2,4),(
    2.763155188692E-02,1.064556767376,2.133730835011,2.943784722086,
    3.632170138273),.UNSPECIFIED.);
#257 = CARTESIAN_POINT('',(241.17635753241,201.82767275652,
    7.407059940311));
#258 = CARTESIAN_POINT('',(240.83381605505,201.8692065913,7.424154634717
    ));
#259 = CARTESIAN_POINT('',(240.50240338842,201.97601930609,
    7.443689082518));
#260 = CARTESIAN_POINT('',(239.88837557287,202.31376381118,
    7.485730992526));
#261 = CARTESIAN_POINT('',(239.61359907285,202.54515209596,
    7.507887131323));
#262 = CARTESIAN_POINT('',(239.2233883409,203.03375892335,7.545316648188
    ));
#263 = CARTESIAN_POINT('',(239.08763277217,203.26842582215,
    7.560743780147));
#264 = CARTESIAN_POINT('',(238.90497873786,203.73258766208,
    7.586733376268));
#265 = CARTESIAN_POINT('',(238.84856514797,203.95561350259,
    7.597568508323));
#266 = CARTESIAN_POINT('',(238.82098908759,204.18304120133,
    7.606986123182));
#267 = ORIENTED_EDGE('',*,*,#103,.T.);
#268 = B_SPLINE_SURFACE_WITH_KNOTS('',3,3,(
    (#269,#270,#271,#272)
    ,(#273,#274,#275,#276)
    ,(#277,#278,#279,#280)
    ,(#281,#282,#283,#284
    )),.UNSPECIFIED.,.F.,.F.,.F.,(4,4),(4,4),(8.051005662006E-02,
    9.81310718347E-02),(2.923410000222E-02,4.666432918734E-02),
  .PIECEWISE_BEZIER_KNOTS.);
#269 = CARTESIAN_POINT('',(236.49202746349,204.18304120135,
    7.743967008979));
#270 = CARTESIAN_POINT('',(238.05228616682,204.18646727922,7.64553093222
    ));
#271 = CARTESIAN_POINT('',(239.61384746017,204.18942178398,
    7.560643935444));
#272 = CARTESIAN_POINT('',(241.1763574884,204.19190330555,7.489346532511
    ));
#273 = CARTESIAN_POINT('',(236.49202749277,202.61034396841,
    7.689229582498));
#274 = CARTESIAN_POINT('',(238.0522861961,202.61377004629,7.590793505739
    ));
#275 = CARTESIAN_POINT('',(239.61384748945,202.61672455105,
    7.505906508963));
#276 = CARTESIAN_POINT('',(241.17635751768,202.61920607261,7.43460910603
    ));
#277 = CARTESIAN_POINT('',(236.49202752205,201.03764673546,
    7.634492156017));
#278 = CARTESIAN_POINT('',(238.05228622538,201.04107281334,
    7.536056079258));
#279 = CARTESIAN_POINT('',(239.61384751873,201.0440273181,7.451169082482
    ));
#280 = CARTESIAN_POINT('',(241.17635754696,201.04650883967,
    7.379871679549));
#281 = CARTESIAN_POINT('',(236.49202755133,199.46494950253,
    7.579754729536));
#282 = CARTESIAN_POINT('',(238.05228625466,199.4683755804,7.481318652777
    ));
#283 = CARTESIAN_POINT('',(239.61384754801,199.47133008517,
    7.396431656001));
#284 = CARTESIAN_POINT('',(241.17635757624,199.47381160673,
    7.325134253068));
#285 = ADVANCED_FACE('',(#286),#431,.T.);
#286 = FACE_BOUND('',#287,.T.);
#287 = EDGE_LOOP('',(#288,#289,#290,#291,#292,#300,#309,#317,#341,#348,
    #357,#365,#382,#390,#399,#407,#414,#415,#424,#430));
#288 = ORIENTED_EDGE('',*,*,#95,.T.);
#289 = ORIENTED_EDGE('',*,*,#127,.T.);
#290 = ORIENTED_EDGE('',*,*,#32,.T.);
#291 = ORIENTED_EDGE('',*,*,#143,.T.);
#292 = ORIENTED_EDGE('',*,*,#293,.T.);
#293 = EDGE_CURVE('',#144,#294,#296,.T.);
#294 = VERTEX_POINT('',#295);
#295 = CARTESIAN_POINT('',(241.17635753241,207.18840964617,4.63039454832
    ));
#296 = LINE('',#297,#298);
#297 = CARTESIAN_POINT('',(241.17635753241,207.18840964617,9.527046E-11)
  );
#298 = VECTOR('',#299,1.);
#299 = DIRECTION('',(0.,0.,-1.));
#300 = ORIENTED_EDGE('',*,*,#301,.T.);
#301 = EDGE_CURVE('',#294,#302,#304,.T.);
#302 = VERTEX_POINT('',#303);
#303 = CARTESIAN_POINT('',(241.82635753242,207.18840964617,4.63039454832
    ));
#304 = CIRCLE('',#305,2.7);
#305 = AXIS2_PLACEMENT_3D('',#306,#307,#308);
#306 = CARTESIAN_POINT('',(241.50135753241,204.50804120134,4.63039454832
    ));
#307 = DIRECTION('',(0.,0.,-1.));
#308 = DIRECTION('',(0.,1.,0.));
#309 = ORIENTED_EDGE('',*,*,#310,.T.);
#310 = EDGE_CURVE('',#302,#311,#313,.T.);
#311 = VERTEX_POINT('',#312);
#312 = CARTESIAN_POINT('',(241.82635753242,207.18840964617,
    7.564731195297));
#313 = LINE('',#314,#315);
#314 = CARTESIAN_POINT('',(241.82635753242,207.18840964617,9.527046E-11)
  );
#315 = VECTOR('',#316,1.);
#316 = DIRECTION('',(0.,0.,1.));
#317 = ORIENTED_EDGE('',*,*,#318,.T.);
#318 = EDGE_CURVE('',#311,#319,#321,.T.);
#319 = VERTEX_POINT('',#320);
#320 = CARTESIAN_POINT('',(244.18172597722,204.83304120134,
    7.391186635832));
#321 = B_SPLINE_CURVE_WITH_KNOTS('',3,(#322,#323,#324,#325,#326,#327,
    #328,#329,#330,#331,#332,#333,#334,#335,#336,#337,#338,#339,#340),
  .UNSPECIFIED.,.F.,.F.,(4,3,3,3,3,3,4),(0.131217912016,0.698499561688,
    1.486034348124,1.61120915719,2.588382276418,3.202077622658,
    3.731819679067),.UNSPECIFIED.);
#322 = CARTESIAN_POINT('',(241.82635753242,207.18840964616,
    7.564731195297));
#323 = CARTESIAN_POINT('',(242.0136321692,207.16570217404,7.555838809146
    ));
#324 = CARTESIAN_POINT('',(242.19811910538,207.12341689696,
    7.546583654662));
#325 = CARTESIAN_POINT('',(242.37677323212,207.06218437528,
    7.537089745046));
#326 = CARTESIAN_POINT('',(242.62479172598,206.97717767502,
    7.523909723924));
#327 = CARTESIAN_POINT('',(242.85889386921,206.85657156602,
    7.510412744607));
#328 = CARTESIAN_POINT('',(243.07179485283,206.70433953391,
    7.496891454723));
#329 = CARTESIAN_POINT('',(243.10563442467,206.68014299569,
    7.494742311716));
#330 = CARTESIAN_POINT('',(243.13893837563,206.65514747809,
    7.492592447843));
#331 = CARTESIAN_POINT('',(243.17167744934,206.62936894052,
    7.490442928793));
#332 = CARTESIAN_POINT('',(243.4272539748,206.42812961643,7.473662777497
    ));
#333 = CARTESIAN_POINT('',(243.64439163359,206.1823334129,7.457165637451
    ));
#334 = CARTESIAN_POINT('',(243.81258233882,205.9038348459,7.44144057481)
  );
#335 = CARTESIAN_POINT('',(243.91821137327,205.72892901689,
    7.431564742603));
#336 = CARTESIAN_POINT('',(244.00365600257,205.54257902276,
    7.422074941937));
#337 = CARTESIAN_POINT('',(244.06726127985,205.34836135676,
    7.413094429518));
#338 = CARTESIAN_POINT('',(244.12216537936,205.18071259373,
    7.405342447787));
#339 = CARTESIAN_POINT('',(244.16049824676,205.00811244964,7.39801207368
    ));
#340 = CARTESIAN_POINT('',(244.18172597812,204.83304120166,
    7.391186626753));
#341 = ORIENTED_EDGE('',*,*,#342,.T.);
#342 = EDGE_CURVE('',#319,#343,#345,.T.);
#343 = VERTEX_POINT('',#344);
#344 = CARTESIAN_POINT('',(244.18172597723,204.83304120135,4.63039454832
    ));
#345 = B_SPLINE_CURVE_WITH_KNOTS('',1,(#346,#347),.UNSPECIFIED.,.F.,.F.,
  (2,2),(-2.760792087512,0.),.PIECEWISE_BEZIER_KNOTS.);
#346 = CARTESIAN_POINT('',(244.18172597722,204.83304120134,
    7.391186635832));
#347 = CARTESIAN_POINT('',(244.18172597722,204.83304120134,4.63039454832
    ));
#348 = ORIENTED_EDGE('',*,*,#349,.T.);
#349 = EDGE_CURVE('',#343,#350,#352,.T.);
#350 = VERTEX_POINT('',#351);
#351 = CARTESIAN_POINT('',(244.18172597723,204.18304120134,4.63039454832
    ));
#352 = CIRCLE('',#353,2.7);
#353 = AXIS2_PLACEMENT_3D('',#354,#355,#356);
#354 = CARTESIAN_POINT('',(241.50135753241,204.50804120134,4.63039454832
    ));
#355 = DIRECTION('',(0.,0.,-1.));
#356 = DIRECTION('',(0.,1.,0.));
#357 = ORIENTED_EDGE('',*,*,#358,.T.);
#358 = EDGE_CURVE('',#350,#359,#361,.T.);
#359 = VERTEX_POINT('',#360);
#360 = CARTESIAN_POINT('',(244.18172597723,204.18304120133,
    7.368563510533));
#361 = LINE('',#362,#363);
#362 = CARTESIAN_POINT('',(244.18172597723,204.18304120133,9.527046E-11)
  );
#363 = VECTOR('',#364,1.);
#364 = DIRECTION('',(0.,0.,1.));
#365 = ORIENTED_EDGE('',*,*,#366,.T.);
#366 = EDGE_CURVE('',#359,#367,#369,.T.);
#367 = VERTEX_POINT('',#368);
#368 = CARTESIAN_POINT('',(241.82635753242,201.82767275651,
    7.378151777183));
#369 = B_SPLINE_CURVE_WITH_KNOTS('',3,(#370,#371,#372,#373,#374,#375,
    #376,#377,#378,#379,#380,#381),.UNSPECIFIED.,.F.,.F.,(4,2,2,2,2,4),(
    1.402975013057E-02,1.070508120052,2.099544510552,2.982997246564,
    3.391879468972,3.613270110771),.UNSPECIFIED.);
#370 = CARTESIAN_POINT('',(244.18172597723,204.18304120133,
    7.368563510533));
#371 = CARTESIAN_POINT('',(244.1393668033,203.83369291475,7.357865440789
    ));
#372 = CARTESIAN_POINT('',(244.02909879092,203.49585787334,
    7.349898445024));
#373 = CARTESIAN_POINT('',(243.68942612164,202.88940314876,
    7.340916661637));
#374 = CARTESIAN_POINT('',(243.46632663705,202.6248147113,7.3398238454)
  );
#375 = CARTESIAN_POINT('',(242.97076315908,202.22384343584,
    7.344772213579));
#376 = CARTESIAN_POINT('',(242.7131152298,202.07734125402,7.349800543241
    ));
#377 = CARTESIAN_POINT('',(242.30917218514,201.9281190559,7.361163659874
    ));
#378 = CARTESIAN_POINT('',(242.17799437306,201.89065392162,
    7.365328168807));
#379 = CARTESIAN_POINT('',(241.97232387519,201.84841151085,
    7.372588620074));
#380 = CARTESIAN_POINT('',(241.89952576565,201.83654455019,
    7.375295083171));
#381 = CARTESIAN_POINT('',(241.82635753243,201.82767275652,
    7.378151777183));
#382 = ORIENTED_EDGE('',*,*,#383,.T.);
#383 = EDGE_CURVE('',#367,#384,#386,.T.);
#384 = VERTEX_POINT('',#385);
#385 = CARTESIAN_POINT('',(241.82635753242,201.82767275652,4.63039454832
    ));
#386 = LINE('',#387,#388);
#387 = CARTESIAN_POINT('',(241.82635753242,201.82767275652,9.527046E-11)
  );
#388 = VECTOR('',#389,1.);
#389 = DIRECTION('',(0.,0.,-1.));
#390 = ORIENTED_EDGE('',*,*,#391,.T.);
#391 = EDGE_CURVE('',#384,#392,#394,.T.);
#392 = VERTEX_POINT('',#393);
#393 = CARTESIAN_POINT('',(241.50135753241,201.80804120135,4.63039454832
    ));
#394 = CIRCLE('',#395,2.7);
#395 = AXIS2_PLACEMENT_3D('',#396,#397,#398);
#396 = CARTESIAN_POINT('',(241.50135753241,204.50804120134,4.63039454832
    ));
#397 = DIRECTION('',(0.,0.,-1.));
#398 = DIRECTION('',(0.,1.,0.));
#399 = ORIENTED_EDGE('',*,*,#400,.T.);
#400 = EDGE_CURVE('',#392,#401,#403,.T.);
#401 = VERTEX_POINT('',#402);
#402 = CARTESIAN_POINT('',(241.50135753241,201.80804120135,
    0.200000000095));
#403 = LINE('',#404,#405);
#404 = CARTESIAN_POINT('',(241.50135753241,201.80804120135,9.527046E-11)
  );
#405 = VECTOR('',#406,1.);
#406 = DIRECTION('',(0.,0.,-1.));
#407 = ORIENTED_EDGE('',*,*,#408,.F.);
#408 = EDGE_CURVE('',#401,#401,#409,.T.);
#409 = CIRCLE('',#410,2.7);
#410 = AXIS2_PLACEMENT_3D('',#411,#412,#413);
#411 = CARTESIAN_POINT('',(241.50135753241,204.50804120134,
    0.200000000095));
#412 = DIRECTION('',(0.,-3.1E-16,-1.));
#413 = DIRECTION('',(0.,1.,-3.1E-16));
#414 = ORIENTED_EDGE('',*,*,#400,.F.);
#415 = ORIENTED_EDGE('',*,*,#416,.T.);
#416 = EDGE_CURVE('',#392,#417,#419,.T.);
#417 = VERTEX_POINT('',#418);
#418 = CARTESIAN_POINT('',(241.17635753241,201.82767275652,4.63039454832
    ));
#419 = CIRCLE('',#420,2.7);
#420 = AXIS2_PLACEMENT_3D('',#421,#422,#423);
#421 = CARTESIAN_POINT('',(241.50135753241,204.50804120134,4.63039454832
    ));
#422 = DIRECTION('',(0.,0.,-1.));
#423 = DIRECTION('',(0.,1.,0.));
#424 = ORIENTED_EDGE('',*,*,#425,.T.);
#425 = EDGE_CURVE('',#417,#245,#426,.T.);
#426 = LINE('',#427,#428);
#427 = CARTESIAN_POINT('',(241.17635753241,201.82767275652,9.527046E-11)
  );
#428 = VECTOR('',#429,1.);
#429 = DIRECTION('',(0.,0.,1.));
#430 = ORIENTED_EDGE('',*,*,#255,.T.);
#431 = CYLINDRICAL_SURFACE('',#432,2.7);
#432 = AXIS2_PLACEMENT_3D('',#433,#434,#435);
#433 = CARTESIAN_POINT('',(241.50135753241,204.50804120134,9.527046E-11)
  );
#434 = DIRECTION('',(0.,0.,1.));
#435 = DIRECTION('',(0.,1.,0.));
#436 = ADVANCED_FACE('',(#437),#471,.F.);
#437 = FACE_BOUND('',#438,.T.);
#438 = EDGE_LOOP('',(#439,#450,#457,#465));
#439 = ORIENTED_EDGE('',*,*,#440,.F.);
#440 = EDGE_CURVE('',#441,#443,#445,.T.);
#441 = VERTEX_POINT('',#442);
#442 = CARTESIAN_POINT('',(253.12635753241,207.18840964616,4.63039454832
    ));
#443 = VERTEX_POINT('',#444);
#444 = CARTESIAN_POINT('',(253.77635753241,207.18840964617,4.63039454832
    ));
#445 = CIRCLE('',#446,2.7);
#446 = AXIS2_PLACEMENT_3D('',#447,#448,#449);
#447 = CARTESIAN_POINT('',(253.45135753241,204.50804120134,4.63039454832
    ));
#448 = DIRECTION('',(0.,0.,-1.));
#449 = DIRECTION('',(0.,1.,0.));
#450 = ORIENTED_EDGE('',*,*,#451,.T.);
#451 = EDGE_CURVE('',#441,#452,#454,.T.);
#452 = VERTEX_POINT('',#453);
#453 = CARTESIAN_POINT('',(253.12635753241,211.85944630286,4.63039454832
    ));
#454 = B_SPLINE_CURVE_WITH_KNOTS('',1,(#455,#456),.UNSPECIFIED.,.F.,.F.,
  (2,2),(11.680368444836,16.351405101532),.PIECEWISE_BEZIER_KNOTS.);
#455 = CARTESIAN_POINT('',(253.12635753241,207.18840964616,4.63039454832
    ));
#456 = CARTESIAN_POINT('',(253.12635753241,211.85944630286,4.63039454832
    ));
#457 = ORIENTED_EDGE('',*,*,#458,.F.);
#458 = EDGE_CURVE('',#459,#452,#461,.T.);
#459 = VERTEX_POINT('',#460);
#460 = CARTESIAN_POINT('',(253.77635753241,211.85944630286,4.63039454832
    ));
#461 = LINE('',#462,#463);
#462 = CARTESIAN_POINT('',(259.59081802383,211.85944630286,4.63039454832
    ));
#463 = VECTOR('',#464,1.);
#464 = DIRECTION('',(-1.,3.0598E-13,0.));
#465 = ORIENTED_EDGE('',*,*,#466,.T.);
#466 = EDGE_CURVE('',#459,#443,#467,.T.);
#467 = LINE('',#468,#469);
#468 = CARTESIAN_POINT('',(253.77635753241,204.50804120133,4.63039454832
    ));
#469 = VECTOR('',#470,1.);
#470 = DIRECTION('',(-2.0211E-13,-1.,0.));
#471 = PLANE('',#472);
#472 = AXIS2_PLACEMENT_3D('',#473,#474,#475);
#473 = CARTESIAN_POINT('',(253.45135753241,204.83304120133,4.63039454832
    ));
#474 = DIRECTION('',(0.,0.,1.));
#475 = DIRECTION('',(1.,0.,-0.));
#476 = ADVANCED_FACE('',(#477),#506,.F.);
#477 = FACE_BOUND('',#478,.F.);
#478 = EDGE_LOOP('',(#479,#480,#488,#499));
#479 = ORIENTED_EDGE('',*,*,#451,.T.);
#480 = ORIENTED_EDGE('',*,*,#481,.T.);
#481 = EDGE_CURVE('',#452,#482,#484,.T.);
#482 = VERTEX_POINT('',#483);
#483 = CARTESIAN_POINT('',(253.12635753241,211.61796295709,
    7.467823861136));
#484 = LINE('',#485,#486);
#485 = CARTESIAN_POINT('',(253.12635753241,211.82536090476,
    5.030897976101));
#486 = VECTOR('',#487,1.);
#487 = DIRECTION('',(-2.595E-14,-8.479983040192E-02,0.996398007206));
#488 = ORIENTED_EDGE('',*,*,#489,.F.);
#489 = EDGE_CURVE('',#490,#482,#492,.T.);
#490 = VERTEX_POINT('',#491);
#491 = CARTESIAN_POINT('',(253.12635753241,207.18840964617,7.31365410521
    ));
#492 = B_SPLINE_CURVE_WITH_KNOTS('',3,(#493,#494,#495,#496,#497,#498),
  .UNSPECIFIED.,.F.,.F.,(4,2,4),(2.409964052089,3.444925196754,
    6.842199475505),.UNSPECIFIED.);
#493 = CARTESIAN_POINT('',(253.12635753241,207.18840964615,
    7.313654105209));
#494 = CARTESIAN_POINT('',(253.12635753241,207.53318792973,
    7.325654047437));
#495 = CARTESIAN_POINT('',(253.12635753241,207.8779662133,7.337653989665
    ));
#496 = CARTESIAN_POINT('',(253.12635753241,209.35448398363,
    7.389043908308));
#497 = CARTESIAN_POINT('',(253.12635753241,210.48622347039,
    7.428433884723));
#498 = CARTESIAN_POINT('',(253.12635753241,211.61796295714,
    7.467823861137));
#499 = ORIENTED_EDGE('',*,*,#500,.F.);
#500 = EDGE_CURVE('',#441,#490,#501,.T.);
#501 = B_SPLINE_CURVE_WITH_KNOTS('',3,(#502,#503,#504,#505),
  .UNSPECIFIED.,.F.,.F.,(4,4),(-3.084080943643,-0.400821386753),
  .PIECEWISE_BEZIER_KNOTS.);
#502 = CARTESIAN_POINT('',(253.12635753241,207.18840964617,4.63039454832
    ));
#503 = CARTESIAN_POINT('',(253.12635753241,207.18840964617,
    5.524814400616));
#504 = CARTESIAN_POINT('',(253.12635753241,207.18840964617,
    6.419234252913));
#505 = CARTESIAN_POINT('',(253.12635753241,207.18840964617,7.31365410521
    ));
#506 = B_SPLINE_SURFACE_WITH_KNOTS('',1,1,(
    (#507,#508,#509)
    ,(#510,#511,#512)
    ,(#513,#514,#515)
    ,(#516,#517,#518
    )),.UNSPECIFIED.,.F.,.F.,.F.,(2,1,1,2),(2,1,2),(-66.20000000002,
    -3.43547E-12,18.000000000003,20.700000000005),(0.,3.,10.5),
  .UNSPECIFIED.);
#507 = CARTESIAN_POINT('',(253.12635753239,129.30804120133,4.63039454832
    ));
#508 = CARTESIAN_POINT('',(253.12635753239,129.30804120133,7.63039454832
    ));
#509 = CARTESIAN_POINT('',(253.12635753239,129.30804120133,
    15.13039454832));
#510 = CARTESIAN_POINT('',(253.12635753241,195.50804120133,4.63039454832
    ));
#511 = CARTESIAN_POINT('',(253.12635753241,195.50804120133,7.63039454832
    ));
#512 = CARTESIAN_POINT('',(253.12635753241,195.50804120133,
    15.13039454832));
#513 = CARTESIAN_POINT('',(253.12635753241,213.50804120133,4.63039454832
    ));
#514 = CARTESIAN_POINT('',(253.12635753241,213.50804120133,7.63039454832
    ));
#515 = CARTESIAN_POINT('',(253.12635753241,213.50804120133,
    15.13039454832));
#516 = CARTESIAN_POINT('',(253.12635753241,216.20804120133,4.63039454832
    ));
#517 = CARTESIAN_POINT('',(253.12635753241,216.20804120133,7.63039454832
    ));
#518 = CARTESIAN_POINT('',(253.12635753241,216.20804120133,
    15.13039454832));
#519 = ADVANCED_FACE('',(#520),#548,.T.);
#520 = FACE_BOUND('',#521,.T.);
#521 = EDGE_LOOP('',(#522,#530,#531,#539));
#522 = ORIENTED_EDGE('',*,*,#523,.F.);
#523 = EDGE_CURVE('',#443,#524,#526,.T.);
#524 = VERTEX_POINT('',#525);
#525 = CARTESIAN_POINT('',(253.77635753241,207.18840964617,
    7.313675012276));
#526 = LINE('',#527,#528);
#527 = CARTESIAN_POINT('',(253.77635753241,207.18840964617,9.527046E-11)
  );
#528 = VECTOR('',#529,1.);
#529 = DIRECTION('',(0.,0.,1.));
#530 = ORIENTED_EDGE('',*,*,#466,.F.);
#531 = ORIENTED_EDGE('',*,*,#532,.F.);
#532 = EDGE_CURVE('',#533,#459,#535,.T.);
#533 = VERTEX_POINT('',#534);
#534 = CARTESIAN_POINT('',(253.77635753241,211.617961183,7.467844706654)
  );
#535 = LINE('',#536,#537);
#536 = CARTESIAN_POINT('',(253.77635753241,211.75260079895,
    5.885829219314));
#537 = VECTOR('',#538,1.);
#538 = DIRECTION('',(1.714E-14,8.479983040192E-02,-0.996398007206));
#539 = ORIENTED_EDGE('',*,*,#540,.T.);
#540 = EDGE_CURVE('',#533,#524,#541,.T.);
#541 = B_SPLINE_CURVE_WITH_KNOTS('',3,(#542,#543,#544,#545,#546,#547),
  .UNSPECIFIED.,.F.,.F.,(4,2,4),(4.76519780667E-02,3.444925196752,
    4.479885626263),.UNSPECIFIED.);
#542 = CARTESIAN_POINT('',(253.77635753241,211.617961183,7.467844706655)
  );
#543 = CARTESIAN_POINT('',(253.77635753241,210.4862220494,7.42845474248)
  );
#544 = CARTESIAN_POINT('',(253.77635753241,209.35448291578,
    7.389064778306));
#545 = CARTESIAN_POINT('',(253.77635753241,207.87796573684,
    7.337674880179));
#546 = CARTESIAN_POINT('',(253.77635753241,207.5331876915,7.325674946227
    ));
#547 = CARTESIAN_POINT('',(253.77635753241,207.18840964617,
    7.313675012276));
#548 = PLANE('',#549);
#549 = AXIS2_PLACEMENT_3D('',#550,#551,#552);
#550 = CARTESIAN_POINT('',(253.77635753241,204.50804120133,6.13039454832
    ));
#551 = DIRECTION('',(1.,-2.0211E-13,0.));
#552 = DIRECTION('',(0.,0.,-1.));
#553 = ADVANCED_FACE('',(#554),#724,.T.);
#554 = FACE_BOUND('',#555,.T.);
#555 = EDGE_LOOP('',(#556,#557,#558,#559,#576,#585,#594,#602,#619,#627,
    #636,#644,#651,#652,#661,#668,#685,#693,#702,#709));
#556 = ORIENTED_EDGE('',*,*,#500,.F.);
#557 = ORIENTED_EDGE('',*,*,#440,.T.);
#558 = ORIENTED_EDGE('',*,*,#523,.T.);
#559 = ORIENTED_EDGE('',*,*,#560,.T.);
#560 = EDGE_CURVE('',#524,#561,#563,.T.);
#561 = VERTEX_POINT('',#562);
#562 = CARTESIAN_POINT('',(256.13172597723,204.83304120133,
    7.244936451878));
#563 = B_SPLINE_CURVE_WITH_KNOTS('',3,(#564,#565,#566,#567,#568,#569,
    #570,#571,#572,#573,#574,#575),.UNSPECIFIED.,.F.,.F.,(4,2,2,2,2,4),(
    0.113362300315,0.699044481258,1.61611286806,2.591168083365,
    3.189599274813,3.710565531498),.UNSPECIFIED.);
#564 = CARTESIAN_POINT('',(253.77635753241,207.18840964617,
    7.313675012276));
#565 = CARTESIAN_POINT('',(253.96994431456,207.16493686416,
    7.313098343602));
#566 = CARTESIAN_POINT('',(254.160529794,207.12054686307,7.312001318344)
  );
#567 = CARTESIAN_POINT('',(254.6332139475,206.95480540574,7.307818808196
    ));
#568 = CARTESIAN_POINT('',(254.90239880015,206.80540917177,
    7.303994905436));
#569 = CARTESIAN_POINT('',(255.39431050779,206.410813298,7.293367882033)
  );
#570 = CARTESIAN_POINT('',(255.60899817643,206.16338329212,7.28646858227
    ));
#571 = CARTESIAN_POINT('',(255.87616789226,205.71222591096,7.27308301285
    ));
#572 = CARTESIAN_POINT('',(255.95845047866,205.52992228338,
    7.267507354777));
#573 = CARTESIAN_POINT('',(256.07340736725,205.17511260533,
    7.256260017328));
#574 = CARTESIAN_POINT('',(256.11084436009,205.00525790186,7.25072161241
    ));
#575 = CARTESIAN_POINT('',(256.13172597723,204.83304120133,
    7.244936451878));
#576 = ORIENTED_EDGE('',*,*,#577,.F.);
#577 = EDGE_CURVE('',#578,#561,#580,.T.);
#578 = VERTEX_POINT('',#579);
#579 = CARTESIAN_POINT('',(256.13172597723,204.83304120133,4.63039454832
    ));
#580 = B_SPLINE_CURVE_WITH_KNOTS('',3,(#581,#582,#583,#584),
  .UNSPECIFIED.,.F.,.F.,(4,4),(-3.084080943643,-0.469539040085),
  .PIECEWISE_BEZIER_KNOTS.);
#581 = CARTESIAN_POINT('',(256.13172597723,204.83304120133,4.63039454832
    ));
#582 = CARTESIAN_POINT('',(256.13172597723,204.83304120133,
    5.501908516172));
#583 = CARTESIAN_POINT('',(256.13172597723,204.83304120133,
    6.373422484025));
#584 = CARTESIAN_POINT('',(256.13172597723,204.83304120133,
    7.244936451878));
#585 = ORIENTED_EDGE('',*,*,#586,.F.);
#586 = EDGE_CURVE('',#587,#578,#589,.T.);
#587 = VERTEX_POINT('',#588);
#588 = CARTESIAN_POINT('',(256.13172597723,204.18304120133,4.63039454832
    ));
#589 = CIRCLE('',#590,2.7);
#590 = AXIS2_PLACEMENT_3D('',#591,#592,#593);
#591 = CARTESIAN_POINT('',(253.45135753241,204.50804120134,4.63039454832
    ));
#592 = DIRECTION('',(0.,-0.,1.));
#593 = DIRECTION('',(0.,1.,0.));
#594 = ORIENTED_EDGE('',*,*,#595,.F.);
#595 = EDGE_CURVE('',#596,#587,#598,.T.);
#596 = VERTEX_POINT('',#597);
#597 = CARTESIAN_POINT('',(256.13172597723,204.18304120133,
    7.222313326042));
#598 = LINE('',#599,#600);
#599 = CARTESIAN_POINT('',(256.13172597723,204.18304120133,9.527046E-11)
  );
#600 = VECTOR('',#601,1.);
#601 = DIRECTION('',(0.,0.,-1.));
#602 = ORIENTED_EDGE('',*,*,#603,.T.);
#603 = EDGE_CURVE('',#596,#604,#606,.T.);
#604 = VERTEX_POINT('',#605);
#605 = CARTESIAN_POINT('',(253.77635753241,201.82767275652,
    7.127095589721));
#606 = B_SPLINE_CURVE_WITH_KNOTS('',3,(#607,#608,#609,#610,#611,#612,
    #613,#614,#615,#616,#617,#618),.UNSPECIFIED.,.F.,.F.,(4,2,2,2,2,4),(
    1.916283152903E-02,1.072442718769,2.103155518746,2.976537606137,
    3.382462647923,3.618901864123),.UNSPECIFIED.);
#607 = CARTESIAN_POINT('',(256.13172597723,204.18304120133,
    7.222313326042));
#608 = CARTESIAN_POINT('',(256.08950626436,203.83484309017,
    7.209772175007));
#609 = CARTESIAN_POINT('',(255.97982866199,203.49811506328,
    7.196944178367));
#610 = CARTESIAN_POINT('',(255.64137611475,202.89196060755,
    7.172869005711));
#611 = CARTESIAN_POINT('',(255.41830101687,202.62679544497,
    7.161828189562));
#612 = CARTESIAN_POINT('',(254.92541871063,202.22728801822,
    7.144790896912));
#613 = CARTESIAN_POINT('',(254.67116730246,202.08176931626,
    7.138401029352));
#614 = CARTESIAN_POINT('',(254.2718917918,201.93218664558,7.131775132643
    ));
#615 = CARTESIAN_POINT('',(254.14180832324,201.89431135542,
    7.130084372465));
#616 = CARTESIAN_POINT('',(253.93232413038,201.85005665741,
    7.128102444005));
#617 = CARTESIAN_POINT('',(253.85455853461,201.83715478343,
    7.127522679818));
#618 = CARTESIAN_POINT('',(253.77635753241,201.82767275652,7.12709558972
    ));
#619 = ORIENTED_EDGE('',*,*,#620,.T.);
#620 = EDGE_CURVE('',#604,#621,#623,.T.);
#621 = VERTEX_POINT('',#622);
#622 = CARTESIAN_POINT('',(253.77635753241,201.82767275652,4.63039454832
    ));
#623 = LINE('',#624,#625);
#624 = CARTESIAN_POINT('',(253.77635753241,201.82767275652,9.527046E-11)
  );
#625 = VECTOR('',#626,1.);
#626 = DIRECTION('',(0.,0.,-1.));
#627 = ORIENTED_EDGE('',*,*,#628,.T.);
#628 = EDGE_CURVE('',#621,#629,#631,.T.);
#629 = VERTEX_POINT('',#630);
#630 = CARTESIAN_POINT('',(253.45135753241,201.80804120135,4.63039454832
    ));
#631 = CIRCLE('',#632,2.7);
#632 = AXIS2_PLACEMENT_3D('',#633,#634,#635);
#633 = CARTESIAN_POINT('',(253.45135753241,204.50804120134,4.63039454832
    ));
#634 = DIRECTION('',(0.,0.,-1.));
#635 = DIRECTION('',(0.,1.,0.));
#636 = ORIENTED_EDGE('',*,*,#637,.T.);
#637 = EDGE_CURVE('',#629,#638,#640,.T.);
#638 = VERTEX_POINT('',#639);
#639 = CARTESIAN_POINT('',(253.45135753241,201.80804120135,
    0.200000000095));
#640 = LINE('',#641,#642);
#641 = CARTESIAN_POINT('',(253.45135753241,201.80804120135,9.527046E-11)
  );
#642 = VECTOR('',#643,1.);
#643 = DIRECTION('',(0.,0.,-1.));
#644 = ORIENTED_EDGE('',*,*,#645,.F.);
#645 = EDGE_CURVE('',#638,#638,#646,.T.);
#646 = CIRCLE('',#647,2.7);
#647 = AXIS2_PLACEMENT_3D('',#648,#649,#650);
#648 = CARTESIAN_POINT('',(253.45135753241,204.50804120134,
    0.200000000095));
#649 = DIRECTION('',(0.,-3.1E-16,-1.));
#650 = DIRECTION('',(0.,1.,-3.1E-16));
#651 = ORIENTED_EDGE('',*,*,#637,.F.);
#652 = ORIENTED_EDGE('',*,*,#653,.T.);
#653 = EDGE_CURVE('',#629,#654,#656,.T.);
#654 = VERTEX_POINT('',#655);
#655 = CARTESIAN_POINT('',(253.12635753241,201.82767275652,4.63039454832
    ));
#656 = CIRCLE('',#657,2.7);
#657 = AXIS2_PLACEMENT_3D('',#658,#659,#660);
#658 = CARTESIAN_POINT('',(253.45135753241,204.50804120134,4.63039454832
    ));
#659 = DIRECTION('',(0.,0.,-1.));
#660 = DIRECTION('',(0.,1.,0.));
#661 = ORIENTED_EDGE('',*,*,#662,.T.);
#662 = EDGE_CURVE('',#654,#663,#665,.T.);
#663 = VERTEX_POINT('',#664);
#664 = CARTESIAN_POINT('',(253.12635753241,201.82767275653,
    7.127074682896));
#665 = B_SPLINE_CURVE_WITH_KNOTS('',1,(#666,#667),.UNSPECIFIED.,.F.,.F.,
  (2,2),(0.,2.496680134576),.PIECEWISE_BEZIER_KNOTS.);
#666 = CARTESIAN_POINT('',(253.12635753241,201.82767275653,4.63039454832
    ));
#667 = CARTESIAN_POINT('',(253.12635753241,201.82767275653,
    7.127074682896));
#668 = ORIENTED_EDGE('',*,*,#669,.T.);
#669 = EDGE_CURVE('',#663,#670,#672,.T.);
#670 = VERTEX_POINT('',#671);
#671 = CARTESIAN_POINT('',(250.77098908758,204.18304120133,
    7.222151443802));
#672 = B_SPLINE_CURVE_WITH_KNOTS('',3,(#673,#674,#675,#676,#677,#678,
    #679,#680,#681,#682,#683,#684),.UNSPECIFIED.,.F.,.F.,(4,2,2,2,2,4),(
    0.113377926767,0.540517216622,1.348273085971,2.428301337227,
    3.101259042404,3.711338796033),.UNSPECIFIED.);
#673 = CARTESIAN_POINT('',(253.1263575324,201.82767275652,7.127074682896
    ));
#674 = CARTESIAN_POINT('',(252.98513308984,201.8447965008,7.127836903536
    ));
#675 = CARTESIAN_POINT('',(252.84542740487,201.87306156552,
    7.129097089292));
#676 = CARTESIAN_POINT('',(252.44970904284,201.98629850953,
    7.134119356958));
#677 = CARTESIAN_POINT('',(252.20342259953,202.09866049091,
    7.139083091397));
#678 = CARTESIAN_POINT('',(251.67627369023,202.44197892794,
    7.153906238298));
#679 = CARTESIAN_POINT('',(251.41702390864,202.69670121639,
    7.164695110712));
#680 = CARTESIAN_POINT('',(251.08968375267,203.18035096804,
    7.184242669087));
#681 = CARTESIAN_POINT('',(250.98763947386,203.38094344372,
    7.192156174458));
#682 = CARTESIAN_POINT('',(250.84260133609,203.78299326386,
    7.207516201659));
#683 = CARTESIAN_POINT('',(250.79544756245,203.98132512676,
    7.214887460163));
#684 = CARTESIAN_POINT('',(250.77098908759,204.18304120133,
    7.222151443802));
#685 = ORIENTED_EDGE('',*,*,#686,.T.);
#686 = EDGE_CURVE('',#670,#687,#689,.T.);
#687 = VERTEX_POINT('',#688);
#688 = CARTESIAN_POINT('',(250.77098908759,204.18304120134,4.63039454832
    ));
#689 = LINE('',#690,#691);
#690 = CARTESIAN_POINT('',(250.77098908759,204.18304120133,9.527046E-11)
  );
#691 = VECTOR('',#692,1.);
#692 = DIRECTION('',(0.,0.,-1.));
#693 = ORIENTED_EDGE('',*,*,#694,.T.);
#694 = EDGE_CURVE('',#687,#695,#697,.T.);
#695 = VERTEX_POINT('',#696);
#696 = CARTESIAN_POINT('',(250.77098908758,204.83304120134,4.63039454832
    ));
#697 = CIRCLE('',#698,2.7);
#698 = AXIS2_PLACEMENT_3D('',#699,#700,#701);
#699 = CARTESIAN_POINT('',(253.45135753241,204.50804120134,4.63039454832
    ));
#700 = DIRECTION('',(0.,0.,-1.));
#701 = DIRECTION('',(0.,1.,0.));
#702 = ORIENTED_EDGE('',*,*,#703,.T.);
#703 = EDGE_CURVE('',#695,#704,#706,.T.);
#704 = VERTEX_POINT('',#705);
#705 = CARTESIAN_POINT('',(250.77098908759,204.83304120134,
    7.244774569397));
#706 = B_SPLINE_CURVE_WITH_KNOTS('',1,(#707,#708),.UNSPECIFIED.,.F.,.F.,
  (2,2),(0.,2.614380021078),.PIECEWISE_BEZIER_KNOTS.);
#707 = CARTESIAN_POINT('',(250.77098908759,204.83304120134,4.63039454832
    ));
#708 = CARTESIAN_POINT('',(250.77098908759,204.83304120134,
    7.244774569397));
#709 = ORIENTED_EDGE('',*,*,#710,.T.);
#710 = EDGE_CURVE('',#704,#490,#711,.T.);
#711 = B_SPLINE_CURVE_WITH_KNOTS('',3,(#712,#713,#714,#715,#716,#717,
    #718,#719,#720,#721,#722,#723),.UNSPECIFIED.,.F.,.F.,(4,2,2,2,2,4),(
    5.398161038886E-02,1.072883728803,2.140126774982,3.057004572415,
    3.425199784931,3.653705707393),.UNSPECIFIED.);
#712 = CARTESIAN_POINT('',(250.77098908758,204.83304120133,
    7.244774569397));
#713 = CARTESIAN_POINT('',(250.81180983389,205.16970163302,
    7.256085917611));
#714 = CARTESIAN_POINT('',(250.91572281695,205.49588013155,
    7.266395139956));
#715 = CARTESIAN_POINT('',(251.24690126654,206.10705304929,
    7.284750754711));
#716 = CARTESIAN_POINT('',(251.47645933141,206.38321924129,
    7.292495459871));
#717 = CARTESIAN_POINT('',(251.99051340401,206.79917880299,
    7.303739748672));
#718 = CARTESIAN_POINT('',(252.25899223476,206.94969260589,
    7.307612173036));
#719 = CARTESIAN_POINT('',(252.66258061069,207.09317027618,
    7.311260548284));
#720 = CARTESIAN_POINT('',(252.7808853367,207.12634773313,7.312095907959
    ));
#721 = CARTESIAN_POINT('',(252.97560377555,207.1668867463,7.313114392603
    ));
#722 = CARTESIAN_POINT('',(253.05077821661,207.17924550396,
    7.313424111613));
#723 = CARTESIAN_POINT('',(253.12635753241,207.18840964618,7.31365410521
    ));
#724 = CYLINDRICAL_SURFACE('',#725,2.7);
#725 = AXIS2_PLACEMENT_3D('',#726,#727,#728);
#726 = CARTESIAN_POINT('',(253.45135753241,204.50804120134,9.527046E-11)
  );
#727 = DIRECTION('',(0.,0.,1.));
#728 = DIRECTION('',(0.,1.,0.));
#729 = ADVANCED_FACE('',(#730),#793,.F.);
#730 = FACE_BOUND('',#731,.F.);
#731 = EDGE_LOOP('',(#732,#733,#748,#772,#783,#792));
#732 = ORIENTED_EDGE('',*,*,#560,.T.);
#733 = ORIENTED_EDGE('',*,*,#734,.T.);
#734 = EDGE_CURVE('',#561,#735,#737,.T.);
#735 = VERTEX_POINT('',#736);
#736 = CARTESIAN_POINT('',(262.72098908758,204.83304120135,
    7.391507572693));
#737 = B_SPLINE_CURVE_WITH_KNOTS('',3,(#738,#739,#740,#741,#742,#743,
    #744,#745,#746,#747),.UNSPECIFIED.,.F.,.F.,(4,3,3,4),(2.468093180697
    ,4.546549809685,5.891570962018,9.059018458954),.UNSPECIFIED.);
#738 = CARTESIAN_POINT('',(256.13172597583,204.83304120206,
    7.244936431333));
#739 = CARTESIAN_POINT('',(256.8245293824,204.83304120237,7.251864213019
    ));
#740 = CARTESIAN_POINT('',(257.51730808891,204.83304120267,
    7.261467992143));
#741 = CARTESIAN_POINT('',(258.2100312915,204.83304120283,7.273745625082
    ));
#742 = CARTESIAN_POINT('',(258.65830976275,204.83304120294,
    7.281690787745));
#743 = CARTESIAN_POINT('',(259.10656318325,204.83304120299,
    7.290755640471));
#744 = CARTESIAN_POINT('',(259.55478889887,204.83304120298,7.30093973231
    ));
#745 = CARTESIAN_POINT('',(260.61033469347,204.83304120295,
    7.324922683171));
#746 = CARTESIAN_POINT('',(261.66577113955,204.83304120254,
    7.355113719629));
#747 = CARTESIAN_POINT('',(262.72098908644,204.83304120205,
    7.391507552111));
#748 = ORIENTED_EDGE('',*,*,#749,.T.);
#749 = EDGE_CURVE('',#735,#750,#752,.T.);
#750 = VERTEX_POINT('',#751);
#751 = CARTESIAN_POINT('',(265.07635753241,207.18840964617,
    7.565037876036));
#752 = B_SPLINE_CURVE_WITH_KNOTS('',3,(#753,#754,#755,#756,#757,#758,
    #759,#760,#761,#762,#763,#764,#765,#766,#767,#768,#769,#770,#771),
  .UNSPECIFIED.,.F.,.F.,(4,3,3,3,3,3,4),(5.911606088032E-02,
    0.770083740164,1.073814517074,2.143519993485,2.980734092521,
    3.405202476852,3.661665962562),.UNSPECIFIED.);
#753 = CARTESIAN_POINT('',(262.72098908644,204.83304120207,
    7.391507552111));
#754 = CARTESIAN_POINT('',(262.74946507134,205.06789089318,
    7.400663570453));
#755 = CARTESIAN_POINT('',(262.8086391068,205.29760674231,7.41069952727)
  );
#756 = CARTESIAN_POINT('',(262.89670512057,205.51636318407,7.42140818756
    ));
#757 = CARTESIAN_POINT('',(262.9343275886,205.60981759268,7.425983008335
    ));
#758 = CARTESIAN_POINT('',(262.97722298911,205.70127181655,
    7.430681283565));
#759 = CARTESIAN_POINT('',(263.02525035062,205.79027154944,
    7.435489674154));
#760 = CARTESIAN_POINT('',(263.19439729149,206.10371855311,
    7.452424282533));
#761 = CARTESIAN_POINT('',(263.42388959974,206.38058829705,
    7.470388616907));
#762 = CARTESIAN_POINT('',(263.7004503285,206.60492333598,7.488742339521
    ));
#763 = CARTESIAN_POINT('',(263.91690293762,206.78050106428,
    7.503107036795));
#764 = CARTESIAN_POINT('',(264.15924698717,206.92151322091,
    7.517522091249));
#765 = CARTESIAN_POINT('',(264.41886031278,207.02293666916,7.53164549441
    ));
#766 = CARTESIAN_POINT('',(264.55048452814,207.07435845871,
    7.538806073918));
#767 = CARTESIAN_POINT('',(264.68594899486,207.11537000293,
    7.545858278243));
#768 = CARTESIAN_POINT('',(264.82400548989,207.14559018081,7.55275153359
    ));
#769 = CARTESIAN_POINT('',(264.90741912235,207.16384919,7.556916433386)
  );
#770 = CARTESIAN_POINT('',(264.99163144518,207.17813643835,
    7.561015816618));
#771 = CARTESIAN_POINT('',(265.0763575324,207.18840964617,7.565037876036
    ));
#772 = ORIENTED_EDGE('',*,*,#773,.T.);
#773 = EDGE_CURVE('',#750,#774,#776,.T.);
#774 = VERTEX_POINT('',#775);
#775 = CARTESIAN_POINT('',(265.07635753241,211.59663177863,
    7.718465208021));
#776 = B_SPLINE_CURVE_WITH_KNOTS('',3,(#777,#778,#779,#780,#781,#782),
  .UNSPECIFIED.,.F.,.F.,(4,2,4),(2.418707899289,3.444925196751,
    6.829599228229),.UNSPECIFIED.);
#777 = CARTESIAN_POINT('',(265.07635753241,207.18840964618,
    7.565037876036));
#778 = CARTESIAN_POINT('',(265.07635753241,207.53027507775,7.57693643729
    ));
#779 = CARTESIAN_POINT('',(265.07635753241,207.87214050933,
    7.588834998544));
#780 = CARTESIAN_POINT('',(265.07635753241,209.34154788682,7.63997744254
    ));
#781 = CARTESIAN_POINT('',(265.07635753241,210.46908983275,
    7.679221325281));
#782 = CARTESIAN_POINT('',(265.07635753241,211.59663177867,
    7.718465208022));
#783 = ORIENTED_EDGE('',*,*,#784,.T.);
#784 = EDGE_CURVE('',#774,#533,#785,.T.);
#785 = B_SPLINE_CURVE_WITH_KNOTS('',3,(#786,#787,#788,#789,#790,#791),
  .UNSPECIFIED.,.F.,.F.,(4,2,4),(0.130488170056,5.772644513252,
    11.433899509404),.UNSPECIFIED.);
#786 = CARTESIAN_POINT('',(265.07635753241,211.59663177863,
    7.718465208021));
#787 = CARTESIAN_POINT('',(263.19739293066,211.60352772801,
    7.637437802816));
#788 = CARTESIAN_POINT('',(261.31747627845,211.6087546661,7.576021280157
    ));
#789 = CARTESIAN_POINT('',(257.55060855971,211.61587747975,
    7.492328219938));
#790 = CARTESIAN_POINT('',(255.66344534459,211.61776241681,7.47018020932
    ));
#791 = CARTESIAN_POINT('',(253.77635753241,211.617961183,7.467844706654)
  );
#792 = ORIENTED_EDGE('',*,*,#540,.T.);
#793 = B_SPLINE_SURFACE_WITH_KNOTS('',3,3,(
    (#794,#795,#796,#797)
    ,(#798,#799,#800,#801)
    ,(#802,#803,#804,#805)
    ,(#806,#807,#808,#809
    )),.UNSPECIFIED.,.F.,.F.,.F.,(4,4),(4,4),(5.281174345332E-02,
    7.815018040355E-02),(9.346570605891E-02,0.135435009904),
  .PIECEWISE_BEZIER_KNOTS.);
#794 = CARTESIAN_POINT('',(253.77635744994,211.61796118301,
    7.467844706552));
#795 = CARTESIAN_POINT('',(257.544733494,211.61779864565,7.472516690732)
  );
#796 = CARTESIAN_POINT('',(261.31304652905,211.61488151276,
    7.556332782582));
#797 = CARTESIAN_POINT('',(265.07635753218,211.60922334164,
    7.718903454964));
#798 = CARTESIAN_POINT('',(253.77635749205,209.35647458912,
    7.389134098065));
#799 = CARTESIAN_POINT('',(257.54473353611,209.35631205176,
    7.393806082244));
#800 = CARTESIAN_POINT('',(261.31304657115,209.35339491887,
    7.477622174094));
#801 = CARTESIAN_POINT('',(265.07635757428,209.34773674776,
    7.640192846477));
#802 = CARTESIAN_POINT('',(253.77635753414,207.09498799523,
    7.310423489578));
#803 = CARTESIAN_POINT('',(257.5447335782,207.09482545786,7.315095473757
    ));
#804 = CARTESIAN_POINT('',(261.31304661325,207.09190832497,
    7.398911565607));
#805 = CARTESIAN_POINT('',(265.07635761638,207.08625015386,7.56148223799
    ));
#806 = CARTESIAN_POINT('',(253.77635757625,204.83350140134,7.23171288109
    ));
#807 = CARTESIAN_POINT('',(257.54473362031,204.83333886398,7.23638486527
    ));
#808 = CARTESIAN_POINT('',(261.31304665535,204.83042173108,7.32020095712
    ));
#809 = CARTESIAN_POINT('',(265.07635765848,204.82476355997,
    7.482771629502));
#810 = ADVANCED_FACE('',(#811),#849,.F.);
#811 = FACE_BOUND('',#812,.F.);
#812 = EDGE_LOOP('',(#813,#824,#833,#834,#847,#848));
#813 = ORIENTED_EDGE('',*,*,#814,.T.);
#814 = EDGE_CURVE('',#482,#815,#817,.T.);
#815 = VERTEX_POINT('',#816);
#816 = CARTESIAN_POINT('',(241.82635753242,211.59665780263,
    7.718159425943));
#817 = B_SPLINE_CURVE_WITH_KNOTS('',3,(#818,#819,#820,#821,#822,#823),
  .UNSPECIFIED.,.F.,.F.,(4,2,4),(0.112755733707,5.775428284678,
    11.417839471631),.UNSPECIFIED.);
#818 = CARTESIAN_POINT('',(253.12635753241,211.61796295709,
    7.467823861135));
#819 = CARTESIAN_POINT('',(251.23884319461,211.61777443061,
    7.470039047299));
#820 = CARTESIAN_POINT('',(249.35238383263,211.61589854396,
    7.492080715395));
#821 = CARTESIAN_POINT('',(245.58518242034,211.6087823268,7.575696267047
    ));
#822 = CARTESIAN_POINT('',(243.70529351477,211.60355552825,
    7.637111149983));
#823 = CARTESIAN_POINT('',(241.82635753241,211.59665780264,
    7.718159425943));
#824 = ORIENTED_EDGE('',*,*,#825,.T.);
#825 = EDGE_CURVE('',#815,#311,#826,.T.);
#826 = B_SPLINE_CURVE_WITH_KNOTS('',3,(#827,#828,#829,#830,#831,#832),
  .UNSPECIFIED.,.F.,.F.,(4,2,4),(6.023536073558E-02,3.444925196748,
    4.471152729136),.UNSPECIFIED.);
#827 = CARTESIAN_POINT('',(241.82635753242,211.59665780262,
    7.718159425943));
#828 = CARTESIAN_POINT('',(241.82635753242,210.46911059165,
    7.678915361768));
#829 = CARTESIAN_POINT('',(241.82635753242,209.34156338068,
    7.639671297594));
#830 = CARTESIAN_POINT('',(241.82635753242,207.87214732852,
    7.588528554045));
#831 = CARTESIAN_POINT('',(241.82635753242,207.53027848735,
    7.576629874671));
#832 = CARTESIAN_POINT('',(241.82635753242,207.18840964618,
    7.564731195297));
#833 = ORIENTED_EDGE('',*,*,#318,.T.);
#834 = ORIENTED_EDGE('',*,*,#835,.T.);
#835 = EDGE_CURVE('',#319,#704,#836,.T.);
#836 = B_SPLINE_CURVE_WITH_KNOTS('',3,(#837,#838,#839,#840,#841,#842,
    #843,#844,#845,#846),.UNSPECIFIED.,.F.,.F.,(4,3,3,4),(2.487600181502
    ,5.772525385487,8.810003235442,9.079174248098),.UNSPECIFIED.);
#837 = CARTESIAN_POINT('',(244.1817259781,204.83304120165,7.391186626753
    ));
#838 = CARTESIAN_POINT('',(245.27608099094,204.83304120186,
    7.353443287759));
#839 = CARTESIAN_POINT('',(246.37067133207,204.83304120186,
    7.322381917813));
#840 = CARTESIAN_POINT('',(247.46537529267,204.83304120169,
    7.298012133564));
#841 = CARTESIAN_POINT('',(248.47761717469,204.83304120154,7.27547808129
    ));
#842 = CARTESIAN_POINT('',(249.48970913259,204.83304121383,
    7.258669667226));
#843 = CARTESIAN_POINT('',(250.50189680947,204.83304120504,
    7.247586208611));
#844 = CARTESIAN_POINT('',(250.59159345763,204.83304120427,
    7.246604029999));
#845 = CARTESIAN_POINT('',(250.68129082663,204.83304120296,7.2456668194)
  );
#846 = CARTESIAN_POINT('',(250.7709890876,204.83304120134,7.244774569239
    ));
#847 = ORIENTED_EDGE('',*,*,#710,.T.);
#848 = ORIENTED_EDGE('',*,*,#489,.T.);
#849 = B_SPLINE_SURFACE_WITH_KNOTS('',3,3,(
    (#850,#851,#852,#853,#854,#855)
    ,(#856,#857,#858,#859,#860,#861)
    ,(#862,#863,#864,#865,#866,#867)
    ,(#868,#869,#870,#871,#872,#873
    )),.UNSPECIFIED.,.F.,.F.,.F.,(4,4),(4,2,4),(5.281173949659E-02,
    7.815020104865E-02),(4.908110586781E-02,8.130916883093E-02,
    9.105263679503E-02),.UNSPECIFIED.);
#850 = CARTESIAN_POINT('',(241.82635745012,211.60923462992,
    7.718597163562));
#851 = CARTESIAN_POINT('',(244.71587374655,211.61358033573,7.59373935892
    ));
#852 = CARTESIAN_POINT('',(247.60846576339,211.616308382,7.515359603548)
  );
#853 = CARTESIAN_POINT('',(251.37666385443,211.61774282289,
    7.474147747803));
#854 = CARTESIAN_POINT('',(252.251504738,211.61792714335,7.468852382857)
  );
#855 = CARTESIAN_POINT('',(253.12635753241,211.61796295714,
    7.467823861137));
#856 = CARTESIAN_POINT('',(241.82635749222,209.34774584029,
    7.639886478653));
#857 = CARTESIAN_POINT('',(244.71587378865,209.3520915461,7.51502867401)
  );
#858 = CARTESIAN_POINT('',(247.60846580549,209.35481959237,
    7.436648918638));
#859 = CARTESIAN_POINT('',(251.37666389653,209.35625403326,
    7.395437062893));
#860 = CARTESIAN_POINT('',(252.2515047801,209.35643835372,7.390141697947
    ));
#861 = CARTESIAN_POINT('',(253.12635757452,209.35647416751,
    7.389113176228));
#862 = CARTESIAN_POINT('',(241.82635753432,207.08625705066,
    7.561175793743));
#863 = CARTESIAN_POINT('',(244.71587383075,207.09060275647,
    7.436317989101));
#864 = CARTESIAN_POINT('',(247.60846584758,207.09333080273,
    7.357938233728));
#865 = CARTESIAN_POINT('',(251.37666393863,207.09476524363,
    7.316726377984));
#866 = CARTESIAN_POINT('',(252.2515048222,207.09494956408,7.311431013038
    ));
#867 = CARTESIAN_POINT('',(253.12635761662,207.09498537788,
    7.310402491318));
#868 = CARTESIAN_POINT('',(241.82635757642,204.82476826103,
    7.482465108833));
#869 = CARTESIAN_POINT('',(244.71587387285,204.82911396684,
    7.357607304191));
#870 = CARTESIAN_POINT('',(247.60846588969,204.8318420131,7.279227548819
    ));
#871 = CARTESIAN_POINT('',(251.37666398073,204.83327645399,
    7.238015693074));
#872 = CARTESIAN_POINT('',(252.2515048643,204.83346077445,7.232720328128
    ));
#873 = CARTESIAN_POINT('',(253.12635765872,204.83349658824,
    7.231691806408));
#874 = ADVANCED_FACE('',(#875),#893,.T.);
#875 = FACE_BOUND('',#876,.T.);
#876 = EDGE_LOOP('',(#877,#885,#886,#887));
#877 = ORIENTED_EDGE('',*,*,#878,.F.);
#878 = EDGE_CURVE('',#815,#879,#881,.T.);
#879 = VERTEX_POINT('',#880);
#880 = CARTESIAN_POINT('',(241.82635753242,211.85944630287,4.63039454832
    ));
#881 = LINE('',#882,#883);
#882 = CARTESIAN_POINT('',(241.82635753242,211.75260079895,
    5.885829219314));
#883 = VECTOR('',#884,1.);
#884 = DIRECTION('',(0.,8.479983040192E-02,-0.996398007206));
#885 = ORIENTED_EDGE('',*,*,#825,.T.);
#886 = ORIENTED_EDGE('',*,*,#310,.F.);
#887 = ORIENTED_EDGE('',*,*,#888,.F.);
#888 = EDGE_CURVE('',#879,#302,#889,.T.);
#889 = LINE('',#890,#891);
#890 = CARTESIAN_POINT('',(241.82635753242,204.50804120133,4.63039454832
    ));
#891 = VECTOR('',#892,1.);
#892 = DIRECTION('',(0.,-1.,0.));
#893 = PLANE('',#894);
#894 = AXIS2_PLACEMENT_3D('',#895,#896,#897);
#895 = CARTESIAN_POINT('',(241.82635753242,204.50804120133,6.13039454832
    ));
#896 = DIRECTION('',(1.,0.,0.));
#897 = DIRECTION('',(0.,-1.,0.));
#898 = ADVANCED_FACE('',(#899),#917,.F.);
#899 = FACE_BOUND('',#900,.T.);
#900 = EDGE_LOOP('',(#901,#909,#915,#916));
#901 = ORIENTED_EDGE('',*,*,#902,.F.);
#902 = EDGE_CURVE('',#903,#171,#905,.T.);
#903 = VERTEX_POINT('',#904);
#904 = CARTESIAN_POINT('',(241.17635753241,211.85944630287,4.63039454832
    ));
#905 = LINE('',#906,#907);
#906 = CARTESIAN_POINT('',(241.17635753241,211.75260079895,
    5.885829219314));
#907 = VECTOR('',#908,1.);
#908 = DIRECTION('',(0.,-8.479983040192E-02,0.996398007206));
#909 = ORIENTED_EDGE('',*,*,#910,.F.);
#910 = EDGE_CURVE('',#294,#903,#911,.T.);
#911 = LINE('',#912,#913);
#912 = CARTESIAN_POINT('',(241.17635753241,204.50804120133,4.63039454832
    ));
#913 = VECTOR('',#914,1.);
#914 = DIRECTION('',(0.,1.,0.));
#915 = ORIENTED_EDGE('',*,*,#293,.F.);
#916 = ORIENTED_EDGE('',*,*,#170,.T.);
#917 = PLANE('',#918);
#918 = AXIS2_PLACEMENT_3D('',#919,#920,#921);
#919 = CARTESIAN_POINT('',(241.17635753241,204.50804120133,6.13039454832
    ));
#920 = DIRECTION('',(1.,0.,0.));
#921 = DIRECTION('',(0.,-1.,0.));
#922 = ADVANCED_FACE('',(#923),#934,.F.);
#923 = FACE_BOUND('',#924,.T.);
#924 = EDGE_LOOP('',(#925,#931,#932,#933));
#925 = ORIENTED_EDGE('',*,*,#926,.F.);
#926 = EDGE_CURVE('',#879,#903,#927,.T.);
#927 = LINE('',#928,#929);
#928 = CARTESIAN_POINT('',(259.59081802383,211.85944630286,4.63039454832
    ));
#929 = VECTOR('',#930,1.);
#930 = DIRECTION('',(-1.,3.0598E-13,0.));
#931 = ORIENTED_EDGE('',*,*,#888,.T.);
#932 = ORIENTED_EDGE('',*,*,#301,.F.);
#933 = ORIENTED_EDGE('',*,*,#910,.T.);
#934 = PLANE('',#935);
#935 = AXIS2_PLACEMENT_3D('',#936,#937,#938);
#936 = CARTESIAN_POINT('',(253.45135753241,204.83304120133,4.63039454832
    ));
#937 = DIRECTION('',(0.,0.,1.));
#938 = DIRECTION('',(1.,0.,-0.));
#939 = ADVANCED_FACE('',(#940),#952,.F.);
#940 = FACE_BOUND('',#941,.F.);
#941 = EDGE_LOOP('',(#942,#943,#944,#951));
#942 = ORIENTED_EDGE('',*,*,#835,.F.);
#943 = ORIENTED_EDGE('',*,*,#342,.T.);
#944 = ORIENTED_EDGE('',*,*,#945,.T.);
#945 = EDGE_CURVE('',#343,#695,#946,.T.);
#946 = B_SPLINE_CURVE_WITH_KNOTS('',3,(#947,#948,#949,#950),
  .UNSPECIFIED.,.F.,.F.,(4,4),(-8.944631555189,-2.355368444827),
  .PIECEWISE_BEZIER_KNOTS.);
#947 = CARTESIAN_POINT('',(244.18172597723,204.83304120135,4.63039454832
    ));
#948 = CARTESIAN_POINT('',(246.37814701402,204.83304120135,4.63039454832
    ));
#949 = CARTESIAN_POINT('',(248.5745680508,204.83304120135,4.63039454832)
  );
#950 = CARTESIAN_POINT('',(250.77098908758,204.83304120134,4.63039454832
    ));
#951 = ORIENTED_EDGE('',*,*,#703,.T.);
#952 = B_SPLINE_SURFACE_WITH_KNOTS('',1,1,(
    (#953,#954,#955,#956)
    ,(#957,#958,#959,#960)
    ,(#961,#962,#963,#964
  )),.UNSPECIFIED.,.F.,.F.,.F.,(2,1,2),(2,1,1,2),(-48.99999999999,
    2.025E-13,18.),(-113.9999999999,0.,3.,39.650002000038),
  .UNSPECIFIED.);
#953 = CARTESIAN_POINT('',(195.45135753241,204.83304120136,
    -109.3696054516));
#954 = CARTESIAN_POINT('',(195.45135753241,204.83304120136,4.63039454832
    ));
#955 = CARTESIAN_POINT('',(195.45135753241,204.83304120136,7.63039454832
    ));
#956 = CARTESIAN_POINT('',(195.45135753241,204.83304120136,
    44.280396548358));
#957 = CARTESIAN_POINT('',(244.45135753241,204.83304120134,
    -109.3696054516));
#958 = CARTESIAN_POINT('',(244.45135753241,204.83304120134,4.63039454832
    ));
#959 = CARTESIAN_POINT('',(244.45135753241,204.83304120134,7.63039454832
    ));
#960 = CARTESIAN_POINT('',(244.45135753241,204.83304120134,
    44.280396548358));
#961 = CARTESIAN_POINT('',(262.45135753241,204.83304120133,
    -109.3696054516));
#962 = CARTESIAN_POINT('',(262.45135753241,204.83304120133,4.63039454832
    ));
#963 = CARTESIAN_POINT('',(262.45135753241,204.83304120133,7.63039454832
    ));
#964 = CARTESIAN_POINT('',(262.45135753241,204.83304120133,
    44.280396548358));
#965 = ADVANCED_FACE('',(#966),#989,.T.);
#966 = FACE_BOUND('',#967,.T.);
#967 = EDGE_LOOP('',(#968,#969,#982,#983));
#968 = ORIENTED_EDGE('',*,*,#686,.F.);
#969 = ORIENTED_EDGE('',*,*,#970,.T.);
#970 = EDGE_CURVE('',#670,#359,#971,.T.);
#971 = B_SPLINE_CURVE_WITH_KNOTS('',3,(#972,#973,#974,#975,#976,#977,
    #978,#979,#980,#981),.UNSPECIFIED.,.F.,.F.,(4,3,3,4),(2.468612438215
    ,2.737799557561,5.77542785045,9.060581212912),.UNSPECIFIED.);
#972 = CARTESIAN_POINT('',(250.77098908759,204.18304120134,
    7.222151443644));
#973 = CARTESIAN_POINT('',(250.68129083068,204.18304120295,
    7.223043693769));
#974 = CARTESIAN_POINT('',(250.59159346572,204.18304120426,
    7.223980904327));
#975 = CARTESIAN_POINT('',(250.50189682158,204.18304120504,
    7.224963082896));
#976 = CARTESIAN_POINT('',(249.48971962422,204.18304121383,
    7.236046426759));
#977 = CARTESIAN_POINT('',(248.47763814071,204.18304120153,
    7.252854607588));
#978 = CARTESIAN_POINT('',(247.46540673522,204.18304120168,7.27538830816
    ));
#979 = CARTESIAN_POINT('',(246.3706922914,204.18304120185,7.29975819765)
  );
#980 = CARTESIAN_POINT('',(245.27609146825,204.18304120184,
    7.330819801059));
#981 = CARTESIAN_POINT('',(244.18172597812,204.18304120165,
    7.368563501455));
#982 = ORIENTED_EDGE('',*,*,#358,.F.);
#983 = ORIENTED_EDGE('',*,*,#984,.F.);
#984 = EDGE_CURVE('',#687,#350,#985,.T.);
#985 = LINE('',#986,#987);
#986 = CARTESIAN_POINT('',(253.45135753241,204.18304120134,4.63039454832
    ));
#987 = VECTOR('',#988,1.);
#988 = DIRECTION('',(-1.,4.0422E-13,0.));
#989 = PLANE('',#990);
#990 = AXIS2_PLACEMENT_3D('',#991,#992,#993);
#991 = CARTESIAN_POINT('',(253.45135753241,204.18304120133,6.13039454832
    ));
#992 = DIRECTION('',(-4.0422E-13,-1.,0.));
#993 = DIRECTION('',(-0.,0.,-1.));
#994 = ADVANCED_FACE('',(#995),#1001,.F.);
#995 = FACE_BOUND('',#996,.T.);
#996 = EDGE_LOOP('',(#997,#998,#999,#1000));
#997 = ORIENTED_EDGE('',*,*,#694,.F.);
#998 = ORIENTED_EDGE('',*,*,#984,.T.);
#999 = ORIENTED_EDGE('',*,*,#349,.F.);
#1000 = ORIENTED_EDGE('',*,*,#945,.T.);
#1001 = PLANE('',#1002);
#1002 = AXIS2_PLACEMENT_3D('',#1003,#1004,#1005);
#1003 = CARTESIAN_POINT('',(253.45135753241,204.83304120133,
    4.63039454832));
#1004 = DIRECTION('',(0.,0.,1.));
#1005 = DIRECTION('',(1.,0.,-0.));
#1006 = ADVANCED_FACE('',(#1007),#1043,.F.);
#1007 = FACE_BOUND('',#1008,.F.);
#1008 = EDGE_LOOP('',(#1009,#1010,#1021,#1032,#1041,#1042));
#1009 = ORIENTED_EDGE('',*,*,#366,.T.);
#1010 = ORIENTED_EDGE('',*,*,#1011,.T.);
#1011 = EDGE_CURVE('',#367,#1012,#1014,.T.);
#1012 = VERTEX_POINT('',#1013);
#1013 = CARTESIAN_POINT('',(241.82635753242,199.46327189388,
    7.295859259155));
#1014 = B_SPLINE_CURVE_WITH_KNOTS('',3,(#1015,#1016,#1017,#1018,#1019,
    #1020),.UNSPECIFIED.,.F.,.F.,(4,2,4),(2.367539814122,2.536803067914,
    4.733372330915),.UNSPECIFIED.);
#1015 = CARTESIAN_POINT('',(241.82635753242,201.82767275647,
    7.378151777182));
#1016 = CARTESIAN_POINT('',(241.82635753242,201.77128581439,
    7.37618924049));
#1017 = CARTESIAN_POINT('',(241.82635753242,201.71489887231,
    7.374226703798));
#1018 = CARTESIAN_POINT('',(241.82635753242,200.92676525145,
    7.346795864455));
#1019 = CARTESIAN_POINT('',(241.82635753242,200.19501857267,
    7.321327561805));
#1020 = CARTESIAN_POINT('',(241.82635753242,199.46327189388,
    7.295859259155));
#1021 = ORIENTED_EDGE('',*,*,#1022,.T.);
#1022 = EDGE_CURVE('',#1012,#1023,#1025,.T.);
#1023 = VERTEX_POINT('',#1024);
#1024 = CARTESIAN_POINT('',(253.12635753241,199.37173095245,
    7.041596098053));
#1025 = B_SPLINE_CURVE_WITH_KNOTS('',3,(#1026,#1027,#1028,#1029,#1030,
    #1031),.UNSPECIFIED.,.F.,.F.,(4,2,4),(0.130508454141,5.765956090519,
    11.435435972757),.UNSPECIFIED.);
#1026 = CARTESIAN_POINT('',(241.82635753242,199.46327189389,
    7.295859259155));
#1027 = CARTESIAN_POINT('',(243.70281006333,199.43367390567,
    7.213648196787));
#1028 = CARTESIAN_POINT('',(245.58031482511,199.41123474559,
    7.151321420529));
#1029 = CARTESIAN_POINT('',(249.34754043503,199.38062203291,
    7.066291870095));
#1030 = CARTESIAN_POINT('',(251.23645548677,199.37254201132,
    7.043848886711));
#1031 = CARTESIAN_POINT('',(253.12635753241,199.37173095244,
    7.041596098053));
#1032 = ORIENTED_EDGE('',*,*,#1033,.T.);
#1033 = EDGE_CURVE('',#1023,#663,#1034,.T.);
#1034 = B_SPLINE_CURVE_WITH_KNOTS('',3,(#1035,#1036,#1037,#1038,#1039,
    #1040),.UNSPECIFIED.,.F.,.F.,(4,2,4),(0.239903822603,2.536803067903,
    2.697332709373),.UNSPECIFIED.);
#1035 = CARTESIAN_POINT('',(253.12635753241,199.37173095245,
    7.041596098053));
#1036 = CARTESIAN_POINT('',(253.12635753241,200.13690072083,
    7.068227685519));
#1037 = CARTESIAN_POINT('',(253.12635753241,200.90207048921,
    7.094859272984));
#1038 = CARTESIAN_POINT('',(253.12635753241,201.72071775724,
    7.123352134599));
#1039 = CARTESIAN_POINT('',(253.12635753241,201.77419525689,
    7.125213408748));
#1040 = CARTESIAN_POINT('',(253.12635753241,201.82767275653,
    7.127074682896));
#1041 = ORIENTED_EDGE('',*,*,#669,.T.);
#1042 = ORIENTED_EDGE('',*,*,#970,.T.);
#1043 = B_SPLINE_SURFACE_WITH_KNOTS('',3,3,(
    (#1044,#1045,#1046,#1047,#1048,#1049)
    ,(#1050,#1051,#1052,#1053,#1054,#1055)
    ,(#1056,#1057,#1058,#1059,#1060,#1061)
    ,(#1062,#1063,#1064,#1065,#1066,#1067
    )),.UNSPECIFIED.,.F.,.F.,.F.,(4,4),(4,2,4),(8.055879612345E-02,
    9.854867176747E-02),(4.908110533311E-02,8.130916883093E-02,
    9.10526361184E-02),.UNSPECIFIED.);
#1044 = CARTESIAN_POINT('',(241.82635744461,204.17985806184,
    7.460019138884));
#1045 = CARTESIAN_POINT('',(244.71587378887,204.18420376777,
    7.335161330628));
#1046 = CARTESIAN_POINT('',(247.60846585368,204.18693181411,
    7.25678157318));
#1047 = CARTESIAN_POINT('',(251.37666393199,204.18836625501,
    7.215569717575));
#1048 = CARTESIAN_POINT('',(252.2515047548,204.18855057546,7.2102743527)
  );
#1049 = CARTESIAN_POINT('',(253.12635748846,204.18858638926,
    7.209245830459));
#1050 = CARTESIAN_POINT('',(241.8263574745,202.5742395829,7.404135894731
    ));
#1051 = CARTESIAN_POINT('',(244.71587381876,202.57858528883,
    7.279278086475));
#1052 = CARTESIAN_POINT('',(247.60846588357,202.58131333516,
    7.200898329027));
#1053 = CARTESIAN_POINT('',(251.37666396188,202.58274777606,
    7.159686473422));
#1054 = CARTESIAN_POINT('',(252.25150478469,202.58293209652,
    7.154391108547));
#1055 = CARTESIAN_POINT('',(253.12635751835,202.58296791032,
    7.153362586306));
#1056 = CARTESIAN_POINT('',(241.82635750439,200.96862110397,
    7.348252650578));
#1057 = CARTESIAN_POINT('',(244.71587384866,200.97296680991,
    7.223394842322));
#1058 = CARTESIAN_POINT('',(247.60846591346,200.97569485623,
    7.145015084873));
#1059 = CARTESIAN_POINT('',(251.37666399177,200.97712929712,
    7.103803229268));
#1060 = CARTESIAN_POINT('',(252.25150481459,200.97731361758,
    7.098507864393));
#1061 = CARTESIAN_POINT('',(253.12635754824,200.97734943139,
    7.097479342153));
#1062 = CARTESIAN_POINT('',(241.82635753428,199.36300262503,
    7.292369406425));
#1063 = CARTESIAN_POINT('',(244.71587387855,199.36734833096,
    7.167511598168));
#1064 = CARTESIAN_POINT('',(247.60846594336,199.37007637729,
    7.08913184072));
#1065 = CARTESIAN_POINT('',(251.37666402166,199.37151081818,
    7.047919985115));
#1066 = CARTESIAN_POINT('',(252.25150484448,199.37169513864,
    7.04262462024));
#1067 = CARTESIAN_POINT('',(253.12635757813,199.37173095245,
    7.041596097999));
#1068 = ADVANCED_FACE('',(#1069),#1094,.F.);
#1069 = FACE_BOUND('',#1070,.T.);
#1070 = EDGE_LOOP('',(#1071,#1072,#1080,#1088,#1093));
#1071 = ORIENTED_EDGE('',*,*,#628,.F.);
#1072 = ORIENTED_EDGE('',*,*,#1073,.T.);
#1073 = EDGE_CURVE('',#621,#1074,#1076,.T.);
#1074 = VERTEX_POINT('',#1075);
#1075 = CARTESIAN_POINT('',(253.77635753241,198.50363956663,
    4.63039454832));
#1076 = LINE('',#1077,#1078);
#1077 = CARTESIAN_POINT('',(253.77635753241,204.50804120133,
    4.63039454832));
#1078 = VECTOR('',#1079,1.);
#1079 = DIRECTION('',(-2.0211E-13,-1.,0.));
#1080 = ORIENTED_EDGE('',*,*,#1081,.F.);
#1081 = EDGE_CURVE('',#1082,#1074,#1084,.T.);
#1082 = VERTEX_POINT('',#1083);
#1083 = CARTESIAN_POINT('',(253.12635753241,198.50363956663,
    4.63039454832));
#1084 = LINE('',#1085,#1086);
#1085 = CARTESIAN_POINT('',(261.57865976498,198.50363956663,
    4.63039454832));
#1086 = VECTOR('',#1087,1.);
#1087 = DIRECTION('',(1.,-2.E-17,0.));
#1088 = ORIENTED_EDGE('',*,*,#1089,.T.);
#1089 = EDGE_CURVE('',#1082,#654,#1090,.T.);
#1090 = B_SPLINE_CURVE_WITH_KNOTS('',1,(#1091,#1092),.UNSPECIFIED.,.F.,
  .F.,(2,2),(2.995598365306,6.319631555192),.PIECEWISE_BEZIER_KNOTS.);
#1091 = CARTESIAN_POINT('',(253.12635753241,198.50363956663,
    4.63039454832));
#1092 = CARTESIAN_POINT('',(253.12635753241,201.82767275652,
    4.63039454832));
#1093 = ORIENTED_EDGE('',*,*,#653,.F.);
#1094 = PLANE('',#1095);
#1095 = AXIS2_PLACEMENT_3D('',#1096,#1097,#1098);
#1096 = CARTESIAN_POINT('',(253.45135753241,204.83304120133,
    4.63039454832));
#1097 = DIRECTION('',(0.,0.,1.));
#1098 = DIRECTION('',(1.,0.,-0.));
#1099 = ADVANCED_FACE('',(#1100),#1111,.F.);
#1100 = FACE_BOUND('',#1101,.F.);
#1101 = EDGE_LOOP('',(#1102,#1103,#1109,#1110));
#1102 = ORIENTED_EDGE('',*,*,#1033,.F.);
#1103 = ORIENTED_EDGE('',*,*,#1104,.T.);
#1104 = EDGE_CURVE('',#1023,#1082,#1105,.T.);
#1105 = LINE('',#1106,#1107);
#1106 = CARTESIAN_POINT('',(253.12635753241,199.89265167366,
    8.488500042504));
#1107 = VECTOR('',#1108,1.);
#1108 = DIRECTION('',(0.,-0.338739789867,-0.940880095847));
#1109 = ORIENTED_EDGE('',*,*,#1089,.T.);
#1110 = ORIENTED_EDGE('',*,*,#662,.T.);
#1111 = B_SPLINE_SURFACE_WITH_KNOTS('',1,1,(
    (#1112,#1113,#1114)
    ,(#1115,#1116,#1117)
    ,(#1118,#1119,#1120)
    ,(#1121,#1122,#1123
    )),.UNSPECIFIED.,.F.,.F.,.F.,(2,1,1,2),(2,1,2),(-66.20000000002,
    -3.43547E-12,18.000000000003,20.700000000005),(0.,3.,10.5),
  .UNSPECIFIED.);
#1112 = CARTESIAN_POINT('',(253.12635753239,129.30804120133,
    4.63039454832));
#1113 = CARTESIAN_POINT('',(253.12635753239,129.30804120133,
    7.63039454832));
#1114 = CARTESIAN_POINT('',(253.12635753239,129.30804120133,
    15.13039454832));
#1115 = CARTESIAN_POINT('',(253.12635753241,195.50804120133,
    4.63039454832));
#1116 = CARTESIAN_POINT('',(253.12635753241,195.50804120133,
    7.63039454832));
#1117 = CARTESIAN_POINT('',(253.12635753241,195.50804120133,
    15.13039454832));
#1118 = CARTESIAN_POINT('',(253.12635753241,213.50804120133,
    4.63039454832));
#1119 = CARTESIAN_POINT('',(253.12635753241,213.50804120133,
    7.63039454832));
#1120 = CARTESIAN_POINT('',(253.12635753241,213.50804120133,
    15.13039454832));
#1121 = CARTESIAN_POINT('',(253.12635753241,216.20804120133,
    4.63039454832));
#1122 = CARTESIAN_POINT('',(253.12635753241,216.20804120133,
    7.63039454832));
#1123 = CARTESIAN_POINT('',(253.12635753241,216.20804120133,
    15.13039454832));
#1124 = ADVANCED_FACE('',(#1125),#1146,.T.);
#1125 = FACE_BOUND('',#1126,.T.);
#1126 = EDGE_LOOP('',(#1127,#1128,#1139,#1145));
#1127 = ORIENTED_EDGE('',*,*,#620,.F.);
#1128 = ORIENTED_EDGE('',*,*,#1129,.T.);
#1129 = EDGE_CURVE('',#604,#1130,#1132,.T.);
#1130 = VERTEX_POINT('',#1131);
#1131 = CARTESIAN_POINT('',(253.77635753241,199.37173857489,
    7.041617270065));
#1132 = B_SPLINE_CURVE_WITH_KNOTS('',3,(#1133,#1134,#1135,#1136,#1137,
    #1138),.UNSPECIFIED.,.F.,.F.,(4,2,4),(2.376283487582,2.536804294306,
    4.833704747375),.UNSPECIFIED.);
#1133 = CARTESIAN_POINT('',(253.77635753241,201.82767275657,
    7.127095589722));
#1134 = CARTESIAN_POINT('',(253.77635753241,201.77419820005,
    7.125234418006));
#1135 = CARTESIAN_POINT('',(253.77635753241,201.72072364354,
    7.12337324629));
#1136 = CARTESIAN_POINT('',(253.77635753241,200.9020789163,7.09488047307
    ));
#1137 = CARTESIAN_POINT('',(253.77635753241,200.13690874556,
    7.068248871567));
#1138 = CARTESIAN_POINT('',(253.77635753241,199.37173857484,
    7.041617270064));
#1139 = ORIENTED_EDGE('',*,*,#1140,.F.);
#1140 = EDGE_CURVE('',#1074,#1130,#1141,.T.);
#1141 = LINE('',#1142,#1143);
#1142 = CARTESIAN_POINT('',(253.77635753241,199.78166723233,
    8.180230819611));
#1143 = VECTOR('',#1144,1.);
#1144 = DIRECTION('',(6.846E-14,0.338739789867,0.940880095847));
#1145 = ORIENTED_EDGE('',*,*,#1073,.F.);
#1146 = PLANE('',#1147);
#1147 = AXIS2_PLACEMENT_3D('',#1148,#1149,#1150);
#1148 = CARTESIAN_POINT('',(253.77635753241,204.50804120133,
    6.13039454832));
#1149 = DIRECTION('',(1.,-2.0211E-13,0.));
#1150 = DIRECTION('',(0.,0.,-1.));
#1151 = ADVANCED_FACE('',(#1152),#1249,.F.);
#1152 = FACE_BOUND('',#1153,.T.);
#1153 = EDGE_LOOP('',(#1154,#1155,#1156,#1157,#1168,#1176,#1184,#1192,
    #1203,#1211,#1219,#1225,#1226,#1234,#1242,#1248));
#1154 = ORIENTED_EDGE('',*,*,#1104,.T.);
#1155 = ORIENTED_EDGE('',*,*,#1081,.T.);
#1156 = ORIENTED_EDGE('',*,*,#1140,.T.);
#1157 = ORIENTED_EDGE('',*,*,#1158,.T.);
#1158 = EDGE_CURVE('',#1130,#1159,#1161,.T.);
#1159 = VERTEX_POINT('',#1160);
#1160 = CARTESIAN_POINT('',(265.07635753242,199.46338370299,
    7.296169818946));
#1161 = B_SPLINE_CURVE_WITH_KNOTS('',3,(#1162,#1163,#1164,#1165,#1166,
    #1167),.UNSPECIFIED.,.F.,.F.,(4,2,4),(0.112722589762,5.773710094877,
    11.416773767653),.UNSPECIFIED.);
#1162 = CARTESIAN_POINT('',(253.77635753241,199.37173857489,
    7.041617270065));
#1163 = CARTESIAN_POINT('',(255.66335444494,199.37259256326,
    7.043989299219));
#1164 = CARTESIAN_POINT('',(257.5503907593,199.38069073502,
    7.066482696363));
#1165 = CARTESIAN_POINT('',(261.31732455751,199.41129361418,
    7.151484933308));
#1166 = CARTESIAN_POINT('',(263.19736806779,199.4337537833,
    7.213870064055));
#1167 = CARTESIAN_POINT('',(265.07635753242,199.46338370299,
    7.296169818947));
#1168 = ORIENTED_EDGE('',*,*,#1169,.F.);
#1169 = EDGE_CURVE('',#1170,#1159,#1172,.T.);
#1170 = VERTEX_POINT('',#1171);
#1171 = CARTESIAN_POINT('',(265.07635753241,198.50363956663,
    4.63039454832));
#1172 = LINE('',#1173,#1174);
#1173 = CARTESIAN_POINT('',(265.07635753241,199.78166723233,
    8.180230819612));
#1174 = VECTOR('',#1175,1.);
#1175 = DIRECTION('',(0.,0.338739789867,0.940880095847));
#1176 = ORIENTED_EDGE('',*,*,#1177,.F.);
#1177 = EDGE_CURVE('',#1178,#1170,#1180,.T.);
#1178 = VERTEX_POINT('',#1179);
#1179 = CARTESIAN_POINT('',(265.72635753241,198.50363956663,
    4.63039454832));
#1180 = LINE('',#1181,#1182);
#1181 = CARTESIAN_POINT('',(261.57865976498,198.50363956663,
    4.63039454832));
#1182 = VECTOR('',#1183,1.);
#1183 = DIRECTION('',(-1.,2.E-17,0.));
#1184 = ORIENTED_EDGE('',*,*,#1185,.F.);
#1185 = EDGE_CURVE('',#1186,#1178,#1188,.T.);
#1186 = VERTEX_POINT('',#1187);
#1187 = CARTESIAN_POINT('',(265.72635753241,199.47392029175,
    7.325436137637));
#1188 = LINE('',#1189,#1190);
#1189 = CARTESIAN_POINT('',(265.72635753241,199.78166723233,
    8.180230819612));
#1190 = VECTOR('',#1191,1.);
#1191 = DIRECTION('',(0.,-0.338739789867,-0.940880095847));
#1192 = ORIENTED_EDGE('',*,*,#1193,.T.);
#1193 = EDGE_CURVE('',#1186,#1194,#1196,.T.);
#1194 = VERTEX_POINT('',#1195);
#1195 = CARTESIAN_POINT('',(270.67967870567,199.57307035366,
    7.600834312098));
#1196 = B_SPLINE_CURVE_WITH_KNOTS('',3,(#1197,#1198,#1199,#1200,#1201,
    #1202),.UNSPECIFIED.,.F.,.F.,(4,2,4),(3.012108158368E-02,
    2.57520438246,4.992150739896),.UNSPECIFIED.);
#1197 = CARTESIAN_POINT('',(265.72635753241,199.47392029176,
    7.325436137637));
#1198 = CARTESIAN_POINT('',(266.57369566757,199.48802953319,
    7.364625818995));
#1199 = CARTESIAN_POINT('',(267.42082857,199.50359728602,7.407866646372)
  );
#1200 = CARTESIAN_POINT('',(269.07193318553,199.53679070164,
    7.500064330279));
#1201 = CARTESIAN_POINT('',(269.87594246493,199.55427353222,
    7.54862445755));
#1202 = CARTESIAN_POINT('',(270.67967870567,199.57307035366,
    7.600834312098));
#1203 = ORIENTED_EDGE('',*,*,#1204,.T.);
#1204 = EDGE_CURVE('',#1194,#1205,#1207,.T.);
#1205 = VERTEX_POINT('',#1206);
#1206 = CARTESIAN_POINT('',(273.14200638175,196.83658455804,9.527E-11));
#1207 = LINE('',#1208,#1209);
#1208 = CARTESIAN_POINT('',(270.46409866508,199.81265329975,
    8.266297396238));
#1209 = VECTOR('',#1210,1.);
#1210 = DIRECTION('',(0.291559846988,-0.324022423013,-0.900001291671));
#1211 = ORIENTED_EDGE('',*,*,#1212,.T.);
#1212 = EDGE_CURVE('',#1205,#1213,#1215,.T.);
#1213 = VERTEX_POINT('',#1214);
#1214 = CARTESIAN_POINT('',(233.93940407751,196.83658455804,9.527E-11));
#1215 = LINE('',#1216,#1217);
#1216 = CARTESIAN_POINT('',(267.53178476498,196.83658455804,9.526868E-11
    ));
#1217 = VECTOR('',#1218,1.);
#1218 = DIRECTION('',(-1.,3.E-17,3.E-17));
#1219 = ORIENTED_EDGE('',*,*,#1220,.T.);
#1220 = EDGE_CURVE('',#1213,#223,#1221,.T.);
#1221 = LINE('',#1222,#1223);
#1222 = CARTESIAN_POINT('',(238.21458762017,201.40890810863,
    12.700038050558));
#1223 = VECTOR('',#1224,1.);
#1224 = DIRECTION('',(0.301943307514,0.322929409256,0.896965348096));
#1225 = ORIENTED_EDGE('',*,*,#233,.T.);
#1226 = ORIENTED_EDGE('',*,*,#1227,.T.);
#1227 = EDGE_CURVE('',#234,#1228,#1230,.T.);
#1228 = VERTEX_POINT('',#1229);
#1229 = CARTESIAN_POINT('',(241.17635753241,198.50363956663,
    4.63039454832));
#1230 = LINE('',#1231,#1232);
#1231 = CARTESIAN_POINT('',(241.17635753241,199.78166723233,
    8.180230819611));
#1232 = VECTOR('',#1233,1.);
#1233 = DIRECTION('',(0.,-0.338739789867,-0.940880095847));
#1234 = ORIENTED_EDGE('',*,*,#1235,.T.);
#1235 = EDGE_CURVE('',#1228,#1236,#1238,.T.);
#1236 = VERTEX_POINT('',#1237);
#1237 = CARTESIAN_POINT('',(241.82635753242,198.50363956663,
    4.63039454832));
#1238 = LINE('',#1239,#1240);
#1239 = CARTESIAN_POINT('',(261.57865976498,198.50363956663,
    4.63039454832));
#1240 = VECTOR('',#1241,1.);
#1241 = DIRECTION('',(1.,-2.E-17,0.));
#1242 = ORIENTED_EDGE('',*,*,#1243,.T.);
#1243 = EDGE_CURVE('',#1236,#1012,#1244,.T.);
#1244 = LINE('',#1245,#1246);
#1245 = CARTESIAN_POINT('',(241.82635753242,199.78166723233,
    8.180230819611));
#1246 = VECTOR('',#1247,1.);
#1247 = DIRECTION('',(0.,0.338739789867,0.940880095847));
#1248 = ORIENTED_EDGE('',*,*,#1022,.T.);
#1249 = PLANE('',#1250);
#1250 = AXIS2_PLACEMENT_3D('',#1251,#1252,#1253);
#1251 = CARTESIAN_POINT('',(269.70596199755,199.89265167366,
    8.488500042504));
#1252 = DIRECTION('',(-2.E-17,-0.940880095847,0.338739789867));
#1253 = DIRECTION('',(7.703719777549E-34,-0.338739789867,-0.940880095847
    ));
#1254 = ADVANCED_FACE('',(#1255),#1301,.F.);
#1255 = FACE_BOUND('',#1256,.F.);
#1256 = EDGE_LOOP('',(#1257,#1258,#1269,#1286,#1299,#1300));
#1257 = ORIENTED_EDGE('',*,*,#1158,.T.);
#1258 = ORIENTED_EDGE('',*,*,#1259,.T.);
#1259 = EDGE_CURVE('',#1159,#1260,#1262,.T.);
#1260 = VERTEX_POINT('',#1261);
#1261 = CARTESIAN_POINT('',(265.07635753242,201.82767275651,
    7.378458449288));
#1262 = B_SPLINE_CURVE_WITH_KNOTS('',3,(#1263,#1264,#1265,#1266,#1267,
    #1268),.UNSPECIFIED.,.F.,.F.,(4,2,4),(0.340347592712,2.536804294309,
    2.706068232886),.UNSPECIFIED.);
#1263 = CARTESIAN_POINT('',(265.07635753241,199.46338370299,
    7.296169818946));
#1264 = CARTESIAN_POINT('',(265.07635753241,200.19509288397,
    7.321636817671));
#1265 = CARTESIAN_POINT('',(265.07635753241,200.92680206494,
    7.347103816396));
#1266 = CARTESIAN_POINT('',(265.07635753241,201.71489841612,
    7.374533359843));
#1267 = CARTESIAN_POINT('',(265.07635753241,201.77128558632,
    7.376495904566));
#1268 = CARTESIAN_POINT('',(265.07635753241,201.82767275651,
    7.378458449288));
#1269 = ORIENTED_EDGE('',*,*,#1270,.T.);
#1270 = EDGE_CURVE('',#1260,#1271,#1273,.T.);
#1271 = VERTEX_POINT('',#1272);
#1272 = CARTESIAN_POINT('',(262.72098908759,204.18304120133,
    7.36888444656));
#1273 = B_SPLINE_CURVE_WITH_KNOTS('',3,(#1274,#1275,#1276,#1277,#1278,
    #1279,#1280,#1281,#1282,#1283,#1284,#1285),.UNSPECIFIED.,.F.,.F.,(4,
    2,2,2,2,4),(0.131156880447,0.535094513512,1.322816817606,
    2.400402311418,3.095464371615,3.728625953438),.UNSPECIFIED.);
#1274 = CARTESIAN_POINT('',(265.07635753242,201.82767275652,
    7.378458449288));
#1275 = CARTESIAN_POINT('',(264.94291266309,201.84385321209,
    7.373249960325));
#1276 = CARTESIAN_POINT('',(264.81078340016,201.86998619994,
    7.368544712982));
#1277 = CARTESIAN_POINT('',(264.42814351708,201.97590119214,
    7.356244315791));
#1278 = CARTESIAN_POINT('',(264.18671672883,202.08243272668,
    7.350228062242));
#1279 = CARTESIAN_POINT('',(263.66037441379,202.41329342465,
    7.341156324184));
#1280 = CARTESIAN_POINT('',(263.39746696046,202.66320201871,
    7.340089739733));
#1281 = CARTESIAN_POINT('',(263.05809329648,203.14687012364,
    7.34462557896));
#1282 = CARTESIAN_POINT('',(262.94999643154,203.35284260255,
    7.347973328654));
#1283 = CARTESIAN_POINT('',(262.79622080786,203.76791521254,
    7.357031293328));
#1284 = CARTESIAN_POINT('',(262.74637787568,203.97365256609,
    7.36247235872));
#1285 = CARTESIAN_POINT('',(262.72098908759,204.18304120134,
    7.36888444656));
#1286 = ORIENTED_EDGE('',*,*,#1287,.T.);
#1287 = EDGE_CURVE('',#1271,#596,#1288,.T.);
#1288 = B_SPLINE_CURVE_WITH_KNOTS('',3,(#1289,#1290,#1291,#1292,#1293,
    #1294,#1295,#1296,#1297,#1298),.UNSPECIFIED.,.F.,.F.,(4,3,3,4),(
    2.487599190082,4.572643458712,5.899102001302,9.078523759713),
  .UNSPECIFIED.);
#1289 = CARTESIAN_POINT('',(262.72098908644,204.18304120204,
    7.368884425978));
#1290 = CARTESIAN_POINT('',(262.02636782753,204.18304120237,
    7.344927356468));
#1291 = CARTESIAN_POINT('',(261.33165188567,204.18304120267,
    7.323658101045));
#1292 = CARTESIAN_POINT('',(260.63687240112,204.18304120283,
    7.305078169685));
#1293 = CARTESIAN_POINT('',(260.19486922816,204.18304120294,
    7.293258032796));
#1294 = CARTESIAN_POINT('',(259.75284222234,204.18304120298,
    7.282526365002));
#1295 = CARTESIAN_POINT('',(259.31079342893,204.18304120297,
    7.272883425505));
#1296 = CARTESIAN_POINT('',(258.25123558606,204.18304120295,
    7.249770021906));
#1297 = CARTESIAN_POINT('',(257.19150967893,204.18304120253,
    7.232910756415));
#1298 = CARTESIAN_POINT('',(256.13172597583,204.18304120206,
    7.222313305496));
#1299 = ORIENTED_EDGE('',*,*,#603,.T.);
#1300 = ORIENTED_EDGE('',*,*,#1129,.T.);
#1301 = B_SPLINE_SURFACE_WITH_KNOTS('',3,3,(
    (#1302,#1303,#1304,#1305)
    ,(#1306,#1307,#1308,#1309)
    ,(#1310,#1311,#1312,#1313)
    ,(#1314,#1315,#1316,#1317
    )),.UNSPECIFIED.,.F.,.F.,.F.,(4,4),(4,4),(8.05587557435E-02,
    9.85486406303E-02),(9.346570551861E-02,0.135435009228),
  .PIECEWISE_BEZIER_KNOTS.);
#1302 = CARTESIAN_POINT('',(253.77635744271,204.18859648645,
    7.209267088658));
#1303 = CARTESIAN_POINT('',(257.54473347458,204.18843394916,
    7.213939070784));
#1304 = CARTESIAN_POINT('',(261.31304649751,204.18551681635,
    7.297755160074));
#1305 = CARTESIAN_POINT('',(265.07635748863,204.17985864535,
    7.460325829394));
#1306 = CARTESIAN_POINT('',(253.7763574726,202.58297718258,
    7.153383815793));
#1307 = CARTESIAN_POINT('',(257.54473350447,202.58281464529,
    7.158055797919));
#1308 = CARTESIAN_POINT('',(261.3130465274,202.57989751248,7.24187188721
    ));
#1309 = CARTESIAN_POINT('',(265.07635751851,202.57423934148,
    7.404442556529));
#1310 = CARTESIAN_POINT('',(253.7763575025,200.97735787872,
    7.097500542928));
#1311 = CARTESIAN_POINT('',(257.54473353437,200.97719534143,
    7.102172525055));
#1312 = CARTESIAN_POINT('',(261.31304655729,200.97427820861,
    7.185988614345));
#1313 = CARTESIAN_POINT('',(265.07635754841,200.96862003761,
    7.348559283664));
#1314 = CARTESIAN_POINT('',(253.77635753239,199.37173857485,
    7.041617270063));
#1315 = CARTESIAN_POINT('',(257.54473356426,199.37157603756,
    7.04628925219));
#1316 = CARTESIAN_POINT('',(261.31304658718,199.36865890475,
    7.13010534148));
#1317 = CARTESIAN_POINT('',(265.0763575783,199.36300073374,
    7.292676010799));
#1318 = ADVANCED_FACE('',(#1319),#1336,.F.);
#1319 = FACE_BOUND('',#1320,.T.);
#1320 = EDGE_LOOP('',(#1321,#1322,#1328,#1329,#1330));
#1321 = ORIENTED_EDGE('',*,*,#1235,.F.);
#1322 = ORIENTED_EDGE('',*,*,#1323,.T.);
#1323 = EDGE_CURVE('',#1228,#417,#1324,.T.);
#1324 = LINE('',#1325,#1326);
#1325 = CARTESIAN_POINT('',(241.17635753241,204.50804120133,
    4.63039454832));
#1326 = VECTOR('',#1327,1.);
#1327 = DIRECTION('',(0.,1.,0.));
#1328 = ORIENTED_EDGE('',*,*,#416,.F.);
#1329 = ORIENTED_EDGE('',*,*,#391,.F.);
#1330 = ORIENTED_EDGE('',*,*,#1331,.T.);
#1331 = EDGE_CURVE('',#384,#1236,#1332,.T.);
#1332 = LINE('',#1333,#1334);
#1333 = CARTESIAN_POINT('',(241.82635753242,204.50804120133,
    4.63039454832));
#1334 = VECTOR('',#1335,1.);
#1335 = DIRECTION('',(0.,-1.,0.));
#1336 = PLANE('',#1337);
#1337 = AXIS2_PLACEMENT_3D('',#1338,#1339,#1340);
#1338 = CARTESIAN_POINT('',(253.45135753241,204.83304120133,
    4.63039454832));
#1339 = DIRECTION('',(0.,0.,1.));
#1340 = DIRECTION('',(1.,0.,-0.));
#1341 = ADVANCED_FACE('',(#1342),#1348,.T.);
#1342 = FACE_BOUND('',#1343,.T.);
#1343 = EDGE_LOOP('',(#1344,#1345,#1346,#1347));
#1344 = ORIENTED_EDGE('',*,*,#1243,.F.);
#1345 = ORIENTED_EDGE('',*,*,#1331,.F.);
#1346 = ORIENTED_EDGE('',*,*,#383,.F.);
#1347 = ORIENTED_EDGE('',*,*,#1011,.T.);
#1348 = PLANE('',#1349);
#1349 = AXIS2_PLACEMENT_3D('',#1350,#1351,#1352);
#1350 = CARTESIAN_POINT('',(241.82635753242,204.50804120133,
    6.13039454832));
#1351 = DIRECTION('',(1.,0.,0.));
#1352 = DIRECTION('',(0.,-1.,0.));
#1353 = ADVANCED_FACE('',(#1354),#1360,.F.);
#1354 = FACE_BOUND('',#1355,.T.);
#1355 = EDGE_LOOP('',(#1356,#1357,#1358,#1359));
#1356 = ORIENTED_EDGE('',*,*,#1227,.F.);
#1357 = ORIENTED_EDGE('',*,*,#244,.T.);
#1358 = ORIENTED_EDGE('',*,*,#425,.F.);
#1359 = ORIENTED_EDGE('',*,*,#1323,.F.);
#1360 = PLANE('',#1361);
#1361 = AXIS2_PLACEMENT_3D('',#1362,#1363,#1364);
#1362 = CARTESIAN_POINT('',(241.17635753241,204.50804120133,
    6.13039454832));
#1363 = DIRECTION('',(1.,0.,0.));
#1364 = DIRECTION('',(0.,-1.,0.));
#1365 = ADVANCED_FACE('',(#1366),#1425,.F.);
#1366 = FACE_BOUND('',#1367,.T.);
#1367 = EDGE_LOOP('',(#1368,#1378,#1386,#1394,#1403,#1411,#1417,#1418));
#1368 = ORIENTED_EDGE('',*,*,#1369,.F.);
#1369 = EDGE_CURVE('',#1370,#1372,#1374,.T.);
#1370 = VERTEX_POINT('',#1371);
#1371 = CARTESIAN_POINT('',(271.64196728351,204.18304120133,
    4.63039454832));
#1372 = VERTEX_POINT('',#1373);
#1373 = CARTESIAN_POINT('',(270.62875699829,204.18304120133,
    7.758021945747));
#1374 = LINE('',#1375,#1376);
#1375 = CARTESIAN_POINT('',(270.3205470118,204.18304120133,
    8.709419707855));
#1376 = VECTOR('',#1377,1.);
#1377 = DIRECTION('',(-0.308186704245,1.2458E-13,0.951325893333));
#1378 = ORIENTED_EDGE('',*,*,#1379,.F.);
#1379 = EDGE_CURVE('',#1380,#1370,#1382,.T.);
#1380 = VERTEX_POINT('',#1381);
#1381 = CARTESIAN_POINT('',(271.64196728351,204.83304120133,
    4.630394548319));
#1382 = LINE('',#1383,#1384);
#1383 = CARTESIAN_POINT('',(271.64196728351,204.96100052313,
    4.63039454832));
#1384 = VECTOR('',#1385,1.);
#1385 = DIRECTION('',(-1.1067E-13,-1.,0.));
#1386 = ORIENTED_EDGE('',*,*,#1387,.F.);
#1387 = EDGE_CURVE('',#1388,#1380,#1390,.T.);
#1388 = VERTEX_POINT('',#1389);
#1389 = CARTESIAN_POINT('',(270.6215768552,204.83304120133,
    7.780185964984));
#1390 = LINE('',#1391,#1392);
#1391 = CARTESIAN_POINT('',(271.16663246387,204.83304120133,
    6.097681474365));
#1392 = VECTOR('',#1393,1.);
#1393 = DIRECTION('',(0.308186704245,-3.411E-14,-0.951325893333));
#1394 = ORIENTED_EDGE('',*,*,#1395,.T.);
#1395 = EDGE_CURVE('',#1388,#1396,#1398,.T.);
#1396 = VERTEX_POINT('',#1397);
#1397 = CARTESIAN_POINT('',(270.5471341581,211.5718220646,8.009979347846
    ));
#1398 = B_SPLINE_CURVE_WITH_KNOTS('',3,(#1399,#1400,#1401,#1402),
  .UNSPECIFIED.,.F.,.F.,(4,4),(5.856091635418E-02,6.801669564224),
  .PIECEWISE_BEZIER_KNOTS.);
#1399 = CARTESIAN_POINT('',(270.6215768552,204.83304120133,
    7.780185964984));
#1400 = CARTESIAN_POINT('',(270.59676371693,207.07930161633,
    7.856780381988));
#1401 = CARTESIAN_POINT('',(270.57194948464,209.32556190411,
    7.933378176057));
#1402 = CARTESIAN_POINT('',(270.54713415811,211.5718220646,8.00997934784
    ));
#1403 = ORIENTED_EDGE('',*,*,#1404,.T.);
#1404 = EDGE_CURVE('',#1396,#1405,#1407,.T.);
#1405 = VERTEX_POINT('',#1406);
#1406 = CARTESIAN_POINT('',(273.14200638175,212.25352243463,9.527E-11));
#1407 = LINE('',#1408,#1409);
#1408 = CARTESIAN_POINT('',(270.9842631166,211.68666046398,
    6.660628155142));
#1409 = VECTOR('',#1410,1.);
#1410 = DIRECTION('',(0.30718153766,8.069983792692E-02,-0.948223095626)
  );
#1411 = ORIENTED_EDGE('',*,*,#1412,.T.);
#1412 = EDGE_CURVE('',#1405,#1205,#1413,.T.);
#1413 = LINE('',#1414,#1415);
#1414 = CARTESIAN_POINT('',(273.14200638175,204.79850052312,9.526868E-11
    ));
#1415 = VECTOR('',#1416,1.);
#1416 = DIRECTION('',(-1.1067E-13,-1.,-1.E-17));
#1417 = ORIENTED_EDGE('',*,*,#1204,.F.);
#1418 = ORIENTED_EDGE('',*,*,#1419,.T.);
#1419 = EDGE_CURVE('',#1194,#1372,#1420,.T.);
#1420 = B_SPLINE_CURVE_WITH_KNOTS('',3,(#1421,#1422,#1423,#1424),
  .UNSPECIFIED.,.F.,.F.,(4,4),(0.348845105637,4.961776081593),
  .PIECEWISE_BEZIER_KNOTS.);
#1421 = CARTESIAN_POINT('',(270.67967870567,199.57307035366,
    7.600834312098));
#1422 = CARTESIAN_POINT('',(270.66270531518,201.10972736242,
    7.653228609728));
#1423 = CARTESIAN_POINT('',(270.64573141271,202.64638431166,
    7.705624487538));
#1424 = CARTESIAN_POINT('',(270.62875699829,204.18304120135,
    7.758021945744));
#1425 = PLANE('',#1426);
#1426 = AXIS2_PLACEMENT_3D('',#1427,#1428,#1429);
#1427 = CARTESIAN_POINT('',(271.16663246387,205.08895984491,
    6.097681474365));
#1428 = DIRECTION('',(0.951325893333,-1.0528E-13,0.308186704245));
#1429 = DIRECTION('',(1.106669209241E-13,1.,-9.974817766633E-19));
#1430 = ADVANCED_FACE('',(#1431),#1490,.F.);
#1431 = FACE_BOUND('',#1432,.T.);
#1432 = EDGE_LOOP('',(#1433,#1434,#1435,#1436,#1437,#1438,#1439,#1447,
    #1453,#1454,#1465,#1473,#1481,#1487,#1488,#1489));
#1433 = ORIENTED_EDGE('',*,*,#481,.T.);
#1434 = ORIENTED_EDGE('',*,*,#814,.T.);
#1435 = ORIENTED_EDGE('',*,*,#878,.T.);
#1436 = ORIENTED_EDGE('',*,*,#926,.T.);
#1437 = ORIENTED_EDGE('',*,*,#902,.T.);
#1438 = ORIENTED_EDGE('',*,*,#181,.T.);
#1439 = ORIENTED_EDGE('',*,*,#1440,.T.);
#1440 = EDGE_CURVE('',#182,#1441,#1443,.T.);
#1441 = VERTEX_POINT('',#1442);
#1442 = CARTESIAN_POINT('',(233.75606311439,212.25352243465,9.527E-11));
#1443 = LINE('',#1444,#1445);
#1444 = CARTESIAN_POINT('',(237.38545545113,211.35014334552,
    10.614704297096));
#1445 = VECTOR('',#1446,1.);
#1446 = DIRECTION('',(-0.322487783801,8.026928294157E-02,-0.943164074546
    ));
#1447 = ORIENTED_EDGE('',*,*,#1448,.T.);
#1448 = EDGE_CURVE('',#1441,#1405,#1449,.T.);
#1449 = LINE('',#1450,#1451);
#1450 = CARTESIAN_POINT('',(265.54394302383,212.25352243463,9.527046E-11
    ));
#1451 = VECTOR('',#1452,1.);
#1452 = DIRECTION('',(1.,-3.0598E-13,-3.E-17));
#1453 = ORIENTED_EDGE('',*,*,#1404,.F.);
#1454 = ORIENTED_EDGE('',*,*,#1455,.T.);
#1455 = EDGE_CURVE('',#1396,#1456,#1458,.T.);
#1456 = VERTEX_POINT('',#1457);
#1457 = CARTESIAN_POINT('',(265.72635753241,211.59417950252,
    7.747279452288));
#1458 = B_SPLINE_CURVE_WITH_KNOTS('',3,(#1459,#1460,#1461,#1462,#1463,
    #1464),.UNSPECIFIED.,.F.,.F.,(4,2,4),(0.227827043287,2.543356531876,
    5.055853774774),.UNSPECIFIED.);
#1459 = CARTESIAN_POINT('',(270.5471341581,211.5718220646,8.009979347845
    ));
#1460 = CARTESIAN_POINT('',(269.77685035519,211.57598236058,
    7.961095870016));
#1461 = CARTESIAN_POINT('',(269.00634900818,211.57986161297,
    7.915514654371));
#1462 = CARTESIAN_POINT('',(267.39944036056,211.58736394204,
    7.827362287836));
#1463 = CARTESIAN_POINT('',(266.56298365459,211.59093724378,
    7.785375992469));
#1464 = CARTESIAN_POINT('',(265.72635753241,211.59417950251,
    7.747279452288));
#1465 = ORIENTED_EDGE('',*,*,#1466,.F.);
#1466 = EDGE_CURVE('',#1467,#1456,#1469,.T.);
#1467 = VERTEX_POINT('',#1468);
#1468 = CARTESIAN_POINT('',(265.72635753241,211.85944630286,
    4.63039454832));
#1469 = LINE('',#1470,#1471);
#1470 = CARTESIAN_POINT('',(265.72635753241,211.75260079894,
    5.885829219314));
#1471 = VECTOR('',#1472,1.);
#1472 = DIRECTION('',(0.,-8.479983040192E-02,0.996398007206));
#1473 = ORIENTED_EDGE('',*,*,#1474,.F.);
#1474 = EDGE_CURVE('',#1475,#1467,#1477,.T.);
#1475 = VERTEX_POINT('',#1476);
#1476 = CARTESIAN_POINT('',(265.07635753241,211.85944630286,
    4.63039454832));
#1477 = LINE('',#1478,#1479);
#1478 = CARTESIAN_POINT('',(259.59081802383,211.85944630287,
    4.63039454832));
#1479 = VECTOR('',#1480,1.);
#1480 = DIRECTION('',(1.,-3.0598E-13,0.));
#1481 = ORIENTED_EDGE('',*,*,#1482,.F.);
#1482 = EDGE_CURVE('',#774,#1475,#1483,.T.);
#1483 = LINE('',#1484,#1485);
#1484 = CARTESIAN_POINT('',(265.07635753241,211.75260079894,
    5.885829219314));
#1485 = VECTOR('',#1486,1.);
#1486 = DIRECTION('',(0.,8.479983040192E-02,-0.996398007206));
#1487 = ORIENTED_EDGE('',*,*,#784,.T.);
#1488 = ORIENTED_EDGE('',*,*,#532,.T.);
#1489 = ORIENTED_EDGE('',*,*,#458,.T.);
#1490 = PLANE('',#1491);
#1491 = AXIS2_PLACEMENT_3D('',#1492,#1493,#1494);
#1492 = CARTESIAN_POINT('',(265.73027851525,211.82536090475,
    5.030897976101));
#1493 = DIRECTION('',(3.0488E-13,0.996398007206,8.479983040192E-02));
#1494 = DIRECTION('',(-1.,3.05982130055E-13,1.812812742933E-19));
#1495 = ADVANCED_FACE('',(#1496),#1541,.F.);
#1496 = FACE_BOUND('',#1497,.F.);
#1497 = EDGE_LOOP('',(#1498,#1499,#1500,#1511,#1532));
#1498 = ORIENTED_EDGE('',*,*,#1395,.T.);
#1499 = ORIENTED_EDGE('',*,*,#1455,.T.);
#1500 = ORIENTED_EDGE('',*,*,#1501,.T.);
#1501 = EDGE_CURVE('',#1456,#1502,#1504,.T.);
#1502 = VERTEX_POINT('',#1503);
#1503 = CARTESIAN_POINT('',(265.72635753241,207.18840964617,
    7.593937471108));
#1504 = B_SPLINE_CURVE_WITH_KNOTS('',3,(#1505,#1506,#1507,#1508,#1509,
    #1510),.UNSPECIFIED.,.F.,.F.,(4,2,4),(4.718894198628E-02,
    3.430824318317,4.455626509918),.UNSPECIFIED.);
#1505 = CARTESIAN_POINT('',(265.72635753241,211.59417950251,
    7.747279452288));
#1506 = CARTESIAN_POINT('',(265.72635753241,210.46698356546,
    7.708047612269));
#1507 = CARTESIAN_POINT('',(265.72635753241,209.33978762842,
    7.66881577225));
#1508 = CARTESIAN_POINT('',(265.72635753241,207.8711976763,
    7.617701778524));
#1509 = CARTESIAN_POINT('',(265.72635753241,207.52980366123,
    7.605819624816));
#1510 = CARTESIAN_POINT('',(265.72635753241,207.18840964616,
    7.593937471108));
#1511 = ORIENTED_EDGE('',*,*,#1512,.T.);
#1512 = EDGE_CURVE('',#1502,#1513,#1515,.T.);
#1513 = VERTEX_POINT('',#1514);
#1514 = CARTESIAN_POINT('',(268.08172597723,204.83304120133,
    7.629863497116));
#1515 = B_SPLINE_CURVE_WITH_KNOTS('',3,(#1516,#1517,#1518,#1519,#1520,
    #1521,#1522,#1523,#1524,#1525,#1526,#1527,#1528,#1529,#1530,#1531),
  .UNSPECIFIED.,.F.,.F.,(4,3,3,3,3,4),(3.171996644898E-02,0.743398196236
    ,1.081767481304,2.151850349387,2.978045864022,3.632010635916),
  .UNSPECIFIED.);
#1516 = CARTESIAN_POINT('',(265.72635753241,207.18840964618,
    7.593937471108));
#1517 = CARTESIAN_POINT('',(265.96152557887,207.15989502538,
    7.603685338488));
#1518 = CARTESIAN_POINT('',(266.19152348442,207.10060188404,
    7.612439382754));
#1519 = CARTESIAN_POINT('',(266.41050740039,207.01236018407,
    7.619927227003));
#1520 = CARTESIAN_POINT('',(266.51462387886,206.97040543586,
    7.623487342234));
#1521 = CARTESIAN_POINT('',(266.61625065075,206.92190674387,
    7.626760408185));
#1522 = CARTESIAN_POINT('',(266.71475995417,206.86706092969,
    7.62971312844));
#1523 = CARTESIAN_POINT('',(267.02629271548,206.69361266293,
    7.639051019003));
#1524 = CARTESIAN_POINT('',(267.30045369873,206.46013014236,
    7.645003197395));
#1525 = CARTESIAN_POINT('',(267.52133309128,206.18007697551,
    7.646820690868));
#1526 = CARTESIAN_POINT('',(267.6918708775,205.96385197349,
    7.648223951307));
#1527 = CARTESIAN_POINT('',(267.8283217922,205.7228126099,7.647136734026
    ));
#1528 = CARTESIAN_POINT('',(267.92595313998,205.46533792573,
    7.643434378131));
#1529 = CARTESIAN_POINT('',(268.00323201774,205.26153704519,
    7.64050382442));
#1530 = CARTESIAN_POINT('',(268.05551367423,205.04922129446,
    7.635960427706));
#1531 = CARTESIAN_POINT('',(268.08172597726,204.8330412014,
    7.629863495442));
#1532 = ORIENTED_EDGE('',*,*,#1533,.T.);
#1533 = EDGE_CURVE('',#1513,#1388,#1534,.T.);
#1534 = B_SPLINE_CURVE_WITH_KNOTS('',3,(#1535,#1536,#1537,#1538,#1539,
    #1540),.UNSPECIFIED.,.F.,.F.,(4,2,4),(2.38982352919,2.543983599273,
    4.934118987026),.UNSPECIFIED.);
#1535 = CARTESIAN_POINT('',(268.08172597724,204.83304120133,
    7.629863497116));
#1536 = CARTESIAN_POINT('',(268.13303673426,204.83304120133,
    7.632657201177));
#1537 = CARTESIAN_POINT('',(268.18434666133,204.83304120133,
    7.635465586526));
#1538 = CARTESIAN_POINT('',(269.03116432638,204.83304120133,
    7.682058161469));
#1539 = CARTESIAN_POINT('',(269.82648708485,204.83304120133,
    7.729357606836));
#1540 = CARTESIAN_POINT('',(270.6215768552,204.83304120133,
    7.780185964983));
#1541 = B_SPLINE_SURFACE_WITH_KNOTS('',3,3,(
    (#1542,#1543,#1544,#1545)
    ,(#1546,#1547,#1548,#1549)
    ,(#1550,#1551,#1552,#1553)
    ,(#1554,#1555,#1556,#1557
    )),.UNSPECIFIED.,.F.,.F.,.F.,(4,4),(4,4),(5.286417680627E-02,
    7.810020581351E-02),(0.137851514192,0.156064518566),
  .PIECEWISE_BEZIER_KNOTS.);
#1542 = CARTESIAN_POINT('',(265.72635745039,211.59417950266,
    7.747279448547));
#1543 = CARTESIAN_POINT('',(267.35922729502,211.59158712303,
    7.821763696925));
#1544 = CARTESIAN_POINT('',(268.99110159872,211.58847869234,
    7.911074949538));
#1545 = CARTESIAN_POINT('',(270.62157672951,211.58485531188,
    8.015181564104));
#1546 = CARTESIAN_POINT('',(265.72635749232,209.34183294337,
    7.668886957216));
#1547 = CARTESIAN_POINT('',(267.35922733695,209.33924056374,
    7.743371205594));
#1548 = CARTESIAN_POINT('',(268.99110164065,209.33613213305,
    7.832682458207));
#1549 = CARTESIAN_POINT('',(270.62157677144,209.33250875258,
    7.936789072773));
#1550 = CARTESIAN_POINT('',(265.72635753425,207.08948638406,
    7.590494465885));
#1551 = CARTESIAN_POINT('',(267.35922737888,207.08689400443,
    7.664978714264));
#1552 = CARTESIAN_POINT('',(268.99110168258,207.08378557374,
    7.754289966876));
#1553 = CARTESIAN_POINT('',(270.62157681337,207.08016219328,
    7.858396581443));
#1554 = CARTESIAN_POINT('',(265.72635757618,204.83713982476,
    7.512101974554));
#1555 = CARTESIAN_POINT('',(267.35922742081,204.83454744514,
    7.586586222933));
#1556 = CARTESIAN_POINT('',(268.99110172451,204.83143901445,
    7.675897475545));
#1557 = CARTESIAN_POINT('',(270.6215768553,204.82781563398,
    7.780004090112));
#1558 = ADVANCED_FACE('',(#1559),#1598,.F.);
#1559 = FACE_BOUND('',#1560,.F.);
#1560 = EDGE_LOOP('',(#1561,#1562,#1563,#1574,#1589));
#1561 = ORIENTED_EDGE('',*,*,#1193,.T.);
#1562 = ORIENTED_EDGE('',*,*,#1419,.T.);
#1563 = ORIENTED_EDGE('',*,*,#1564,.T.);
#1564 = EDGE_CURVE('',#1372,#1565,#1567,.T.);
#1565 = VERTEX_POINT('',#1566);
#1566 = CARTESIAN_POINT('',(268.08172597723,204.18304120133,
    7.607240370742));
#1567 = B_SPLINE_CURVE_WITH_KNOTS('',3,(#1568,#1569,#1570,#1571,#1572,
    #1573),.UNSPECIFIED.,.F.,.F.,(4,2,4),(0.210796479185,2.575026069193,
    2.762286359433),.UNSPECIFIED.);
#1568 = CARTESIAN_POINT('',(270.62875699829,204.18304120133,
    7.758021945746));
#1569 = CARTESIAN_POINT('',(269.84228587789,204.18304120133,
    7.707723455204));
#1570 = CARTESIAN_POINT('',(269.05558696739,204.18304120133,
    7.660877815625));
#1571 = CARTESIAN_POINT('',(268.20638051018,204.18304120133,
    7.614049134521));
#1572 = CARTESIAN_POINT('',(268.14405385567,204.18304120133,
    7.610633921277));
#1573 = CARTESIAN_POINT('',(268.08172597723,204.18304120133,
    7.607240370741));
#1574 = ORIENTED_EDGE('',*,*,#1575,.T.);
#1575 = EDGE_CURVE('',#1565,#1576,#1578,.T.);
#1576 = VERTEX_POINT('',#1577);
#1577 = CARTESIAN_POINT('',(265.72635753241,201.82767275652,
    7.407358044119));
#1578 = B_SPLINE_CURVE_WITH_KNOTS('',3,(#1579,#1580,#1581,#1582,#1583,
    #1584,#1585,#1586,#1587,#1588),.UNSPECIFIED.,.F.,.F.,(4,2,2,2,4),(
    6.508378213795E-02,1.063034613541,2.131254112488,2.944214265811,
    3.669573754573),.UNSPECIFIED.);
#1579 = CARTESIAN_POINT('',(268.08172597723,204.18304120133,
    7.607240370742));
#1580 = CARTESIAN_POINT('',(268.04176291283,203.853454319,7.593593302934
    ));
#1581 = CARTESIAN_POINT('',(267.94133998566,203.53397342949,
    7.576997563609));
#1582 = CARTESIAN_POINT('',(267.61855465407,202.92676370269,
    7.538645724757));
#1583 = CARTESIAN_POINT('',(267.39132811949,202.64891804002,
    7.517003786728));
#1584 = CARTESIAN_POINT('',(266.90800191124,202.25123228575,
    7.478585221911));
#1585 = CARTESIAN_POINT('',(266.67446374666,202.11171182357,
    7.462101678464));
#1586 = CARTESIAN_POINT('',(266.20067594404,201.91779800492,
    7.432483247716));
#1587 = CARTESIAN_POINT('',(265.96600900008,201.85673097318,
    7.419314484501));
#1588 = CARTESIAN_POINT('',(265.72635753242,201.82767275652,
    7.407358044119));
#1589 = ORIENTED_EDGE('',*,*,#1590,.T.);
#1590 = EDGE_CURVE('',#1576,#1186,#1591,.T.);
#1591 = B_SPLINE_CURVE_WITH_KNOTS('',3,(#1592,#1593,#1594,#1595,#1596,
    #1597),.UNSPECIFIED.,.F.,.F.,(4,2,4),(2.42555710261,2.510444593877,
    4.780734774166),.UNSPECIFIED.);
#1592 = CARTESIAN_POINT('',(265.72635753241,201.82767275657,
    7.407358044121));
#1593 = CARTESIAN_POINT('',(265.72635753241,201.79939404902,
    7.406373809087));
#1594 = CARTESIAN_POINT('',(265.72635753241,201.77111534147,
    7.405389574054));
#1595 = CARTESIAN_POINT('',(265.72635753241,200.98653118652,
    7.378082271892));
#1596 = CARTESIAN_POINT('',(265.72635753241,200.23022573911,
    7.351759204764));
#1597 = CARTESIAN_POINT('',(265.72635753241,199.47392029171,
    7.325436137635));
#1598 = B_SPLINE_SURFACE_WITH_KNOTS('',3,3,(
    (#1599,#1600,#1601,#1602)
    ,(#1603,#1604,#1605,#1606)
    ,(#1607,#1608,#1609,#1610)
    ,(#1611,#1612,#1613,#1614
    )),.UNSPECIFIED.,.F.,.F.,.F.,(4,4),(4,4),(8.050823422578E-02,
    9.813062892271E-02),(0.137851513658,0.156280860059),
  .PIECEWISE_BEZIER_KNOTS.);
#1599 = CARTESIAN_POINT('',(265.72635744457,204.19238135199,
    7.489661272633));
#1600 = CARTESIAN_POINT('',(267.37862323101,204.18975817898,
    7.565030276591));
#1601 = CARTESIAN_POINT('',(269.02986968513,204.18660662234,
    7.65558061989));
#1602 = CARTESIAN_POINT('',(270.67967861985,204.18292782305,
    7.761279519881));
#1603 = CARTESIAN_POINT('',(265.72635747385,202.61956099857,
    7.434919560967));
#1604 = CARTESIAN_POINT('',(267.37862326029,202.61693782555,
    7.510288564925));
#1605 = CARTESIAN_POINT('',(269.02986971442,202.61378626892,
    7.600838908224));
#1606 = CARTESIAN_POINT('',(270.67967864914,202.61010746962,
    7.706537808215));
#1607 = CARTESIAN_POINT('',(265.72635750313,201.04674064513,
    7.380177849301));
#1608 = CARTESIAN_POINT('',(267.37862328957,201.04411747212,
    7.455546853259));
#1609 = CARTESIAN_POINT('',(269.02986974369,201.04096591548,
    7.546097196558));
#1610 = CARTESIAN_POINT('',(270.67967867841,201.03728711618,
    7.651796096549));
#1611 = CARTESIAN_POINT('',(265.72635753241,199.47392029171,
    7.325436137635));
#1612 = CARTESIAN_POINT('',(267.37862331885,199.47129711869,
    7.400805141593));
#1613 = CARTESIAN_POINT('',(269.02986977298,199.46814556205,
    7.491355484892));
#1614 = CARTESIAN_POINT('',(270.6796787077,199.46446676276,
    7.597054384883));
#1615 = ADVANCED_FACE('',(#1616,#1627),#1725,.T.);
#1616 = FACE_BOUND('',#1617,.T.);
#1617 = EDGE_LOOP('',(#1618));
#1618 = ORIENTED_EDGE('',*,*,#1619,.T.);
#1619 = EDGE_CURVE('',#1620,#1620,#1622,.T.);
#1620 = VERTEX_POINT('',#1621);
#1621 = CARTESIAN_POINT('',(265.40135753241,201.80804120135,
    0.200000000095));
#1622 = CIRCLE('',#1623,2.7);
#1623 = AXIS2_PLACEMENT_3D('',#1624,#1625,#1626);
#1624 = CARTESIAN_POINT('',(265.40135753241,204.50804120134,
    0.200000000095));
#1625 = DIRECTION('',(0.,-3.1E-16,-1.));
#1626 = DIRECTION('',(0.,1.,-3.1E-16));
#1627 = FACE_BOUND('',#1628,.T.);
#1628 = EDGE_LOOP('',(#1629,#1639,#1647,#1655,#1663,#1671,#1679,#1687,
    #1695,#1703,#1711,#1719));
#1629 = ORIENTED_EDGE('',*,*,#1630,.T.);
#1630 = EDGE_CURVE('',#1631,#1633,#1635,.T.);
#1631 = VERTEX_POINT('',#1632);
#1632 = CARTESIAN_POINT('',(264.90135753241,206.50804120134,
    0.200000000095));
#1633 = VERTEX_POINT('',#1634);
#1634 = CARTESIAN_POINT('',(264.90135753241,205.00804120134,
    0.200000000095));
#1635 = LINE('',#1636,#1637);
#1636 = CARTESIAN_POINT('',(264.90135753241,200.26202744685,
    0.200000000095));
#1637 = VECTOR('',#1638,1.);
#1638 = DIRECTION('',(0.,-1.,3.1E-16));
#1639 = ORIENTED_EDGE('',*,*,#1640,.T.);
#1640 = EDGE_CURVE('',#1633,#1641,#1643,.T.);
#1641 = VERTEX_POINT('',#1642);
#1642 = CARTESIAN_POINT('',(263.40135753241,205.00804120134,
    0.200000000095));
#1643 = LINE('',#1644,#1645);
#1644 = CARTESIAN_POINT('',(259.90135753241,205.00804120134,
    0.200000000095));
#1645 = VECTOR('',#1646,1.);
#1646 = DIRECTION('',(-1.,0.,0.));
#1647 = ORIENTED_EDGE('',*,*,#1648,.T.);
#1648 = EDGE_CURVE('',#1641,#1649,#1651,.T.);
#1649 = VERTEX_POINT('',#1650);
#1650 = CARTESIAN_POINT('',(263.40135753241,204.00804120134,
    0.200000000095));
#1651 = LINE('',#1652,#1653);
#1652 = CARTESIAN_POINT('',(263.40135753241,199.76202744685,
    0.200000000095));
#1653 = VECTOR('',#1654,1.);
#1654 = DIRECTION('',(0.,-1.,3.1E-16));
#1655 = ORIENTED_EDGE('',*,*,#1656,.T.);
#1656 = EDGE_CURVE('',#1649,#1657,#1659,.T.);
#1657 = VERTEX_POINT('',#1658);
#1658 = CARTESIAN_POINT('',(264.90135753241,204.00804120134,
    0.200000000095));
#1659 = LINE('',#1660,#1661);
#1660 = CARTESIAN_POINT('',(260.65135753241,204.00804120134,
    0.200000000095));
#1661 = VECTOR('',#1662,1.);
#1662 = DIRECTION('',(1.,0.,0.));
#1663 = ORIENTED_EDGE('',*,*,#1664,.T.);
#1664 = EDGE_CURVE('',#1657,#1665,#1667,.T.);
#1665 = VERTEX_POINT('',#1666);
#1666 = CARTESIAN_POINT('',(264.90135753241,202.50804120134,
    0.200000000095));
#1667 = LINE('',#1668,#1669);
#1668 = CARTESIAN_POINT('',(264.90135753241,200.26202744685,
    0.200000000095));
#1669 = VECTOR('',#1670,1.);
#1670 = DIRECTION('',(0.,-1.,3.1E-16));
#1671 = ORIENTED_EDGE('',*,*,#1672,.T.);
#1672 = EDGE_CURVE('',#1665,#1673,#1675,.T.);
#1673 = VERTEX_POINT('',#1674);
#1674 = CARTESIAN_POINT('',(265.90135753241,202.50804120134,
    0.200000000095));
#1675 = LINE('',#1676,#1677);
#1676 = CARTESIAN_POINT('',(261.15135753241,202.50804120134,
    0.200000000095));
#1677 = VECTOR('',#1678,1.);
#1678 = DIRECTION('',(1.,0.,0.));
#1679 = ORIENTED_EDGE('',*,*,#1680,.T.);
#1680 = EDGE_CURVE('',#1673,#1681,#1683,.T.);
#1681 = VERTEX_POINT('',#1682);
#1682 = CARTESIAN_POINT('',(265.90135753241,204.00804120134,
    0.200000000095));
#1683 = LINE('',#1684,#1685);
#1684 = CARTESIAN_POINT('',(265.90135753241,199.76202744685,
    0.200000000095));
#1685 = VECTOR('',#1686,1.);
#1686 = DIRECTION('',(0.,1.,-3.1E-16));
#1687 = ORIENTED_EDGE('',*,*,#1688,.T.);
#1688 = EDGE_CURVE('',#1681,#1689,#1691,.T.);
#1689 = VERTEX_POINT('',#1690);
#1690 = CARTESIAN_POINT('',(267.40135753241,204.00804120134,
    0.200000000095));
#1691 = LINE('',#1692,#1693);
#1692 = CARTESIAN_POINT('',(260.65135753241,204.00804120134,
    0.200000000095));
#1693 = VECTOR('',#1694,1.);
#1694 = DIRECTION('',(1.,0.,0.));
#1695 = ORIENTED_EDGE('',*,*,#1696,.T.);
#1696 = EDGE_CURVE('',#1689,#1697,#1699,.T.);
#1697 = VERTEX_POINT('',#1698);
#1698 = CARTESIAN_POINT('',(267.40135753241,205.00804120134,
    0.200000000095));
#1699 = LINE('',#1700,#1701);
#1700 = CARTESIAN_POINT('',(267.40135753241,200.26202744685,
    0.200000000095));
#1701 = VECTOR('',#1702,1.);
#1702 = DIRECTION('',(0.,1.,-3.1E-16));
#1703 = ORIENTED_EDGE('',*,*,#1704,.T.);
#1704 = EDGE_CURVE('',#1697,#1705,#1707,.T.);
#1705 = VERTEX_POINT('',#1706);
#1706 = CARTESIAN_POINT('',(265.90135753241,205.00804120134,
    0.200000000095));
#1707 = LINE('',#1708,#1709);
#1708 = CARTESIAN_POINT('',(261.15135753241,205.00804120134,
    0.200000000095));
#1709 = VECTOR('',#1710,1.);
#1710 = DIRECTION('',(-1.,0.,0.));
#1711 = ORIENTED_EDGE('',*,*,#1712,.T.);
#1712 = EDGE_CURVE('',#1705,#1713,#1715,.T.);
#1713 = VERTEX_POINT('',#1714);
#1714 = CARTESIAN_POINT('',(265.90135753241,206.50804120134,
    0.200000000095));
#1715 = LINE('',#1716,#1717);
#1716 = CARTESIAN_POINT('',(265.90135753241,201.01202744685,
    0.200000000095));
#1717 = VECTOR('',#1718,1.);
#1718 = DIRECTION('',(0.,1.,-3.1E-16));
#1719 = ORIENTED_EDGE('',*,*,#1720,.T.);
#1720 = EDGE_CURVE('',#1713,#1631,#1721,.T.);
#1721 = LINE('',#1722,#1723);
#1722 = CARTESIAN_POINT('',(260.65135753241,206.50804120134,
    0.200000000095));
#1723 = VECTOR('',#1724,1.);
#1724 = DIRECTION('',(-1.,0.,0.));
#1725 = PLANE('',#1726);
#1726 = AXIS2_PLACEMENT_3D('',#1727,#1728,#1729);
#1727 = CARTESIAN_POINT('',(256.40135753241,195.51601369235,
    0.200000000095));
#1728 = DIRECTION('',(0.,-3.1E-16,-1.));
#1729 = DIRECTION('',(0.,1.,-3.1E-16));
#1730 = ADVANCED_FACE('',(#1731),#1848,.T.);
#1731 = FACE_BOUND('',#1732,.T.);
#1732 = EDGE_LOOP('',(#1733,#1742,#1743,#1751,#1760,#1766,#1767,#1776,
    #1785,#1791,#1792,#1800,#1809,#1815,#1816,#1817,#1826,#1832,#1833,
    #1841));
#1733 = ORIENTED_EDGE('',*,*,#1734,.F.);
#1734 = EDGE_CURVE('',#735,#1735,#1737,.T.);
#1735 = VERTEX_POINT('',#1736);
#1736 = CARTESIAN_POINT('',(262.72098908759,204.83304120133,
    4.63039454832));
#1737 = B_SPLINE_CURVE_WITH_KNOTS('',3,(#1738,#1739,#1740,#1741),
  .UNSPECIFIED.,.F.,.F.,(4,4),(-2.761113024373,0.),
  .PIECEWISE_BEZIER_KNOTS.);
#1738 = CARTESIAN_POINT('',(262.72098908758,204.83304120134,
    7.391507572693));
#1739 = CARTESIAN_POINT('',(262.72098908758,204.83304120134,
    6.471136564568));
#1740 = CARTESIAN_POINT('',(262.72098908758,204.83304120133,
    5.550765556444));
#1741 = CARTESIAN_POINT('',(262.72098908758,204.83304120133,
    4.63039454832));
#1742 = ORIENTED_EDGE('',*,*,#749,.T.);
#1743 = ORIENTED_EDGE('',*,*,#1744,.F.);
#1744 = EDGE_CURVE('',#1745,#750,#1747,.T.);
#1745 = VERTEX_POINT('',#1746);
#1746 = CARTESIAN_POINT('',(265.07635753241,207.18840964617,
    4.63039454832));
#1747 = LINE('',#1748,#1749);
#1748 = CARTESIAN_POINT('',(265.07635753241,207.18840964617,9.527046E-11
    ));
#1749 = VECTOR('',#1750,1.);
#1750 = DIRECTION('',(0.,0.,1.));
#1751 = ORIENTED_EDGE('',*,*,#1752,.F.);
#1752 = EDGE_CURVE('',#1753,#1745,#1755,.T.);
#1753 = VERTEX_POINT('',#1754);
#1754 = CARTESIAN_POINT('',(265.72635753241,207.18840964617,
    4.63039454832));
#1755 = CIRCLE('',#1756,2.7);
#1756 = AXIS2_PLACEMENT_3D('',#1757,#1758,#1759);
#1757 = CARTESIAN_POINT('',(265.40135753241,204.50804120134,
    4.63039454832));
#1758 = DIRECTION('',(0.,-0.,1.));
#1759 = DIRECTION('',(0.,1.,0.));
#1760 = ORIENTED_EDGE('',*,*,#1761,.F.);
#1761 = EDGE_CURVE('',#1502,#1753,#1762,.T.);
#1762 = LINE('',#1763,#1764);
#1763 = CARTESIAN_POINT('',(265.72635753241,207.18840964617,9.527046E-11
    ));
#1764 = VECTOR('',#1765,1.);
#1765 = DIRECTION('',(0.,0.,-1.));
#1766 = ORIENTED_EDGE('',*,*,#1512,.T.);
#1767 = ORIENTED_EDGE('',*,*,#1768,.F.);
#1768 = EDGE_CURVE('',#1769,#1513,#1771,.T.);
#1769 = VERTEX_POINT('',#1770);
#1770 = CARTESIAN_POINT('',(268.08172597724,204.83304120133,
    4.63039454832));
#1771 = B_SPLINE_CURVE_WITH_KNOTS('',3,(#1772,#1773,#1774,#1775),
  .UNSPECIFIED.,.F.,.F.,(4,4),(-3.418934609094,-0.419465660298),
  .PIECEWISE_BEZIER_KNOTS.);
#1772 = CARTESIAN_POINT('',(268.08172597723,204.83304120133,
    4.63039454832));
#1773 = CARTESIAN_POINT('',(268.08172597723,204.83304120133,
    5.630217531252));
#1774 = CARTESIAN_POINT('',(268.08172597723,204.83304120134,
    6.630040514184));
#1775 = CARTESIAN_POINT('',(268.08172597723,204.83304120133,
    7.629863497116));
#1776 = ORIENTED_EDGE('',*,*,#1777,.F.);
#1777 = EDGE_CURVE('',#1778,#1769,#1780,.T.);
#1778 = VERTEX_POINT('',#1779);
#1779 = CARTESIAN_POINT('',(268.08172597723,204.18304120133,
    4.63039454832));
#1780 = CIRCLE('',#1781,2.7);
#1781 = AXIS2_PLACEMENT_3D('',#1782,#1783,#1784);
#1782 = CARTESIAN_POINT('',(265.40135753241,204.50804120134,
    4.63039454832));
#1783 = DIRECTION('',(0.,-0.,1.));
#1784 = DIRECTION('',(0.,1.,0.));
#1785 = ORIENTED_EDGE('',*,*,#1786,.F.);
#1786 = EDGE_CURVE('',#1565,#1778,#1787,.T.);
#1787 = LINE('',#1788,#1789);
#1788 = CARTESIAN_POINT('',(268.08172597723,204.18304120133,9.527046E-11
    ));
#1789 = VECTOR('',#1790,1.);
#1790 = DIRECTION('',(0.,0.,-1.));
#1791 = ORIENTED_EDGE('',*,*,#1575,.T.);
#1792 = ORIENTED_EDGE('',*,*,#1793,.F.);
#1793 = EDGE_CURVE('',#1794,#1576,#1796,.T.);
#1794 = VERTEX_POINT('',#1795);
#1795 = CARTESIAN_POINT('',(265.72635753241,201.82767275652,
    4.63039454832));
#1796 = LINE('',#1797,#1798);
#1797 = CARTESIAN_POINT('',(265.72635753241,201.82767275652,9.527046E-11
    ));
#1798 = VECTOR('',#1799,1.);
#1799 = DIRECTION('',(0.,0.,1.));
#1800 = ORIENTED_EDGE('',*,*,#1801,.F.);
#1801 = EDGE_CURVE('',#1802,#1794,#1804,.T.);
#1802 = VERTEX_POINT('',#1803);
#1803 = CARTESIAN_POINT('',(265.40135753241,201.80804120135,
    4.63039454832));
#1804 = CIRCLE('',#1805,2.7);
#1805 = AXIS2_PLACEMENT_3D('',#1806,#1807,#1808);
#1806 = CARTESIAN_POINT('',(265.40135753241,204.50804120134,
    4.63039454832));
#1807 = DIRECTION('',(0.,-0.,1.));
#1808 = DIRECTION('',(0.,1.,0.));
#1809 = ORIENTED_EDGE('',*,*,#1810,.T.);
#1810 = EDGE_CURVE('',#1802,#1620,#1811,.T.);
#1811 = LINE('',#1812,#1813);
#1812 = CARTESIAN_POINT('',(265.40135753241,201.80804120135,9.527046E-11
    ));
#1813 = VECTOR('',#1814,1.);
#1814 = DIRECTION('',(0.,0.,-1.));
#1815 = ORIENTED_EDGE('',*,*,#1619,.F.);
#1816 = ORIENTED_EDGE('',*,*,#1810,.F.);
#1817 = ORIENTED_EDGE('',*,*,#1818,.F.);
#1818 = EDGE_CURVE('',#1819,#1802,#1821,.T.);
#1819 = VERTEX_POINT('',#1820);
#1820 = CARTESIAN_POINT('',(265.07635753241,201.82767275652,
    4.63039454832));
#1821 = CIRCLE('',#1822,2.7);
#1822 = AXIS2_PLACEMENT_3D('',#1823,#1824,#1825);
#1823 = CARTESIAN_POINT('',(265.40135753241,204.50804120134,
    4.63039454832));
#1824 = DIRECTION('',(0.,-0.,1.));
#1825 = DIRECTION('',(0.,1.,0.));
#1826 = ORIENTED_EDGE('',*,*,#1827,.F.);
#1827 = EDGE_CURVE('',#1260,#1819,#1828,.T.);
#1828 = LINE('',#1829,#1830);
#1829 = CARTESIAN_POINT('',(265.07635753241,201.82767275652,9.527046E-11
    ));
#1830 = VECTOR('',#1831,1.);
#1831 = DIRECTION('',(0.,0.,-1.));
#1832 = ORIENTED_EDGE('',*,*,#1270,.T.);
#1833 = ORIENTED_EDGE('',*,*,#1834,.F.);
#1834 = EDGE_CURVE('',#1835,#1271,#1837,.T.);
#1835 = VERTEX_POINT('',#1836);
#1836 = CARTESIAN_POINT('',(262.72098908759,204.18304120133,
    4.63039454832));
#1837 = LINE('',#1838,#1839);
#1838 = CARTESIAN_POINT('',(262.72098908759,204.18304120133,9.527046E-11
    ));
#1839 = VECTOR('',#1840,1.);
#1840 = DIRECTION('',(0.,0.,1.));
#1841 = ORIENTED_EDGE('',*,*,#1842,.F.);
#1842 = EDGE_CURVE('',#1735,#1835,#1843,.T.);
#1843 = CIRCLE('',#1844,2.7);
#1844 = AXIS2_PLACEMENT_3D('',#1845,#1846,#1847);
#1845 = CARTESIAN_POINT('',(265.40135753241,204.50804120134,
    4.63039454832));
#1846 = DIRECTION('',(0.,-0.,1.));
#1847 = DIRECTION('',(0.,1.,0.));
#1848 = CYLINDRICAL_SURFACE('',#1849,2.7);
#1849 = AXIS2_PLACEMENT_3D('',#1850,#1851,#1852);
#1850 = CARTESIAN_POINT('',(265.40135753241,204.50804120134,9.527046E-11
    ));
#1851 = DIRECTION('',(0.,0.,1.));
#1852 = DIRECTION('',(0.,1.,0.));
#1853 = ADVANCED_FACE('',(#1854),#1882,.T.);
#1854 = FACE_BOUND('',#1855,.T.);
#1855 = EDGE_LOOP('',(#1856,#1869,#1875,#1876));
#1856 = ORIENTED_EDGE('',*,*,#1857,.T.);
#1857 = EDGE_CURVE('',#1858,#1860,#1862,.T.);
#1858 = VERTEX_POINT('',#1859);
#1859 = CARTESIAN_POINT('',(265.90135753241,206.50804120134,
    7.578306780243));
#1860 = VERTEX_POINT('',#1861);
#1861 = CARTESIAN_POINT('',(264.90135753241,206.50804120134,
    7.533845816653));
#1862 = B_SPLINE_CURVE_WITH_KNOTS('',3,(#1863,#1864,#1865,#1866,#1867,
    #1868),.UNSPECIFIED.,.F.,.F.,(4,2,4),(1.562681221231,2.044901843276,
    2.563668215111),.UNSPECIFIED.);
#1863 = CARTESIAN_POINT('',(265.90135753241,206.50804120134,
    7.578306780242));
#1864 = CARTESIAN_POINT('',(265.74078908536,206.50804120134,
    7.570868866048));
#1865 = CARTESIAN_POINT('',(265.5802141262,206.50804120134,
    7.563574652124));
#1866 = CARTESIAN_POINT('',(265.24688209883,206.50804120134,
    7.548731739859));
#1867 = CARTESIAN_POINT('',(265.07412343589,206.50804120135,
    7.541205621823));
#1868 = CARTESIAN_POINT('',(264.90135753241,206.50804120135,
    7.533845816652));
#1869 = ORIENTED_EDGE('',*,*,#1870,.F.);
#1870 = EDGE_CURVE('',#1631,#1860,#1871,.T.);
#1871 = LINE('',#1872,#1873);
#1872 = CARTESIAN_POINT('',(264.90135753241,206.50804120134,9.526691E-11
    ));
#1873 = VECTOR('',#1874,1.);
#1874 = DIRECTION('',(0.,0.,1.));
#1875 = ORIENTED_EDGE('',*,*,#1720,.F.);
#1876 = ORIENTED_EDGE('',*,*,#1877,.T.);
#1877 = EDGE_CURVE('',#1713,#1858,#1878,.T.);
#1878 = LINE('',#1879,#1880);
#1879 = CARTESIAN_POINT('',(265.90135753241,206.50804120134,9.526691E-11
    ));
#1880 = VECTOR('',#1881,1.);
#1881 = DIRECTION('',(0.,0.,1.));
#1882 = PLANE('',#1883);
#1883 = AXIS2_PLACEMENT_3D('',#1884,#1885,#1886);
#1884 = CARTESIAN_POINT('',(264.90135753241,206.50804120134,9.526691E-11
    ));
#1885 = DIRECTION('',(0.,-1.,0.));
#1886 = DIRECTION('',(1.,0.,0.));
#1887 = ADVANCED_FACE('',(#1888),#1907,.T.);
#1888 = FACE_BOUND('',#1889,.T.);
#1889 = EDGE_LOOP('',(#1890,#1899,#1900,#1901));
#1890 = ORIENTED_EDGE('',*,*,#1891,.T.);
#1891 = EDGE_CURVE('',#1892,#1858,#1894,.T.);
#1892 = VERTEX_POINT('',#1893);
#1893 = CARTESIAN_POINT('',(265.90135753241,205.00804120134,
    7.52609956576));
#1894 = B_SPLINE_CURVE_WITH_KNOTS('',3,(#1895,#1896,#1897,#1898),
  .UNSPECIFIED.,.F.,.F.,(4,4),(2.529165414959,4.030073671025),
  .PIECEWISE_BEZIER_KNOTS.);
#1895 = CARTESIAN_POINT('',(265.90135753241,205.00804120134,
    7.52609956576));
#1896 = CARTESIAN_POINT('',(265.90135753241,205.50804120131,
    7.543501970587));
#1897 = CARTESIAN_POINT('',(265.90135753241,206.00804120129,
    7.560904375414));
#1898 = CARTESIAN_POINT('',(265.90135753241,206.50804120129,
    7.578306780241));
#1899 = ORIENTED_EDGE('',*,*,#1877,.F.);
#1900 = ORIENTED_EDGE('',*,*,#1712,.F.);
#1901 = ORIENTED_EDGE('',*,*,#1902,.T.);
#1902 = EDGE_CURVE('',#1705,#1892,#1903,.T.);
#1903 = LINE('',#1904,#1905);
#1904 = CARTESIAN_POINT('',(265.90135753241,205.00804120134,9.526691E-11
    ));
#1905 = VECTOR('',#1906,1.);
#1906 = DIRECTION('',(0.,0.,1.));
#1907 = PLANE('',#1908);
#1908 = AXIS2_PLACEMENT_3D('',#1909,#1910,#1911);
#1909 = CARTESIAN_POINT('',(265.90135753241,206.50804120134,9.526691E-11
    ));
#1910 = DIRECTION('',(-1.,0.,0.));
#1911 = DIRECTION('',(0.,-1.,3.1E-16));
#1912 = ADVANCED_FACE('',(#1913),#1932,.T.);
#1913 = FACE_BOUND('',#1914,.T.);
#1914 = EDGE_LOOP('',(#1915,#1924,#1930,#1931));
#1915 = ORIENTED_EDGE('',*,*,#1916,.T.);
#1916 = EDGE_CURVE('',#1860,#1917,#1919,.T.);
#1917 = VERTEX_POINT('',#1918);
#1918 = CARTESIAN_POINT('',(264.90135753241,205.00804120134,
    7.481638602275));
#1919 = B_SPLINE_CURVE_WITH_KNOTS('',3,(#1920,#1921,#1922,#1923),
  .UNSPECIFIED.,.F.,.F.,(4,4),(1.548335654513E-02,1.516391612617),
  .PIECEWISE_BEZIER_KNOTS.);
#1920 = CARTESIAN_POINT('',(264.90135753241,206.50804120134,
    7.533845816653));
#1921 = CARTESIAN_POINT('',(264.90135753241,206.00804120135,
    7.516443411861));
#1922 = CARTESIAN_POINT('',(264.90135753241,205.50804120136,
    7.499041007068));
#1923 = CARTESIAN_POINT('',(264.90135753241,205.00804120137,
    7.481638602276));
#1924 = ORIENTED_EDGE('',*,*,#1925,.F.);
#1925 = EDGE_CURVE('',#1633,#1917,#1926,.T.);
#1926 = LINE('',#1927,#1928);
#1927 = CARTESIAN_POINT('',(264.90135753241,205.00804120134,9.526691E-11
    ));
#1928 = VECTOR('',#1929,1.);
#1929 = DIRECTION('',(0.,0.,1.));
#1930 = ORIENTED_EDGE('',*,*,#1630,.F.);
#1931 = ORIENTED_EDGE('',*,*,#1870,.T.);
#1932 = PLANE('',#1933);
#1933 = AXIS2_PLACEMENT_3D('',#1934,#1935,#1936);
#1934 = CARTESIAN_POINT('',(264.90135753241,205.00804120134,9.526691E-11
    ));
#1935 = DIRECTION('',(1.,0.,0.));
#1936 = DIRECTION('',(0.,1.,-3.1E-16));
#1937 = ADVANCED_FACE('',(#1938),#1957,.T.);
#1938 = FACE_BOUND('',#1939,.T.);
#1939 = EDGE_LOOP('',(#1940,#1949,#1950,#1951));
#1940 = ORIENTED_EDGE('',*,*,#1941,.T.);
#1941 = EDGE_CURVE('',#1942,#1892,#1944,.T.);
#1942 = VERTEX_POINT('',#1943);
#1943 = CARTESIAN_POINT('',(267.40135753241,205.00804120134,
    7.599773416833));
#1944 = B_SPLINE_CURVE_WITH_KNOTS('',3,(#1945,#1946,#1947,#1948),
  .UNSPECIFIED.,.F.,.F.,(4,4),(6.08753294503E-02,1.562681249186),
  .PIECEWISE_BEZIER_KNOTS.);
#1945 = CARTESIAN_POINT('',(267.40135753241,205.00804120134,
    7.599773416833));
#1946 = CARTESIAN_POINT('',(266.9014284719,205.00804120134,
    7.573821945501));
#1947 = CARTESIAN_POINT('',(266.40142458322,205.00804120134,
    7.549263866561));
#1948 = CARTESIAN_POINT('',(265.90135753241,205.00804120134,
    7.52609956576));
#1949 = ORIENTED_EDGE('',*,*,#1902,.F.);
#1950 = ORIENTED_EDGE('',*,*,#1704,.F.);
#1951 = ORIENTED_EDGE('',*,*,#1952,.T.);
#1952 = EDGE_CURVE('',#1697,#1942,#1953,.T.);
#1953 = LINE('',#1954,#1955);
#1954 = CARTESIAN_POINT('',(267.40135753241,205.00804120134,9.526691E-11
    ));
#1955 = VECTOR('',#1956,1.);
#1956 = DIRECTION('',(0.,0.,1.));
#1957 = PLANE('',#1958);
#1958 = AXIS2_PLACEMENT_3D('',#1959,#1960,#1961);
#1959 = CARTESIAN_POINT('',(265.90135753241,205.00804120134,9.526691E-11
    ));
#1960 = DIRECTION('',(0.,-1.,0.));
#1961 = DIRECTION('',(1.,0.,0.));
#1962 = ADVANCED_FACE('',(#1963),#1982,.T.);
#1963 = FACE_BOUND('',#1964,.T.);
#1964 = EDGE_LOOP('',(#1965,#1974,#1980,#1981));
#1965 = ORIENTED_EDGE('',*,*,#1966,.T.);
#1966 = EDGE_CURVE('',#1917,#1967,#1969,.T.);
#1967 = VERTEX_POINT('',#1968);
#1968 = CARTESIAN_POINT('',(263.40135753241,205.00804120134,
    7.421924560753));
#1969 = B_SPLINE_CURVE_WITH_KNOTS('',3,(#1970,#1971,#1972,#1973),
  .UNSPECIFIED.,.F.,.F.,(4,4),(2.563668243058,4.064854177355),
  .PIECEWISE_BEZIER_KNOTS.);
#1970 = CARTESIAN_POINT('',(264.90135753241,205.00804120134,
    7.481638602274));
#1971 = CARTESIAN_POINT('',(264.40141428568,205.00804120134,
    7.460341084595));
#1972 = CARTESIAN_POINT('',(263.90141040784,205.00804120134,
    7.440436246422));
#1973 = CARTESIAN_POINT('',(263.40135753241,205.00804120134,
    7.421924560752));
#1974 = ORIENTED_EDGE('',*,*,#1975,.F.);
#1975 = EDGE_CURVE('',#1641,#1967,#1976,.T.);
#1976 = LINE('',#1977,#1978);
#1977 = CARTESIAN_POINT('',(263.40135753241,205.00804120134,9.526691E-11
    ));
#1978 = VECTOR('',#1979,1.);
#1979 = DIRECTION('',(0.,0.,1.));
#1980 = ORIENTED_EDGE('',*,*,#1640,.F.);
#1981 = ORIENTED_EDGE('',*,*,#1925,.T.);
#1982 = PLANE('',#1983);
#1983 = AXIS2_PLACEMENT_3D('',#1984,#1985,#1986);
#1984 = CARTESIAN_POINT('',(263.40135753241,205.00804120134,9.526691E-11
    ));
#1985 = DIRECTION('',(0.,-1.,0.));
#1986 = DIRECTION('',(1.,0.,0.));
#1987 = ADVANCED_FACE('',(#1988),#2009,.T.);
#1988 = FACE_BOUND('',#1989,.T.);
#1989 = EDGE_LOOP('',(#1990,#2001,#2002,#2003));
#1990 = ORIENTED_EDGE('',*,*,#1991,.T.);
#1991 = EDGE_CURVE('',#1992,#1942,#1994,.T.);
#1992 = VERTEX_POINT('',#1993);
#1993 = CARTESIAN_POINT('',(267.40135753241,204.00804120134,
    7.564968607074));
#1994 = B_SPLINE_CURVE_WITH_KNOTS('',3,(#1995,#1996,#1997,#1998,#1999,
    #2000),.UNSPECIFIED.,.F.,.F.,(4,2,4),(1.531122535601,2.022005263657,
    2.531728039667),.UNSPECIFIED.);
#1995 = CARTESIAN_POINT('',(267.40135753241,204.00804120134,
    7.564968607074));
#1996 = CARTESIAN_POINT('',(267.40135753241,204.17156976015,
    7.570660187454));
#1997 = CARTESIAN_POINT('',(267.40135753241,204.33509831896,
    7.576351767833));
#1998 = CARTESIAN_POINT('',(267.40135753241,204.66843165229,
    7.587953371086));
#1999 = CARTESIAN_POINT('',(267.40135753241,204.83823642682,
    7.593863393959));
#2000 = CARTESIAN_POINT('',(267.40135753241,205.00804120134,
    7.599773416833));
#2001 = ORIENTED_EDGE('',*,*,#1952,.F.);
#2002 = ORIENTED_EDGE('',*,*,#1696,.F.);
#2003 = ORIENTED_EDGE('',*,*,#2004,.T.);
#2004 = EDGE_CURVE('',#1689,#1992,#2005,.T.);
#2005 = LINE('',#2006,#2007);
#2006 = CARTESIAN_POINT('',(267.40135753241,204.00804120134,9.526779E-11
    ));
#2007 = VECTOR('',#2008,1.);
#2008 = DIRECTION('',(0.,0.,1.));
#2009 = PLANE('',#2010);
#2010 = AXIS2_PLACEMENT_3D('',#2011,#2012,#2013);
#2011 = CARTESIAN_POINT('',(267.40135753241,205.00804120134,9.526691E-11
    ));
#2012 = DIRECTION('',(-1.,0.,0.));
#2013 = DIRECTION('',(0.,-1.,3.1E-16));
#2014 = ADVANCED_FACE('',(#2015),#2036,.T.);
#2015 = FACE_BOUND('',#2016,.T.);
#2016 = EDGE_LOOP('',(#2017,#2028,#2034,#2035));
#2017 = ORIENTED_EDGE('',*,*,#2018,.T.);
#2018 = EDGE_CURVE('',#1967,#2019,#2021,.T.);
#2019 = VERTEX_POINT('',#2020);
#2020 = CARTESIAN_POINT('',(263.40135753241,204.00804120134,
    7.387119751271));
#2021 = B_SPLINE_CURVE_WITH_KNOTS('',3,(#2022,#2023,#2024,#2025,#2026,
    #2027),.UNSPECIFIED.,.F.,.F.,(4,2,4),(1.518468662859,2.02200526366,
    2.519074166922),.UNSPECIFIED.);
#2022 = CARTESIAN_POINT('',(263.40135753241,205.00804120134,
    7.421924560752));
#2023 = CARTESIAN_POINT('',(263.40135753241,204.84029723739,
    7.416086264046));
#2024 = CARTESIAN_POINT('',(263.40135753241,204.67255327344,
    7.410247967339));
#2025 = CARTESIAN_POINT('',(263.40135753241,204.33921994012,
    7.398646364178));
#2026 = CARTESIAN_POINT('',(263.40135753241,204.17363057073,
    7.392883057724));
#2027 = CARTESIAN_POINT('',(263.40135753241,204.00804120135,
    7.387119751271));
#2028 = ORIENTED_EDGE('',*,*,#2029,.F.);
#2029 = EDGE_CURVE('',#1649,#2019,#2030,.T.);
#2030 = LINE('',#2031,#2032);
#2031 = CARTESIAN_POINT('',(263.40135753241,204.00804120134,9.526779E-11
    ));
#2032 = VECTOR('',#2033,1.);
#2033 = DIRECTION('',(0.,0.,1.));
#2034 = ORIENTED_EDGE('',*,*,#1648,.F.);
#2035 = ORIENTED_EDGE('',*,*,#1975,.T.);
#2036 = PLANE('',#2037);
#2037 = AXIS2_PLACEMENT_3D('',#2038,#2039,#2040);
#2038 = CARTESIAN_POINT('',(263.40135753241,204.00804120134,9.526779E-11
    ));
#2039 = DIRECTION('',(1.,0.,0.));
#2040 = DIRECTION('',(0.,1.,-3.1E-16));
#2041 = ADVANCED_FACE('',(#2042),#2061,.T.);
#2042 = FACE_BOUND('',#2043,.T.);
#2043 = EDGE_LOOP('',(#2044,#2053,#2054,#2055));
#2044 = ORIENTED_EDGE('',*,*,#2045,.T.);
#2045 = EDGE_CURVE('',#2046,#1992,#2048,.T.);
#2046 = VERTEX_POINT('',#2047);
#2047 = CARTESIAN_POINT('',(265.90135753241,204.00804120134,
    7.491294756105));
#2048 = B_SPLINE_CURVE_WITH_KNOTS('',3,(#2049,#2050,#2051,#2052),
  .UNSPECIFIED.,.F.,.F.,(4,4),(2.527457496031,4.029263431086),
  .PIECEWISE_BEZIER_KNOTS.);
#2049 = CARTESIAN_POINT('',(265.90135753241,204.00804120134,
    7.491294756105));
#2050 = CARTESIAN_POINT('',(266.40142458326,204.00804120134,
    7.514459056874));
#2051 = CARTESIAN_POINT('',(266.90142847193,204.00804120134,
    7.539017135779));
#2052 = CARTESIAN_POINT('',(267.40135753241,204.00804120134,
    7.564968607074));
#2053 = ORIENTED_EDGE('',*,*,#2004,.F.);
#2054 = ORIENTED_EDGE('',*,*,#1688,.F.);
#2055 = ORIENTED_EDGE('',*,*,#2056,.T.);
#2056 = EDGE_CURVE('',#1681,#2046,#2057,.T.);
#2057 = LINE('',#2058,#2059);
#2058 = CARTESIAN_POINT('',(265.90135753241,204.00804120134,9.526779E-11
    ));
#2059 = VECTOR('',#2060,1.);
#2060 = DIRECTION('',(0.,0.,1.));
#2061 = PLANE('',#2062);
#2062 = AXIS2_PLACEMENT_3D('',#2063,#2064,#2065);
#2063 = CARTESIAN_POINT('',(264.90135753241,204.00804120134,9.526779E-11
    ));
#2064 = DIRECTION('',(0.,1.,0.));
#2065 = DIRECTION('',(-1.,0.,0.));
#2066 = ADVANCED_FACE('',(#2067),#2086,.T.);
#2067 = FACE_BOUND('',#2068,.T.);
#2068 = EDGE_LOOP('',(#2069,#2078,#2084,#2085));
#2069 = ORIENTED_EDGE('',*,*,#2070,.T.);
#2070 = EDGE_CURVE('',#2019,#2071,#2073,.T.);
#2071 = VERTEX_POINT('',#2072);
#2072 = CARTESIAN_POINT('',(264.90135753241,204.00804120134,
    7.446833792689));
#2073 = B_SPLINE_CURVE_WITH_KNOTS('',3,(#2074,#2075,#2076,#2077),
  .UNSPECIFIED.,.F.,.F.,(4,4),(2.528454240804E-02,1.526470492016),
  .PIECEWISE_BEZIER_KNOTS.);
#2074 = CARTESIAN_POINT('',(263.40135753242,204.00804120134,
    7.387119751271));
#2075 = CARTESIAN_POINT('',(263.90141040782,204.00804120134,
    7.405631436904));
#2076 = CARTESIAN_POINT('',(264.40141428567,204.00804120135,
    7.425536275043));
#2077 = CARTESIAN_POINT('',(264.90135753242,204.00804120135,
    7.446833792688));
#2078 = ORIENTED_EDGE('',*,*,#2079,.F.);
#2079 = EDGE_CURVE('',#1657,#2071,#2080,.T.);
#2080 = LINE('',#2081,#2082);
#2081 = CARTESIAN_POINT('',(264.90135753241,204.00804120134,9.526779E-11
    ));
#2082 = VECTOR('',#2083,1.);
#2083 = DIRECTION('',(0.,0.,1.));
#2084 = ORIENTED_EDGE('',*,*,#1656,.F.);
#2085 = ORIENTED_EDGE('',*,*,#2029,.T.);
#2086 = PLANE('',#2087);
#2087 = AXIS2_PLACEMENT_3D('',#2088,#2089,#2090);
#2088 = CARTESIAN_POINT('',(264.90135753241,204.00804120134,9.526779E-11
    ));
#2089 = DIRECTION('',(0.,1.,0.));
#2090 = DIRECTION('',(-1.,0.,0.));
#2091 = ADVANCED_FACE('',(#2092),#2111,.T.);
#2092 = FACE_BOUND('',#2093,.T.);
#2093 = EDGE_LOOP('',(#2094,#2103,#2104,#2105));
#2094 = ORIENTED_EDGE('',*,*,#2095,.T.);
#2095 = EDGE_CURVE('',#2096,#2046,#2098,.T.);
#2096 = VERTEX_POINT('',#2097);
#2097 = CARTESIAN_POINT('',(265.90135753241,202.50804120134,
    7.439087541623));
#2098 = B_SPLINE_CURVE_WITH_KNOTS('',3,(#2099,#2100,#2101,#2102),
  .UNSPECIFIED.,.F.,.F.,(4,4),(2.765165478867E-02,1.528559910894),
  .PIECEWISE_BEZIER_KNOTS.);
#2099 = CARTESIAN_POINT('',(265.90135753241,202.50804120134,
    7.439087541623));
#2100 = CARTESIAN_POINT('',(265.90135753241,203.00804120134,
    7.45648994645));
#2101 = CARTESIAN_POINT('',(265.90135753241,203.50804120134,
    7.473892351278));
#2102 = CARTESIAN_POINT('',(265.90135753241,204.00804120134,
    7.491294756105));
#2103 = ORIENTED_EDGE('',*,*,#2056,.F.);
#2104 = ORIENTED_EDGE('',*,*,#1680,.F.);
#2105 = ORIENTED_EDGE('',*,*,#2106,.T.);
#2106 = EDGE_CURVE('',#1673,#2096,#2107,.T.);
#2107 = LINE('',#2108,#2109);
#2108 = CARTESIAN_POINT('',(265.90135753241,202.50804120134,9.526779E-11
    ));
#2109 = VECTOR('',#2110,1.);
#2110 = DIRECTION('',(0.,0.,1.));
#2111 = PLANE('',#2112);
#2112 = AXIS2_PLACEMENT_3D('',#2113,#2114,#2115);
#2113 = CARTESIAN_POINT('',(265.90135753241,204.00804120134,9.526779E-11
    ));
#2114 = DIRECTION('',(-1.,0.,0.));
#2115 = DIRECTION('',(0.,-1.,3.1E-16));
#2116 = ADVANCED_FACE('',(#2117),#2138,.T.);
#2117 = FACE_BOUND('',#2118,.T.);
#2118 = EDGE_LOOP('',(#2119,#2130,#2131,#2132));
#2119 = ORIENTED_EDGE('',*,*,#2120,.T.);
#2120 = EDGE_CURVE('',#2121,#2096,#2123,.T.);
#2121 = VERTEX_POINT('',#2122);
#2122 = CARTESIAN_POINT('',(264.90135753241,202.50804120134,
    7.394626578311));
#2123 = B_SPLINE_CURVE_WITH_KNOTS('',3,(#2124,#2125,#2126,#2127,#2128,
    #2129),.UNSPECIFIED.,.F.,.F.,(4,2,4),(1.526470464069,2.04522671754,
    2.527457468079),.UNSPECIFIED.);
#2124 = CARTESIAN_POINT('',(264.90135753241,202.50804120134,
    7.39462657831));
#2125 = CARTESIAN_POINT('',(265.07412006439,202.50804120134,
    7.401986239808));
#2126 = CARTESIAN_POINT('',(265.24687535613,202.50804120134,
    7.409512207679));
#2127 = CARTESIAN_POINT('',(265.58020738406,202.50804120134,
    7.424355107327));
#2128 = CARTESIAN_POINT('',(265.74078571442,202.50804120134,
    7.431649471324));
#2129 = CARTESIAN_POINT('',(265.90135753241,202.50804120134,
    7.439087541623));
#2130 = ORIENTED_EDGE('',*,*,#2106,.F.);
#2131 = ORIENTED_EDGE('',*,*,#1672,.F.);
#2132 = ORIENTED_EDGE('',*,*,#2133,.T.);
#2133 = EDGE_CURVE('',#1665,#2121,#2134,.T.);
#2134 = LINE('',#2135,#2136);
#2135 = CARTESIAN_POINT('',(264.90135753241,202.50804120134,9.526779E-11
    ));
#2136 = VECTOR('',#2137,1.);
#2137 = DIRECTION('',(0.,0.,1.));
#2138 = PLANE('',#2139);
#2139 = AXIS2_PLACEMENT_3D('',#2140,#2141,#2142);
#2140 = CARTESIAN_POINT('',(265.90135753241,202.50804120134,9.526868E-11
    ));
#2141 = DIRECTION('',(0.,1.,0.));
#2142 = DIRECTION('',(-1.,0.,0.));
#2143 = ADVANCED_FACE('',(#2144),#2156,.T.);
#2144 = FACE_BOUND('',#2145,.T.);
#2145 = EDGE_LOOP('',(#2146,#2153,#2154,#2155));
#2146 = ORIENTED_EDGE('',*,*,#2147,.T.);
#2147 = EDGE_CURVE('',#2071,#2121,#2148,.T.);
#2148 = B_SPLINE_CURVE_WITH_KNOTS('',3,(#2149,#2150,#2151,#2152),
  .UNSPECIFIED.,.F.,.F.,(4,4),(2.516997116718,4.017905372865),
  .PIECEWISE_BEZIER_KNOTS.);
#2149 = CARTESIAN_POINT('',(264.90135753241,204.00804120134,
    7.446833792689));
#2150 = CARTESIAN_POINT('',(264.90135753241,203.50804120132,
    7.429431387895));
#2151 = CARTESIAN_POINT('',(264.90135753241,203.00804120132,
    7.412028983102));
#2152 = CARTESIAN_POINT('',(264.90135753241,202.50804120131,
    7.394626578309));
#2153 = ORIENTED_EDGE('',*,*,#2133,.F.);
#2154 = ORIENTED_EDGE('',*,*,#1664,.F.);
#2155 = ORIENTED_EDGE('',*,*,#2079,.T.);
#2156 = PLANE('',#2157);
#2157 = AXIS2_PLACEMENT_3D('',#2158,#2159,#2160);
#2158 = CARTESIAN_POINT('',(264.90135753241,205.00804120134,9.526691E-11
    ));
#2159 = DIRECTION('',(1.,0.,0.));
#2160 = DIRECTION('',(0.,1.,-3.1E-16));
#2161 = ADVANCED_FACE('',(#2162),#2176,.F.);
#2162 = FACE_BOUND('',#2163,.F.);
#2163 = EDGE_LOOP('',(#2164,#2165,#2166,#2167,#2168,#2169,#2170,#2171,
    #2172,#2173,#2174,#2175));
#2164 = ORIENTED_EDGE('',*,*,#1916,.T.);
#2165 = ORIENTED_EDGE('',*,*,#1966,.T.);
#2166 = ORIENTED_EDGE('',*,*,#2018,.T.);
#2167 = ORIENTED_EDGE('',*,*,#2070,.T.);
#2168 = ORIENTED_EDGE('',*,*,#2147,.T.);
#2169 = ORIENTED_EDGE('',*,*,#2120,.T.);
#2170 = ORIENTED_EDGE('',*,*,#2095,.T.);
#2171 = ORIENTED_EDGE('',*,*,#2045,.T.);
#2172 = ORIENTED_EDGE('',*,*,#1991,.T.);
#2173 = ORIENTED_EDGE('',*,*,#1941,.T.);
#2174 = ORIENTED_EDGE('',*,*,#1891,.T.);
#2175 = ORIENTED_EDGE('',*,*,#1857,.T.);
#2176 = B_SPLINE_SURFACE_WITH_KNOTS('',3,3,(
    (#2177,#2178,#2179,#2180)
    ,(#2181,#2182,#2183,#2184)
    ,(#2185,#2186,#2187,#2188)
    ,(#2189,#2190,#2191,#2192
    )),.UNSPECIFIED.,.F.,.F.,.F.,(4,4),(4,4),(7.185871855643E-02,
    8.680359453121E-02),(0.129209516012,0.14408051409),
  .PIECEWISE_BEZIER_KNOTS.);
#2177 = CARTESIAN_POINT('',(263.4013574858,206.51166255919,
    7.474257813919));
#2178 = CARTESIAN_POINT('',(264.73530008712,206.50994593834,
    7.523579897267));
#2179 = CARTESIAN_POINT('',(266.06870666519,206.50788492754,
    7.582796875893));
#2180 = CARTESIAN_POINT('',(267.40135750453,206.50548012743,
    7.651891492334));
#2181 = CARTESIAN_POINT('',(263.40135751063,205.17781403764,
    7.427833471169));
#2182 = CARTESIAN_POINT('',(264.73530011195,205.17609741679,
    7.477155554517));
#2183 = CARTESIAN_POINT('',(266.06870669003,205.174036406,7.536372533142
    ));
#2184 = CARTESIAN_POINT('',(267.40135752937,205.17163160589,
    7.605467149584));
#2185 = CARTESIAN_POINT('',(263.40135753546,203.84396551609,
    7.381409128418));
#2186 = CARTESIAN_POINT('',(264.73530013678,203.84224889524,
    7.430731211766));
#2187 = CARTESIAN_POINT('',(266.06870671486,203.84018788445,
    7.489948190392));
#2188 = CARTESIAN_POINT('',(267.4013575542,203.83778308434,
    7.559042806833));
#2189 = CARTESIAN_POINT('',(263.40135756029,202.51011699455,
    7.334984785668));
#2190 = CARTESIAN_POINT('',(264.73530016161,202.5084003737,
    7.384306869015));
#2191 = CARTESIAN_POINT('',(266.06870673969,202.50633936291,
    7.443523847641));
#2192 = CARTESIAN_POINT('',(267.40135757903,202.5039345628,
    7.512618464083));
#2193 = ADVANCED_FACE('',(#2194,#2197),#2295,.T.);
#2194 = FACE_BOUND('',#2195,.T.);
#2195 = EDGE_LOOP('',(#2196));
#2196 = ORIENTED_EDGE('',*,*,#645,.T.);
#2197 = FACE_BOUND('',#2198,.T.);
#2198 = EDGE_LOOP('',(#2199,#2209,#2217,#2225,#2233,#2241,#2249,#2257,
    #2265,#2273,#2281,#2289));
#2199 = ORIENTED_EDGE('',*,*,#2200,.T.);
#2200 = EDGE_CURVE('',#2201,#2203,#2205,.T.);
#2201 = VERTEX_POINT('',#2202);
#2202 = CARTESIAN_POINT('',(252.95135753241,206.50804120134,
    0.200000000095));
#2203 = VERTEX_POINT('',#2204);
#2204 = CARTESIAN_POINT('',(252.95135753241,205.00804120134,
    0.200000000095));
#2205 = LINE('',#2206,#2207);
#2206 = CARTESIAN_POINT('',(252.95135753241,200.26202744685,
    0.200000000095));
#2207 = VECTOR('',#2208,1.);
#2208 = DIRECTION('',(0.,-1.,3.1E-16));
#2209 = ORIENTED_EDGE('',*,*,#2210,.T.);
#2210 = EDGE_CURVE('',#2203,#2211,#2213,.T.);
#2211 = VERTEX_POINT('',#2212);
#2212 = CARTESIAN_POINT('',(251.45135753241,205.00804120134,
    0.200000000095));
#2213 = LINE('',#2214,#2215);
#2214 = CARTESIAN_POINT('',(247.95135753241,205.00804120134,
    0.200000000095));
#2215 = VECTOR('',#2216,1.);
#2216 = DIRECTION('',(-1.,0.,0.));
#2217 = ORIENTED_EDGE('',*,*,#2218,.T.);
#2218 = EDGE_CURVE('',#2211,#2219,#2221,.T.);
#2219 = VERTEX_POINT('',#2220);
#2220 = CARTESIAN_POINT('',(251.45135753241,204.00804120134,
    0.200000000095));
#2221 = LINE('',#2222,#2223);
#2222 = CARTESIAN_POINT('',(251.45135753241,199.76202744685,
    0.200000000095));
#2223 = VECTOR('',#2224,1.);
#2224 = DIRECTION('',(0.,-1.,3.1E-16));
#2225 = ORIENTED_EDGE('',*,*,#2226,.T.);
#2226 = EDGE_CURVE('',#2219,#2227,#2229,.T.);
#2227 = VERTEX_POINT('',#2228);
#2228 = CARTESIAN_POINT('',(252.95135753241,204.00804120134,
    0.200000000095));
#2229 = LINE('',#2230,#2231);
#2230 = CARTESIAN_POINT('',(248.70135753241,204.00804120134,
    0.200000000095));
#2231 = VECTOR('',#2232,1.);
#2232 = DIRECTION('',(1.,0.,0.));
#2233 = ORIENTED_EDGE('',*,*,#2234,.T.);
#2234 = EDGE_CURVE('',#2227,#2235,#2237,.T.);
#2235 = VERTEX_POINT('',#2236);
#2236 = CARTESIAN_POINT('',(252.95135753241,202.50804120134,
    0.200000000095));
#2237 = LINE('',#2238,#2239);
#2238 = CARTESIAN_POINT('',(252.95135753241,200.26202744685,
    0.200000000095));
#2239 = VECTOR('',#2240,1.);
#2240 = DIRECTION('',(0.,-1.,3.1E-16));
#2241 = ORIENTED_EDGE('',*,*,#2242,.T.);
#2242 = EDGE_CURVE('',#2235,#2243,#2245,.T.);
#2243 = VERTEX_POINT('',#2244);
#2244 = CARTESIAN_POINT('',(253.95135753241,202.50804120134,
    0.200000000095));
#2245 = LINE('',#2246,#2247);
#2246 = CARTESIAN_POINT('',(249.20135753241,202.50804120134,
    0.200000000095));
#2247 = VECTOR('',#2248,1.);
#2248 = DIRECTION('',(1.,0.,0.));
#2249 = ORIENTED_EDGE('',*,*,#2250,.T.);
#2250 = EDGE_CURVE('',#2243,#2251,#2253,.T.);
#2251 = VERTEX_POINT('',#2252);
#2252 = CARTESIAN_POINT('',(253.95135753241,204.00804120134,
    0.200000000095));
#2253 = LINE('',#2254,#2255);
#2254 = CARTESIAN_POINT('',(253.95135753241,199.76202744685,
    0.200000000095));
#2255 = VECTOR('',#2256,1.);
#2256 = DIRECTION('',(0.,1.,-3.1E-16));
#2257 = ORIENTED_EDGE('',*,*,#2258,.T.);
#2258 = EDGE_CURVE('',#2251,#2259,#2261,.T.);
#2259 = VERTEX_POINT('',#2260);
#2260 = CARTESIAN_POINT('',(255.45135753241,204.00804120134,
    0.200000000095));
#2261 = LINE('',#2262,#2263);
#2262 = CARTESIAN_POINT('',(248.70135753241,204.00804120134,
    0.200000000095));
#2263 = VECTOR('',#2264,1.);
#2264 = DIRECTION('',(1.,0.,0.));
#2265 = ORIENTED_EDGE('',*,*,#2266,.T.);
#2266 = EDGE_CURVE('',#2259,#2267,#2269,.T.);
#2267 = VERTEX_POINT('',#2268);
#2268 = CARTESIAN_POINT('',(255.45135753241,205.00804120134,
    0.200000000095));
#2269 = LINE('',#2270,#2271);
#2270 = CARTESIAN_POINT('',(255.45135753241,200.26202744685,
    0.200000000095));
#2271 = VECTOR('',#2272,1.);
#2272 = DIRECTION('',(0.,1.,-3.1E-16));
#2273 = ORIENTED_EDGE('',*,*,#2274,.T.);
#2274 = EDGE_CURVE('',#2267,#2275,#2277,.T.);
#2275 = VERTEX_POINT('',#2276);
#2276 = CARTESIAN_POINT('',(253.95135753241,205.00804120134,
    0.200000000095));
#2277 = LINE('',#2278,#2279);
#2278 = CARTESIAN_POINT('',(249.20135753241,205.00804120134,
    0.200000000095));
#2279 = VECTOR('',#2280,1.);
#2280 = DIRECTION('',(-1.,0.,0.));
#2281 = ORIENTED_EDGE('',*,*,#2282,.T.);
#2282 = EDGE_CURVE('',#2275,#2283,#2285,.T.);
#2283 = VERTEX_POINT('',#2284);
#2284 = CARTESIAN_POINT('',(253.95135753241,206.50804120134,
    0.200000000095));
#2285 = LINE('',#2286,#2287);
#2286 = CARTESIAN_POINT('',(253.95135753241,201.01202744685,
    0.200000000095));
#2287 = VECTOR('',#2288,1.);
#2288 = DIRECTION('',(0.,1.,-3.1E-16));
#2289 = ORIENTED_EDGE('',*,*,#2290,.T.);
#2290 = EDGE_CURVE('',#2283,#2201,#2291,.T.);
#2291 = LINE('',#2292,#2293);
#2292 = CARTESIAN_POINT('',(248.70135753241,206.50804120134,
    0.200000000095));
#2293 = VECTOR('',#2294,1.);
#2294 = DIRECTION('',(-1.,0.,0.));
#2295 = PLANE('',#2296);
#2296 = AXIS2_PLACEMENT_3D('',#2297,#2298,#2299);
#2297 = CARTESIAN_POINT('',(244.45135753241,195.51601369235,
    0.200000000095));
#2298 = DIRECTION('',(0.,-3.1E-16,-1.));
#2299 = DIRECTION('',(0.,1.,-3.1E-16));
#2300 = ADVANCED_FACE('',(#2301),#2329,.T.);
#2301 = FACE_BOUND('',#2302,.T.);
#2302 = EDGE_LOOP('',(#2303,#2316,#2322,#2323));
#2303 = ORIENTED_EDGE('',*,*,#2304,.T.);
#2304 = EDGE_CURVE('',#2305,#2307,#2309,.T.);
#2305 = VERTEX_POINT('',#2306);
#2306 = CARTESIAN_POINT('',(253.95135753241,206.50804120134,
    7.290269105653));
#2307 = VERTEX_POINT('',#2308);
#2308 = CARTESIAN_POINT('',(252.95135753241,206.50804120134,
    7.290236981093));
#2309 = B_SPLINE_CURVE_WITH_KNOTS('',3,(#2310,#2311,#2312,#2313,#2314,
    #2315),.UNSPECIFIED.,.F.,.F.,(4,2,4),(1.54306495712,2.043060374366,
    2.543064092907),.UNSPECIFIED.);
#2310 = CARTESIAN_POINT('',(253.9513575324,206.50804120134,
    7.290269105653));
#2311 = CARTESIAN_POINT('',(253.78469225735,206.50804120134,
    7.289953729983));
#2312 = CARTESIAN_POINT('',(253.61802683593,206.50804120134,
    7.289793341464));
#2313 = CARTESIAN_POINT('',(253.28469379085,206.50804120134,
    7.289782604971));
#2314 = CARTESIAN_POINT('',(253.11802559299,206.50804120134,
    7.289932262125));
#2315 = CARTESIAN_POINT('',(252.9513575324,206.50804120134,
    7.290236981093));
#2316 = ORIENTED_EDGE('',*,*,#2317,.F.);
#2317 = EDGE_CURVE('',#2201,#2307,#2318,.T.);
#2318 = LINE('',#2319,#2320);
#2319 = CARTESIAN_POINT('',(252.95135753241,206.50804120134,9.526691E-11
    ));
#2320 = VECTOR('',#2321,1.);
#2321 = DIRECTION('',(0.,0.,1.));
#2322 = ORIENTED_EDGE('',*,*,#2290,.F.);
#2323 = ORIENTED_EDGE('',*,*,#2324,.T.);
#2324 = EDGE_CURVE('',#2283,#2305,#2325,.T.);
#2325 = LINE('',#2326,#2327);
#2326 = CARTESIAN_POINT('',(253.95135753241,206.50804120134,9.526691E-11
    ));
#2327 = VECTOR('',#2328,1.);
#2328 = DIRECTION('',(0.,0.,1.));
#2329 = PLANE('',#2330);
#2330 = AXIS2_PLACEMENT_3D('',#2331,#2332,#2333);
#2331 = CARTESIAN_POINT('',(252.95135753241,206.50804120134,9.526691E-11
    ));
#2332 = DIRECTION('',(0.,-1.,0.));
#2333 = DIRECTION('',(1.,0.,0.));
#2334 = ADVANCED_FACE('',(#2335),#2354,.T.);
#2335 = FACE_BOUND('',#2336,.T.);
#2336 = EDGE_LOOP('',(#2337,#2346,#2347,#2348));
#2337 = ORIENTED_EDGE('',*,*,#2338,.T.);
#2338 = EDGE_CURVE('',#2339,#2305,#2341,.T.);
#2339 = VERTEX_POINT('',#2340);
#2340 = CARTESIAN_POINT('',(253.95135753241,205.00804120134,
    7.238061892412));
#2341 = B_SPLINE_CURVE_WITH_KNOTS('',3,(#2342,#2343,#2344,#2345),
  .UNSPECIFIED.,.F.,.F.,(4,4),(2.527638591742,4.028546847758),
  .PIECEWISE_BEZIER_KNOTS.);
#2342 = CARTESIAN_POINT('',(253.95135753241,205.00804120134,
    7.238061892412));
#2343 = CARTESIAN_POINT('',(253.95135753241,205.50804120133,
    7.255464296825));
#2344 = CARTESIAN_POINT('',(253.95135753241,206.00804120131,
    7.272866701238));
#2345 = CARTESIAN_POINT('',(253.95135753241,206.50804120129,
    7.290269105651));
#2346 = ORIENTED_EDGE('',*,*,#2324,.F.);
#2347 = ORIENTED_EDGE('',*,*,#2282,.F.);
#2348 = ORIENTED_EDGE('',*,*,#2349,.T.);
#2349 = EDGE_CURVE('',#2275,#2339,#2350,.T.);
#2350 = LINE('',#2351,#2352);
#2351 = CARTESIAN_POINT('',(253.95135753241,205.00804120134,9.526691E-11
    ));
#2352 = VECTOR('',#2353,1.);
#2353 = DIRECTION('',(0.,0.,1.));
#2354 = PLANE('',#2355);
#2355 = AXIS2_PLACEMENT_3D('',#2356,#2357,#2358);
#2356 = CARTESIAN_POINT('',(253.95135753241,206.50804120134,9.526691E-11
    ));
#2357 = DIRECTION('',(-1.,0.,0.));
#2358 = DIRECTION('',(0.,-1.,3.1E-16));
#2359 = ADVANCED_FACE('',(#2360),#2379,.T.);
#2360 = FACE_BOUND('',#2361,.T.);
#2361 = EDGE_LOOP('',(#2362,#2371,#2377,#2378));
#2362 = ORIENTED_EDGE('',*,*,#2363,.T.);
#2363 = EDGE_CURVE('',#2307,#2364,#2366,.T.);
#2364 = VERTEX_POINT('',#2365);
#2365 = CARTESIAN_POINT('',(252.95135753241,205.00804120134,
    7.238029767955));
#2366 = B_SPLINE_CURVE_WITH_KNOTS('',3,(#2367,#2368,#2369,#2370),
  .UNSPECIFIED.,.F.,.F.,(4,4),(1.392304726047E-02,1.514831303289),
  .PIECEWISE_BEZIER_KNOTS.);
#2367 = CARTESIAN_POINT('',(252.95135753241,206.50804120134,
    7.290236981093));
#2368 = CARTESIAN_POINT('',(252.95135753241,206.00804120135,
    7.272834576714));
#2369 = CARTESIAN_POINT('',(252.95135753241,205.50804120137,
    7.255432172335));
#2370 = CARTESIAN_POINT('',(252.95135753241,205.00804120138,
    7.238029767957));
#2371 = ORIENTED_EDGE('',*,*,#2372,.F.);
#2372 = EDGE_CURVE('',#2203,#2364,#2373,.T.);
#2373 = LINE('',#2374,#2375);
#2374 = CARTESIAN_POINT('',(252.95135753241,205.00804120134,9.526691E-11
    ));
#2375 = VECTOR('',#2376,1.);
#2376 = DIRECTION('',(0.,0.,1.));
#2377 = ORIENTED_EDGE('',*,*,#2200,.F.);
#2378 = ORIENTED_EDGE('',*,*,#2317,.T.);
#2379 = PLANE('',#2380);
#2380 = AXIS2_PLACEMENT_3D('',#2381,#2382,#2383);
#2381 = CARTESIAN_POINT('',(252.95135753241,205.00804120134,9.526691E-11
    ));
#2382 = DIRECTION('',(1.,0.,0.));
#2383 = DIRECTION('',(0.,1.,-3.1E-16));
#2384 = ADVANCED_FACE('',(#2385),#2404,.T.);
#2385 = FACE_BOUND('',#2386,.T.);
#2386 = EDGE_LOOP('',(#2387,#2396,#2397,#2398));
#2387 = ORIENTED_EDGE('',*,*,#2388,.T.);
#2388 = EDGE_CURVE('',#2389,#2339,#2391,.T.);
#2389 = VERTEX_POINT('',#2390);
#2390 = CARTESIAN_POINT('',(255.45135753241,205.00804120134,
    7.245084240557));
#2391 = B_SPLINE_CURVE_WITH_KNOTS('',3,(#2392,#2393,#2394,#2395),
  .UNSPECIFIED.,.F.,.F.,(4,4),(4.305067778707E-02,1.543064985046),
  .PIECEWISE_BEZIER_KNOTS.);
#2392 = CARTESIAN_POINT('',(255.45135753241,205.00804120134,
    7.245084240558));
#2393 = CARTESIAN_POINT('',(254.95136656891,205.00804120134,
    7.241349118274));
#2394 = CARTESIAN_POINT('',(254.45136270939,205.00804120134,
    7.239008037068));
#2395 = CARTESIAN_POINT('',(253.9513575324,205.00804120134,
    7.238061892412));
#2396 = ORIENTED_EDGE('',*,*,#2349,.F.);
#2397 = ORIENTED_EDGE('',*,*,#2274,.F.);
#2398 = ORIENTED_EDGE('',*,*,#2399,.T.);
#2399 = EDGE_CURVE('',#2267,#2389,#2400,.T.);
#2400 = LINE('',#2401,#2402);
#2401 = CARTESIAN_POINT('',(255.45135753241,205.00804120134,9.526691E-11
    ));
#2402 = VECTOR('',#2403,1.);
#2403 = DIRECTION('',(0.,0.,1.));
#2404 = PLANE('',#2405);
#2405 = AXIS2_PLACEMENT_3D('',#2406,#2407,#2408);
#2406 = CARTESIAN_POINT('',(253.95135753241,205.00804120134,9.526691E-11
    ));
#2407 = DIRECTION('',(0.,-1.,0.));
#2408 = DIRECTION('',(1.,0.,0.));
#2409 = ADVANCED_FACE('',(#2410),#2429,.T.);
#2410 = FACE_BOUND('',#2411,.T.);
#2411 = EDGE_LOOP('',(#2412,#2421,#2427,#2428));
#2412 = ORIENTED_EDGE('',*,*,#2413,.T.);
#2413 = EDGE_CURVE('',#2364,#2414,#2416,.T.);
#2414 = VERTEX_POINT('',#2415);
#2415 = CARTESIAN_POINT('',(251.45135753241,205.00804120134,
    7.244959910179));
#2416 = B_SPLINE_CURVE_WITH_KNOTS('',3,(#2417,#2418,#2419,#2420),
  .UNSPECIFIED.,.F.,.F.,(4,4),(2.543064120832,4.043078022023),
  .PIECEWISE_BEZIER_KNOTS.);
#2417 = CARTESIAN_POINT('',(252.9513575324,205.00804120134,
    7.238029767956));
#2418 = CARTESIAN_POINT('',(252.45135243546,205.00804120134,
    7.238943926587));
#2419 = CARTESIAN_POINT('',(251.95134857401,205.00804120134,
    7.241253646664));
#2420 = CARTESIAN_POINT('',(251.45135753241,205.00804120134,
    7.244959910179));
#2421 = ORIENTED_EDGE('',*,*,#2422,.F.);
#2422 = EDGE_CURVE('',#2211,#2414,#2423,.T.);
#2423 = LINE('',#2424,#2425);
#2424 = CARTESIAN_POINT('',(251.45135753241,205.00804120134,9.526691E-11
    ));
#2425 = VECTOR('',#2426,1.);
#2426 = DIRECTION('',(0.,0.,1.));
#2427 = ORIENTED_EDGE('',*,*,#2210,.F.);
#2428 = ORIENTED_EDGE('',*,*,#2372,.T.);
#2429 = PLANE('',#2430);
#2430 = AXIS2_PLACEMENT_3D('',#2431,#2432,#2433);
#2431 = CARTESIAN_POINT('',(251.45135753241,205.00804120134,9.526691E-11
    ));
#2432 = DIRECTION('',(0.,-1.,0.));
#2433 = DIRECTION('',(1.,0.,0.));
#2434 = ADVANCED_FACE('',(#2435),#2456,.T.);
#2435 = FACE_BOUND('',#2436,.T.);
#2436 = EDGE_LOOP('',(#2437,#2448,#2449,#2450));
#2437 = ORIENTED_EDGE('',*,*,#2438,.T.);
#2438 = EDGE_CURVE('',#2439,#2389,#2441,.T.);
#2439 = VERTEX_POINT('',#2440);
#2440 = CARTESIAN_POINT('',(255.45135753241,204.00804120134,
    7.210279431626));
#2441 = B_SPLINE_CURVE_WITH_KNOTS('',3,(#2442,#2443,#2444,#2445,#2446,
    #2447),.UNSPECIFIED.,.F.,.F.,(4,2,4),(1.527277323374,2.021234398129,
    2.527882827423),.UNSPECIFIED.);
#2442 = CARTESIAN_POINT('',(255.45135753241,204.00804120134,
    7.210279431626));
#2443 = CARTESIAN_POINT('',(255.45135753241,204.17259392225,
    7.216006657637));
#2444 = CARTESIAN_POINT('',(255.45135753241,204.33714664317,
    7.221733883647));
#2445 = CARTESIAN_POINT('',(255.45135753241,204.6704799765,
    7.233335486624));
#2446 = CARTESIAN_POINT('',(255.45135753241,204.83926058893,
    7.239209863591));
#2447 = CARTESIAN_POINT('',(255.45135753241,205.00804120135,
    7.245084240558));
#2448 = ORIENTED_EDGE('',*,*,#2399,.F.);
#2449 = ORIENTED_EDGE('',*,*,#2266,.F.);
#2450 = ORIENTED_EDGE('',*,*,#2451,.T.);
#2451 = EDGE_CURVE('',#2259,#2439,#2452,.T.);
#2452 = LINE('',#2453,#2454);
#2453 = CARTESIAN_POINT('',(255.45135753241,204.00804120134,9.526779E-11
    ));
#2454 = VECTOR('',#2455,1.);
#2455 = DIRECTION('',(0.,0.,1.));
#2456 = PLANE('',#2457);
#2457 = AXIS2_PLACEMENT_3D('',#2458,#2459,#2460);
#2458 = CARTESIAN_POINT('',(255.45135753241,205.00804120134,9.526691E-11
    ));
#2459 = DIRECTION('',(-1.,0.,0.));
#2460 = DIRECTION('',(0.,-1.,3.1E-16));
#2461 = ADVANCED_FACE('',(#2462),#2483,.T.);
#2462 = FACE_BOUND('',#2463,.T.);
#2463 = EDGE_LOOP('',(#2464,#2475,#2481,#2482));
#2464 = ORIENTED_EDGE('',*,*,#2465,.T.);
#2465 = EDGE_CURVE('',#2414,#2466,#2468,.T.);
#2466 = VERTEX_POINT('',#2467);
#2467 = CARTESIAN_POINT('',(251.45135753241,204.00804120134,
    7.210155101524));
#2468 = B_SPLINE_CURVE_WITH_KNOTS('',3,(#2469,#2470,#2471,#2472,#2473,
    #2474),.UNSPECIFIED.,.F.,.F.,(4,2,4),(1.514590219094,2.021234398132,
    2.515195723124),.UNSPECIFIED.);
#2469 = CARTESIAN_POINT('',(251.45135753241,205.00804120135,
    7.244959910179));
#2470 = CARTESIAN_POINT('',(251.45135753241,204.83926200483,
    7.239085582539));
#2471 = CARTESIAN_POINT('',(251.45135753241,204.67048280829,
    7.233211254899));
#2472 = CARTESIAN_POINT('',(251.45135753241,204.33714947496,
    7.221609652014));
#2473 = CARTESIAN_POINT('',(251.45135753241,204.17259533815,
    7.215882376769));
#2474 = CARTESIAN_POINT('',(251.45135753241,204.00804120134,
    7.210155101524));
#2475 = ORIENTED_EDGE('',*,*,#2476,.F.);
#2476 = EDGE_CURVE('',#2219,#2466,#2477,.T.);
#2477 = LINE('',#2478,#2479);
#2478 = CARTESIAN_POINT('',(251.45135753241,204.00804120134,9.526779E-11
    ));
#2479 = VECTOR('',#2480,1.);
#2480 = DIRECTION('',(0.,0.,1.));
#2481 = ORIENTED_EDGE('',*,*,#2218,.F.);
#2482 = ORIENTED_EDGE('',*,*,#2422,.T.);
#2483 = PLANE('',#2484);
#2484 = AXIS2_PLACEMENT_3D('',#2485,#2486,#2487);
#2485 = CARTESIAN_POINT('',(251.45135753241,204.00804120134,9.526779E-11
    ));
#2486 = DIRECTION('',(1.,0.,0.));
#2487 = DIRECTION('',(0.,1.,-3.1E-16));
#2488 = ADVANCED_FACE('',(#2489),#2508,.T.);
#2489 = FACE_BOUND('',#2490,.T.);
#2490 = EDGE_LOOP('',(#2491,#2500,#2501,#2502));
#2491 = ORIENTED_EDGE('',*,*,#2492,.T.);
#2492 = EDGE_CURVE('',#2493,#2439,#2495,.T.);
#2493 = VERTEX_POINT('',#2494);
#2494 = CARTESIAN_POINT('',(253.95135753241,204.00804120134,
    7.203257083584));
#2495 = B_SPLINE_CURVE_WITH_KNOTS('',3,(#2496,#2497,#2498,#2499),
  .UNSPECIFIED.,.F.,.F.,(4,4),(2.543039993792,4.043054300147),
  .PIECEWISE_BEZIER_KNOTS.);
#2496 = CARTESIAN_POINT('',(253.95135753241,204.00804120134,
    7.203257083584));
#2497 = CARTESIAN_POINT('',(254.4513627094,204.00804120134,
    7.204203228205));
#2498 = CARTESIAN_POINT('',(254.95136656892,204.00804120134,
    7.206544309377));
#2499 = CARTESIAN_POINT('',(255.45135753241,204.00804120134,
    7.210279431626));
#2500 = ORIENTED_EDGE('',*,*,#2451,.F.);
#2501 = ORIENTED_EDGE('',*,*,#2258,.F.);
#2502 = ORIENTED_EDGE('',*,*,#2503,.T.);
#2503 = EDGE_CURVE('',#2251,#2493,#2504,.T.);
#2504 = LINE('',#2505,#2506);
#2505 = CARTESIAN_POINT('',(253.95135753241,204.00804120134,9.526779E-11
    ));
#2506 = VECTOR('',#2507,1.);
#2507 = DIRECTION('',(0.,0.,1.));
#2508 = PLANE('',#2509);
#2509 = AXIS2_PLACEMENT_3D('',#2510,#2511,#2512);
#2510 = CARTESIAN_POINT('',(252.95135753241,204.00804120134,9.526779E-11
    ));
#2511 = DIRECTION('',(0.,1.,0.));
#2512 = DIRECTION('',(-1.,0.,0.));
#2513 = ADVANCED_FACE('',(#2514),#2533,.T.);
#2514 = FACE_BOUND('',#2515,.T.);
#2515 = EDGE_LOOP('',(#2516,#2525,#2531,#2532));
#2516 = ORIENTED_EDGE('',*,*,#2517,.T.);
#2517 = EDGE_CURVE('',#2466,#2518,#2520,.T.);
#2518 = VERTEX_POINT('',#2519);
#2519 = CARTESIAN_POINT('',(252.95135753241,204.00804120134,
    7.203224959197));
#2520 = B_SPLINE_CURVE_WITH_KNOTS('',3,(#2521,#2522,#2523,#2524),
  .UNSPECIFIED.,.F.,.F.,(4,4),(4.302695846715E-02,1.543040858622),
  .PIECEWISE_BEZIER_KNOTS.);
#2521 = CARTESIAN_POINT('',(251.45135753241,204.00804120134,
    7.210155101524));
#2522 = CARTESIAN_POINT('',(251.95134857402,204.00804120134,
    7.206448837974));
#2523 = CARTESIAN_POINT('',(252.45135243549,204.00804120134,
    7.204139117863));
#2524 = CARTESIAN_POINT('',(252.95135753242,204.00804120134,
    7.203224959197));
#2525 = ORIENTED_EDGE('',*,*,#2526,.F.);
#2526 = EDGE_CURVE('',#2227,#2518,#2527,.T.);
#2527 = LINE('',#2528,#2529);
#2528 = CARTESIAN_POINT('',(252.95135753241,204.00804120134,9.526779E-11
    ));
#2529 = VECTOR('',#2530,1.);
#2530 = DIRECTION('',(0.,0.,1.));
#2531 = ORIENTED_EDGE('',*,*,#2226,.F.);
#2532 = ORIENTED_EDGE('',*,*,#2476,.T.);
#2533 = PLANE('',#2534);
#2534 = AXIS2_PLACEMENT_3D('',#2535,#2536,#2537);
#2535 = CARTESIAN_POINT('',(252.95135753241,204.00804120134,9.526779E-11
    ));
#2536 = DIRECTION('',(0.,1.,0.));
#2537 = DIRECTION('',(-1.,0.,0.));
#2538 = ADVANCED_FACE('',(#2539),#2558,.T.);
#2539 = FACE_BOUND('',#2540,.T.);
#2540 = EDGE_LOOP('',(#2541,#2550,#2551,#2552));
#2541 = ORIENTED_EDGE('',*,*,#2542,.T.);
#2542 = EDGE_CURVE('',#2543,#2493,#2545,.T.);
#2543 = VERTEX_POINT('',#2544);
#2544 = CARTESIAN_POINT('',(253.95135753241,202.50804120134,
    7.151049870342));
#2545 = B_SPLINE_CURVE_WITH_KNOTS('',3,(#2546,#2547,#2548,#2549),
  .UNSPECIFIED.,.F.,.F.,(4,4),(2.612483164356E-02,1.527033087705),
  .PIECEWISE_BEZIER_KNOTS.);
#2546 = CARTESIAN_POINT('',(253.95135753241,202.50804120134,
    7.151049870342));
#2547 = CARTESIAN_POINT('',(253.95135753241,203.00804120134,
    7.168452274756));
#2548 = CARTESIAN_POINT('',(253.95135753241,203.50804120133,
    7.18585467917));
#2549 = CARTESIAN_POINT('',(253.95135753241,204.00804120134,
    7.203257083584));
#2550 = ORIENTED_EDGE('',*,*,#2503,.F.);
#2551 = ORIENTED_EDGE('',*,*,#2250,.F.);
#2552 = ORIENTED_EDGE('',*,*,#2553,.T.);
#2553 = EDGE_CURVE('',#2243,#2543,#2554,.T.);
#2554 = LINE('',#2555,#2556);
#2555 = CARTESIAN_POINT('',(253.95135753241,202.50804120134,9.526779E-11
    ));
#2556 = VECTOR('',#2557,1.);
#2557 = DIRECTION('',(0.,0.,1.));
#2558 = PLANE('',#2559);
#2559 = AXIS2_PLACEMENT_3D('',#2560,#2561,#2562);
#2560 = CARTESIAN_POINT('',(253.95135753241,204.00804120134,9.526779E-11
    ));
#2561 = DIRECTION('',(-1.,0.,0.));
#2562 = DIRECTION('',(0.,-1.,3.1E-16));
#2563 = ADVANCED_FACE('',(#2564),#2585,.T.);
#2564 = FACE_BOUND('',#2565,.T.);
#2565 = EDGE_LOOP('',(#2566,#2577,#2578,#2579));
#2566 = ORIENTED_EDGE('',*,*,#2567,.T.);
#2567 = EDGE_CURVE('',#2568,#2543,#2570,.T.);
#2568 = VERTEX_POINT('',#2569);
#2569 = CARTESIAN_POINT('',(252.95135753241,202.50804120134,
    7.151017746059));
#2570 = B_SPLINE_CURVE_WITH_KNOTS('',3,(#2571,#2572,#2573,#2574,#2575,
    #2576),.UNSPECIFIED.,.F.,.F.,(4,2,4),(1.543040830697,2.04304444096,
    2.543039965867),.UNSPECIFIED.);
#2571 = CARTESIAN_POINT('',(252.95135753242,202.50804120134,
    7.151017746059));
#2572 = CARTESIAN_POINT('',(253.11802555702,202.50804120134,
    7.15071302711));
#2573 = CARTESIAN_POINT('',(253.28469371889,202.50804120134,
    7.150563369909));
#2574 = CARTESIAN_POINT('',(253.61802676397,202.50804120134,
    7.150574106176));
#2575 = CARTESIAN_POINT('',(253.78469222138,202.50804120134,
    7.15073449465));
#2576 = CARTESIAN_POINT('',(253.95135753242,202.50804120134,
    7.151049870342));
#2577 = ORIENTED_EDGE('',*,*,#2553,.F.);
#2578 = ORIENTED_EDGE('',*,*,#2242,.F.);
#2579 = ORIENTED_EDGE('',*,*,#2580,.T.);
#2580 = EDGE_CURVE('',#2235,#2568,#2581,.T.);
#2581 = LINE('',#2582,#2583);
#2582 = CARTESIAN_POINT('',(252.95135753241,202.50804120134,9.526779E-11
    ));
#2583 = VECTOR('',#2584,1.);
#2584 = DIRECTION('',(0.,0.,1.));
#2585 = PLANE('',#2586);
#2586 = AXIS2_PLACEMENT_3D('',#2587,#2588,#2589);
#2587 = CARTESIAN_POINT('',(253.95135753241,202.50804120134,9.526868E-11
    ));
#2588 = DIRECTION('',(0.,1.,0.));
#2589 = DIRECTION('',(-1.,0.,0.));
#2590 = ADVANCED_FACE('',(#2591),#2603,.T.);
#2591 = FACE_BOUND('',#2592,.T.);
#2592 = EDGE_LOOP('',(#2593,#2600,#2601,#2602));
#2593 = ORIENTED_EDGE('',*,*,#2594,.T.);
#2594 = EDGE_CURVE('',#2518,#2568,#2595,.T.);
#2595 = B_SPLINE_CURVE_WITH_KNOTS('',3,(#2596,#2597,#2598,#2599),
  .UNSPECIFIED.,.F.,.F.,(4,4),(2.515436807362,4.016345063465),
  .PIECEWISE_BEZIER_KNOTS.);
#2596 = CARTESIAN_POINT('',(252.95135753241,204.00804120134,
    7.203224959197));
#2597 = CARTESIAN_POINT('',(252.95135753241,203.50804120132,
    7.185822554817));
#2598 = CARTESIAN_POINT('',(252.95135753241,203.00804120131,
    7.168420150437));
#2599 = CARTESIAN_POINT('',(252.95135753241,202.5080412013,
    7.151017746057));
#2600 = ORIENTED_EDGE('',*,*,#2580,.F.);
#2601 = ORIENTED_EDGE('',*,*,#2234,.F.);
#2602 = ORIENTED_EDGE('',*,*,#2526,.T.);
#2603 = PLANE('',#2604);
#2604 = AXIS2_PLACEMENT_3D('',#2605,#2606,#2607);
#2605 = CARTESIAN_POINT('',(252.95135753241,205.00804120134,9.526691E-11
    ));
#2606 = DIRECTION('',(1.,0.,0.));
#2607 = DIRECTION('',(0.,1.,-3.1E-16));
#2608 = ADVANCED_FACE('',(#2609),#2623,.F.);
#2609 = FACE_BOUND('',#2610,.F.);
#2610 = EDGE_LOOP('',(#2611,#2612,#2613,#2614,#2615,#2616,#2617,#2618,
    #2619,#2620,#2621,#2622));
#2611 = ORIENTED_EDGE('',*,*,#2363,.T.);
#2612 = ORIENTED_EDGE('',*,*,#2413,.T.);
#2613 = ORIENTED_EDGE('',*,*,#2465,.T.);
#2614 = ORIENTED_EDGE('',*,*,#2517,.T.);
#2615 = ORIENTED_EDGE('',*,*,#2594,.T.);
#2616 = ORIENTED_EDGE('',*,*,#2567,.T.);
#2617 = ORIENTED_EDGE('',*,*,#2542,.T.);
#2618 = ORIENTED_EDGE('',*,*,#2492,.T.);
#2619 = ORIENTED_EDGE('',*,*,#2438,.T.);
#2620 = ORIENTED_EDGE('',*,*,#2388,.T.);
#2621 = ORIENTED_EDGE('',*,*,#2338,.T.);
#2622 = ORIENTED_EDGE('',*,*,#2304,.T.);
#2623 = B_SPLINE_SURFACE_WITH_KNOTS('',3,3,(
    (#2624,#2625,#2626,#2627)
    ,(#2628,#2629,#2630,#2631)
    ,(#2632,#2633,#2634,#2635)
    ,(#2636,#2637,#2638,#2639
    )),.UNSPECIFIED.,.F.,.F.,.F.,(4,4),(4,4),(7.18961139135E-02,
    8.683528066722E-02),(8.483421594744E-02,9.968407260605E-02),
  .PIECEWISE_BEZIER_KNOTS.);
#2624 = CARTESIAN_POINT('',(251.45135748587,206.50780136115,
    7.297158775914));
#2625 = CARTESIAN_POINT('',(252.78464446973,206.50814495275,
    7.287287531579));
#2626 = CARTESIAN_POINT('',(254.11805073878,206.50814333586,
    7.287334700883));
#2627 = CARTESIAN_POINT('',(255.45135750449,206.50779711348,
    7.297282958315));
#2628 = CARTESIAN_POINT('',(251.45135751069,205.1744623946,
    7.250752168127));
#2629 = CARTESIAN_POINT('',(252.78464449455,205.17480598619,
    7.240880923792));
#2630 = CARTESIAN_POINT('',(254.1180507636,205.1748043693,7.240928093097
    ));
#2631 = CARTESIAN_POINT('',(255.45135752931,205.17445814693,
    7.250876350528));
#2632 = CARTESIAN_POINT('',(251.45135753551,203.84112342804,
    7.20434556034));
#2633 = CARTESIAN_POINT('',(252.78464451937,203.84146701963,
    7.194474316005));
#2634 = CARTESIAN_POINT('',(254.11805078843,203.84146540274,
    7.19452148531));
#2635 = CARTESIAN_POINT('',(255.45135755413,203.84111918036,
    7.204469742741));
#2636 = CARTESIAN_POINT('',(251.45135756034,202.50778446148,
    7.157938952553));
#2637 = CARTESIAN_POINT('',(252.7846445442,202.50812805307,
    7.148067708219));
#2638 = CARTESIAN_POINT('',(254.11805081325,202.50812643618,
    7.148114877523));
#2639 = CARTESIAN_POINT('',(255.45135757896,202.50778021381,
    7.158063134955));
#2640 = ADVANCED_FACE('',(#2641),#2676,.T.);
#2641 = FACE_BOUND('',#2642,.T.);
#2642 = EDGE_LOOP('',(#2643,#2654,#2662,#2670));
#2643 = ORIENTED_EDGE('',*,*,#2644,.T.);
#2644 = EDGE_CURVE('',#2645,#2647,#2649,.T.);
#2645 = VERTEX_POINT('',#2646);
#2646 = CARTESIAN_POINT('',(241.00135753241,204.00804120135,
    7.490999249696));
#2647 = VERTEX_POINT('',#2648);
#2648 = CARTESIAN_POINT('',(241.00135753241,202.50804120134,7.4387920378
    ));
#2649 = B_SPLINE_CURVE_WITH_KNOTS('',3,(#2650,#2651,#2652,#2653),
  .UNSPECIFIED.,.F.,.F.,(4,4),(2.515450626084,4.016358882106),
  .PIECEWISE_BEZIER_KNOTS.);
#2650 = CARTESIAN_POINT('',(241.00135753241,204.00804120135,
    7.490999249695));
#2651 = CARTESIAN_POINT('',(241.00135753241,203.50804120135,
    7.47359684573));
#2652 = CARTESIAN_POINT('',(241.00135753241,203.00804120135,
    7.456194441765));
#2653 = CARTESIAN_POINT('',(241.00135753241,202.50804120134,7.4387920378
    ));
#2654 = ORIENTED_EDGE('',*,*,#2655,.F.);
#2655 = EDGE_CURVE('',#2656,#2647,#2658,.T.);
#2656 = VERTEX_POINT('',#2657);
#2657 = CARTESIAN_POINT('',(241.00135753241,202.50804120134,
    0.200000000095));
#2658 = LINE('',#2659,#2660);
#2659 = CARTESIAN_POINT('',(241.00135753241,202.50804120134,9.526779E-11
    ));
#2660 = VECTOR('',#2661,1.);
#2661 = DIRECTION('',(0.,0.,1.));
#2662 = ORIENTED_EDGE('',*,*,#2663,.F.);
#2663 = EDGE_CURVE('',#2664,#2656,#2666,.T.);
#2664 = VERTEX_POINT('',#2665);
#2665 = CARTESIAN_POINT('',(241.00135753241,204.00804120134,
    0.200000000095));
#2666 = LINE('',#2667,#2668);
#2667 = CARTESIAN_POINT('',(241.00135753241,200.26202744685,
    0.200000000095));
#2668 = VECTOR('',#2669,1.);
#2669 = DIRECTION('',(0.,-1.,3.1E-16));
#2670 = ORIENTED_EDGE('',*,*,#2671,.T.);
#2671 = EDGE_CURVE('',#2664,#2645,#2672,.T.);
#2672 = LINE('',#2673,#2674);
#2673 = CARTESIAN_POINT('',(241.00135753241,204.00804120134,9.526779E-11
    ));
#2674 = VECTOR('',#2675,1.);
#2675 = DIRECTION('',(0.,0.,1.));
#2676 = PLANE('',#2677);
#2677 = AXIS2_PLACEMENT_3D('',#2678,#2679,#2680);
#2678 = CARTESIAN_POINT('',(241.00135753241,205.00804120134,9.526691E-11
    ));
#2679 = DIRECTION('',(1.,0.,0.));
#2680 = DIRECTION('',(0.,1.,-3.1E-16));
#2681 = ADVANCED_FACE('',(#2682),#2710,.T.);
#2682 = FACE_BOUND('',#2683,.T.);
#2683 = EDGE_LOOP('',(#2684,#2695,#2703,#2709));
#2684 = ORIENTED_EDGE('',*,*,#2685,.T.);
#2685 = EDGE_CURVE('',#2647,#2686,#2688,.T.);
#2686 = VERTEX_POINT('',#2687);
#2687 = CARTESIAN_POINT('',(242.0013575324,202.50804120134,7.39431790771
    ));
#2688 = B_SPLINE_CURVE_WITH_KNOTS('',3,(#2689,#2690,#2691,#2692,#2693,
    #2694),.UNSPECIFIED.,.F.,.F.,(4,2,4),(1.562689974142,2.044885755591,
    2.563677554559),.UNSPECIFIED.);
#2689 = CARTESIAN_POINT('',(241.00135753241,202.50804120134,
    7.438792037802));
#2690 = CARTESIAN_POINT('',(241.16191759541,202.50804120134,
    7.43135207066));
#2691 = CARTESIAN_POINT('',(241.32248417885,202.50804120134,
    7.424055937816));
#2692 = CARTESIAN_POINT('',(241.65581620379,202.50804120134,
    7.409208571461));
#2693 = CARTESIAN_POINT('',(241.82858324243,202.50804120134,
    7.401679974679));
#2694 = CARTESIAN_POINT('',(242.00135753241,202.50804120134,
    7.394317907711));
#2695 = ORIENTED_EDGE('',*,*,#2696,.F.);
#2696 = EDGE_CURVE('',#2697,#2686,#2699,.T.);
#2697 = VERTEX_POINT('',#2698);
#2698 = CARTESIAN_POINT('',(242.00135753241,202.50804120134,
    0.200000000095));
#2699 = LINE('',#2700,#2701);
#2700 = CARTESIAN_POINT('',(242.00135753241,202.50804120134,9.526779E-11
    ));
#2701 = VECTOR('',#2702,1.);
#2702 = DIRECTION('',(0.,0.,1.));
#2703 = ORIENTED_EDGE('',*,*,#2704,.F.);
#2704 = EDGE_CURVE('',#2656,#2697,#2705,.T.);
#2705 = LINE('',#2706,#2707);
#2706 = CARTESIAN_POINT('',(237.25135753241,202.50804120134,
    0.200000000095));
#2707 = VECTOR('',#2708,1.);
#2708 = DIRECTION('',(1.,0.,0.));
#2709 = ORIENTED_EDGE('',*,*,#2655,.T.);
#2710 = PLANE('',#2711);
#2711 = AXIS2_PLACEMENT_3D('',#2712,#2713,#2714);
#2712 = CARTESIAN_POINT('',(242.00135753241,202.50804120134,9.526868E-11
    ));
#2713 = DIRECTION('',(0.,1.,0.));
#2714 = DIRECTION('',(-1.,0.,0.));
#2715 = ADVANCED_FACE('',(#2716),#2742,.T.);
#2716 = FACE_BOUND('',#2717,.T.);
#2717 = EDGE_LOOP('',(#2718,#2727,#2735,#2741));
#2718 = ORIENTED_EDGE('',*,*,#2719,.T.);
#2719 = EDGE_CURVE('',#2686,#2720,#2722,.T.);
#2720 = VERTEX_POINT('',#2721);
#2721 = CARTESIAN_POINT('',(242.00135753241,204.00804120134,
    7.446525119709));
#2722 = B_SPLINE_CURVE_WITH_KNOTS('',3,(#2723,#2724,#2725,#2726),
  .UNSPECIFIED.,.F.,.F.,(4,4),(2.610515292291E-02,1.527013408949),
  .PIECEWISE_BEZIER_KNOTS.);
#2723 = CARTESIAN_POINT('',(242.00135753241,202.50804120134,
    7.39431790771));
#2724 = CARTESIAN_POINT('',(242.00135753241,203.00804120134,
    7.41172031171));
#2725 = CARTESIAN_POINT('',(242.00135753241,203.50804120134,
    7.429122715709));
#2726 = CARTESIAN_POINT('',(242.00135753241,204.00804120134,
    7.446525119709));
#2727 = ORIENTED_EDGE('',*,*,#2728,.F.);
#2728 = EDGE_CURVE('',#2729,#2720,#2731,.T.);
#2729 = VERTEX_POINT('',#2730);
#2730 = CARTESIAN_POINT('',(242.00135753241,204.00804120134,
    0.200000000095));
#2731 = LINE('',#2732,#2733);
#2732 = CARTESIAN_POINT('',(242.00135753241,204.00804120134,9.526779E-11
    ));
#2733 = VECTOR('',#2734,1.);
#2734 = DIRECTION('',(0.,0.,1.));
#2735 = ORIENTED_EDGE('',*,*,#2736,.F.);
#2736 = EDGE_CURVE('',#2697,#2729,#2737,.T.);
#2737 = LINE('',#2738,#2739);
#2738 = CARTESIAN_POINT('',(242.00135753241,199.76202744685,
    0.200000000095));
#2739 = VECTOR('',#2740,1.);
#2740 = DIRECTION('',(0.,1.,-3.1E-16));
#2741 = ORIENTED_EDGE('',*,*,#2696,.T.);
#2742 = PLANE('',#2743);
#2743 = AXIS2_PLACEMENT_3D('',#2744,#2745,#2746);
#2744 = CARTESIAN_POINT('',(242.00135753241,204.00804120134,9.526779E-11
    ));
#2745 = DIRECTION('',(-1.,0.,0.));
#2746 = DIRECTION('',(0.,-1.,3.1E-16));
#2747 = ADVANCED_FACE('',(#2748),#2774,.T.);
#2748 = FACE_BOUND('',#2749,.T.);
#2749 = EDGE_LOOP('',(#2750,#2759,#2760,#2768));
#2750 = ORIENTED_EDGE('',*,*,#2751,.T.);
#2751 = EDGE_CURVE('',#2752,#2645,#2754,.T.);
#2752 = VERTEX_POINT('',#2753);
#2753 = CARTESIAN_POINT('',(239.50135753241,204.00804120134,
    7.564699905493));
#2754 = B_SPLINE_CURVE_WITH_KNOTS('',3,(#2755,#2756,#2757,#2758),
  .UNSPECIFIED.,.F.,.F.,(4,4),(6.088276582214E-02,1.562690002098),
  .PIECEWISE_BEZIER_KNOTS.);
#2755 = CARTESIAN_POINT('',(239.50135753241,204.00804120134,
    7.564699905493));
#2756 = CARTESIAN_POINT('',(240.00128650588,204.00804120134,
    7.538738290752));
#2757 = CARTESIAN_POINT('',(240.50129039425,204.00804120134,
    7.514171158073));
#2758 = CARTESIAN_POINT('',(241.00135753241,204.00804120134,
    7.490999249697));
#2759 = ORIENTED_EDGE('',*,*,#2671,.F.);
#2760 = ORIENTED_EDGE('',*,*,#2761,.F.);
#2761 = EDGE_CURVE('',#2762,#2664,#2764,.T.);
#2762 = VERTEX_POINT('',#2763);
#2763 = CARTESIAN_POINT('',(239.50135753241,204.00804120134,
    0.200000000095));
#2764 = LINE('',#2765,#2766);
#2765 = CARTESIAN_POINT('',(236.75135753241,204.00804120134,
    0.200000000095));
#2766 = VECTOR('',#2767,1.);
#2767 = DIRECTION('',(1.,0.,0.));
#2768 = ORIENTED_EDGE('',*,*,#2769,.T.);
#2769 = EDGE_CURVE('',#2762,#2752,#2770,.T.);
#2770 = LINE('',#2771,#2772);
#2771 = CARTESIAN_POINT('',(239.50135753241,204.00804120134,9.526779E-11
    ));
#2772 = VECTOR('',#2773,1.);
#2773 = DIRECTION('',(0.,0.,1.));
#2774 = PLANE('',#2775);
#2775 = AXIS2_PLACEMENT_3D('',#2776,#2777,#2778);
#2776 = CARTESIAN_POINT('',(241.00135753241,204.00804120134,9.526779E-11
    ));
#2777 = DIRECTION('',(0.,1.,0.));
#2778 = DIRECTION('',(-1.,0.,0.));
#2779 = ADVANCED_FACE('',(#2780),#2806,.T.);
#2780 = FACE_BOUND('',#2781,.T.);
#2781 = EDGE_LOOP('',(#2782,#2791,#2799,#2805));
#2782 = ORIENTED_EDGE('',*,*,#2783,.T.);
#2783 = EDGE_CURVE('',#2720,#2784,#2786,.T.);
#2784 = VERTEX_POINT('',#2785);
#2785 = CARTESIAN_POINT('',(243.50135753241,204.00804120134,
    7.386799954622));
#2786 = B_SPLINE_CURVE_WITH_KNOTS('',3,(#2787,#2788,#2789,#2790),
  .UNSPECIFIED.,.F.,.F.,(4,4),(2.563677582514,4.064863970089),
  .PIECEWISE_BEZIER_KNOTS.);
#2787 = CARTESIAN_POINT('',(242.00135753241,204.00804120134,
    7.44652511971));
#2788 = CARTESIAN_POINT('',(242.50130069413,204.00804120134,
    7.425222094658));
#2789 = CARTESIAN_POINT('',(243.00130457164,204.00804120134,
    7.405313429961));
#2790 = CARTESIAN_POINT('',(243.50135753241,204.00804120134,
    7.386799954622));
#2791 = ORIENTED_EDGE('',*,*,#2792,.F.);
#2792 = EDGE_CURVE('',#2793,#2784,#2795,.T.);
#2793 = VERTEX_POINT('',#2794);
#2794 = CARTESIAN_POINT('',(243.50135753241,204.00804120134,
    0.200000000095));
#2795 = LINE('',#2796,#2797);
#2796 = CARTESIAN_POINT('',(243.50135753241,204.00804120134,9.526779E-11
    ));
#2797 = VECTOR('',#2798,1.);
#2798 = DIRECTION('',(0.,0.,1.));
#2799 = ORIENTED_EDGE('',*,*,#2800,.F.);
#2800 = EDGE_CURVE('',#2729,#2793,#2801,.T.);
#2801 = LINE('',#2802,#2803);
#2802 = CARTESIAN_POINT('',(236.75135753241,204.00804120134,
    0.200000000095));
#2803 = VECTOR('',#2804,1.);
#2804 = DIRECTION('',(1.,0.,0.));
#2805 = ORIENTED_EDGE('',*,*,#2728,.T.);
#2806 = PLANE('',#2807);
#2807 = AXIS2_PLACEMENT_3D('',#2808,#2809,#2810);
#2808 = CARTESIAN_POINT('',(241.00135753241,204.00804120134,9.526779E-11
    ));
#2809 = DIRECTION('',(0.,1.,0.));
#2810 = DIRECTION('',(-1.,0.,0.));
#2811 = ADVANCED_FACE('',(#2812),#2840,.T.);
#2812 = FACE_BOUND('',#2813,.T.);
#2813 = EDGE_LOOP('',(#2814,#2825,#2826,#2834));
#2814 = ORIENTED_EDGE('',*,*,#2815,.T.);
#2815 = EDGE_CURVE('',#2816,#2752,#2818,.T.);
#2816 = VERTEX_POINT('',#2817);
#2817 = CARTESIAN_POINT('',(239.50135753241,205.00804120134,
    7.599504713319));
#2818 = B_SPLINE_CURVE_WITH_KNOTS('',3,(#2819,#2820,#2821,#2822,#2823,
    #2824),.UNSPECIFIED.,.F.,.F.,(4,2,4),(1.512281509203,2.022005515262,
    2.51288701321),.UNSPECIFIED.);
#2819 = CARTESIAN_POINT('',(239.50135753241,205.00804120134,
    7.599504713319));
#2820 = CARTESIAN_POINT('',(239.50135753241,204.83823601704,
    7.593594676512));
#2821 = CARTESIAN_POINT('',(239.50135753241,204.66843083274,
    7.587684639704));
#2822 = CARTESIAN_POINT('',(239.50135753241,204.33509749941,
    7.576083037096));
#2823 = CARTESIAN_POINT('',(239.50135753241,204.17156935037,
    7.570391471295));
#2824 = CARTESIAN_POINT('',(239.50135753241,204.00804120133,
    7.564699905493));
#2825 = ORIENTED_EDGE('',*,*,#2769,.F.);
#2826 = ORIENTED_EDGE('',*,*,#2827,.F.);
#2827 = EDGE_CURVE('',#2828,#2762,#2830,.T.);
#2828 = VERTEX_POINT('',#2829);
#2829 = CARTESIAN_POINT('',(239.50135753241,205.00804120134,
    0.200000000095));
#2830 = LINE('',#2831,#2832);
#2831 = CARTESIAN_POINT('',(239.50135753241,199.76202744685,
    0.200000000095));
#2832 = VECTOR('',#2833,1.);
#2833 = DIRECTION('',(0.,-1.,3.1E-16));
#2834 = ORIENTED_EDGE('',*,*,#2835,.T.);
#2835 = EDGE_CURVE('',#2828,#2816,#2836,.T.);
#2836 = LINE('',#2837,#2838);
#2837 = CARTESIAN_POINT('',(239.50135753241,205.00804120134,9.526691E-11
    ));
#2838 = VECTOR('',#2839,1.);
#2839 = DIRECTION('',(0.,0.,1.));
#2840 = PLANE('',#2841);
#2841 = AXIS2_PLACEMENT_3D('',#2842,#2843,#2844);
#2842 = CARTESIAN_POINT('',(239.50135753241,204.00804120134,9.526779E-11
    ));
#2843 = DIRECTION('',(1.,0.,0.));
#2844 = DIRECTION('',(0.,1.,-3.1E-16));
#2845 = ADVANCED_FACE('',(#2846),#2874,.T.);
#2846 = FACE_BOUND('',#2847,.T.);
#2847 = EDGE_LOOP('',(#2848,#2859,#2867,#2873));
#2848 = ORIENTED_EDGE('',*,*,#2849,.T.);
#2849 = EDGE_CURVE('',#2784,#2850,#2852,.T.);
#2850 = VERTEX_POINT('',#2851);
#2851 = CARTESIAN_POINT('',(243.50135753241,205.00804120134,
    7.421604762725));
#2852 = B_SPLINE_CURVE_WITH_KNOTS('',3,(#2853,#2854,#2855,#2856,#2857,
    #2858),.UNSPECIFIED.,.F.,.F.,(4,2,4),(1.524935916026,2.022005515267,
    2.525541420024),.UNSPECIFIED.);
#2853 = CARTESIAN_POINT('',(243.50135753241,204.00804120137,
    7.386799954623));
#2854 = CARTESIAN_POINT('',(243.50135753241,204.17363080261,
    7.392563268918));
#2855 = CARTESIAN_POINT('',(243.50135753241,204.33922040386,
    7.398326583213));
#2856 = CARTESIAN_POINT('',(243.50135753241,204.67255373718,
    7.409928185914));
#2857 = CARTESIAN_POINT('',(243.50135753241,204.84029746927,
    7.41576647432));
#2858 = CARTESIAN_POINT('',(243.50135753241,205.00804120135,
    7.421604762726));
#2859 = ORIENTED_EDGE('',*,*,#2860,.F.);
#2860 = EDGE_CURVE('',#2861,#2850,#2863,.T.);
#2861 = VERTEX_POINT('',#2862);
#2862 = CARTESIAN_POINT('',(243.50135753241,205.00804120134,
    0.200000000095));
#2863 = LINE('',#2864,#2865);
#2864 = CARTESIAN_POINT('',(243.50135753241,205.00804120134,9.526691E-11
    ));
#2865 = VECTOR('',#2866,1.);
#2866 = DIRECTION('',(0.,0.,1.));
#2867 = ORIENTED_EDGE('',*,*,#2868,.F.);
#2868 = EDGE_CURVE('',#2793,#2861,#2869,.T.);
#2869 = LINE('',#2870,#2871);
#2870 = CARTESIAN_POINT('',(243.50135753241,200.26202744685,
    0.200000000095));
#2871 = VECTOR('',#2872,1.);
#2872 = DIRECTION('',(0.,1.,-3.1E-16));
#2873 = ORIENTED_EDGE('',*,*,#2792,.T.);
#2874 = PLANE('',#2875);
#2875 = AXIS2_PLACEMENT_3D('',#2876,#2877,#2878);
#2876 = CARTESIAN_POINT('',(243.50135753241,205.00804120134,9.526691E-11
    ));
#2877 = DIRECTION('',(-1.,0.,0.));
#2878 = DIRECTION('',(0.,-1.,3.1E-16));
#2879 = ADVANCED_FACE('',(#2880),#2906,.T.);
#2880 = FACE_BOUND('',#2881,.T.);
#2881 = EDGE_LOOP('',(#2882,#2891,#2892,#2900));
#2882 = ORIENTED_EDGE('',*,*,#2883,.T.);
#2883 = EDGE_CURVE('',#2884,#2816,#2886,.T.);
#2884 = VERTEX_POINT('',#2885);
#2885 = CARTESIAN_POINT('',(241.00135753241,205.00804120134,
    7.525804057625));
#2886 = B_SPLINE_CURVE_WITH_KNOTS('',3,(#2887,#2888,#2889,#2890),
  .UNSPECIFIED.,.F.,.F.,(4,4),(2.527457970268,4.029265223552),
  .PIECEWISE_BEZIER_KNOTS.);
#2887 = CARTESIAN_POINT('',(241.0013575324,205.00804120134,
    7.525804057627));
#2888 = CARTESIAN_POINT('',(240.50129039422,205.00804120134,
    7.548975965969));
#2889 = CARTESIAN_POINT('',(240.00128650585,205.00804120134,
    7.573543098614));
#2890 = CARTESIAN_POINT('',(239.50135753241,205.00804120134,
    7.599504713319));
#2891 = ORIENTED_EDGE('',*,*,#2835,.F.);
#2892 = ORIENTED_EDGE('',*,*,#2893,.F.);
#2893 = EDGE_CURVE('',#2894,#2828,#2896,.T.);
#2894 = VERTEX_POINT('',#2895);
#2895 = CARTESIAN_POINT('',(241.00135753241,205.00804120134,
    0.200000000095));
#2896 = LINE('',#2897,#2898);
#2897 = CARTESIAN_POINT('',(236.00135753241,205.00804120134,
    0.200000000095));
#2898 = VECTOR('',#2899,1.);
#2899 = DIRECTION('',(-1.,0.,0.));
#2900 = ORIENTED_EDGE('',*,*,#2901,.T.);
#2901 = EDGE_CURVE('',#2894,#2884,#2902,.T.);
#2902 = LINE('',#2903,#2904);
#2903 = CARTESIAN_POINT('',(241.00135753241,205.00804120134,9.526691E-11
    ));
#2904 = VECTOR('',#2905,1.);
#2905 = DIRECTION('',(0.,0.,1.));
#2906 = PLANE('',#2907);
#2907 = AXIS2_PLACEMENT_3D('',#2908,#2909,#2910);
#2908 = CARTESIAN_POINT('',(239.50135753241,205.00804120134,9.526691E-11
    ));
#2909 = DIRECTION('',(0.,-1.,0.));
#2910 = DIRECTION('',(1.,0.,0.));
#2911 = ADVANCED_FACE('',(#2912),#2938,.T.);
#2912 = FACE_BOUND('',#2913,.T.);
#2913 = EDGE_LOOP('',(#2914,#2923,#2931,#2937));
#2914 = ORIENTED_EDGE('',*,*,#2915,.T.);
#2915 = EDGE_CURVE('',#2850,#2916,#2918,.T.);
#2916 = VERTEX_POINT('',#2917);
#2917 = CARTESIAN_POINT('',(242.00135753241,205.00804120134,
    7.481329927708));
#2918 = B_SPLINE_CURVE_WITH_KNOTS('',3,(#2919,#2920,#2921,#2922),
  .UNSPECIFIED.,.F.,.F.,(4,4),(2.528397376061E-02,1.526470378495),
  .PIECEWISE_BEZIER_KNOTS.);
#2919 = CARTESIAN_POINT('',(243.5013575324,205.00804120134,
    7.421604762725));
#2920 = CARTESIAN_POINT('',(243.00130457163,205.00804120134,
    7.44011823803));
#2921 = CARTESIAN_POINT('',(242.50130069412,205.00804120134,
    7.460026902692));
#2922 = CARTESIAN_POINT('',(242.0013575324,205.00804120134,
    7.481329927709));
#2923 = ORIENTED_EDGE('',*,*,#2924,.F.);
#2924 = EDGE_CURVE('',#2925,#2916,#2927,.T.);
#2925 = VERTEX_POINT('',#2926);
#2926 = CARTESIAN_POINT('',(242.00135753241,205.00804120134,
    0.200000000095));
#2927 = LINE('',#2928,#2929);
#2928 = CARTESIAN_POINT('',(242.00135753241,205.00804120134,9.526691E-11
    ));
#2929 = VECTOR('',#2930,1.);
#2930 = DIRECTION('',(0.,0.,1.));
#2931 = ORIENTED_EDGE('',*,*,#2932,.F.);
#2932 = EDGE_CURVE('',#2861,#2925,#2933,.T.);
#2933 = LINE('',#2934,#2935);
#2934 = CARTESIAN_POINT('',(237.25135753241,205.00804120134,
    0.200000000095));
#2935 = VECTOR('',#2936,1.);
#2936 = DIRECTION('',(-1.,0.,0.));
#2937 = ORIENTED_EDGE('',*,*,#2860,.T.);
#2938 = PLANE('',#2939);
#2939 = AXIS2_PLACEMENT_3D('',#2940,#2941,#2942);
#2940 = CARTESIAN_POINT('',(242.00135753241,205.00804120134,9.526691E-11
    ));
#2941 = DIRECTION('',(0.,-1.,0.));
#2942 = DIRECTION('',(1.,0.,0.));
#2943 = ADVANCED_FACE('',(#2944),#2970,.T.);
#2944 = FACE_BOUND('',#2945,.T.);
#2945 = EDGE_LOOP('',(#2946,#2955,#2956,#2964));
#2946 = ORIENTED_EDGE('',*,*,#2947,.T.);
#2947 = EDGE_CURVE('',#2948,#2884,#2950,.T.);
#2948 = VERTEX_POINT('',#2949);
#2949 = CARTESIAN_POINT('',(241.00135753241,206.50804120134,
    7.57801126952));
#2950 = B_SPLINE_CURVE_WITH_KNOTS('',3,(#2951,#2952,#2953,#2954),
  .UNSPECIFIED.,.F.,.F.,(4,4),(1.393686606657E-02,1.514845122052),
  .PIECEWISE_BEZIER_KNOTS.);
#2951 = CARTESIAN_POINT('',(241.00135753242,206.50804120134,
    7.57801126952));
#2952 = CARTESIAN_POINT('',(241.00135753242,206.00804120135,
    7.560608865555));
#2953 = CARTESIAN_POINT('',(241.00135753241,205.50804120136,
    7.543206461591));
#2954 = CARTESIAN_POINT('',(241.00135753241,205.00804120137,
    7.525804057626));
#2955 = ORIENTED_EDGE('',*,*,#2901,.F.);
#2956 = ORIENTED_EDGE('',*,*,#2957,.F.);
#2957 = EDGE_CURVE('',#2958,#2894,#2960,.T.);
#2958 = VERTEX_POINT('',#2959);
#2959 = CARTESIAN_POINT('',(241.00135753241,206.50804120134,
    0.200000000095));
#2960 = LINE('',#2961,#2962);
#2961 = CARTESIAN_POINT('',(241.00135753241,200.26202744685,
    0.200000000095));
#2962 = VECTOR('',#2963,1.);
#2963 = DIRECTION('',(0.,-1.,3.1E-16));
#2964 = ORIENTED_EDGE('',*,*,#2965,.T.);
#2965 = EDGE_CURVE('',#2958,#2948,#2966,.T.);
#2966 = LINE('',#2967,#2968);
#2967 = CARTESIAN_POINT('',(241.00135753241,206.50804120134,9.526691E-11
    ));
#2968 = VECTOR('',#2969,1.);
#2969 = DIRECTION('',(0.,0.,1.));
#2970 = PLANE('',#2971);
#2971 = AXIS2_PLACEMENT_3D('',#2972,#2973,#2974);
#2972 = CARTESIAN_POINT('',(241.00135753241,205.00804120134,9.526691E-11
    ));
#2973 = DIRECTION('',(1.,0.,0.));
#2974 = DIRECTION('',(0.,1.,-3.1E-16));
#2975 = ADVANCED_FACE('',(#2976),#3002,.T.);
#2976 = FACE_BOUND('',#2977,.T.);
#2977 = EDGE_LOOP('',(#2978,#2987,#2995,#3001));
#2978 = ORIENTED_EDGE('',*,*,#2979,.T.);
#2979 = EDGE_CURVE('',#2916,#2980,#2982,.T.);
#2980 = VERTEX_POINT('',#2981);
#2981 = CARTESIAN_POINT('',(242.00135753241,206.50804120134,
    7.533537139707));
#2982 = B_SPLINE_CURVE_WITH_KNOTS('',3,(#2983,#2984,#2985,#2986),
  .UNSPECIFIED.,.F.,.F.,(4,4),(2.527618912966,4.02852716903),
  .PIECEWISE_BEZIER_KNOTS.);
#2983 = CARTESIAN_POINT('',(242.00135753241,205.00804120134,
    7.481329927708));
#2984 = CARTESIAN_POINT('',(242.00135753241,205.50804120136,
    7.498732331709));
#2985 = CARTESIAN_POINT('',(242.00135753241,206.00804120137,
    7.516134735709));
#2986 = CARTESIAN_POINT('',(242.00135753241,206.50804120139,
    7.533537139709));
#2987 = ORIENTED_EDGE('',*,*,#2988,.F.);
#2988 = EDGE_CURVE('',#2989,#2980,#2991,.T.);
#2989 = VERTEX_POINT('',#2990);
#2990 = CARTESIAN_POINT('',(242.00135753241,206.50804120134,
    0.200000000095));
#2991 = LINE('',#2992,#2993);
#2992 = CARTESIAN_POINT('',(242.00135753241,206.50804120134,9.526691E-11
    ));
#2993 = VECTOR('',#2994,1.);
#2994 = DIRECTION('',(0.,0.,1.));
#2995 = ORIENTED_EDGE('',*,*,#2996,.F.);
#2996 = EDGE_CURVE('',#2925,#2989,#2997,.T.);
#2997 = LINE('',#2998,#2999);
#2998 = CARTESIAN_POINT('',(242.00135753241,201.01202744685,
    0.200000000095));
#2999 = VECTOR('',#3000,1.);
#3000 = DIRECTION('',(0.,1.,-3.1E-16));
#3001 = ORIENTED_EDGE('',*,*,#2924,.T.);
#3002 = PLANE('',#3003);
#3003 = AXIS2_PLACEMENT_3D('',#3004,#3005,#3006);
#3004 = CARTESIAN_POINT('',(242.00135753241,206.50804120134,9.526691E-11
    ));
#3005 = DIRECTION('',(-1.,0.,0.));
#3006 = DIRECTION('',(0.,-1.,3.1E-16));
#3007 = ADVANCED_FACE('',(#3008),#3027,.T.);
#3008 = FACE_BOUND('',#3009,.T.);
#3009 = EDGE_LOOP('',(#3010,#3019,#3020,#3026));
#3010 = ORIENTED_EDGE('',*,*,#3011,.T.);
#3011 = EDGE_CURVE('',#2980,#2948,#3012,.T.);
#3012 = B_SPLINE_CURVE_WITH_KNOTS('',3,(#3013,#3014,#3015,#3016,#3017,
    #3018),.UNSPECIFIED.,.F.,.F.,(4,2,4),(1.526470350545,2.045252025349,
    2.527457942312),.UNSPECIFIED.);
#3013 = CARTESIAN_POINT('',(242.0013575324,206.50804120134,
    7.533537139708));
#3014 = CARTESIAN_POINT('',(241.82858661607,206.50804120134,
    7.540899062874));
#3015 = CARTESIAN_POINT('',(241.65582295079,206.50804120134,
    7.548427509351));
#3016 = CARTESIAN_POINT('',(241.32249092528,206.50804120134,
    7.563274863067));
#3017 = CARTESIAN_POINT('',(241.16192096848,206.50804120134,
    7.570571146123));
#3018 = CARTESIAN_POINT('',(241.0013575324,206.50804120134,
    7.578011269522));
#3019 = ORIENTED_EDGE('',*,*,#2965,.F.);
#3020 = ORIENTED_EDGE('',*,*,#3021,.F.);
#3021 = EDGE_CURVE('',#2989,#2958,#3022,.T.);
#3022 = LINE('',#3023,#3024);
#3023 = CARTESIAN_POINT('',(236.75135753241,206.50804120134,
    0.200000000095));
#3024 = VECTOR('',#3025,1.);
#3025 = DIRECTION('',(-1.,0.,0.));
#3026 = ORIENTED_EDGE('',*,*,#2988,.T.);
#3027 = PLANE('',#3028);
#3028 = AXIS2_PLACEMENT_3D('',#3029,#3030,#3031);
#3029 = CARTESIAN_POINT('',(241.00135753241,206.50804120134,9.526691E-11
    ));
#3030 = DIRECTION('',(0.,-1.,0.));
#3031 = DIRECTION('',(1.,0.,0.));
#3032 = ADVANCED_FACE('',(#3033,#3036),#3050,.T.);
#3033 = FACE_BOUND('',#3034,.T.);
#3034 = EDGE_LOOP('',(#3035));
#3035 = ORIENTED_EDGE('',*,*,#408,.T.);
#3036 = FACE_BOUND('',#3037,.T.);
#3037 = EDGE_LOOP('',(#3038,#3039,#3040,#3041,#3042,#3043,#3044,#3045,
    #3046,#3047,#3048,#3049));
#3038 = ORIENTED_EDGE('',*,*,#2957,.T.);
#3039 = ORIENTED_EDGE('',*,*,#2893,.T.);
#3040 = ORIENTED_EDGE('',*,*,#2827,.T.);
#3041 = ORIENTED_EDGE('',*,*,#2761,.T.);
#3042 = ORIENTED_EDGE('',*,*,#2663,.T.);
#3043 = ORIENTED_EDGE('',*,*,#2704,.T.);
#3044 = ORIENTED_EDGE('',*,*,#2736,.T.);
#3045 = ORIENTED_EDGE('',*,*,#2800,.T.);
#3046 = ORIENTED_EDGE('',*,*,#2868,.T.);
#3047 = ORIENTED_EDGE('',*,*,#2932,.T.);
#3048 = ORIENTED_EDGE('',*,*,#2996,.T.);
#3049 = ORIENTED_EDGE('',*,*,#3021,.T.);
#3050 = PLANE('',#3051);
#3051 = AXIS2_PLACEMENT_3D('',#3052,#3053,#3054);
#3052 = CARTESIAN_POINT('',(232.50135753241,195.51601369235,
    0.200000000095));
#3053 = DIRECTION('',(0.,-3.1E-16,-1.));
#3054 = DIRECTION('',(0.,1.,-3.1E-16));
#3055 = ADVANCED_FACE('',(#3056),#3071,.T.);
#3056 = FACE_BOUND('',#3057,.T.);
#3057 = EDGE_LOOP('',(#3058,#3059,#3060,#3061,#3067,#3068,#3069,#3070));
#3058 = ORIENTED_EDGE('',*,*,#77,.T.);
#3059 = ORIENTED_EDGE('',*,*,#222,.T.);
#3060 = ORIENTED_EDGE('',*,*,#1220,.F.);
#3061 = ORIENTED_EDGE('',*,*,#3062,.F.);
#3062 = EDGE_CURVE('',#1441,#1213,#3063,.T.);
#3063 = LINE('',#3064,#3065);
#3064 = CARTESIAN_POINT('',(233.84991714201,204.36144153412,9.527223E-11
    ));
#3065 = VECTOR('',#3066,1.);
#3066 = DIRECTION('',(1.189133676013E-02,-0.999929295555,-2.E-17));
#3067 = ORIENTED_EDGE('',*,*,#1440,.F.);
#3068 = ORIENTED_EDGE('',*,*,#192,.T.);
#3069 = ORIENTED_EDGE('',*,*,#52,.T.);
#3070 = ORIENTED_EDGE('',*,*,#120,.T.);
#3071 = PLANE('',#3072);
#3072 = AXIS2_PLACEMENT_3D('',#3073,#3074,#3075);
#3073 = CARTESIAN_POINT('',(236.04031641413,204.61558553362,
    6.434036686617));
#3074 = DIRECTION('',(0.946450232904,1.125535424974E-02,-0.322653488492)
  );
#3075 = DIRECTION('',(-1.189133676013E-02,0.999929295555,
    8.673617379884E-19));
#3076 = ADVANCED_FACE('',(#3077),#3114,.T.);
#3077 = FACE_BOUND('',#3078,.T.);
#3078 = EDGE_LOOP('',(#3079,#3089,#3097,#3105));
#3079 = ORIENTED_EDGE('',*,*,#3080,.T.);
#3080 = EDGE_CURVE('',#3081,#3083,#3085,.T.);
#3081 = VERTEX_POINT('',#3082);
#3082 = CARTESIAN_POINT('',(271.43392116448,200.34574031087,
    8.744681783146));
#3083 = VERTEX_POINT('',#3084);
#3084 = CARTESIAN_POINT('',(274.35760753241,195.75804120133,9.527E-11));
#3085 = LINE('',#3086,#3087);
#3086 = CARTESIAN_POINT('',(271.35760753243,200.46548775903,
    8.972934182342));
#3087 = VECTOR('',#3088,1.);
#3088 = DIRECTION('',(0.283887319776,-0.445461462088,-0.84910074518));
#3089 = ORIENTED_EDGE('',*,*,#3090,.F.);
#3090 = EDGE_CURVE('',#3091,#3083,#3093,.T.);
#3091 = VERTEX_POINT('',#3092);
#3092 = CARTESIAN_POINT('',(274.35760753241,213.25804120133,9.527E-11));
#3093 = LINE('',#3094,#3095);
#3094 = CARTESIAN_POINT('',(274.35760753241,195.75804120133,9.527046E-11
    ));
#3095 = VECTOR('',#3096,1.);
#3096 = DIRECTION('',(0.,-1.,0.));
#3097 = ORIENTED_EDGE('',*,*,#3098,.F.);
#3098 = EDGE_CURVE('',#3099,#3091,#3101,.T.);
#3099 = VERTEX_POINT('',#3100);
#3100 = CARTESIAN_POINT('',(271.4308462268,211.01522869067,
    9.110998771508));
#3101 = LINE('',#3102,#3103);
#3102 = CARTESIAN_POINT('',(271.35760753243,210.95910499528,
    9.338990597559));
#3103 = VECTOR('',#3104,1.);
#3104 = DIRECTION('',(0.297772282027,0.228186493438,-0.926964180683));
#3105 = ORIENTED_EDGE('',*,*,#3106,.F.);
#3106 = EDGE_CURVE('',#3081,#3099,#3107,.T.);
#3107 = B_SPLINE_CURVE_WITH_KNOTS('',3,(#3108,#3109,#3110,#3111,#3112,
    #3113),.UNSPECIFIED.,.F.,.F.,(4,1,1,4),(-10.67577543524,
    -7.625553882319,-4.575332329392,-5.297E-14),.UNSPECIFIED.);
#3108 = CARTESIAN_POINT('',(271.43392116448,200.3457403109,
    8.744681783148));
#3109 = CARTESIAN_POINT('',(271.43408631223,201.3628465571,
    8.779545397331));
#3110 = CARTESIAN_POINT('',(271.43305796395,203.39491459378,
    8.849236731772));
#3111 = CARTESIAN_POINT('',(271.43213947462,206.95124888113,
    8.971278941587));
#3112 = CARTESIAN_POINT('',(271.43077050587,209.49232950068,
    9.058301465954));
#3113 = CARTESIAN_POINT('',(271.4308462268,211.01522869063,
    9.110998771506));
#3114 = B_SPLINE_SURFACE_WITH_KNOTS('',3,3,(
    (#3115,#3116,#3117,#3118)
    ,(#3119,#3120,#3121,#3122)
    ,(#3123,#3124,#3125,#3126)
    ,(#3127,#3128,#3129,#3130
    )),.UNSPECIFIED.,.F.,.F.,.F.,(4,4),(4,4),(-7.092E-14,1.),(
    2.440794603083E-02,1.),.PIECEWISE_BEZIER_KNOTS.);
#3115 = CARTESIAN_POINT('',(271.43083137052,211.01521730612,
    9.111045019074));
#3116 = CARTESIAN_POINT('',(272.40642342448,211.76282527118,
    6.074030012748));
#3117 = CARTESIAN_POINT('',(273.38201547845,212.51043323626,
    3.037015006422));
#3118 = CARTESIAN_POINT('',(274.35760753241,213.25804120133,9.527046E-11
    ));
#3119 = CARTESIAN_POINT('',(271.43083137052,210.11863281076,
    9.07988026898));
#3120 = CARTESIAN_POINT('',(272.40642342448,211.12146904299,
    6.053253512685));
#3121 = CARTESIAN_POINT('',(273.38201547845,212.12430527521,
    3.02662675639));
#3122 = CARTESIAN_POINT('',(274.35760753241,213.12714150743,9.527046E-11
    ));
#3123 = CARTESIAN_POINT('',(271.43083137052,201.24717315286,
    8.785088039177));
#3124 = CARTESIAN_POINT('',(272.40642342448,199.46109573364,
    5.856725359483));
#3125 = CARTESIAN_POINT('',(273.38201547845,197.67501831444,
    2.928362679789));
#3126 = CARTESIAN_POINT('',(274.35760753241,195.88894089523,9.527046E-11
    ));
#3127 = CARTESIAN_POINT('',(271.43083137052,200.3505886575,
    8.753923289083));
#3128 = CARTESIAN_POINT('',(272.40642342448,198.81973950544,
    5.83594885942));
#3129 = CARTESIAN_POINT('',(273.38201547845,197.28889035339,
    2.917974429758));
#3130 = CARTESIAN_POINT('',(274.35760753241,195.75804120133,9.527046E-11
    ));
#3131 = ADVANCED_FACE('',(#3132),#3177,.F.);
#3132 = FACE_BOUND('',#3133,.F.);
#3133 = EDGE_LOOP('',(#3134,#3148,#3157,#3169));
#3134 = ORIENTED_EDGE('',*,*,#3135,.F.);
#3135 = EDGE_CURVE('',#3136,#3138,#3140,.T.);
#3136 = VERTEX_POINT('',#3137);
#3137 = CARTESIAN_POINT('',(237.15532306998,198.83258297016,
    8.769677929157));
#3138 = VERTEX_POINT('',#3139);
#3139 = CARTESIAN_POINT('',(235.72197648173,200.33986415336,
    8.913395971252));
#3140 = B_SPLINE_CURVE_WITH_KNOTS('',3,(#3141,#3142,#3143,#3144,#3145,
    #3146,#3147),.UNSPECIFIED.,.F.,.F.,(4,1,1,1,4),(0.,0.657643519886,
    0.986465279829,1.644108799715,2.301752319602),.UNSPECIFIED.);
#3141 = CARTESIAN_POINT('',(237.15532306998,198.83258297016,
    8.769677929156));
#3142 = CARTESIAN_POINT('',(236.93678306124,198.83744630591,
    8.78317265969));
#3143 = CARTESIAN_POINT('',(236.61256825376,198.92702709569,
    8.806492772176));
#3144 = CARTESIAN_POINT('',(236.15976279244,199.23848863821,
    8.846278135526));
#3145 = CARTESIAN_POINT('',(235.82266403765,199.6841715416,
    8.883864663896));
#3146 = CARTESIAN_POINT('',(235.72197278196,200.12078229313,
    8.905771114787));
#3147 = CARTESIAN_POINT('',(235.72197648173,200.33986415331,
    8.91339597125));
#3148 = ORIENTED_EDGE('',*,*,#3149,.F.);
#3149 = EDGE_CURVE('',#3150,#3136,#3152,.T.);
#3150 = VERTEX_POINT('',#3151);
#3151 = CARTESIAN_POINT('',(237.14011676823,198.60604278158,
    8.604976772671));
#3152 = CIRCLE('',#3153,0.25);
#3153 = AXIS2_PLACEMENT_3D('',#3154,#3155,#3156);
#3154 = CARTESIAN_POINT('',(237.14011676823,198.84126280554,
    8.520291825204));
#3155 = DIRECTION('',(-0.99785337253,2.218331063097E-02,
    6.161613148562E-02));
#3156 = DIRECTION('',(-7.531787693527E-13,-0.940880095847,0.338739789868
    ));
#3157 = ORIENTED_EDGE('',*,*,#3158,.F.);
#3158 = EDGE_CURVE('',#3159,#3150,#3161,.T.);
#3159 = VERTEX_POINT('',#3160);
#3160 = CARTESIAN_POINT('',(235.46879389903,200.34574030875,
    8.744681779101));
#3161 = B_SPLINE_CURVE_WITH_KNOTS('',3,(#3162,#3163,#3164,#3165,#3166,
    #3167,#3168),.UNSPECIFIED.,.F.,.F.,(4,1,1,1,4),(-2.301752319602,
    -1.644108799715,-0.986465279829,-0.657643519886,0.),.UNSPECIFIED.);
#3162 = CARTESIAN_POINT('',(235.46879389902,200.3457403087,
    8.744681779104));
#3163 = CARTESIAN_POINT('',(235.47521063352,200.08913954695,
    8.754606243521));
#3164 = CARTESIAN_POINT('',(235.6048007949,199.58849957875,
    8.753909149096));
#3165 = CARTESIAN_POINT('',(235.99450700746,199.08445999753,
    8.721487762079));
#3166 = CARTESIAN_POINT('',(236.51198271158,198.72663060298,
    8.673108473246));
#3167 = CARTESIAN_POINT('',(236.88433606015,198.61686607456,
    8.635039438008));
#3168 = CARTESIAN_POINT('',(237.14011676823,198.60604278158,
    8.60497677267));
#3169 = ORIENTED_EDGE('',*,*,#3170,.F.);
#3170 = EDGE_CURVE('',#3138,#3159,#3171,.T.);
#3171 = B_SPLINE_CURVE_WITH_KNOTS('',3,(#3172,#3173,#3174,#3175,#3176),
  .UNSPECIFIED.,.F.,.F.,(4,1,4),(0.,0.571428571429,1.),.UNSPECIFIED.);
#3172 = CARTESIAN_POINT('',(235.72197648173,200.33986415331,
    8.91339597125));
#3173 = CARTESIAN_POINT('',(235.65979849932,200.33972177066,
    8.917517191737));
#3174 = CARTESIAN_POINT('',(235.54874570106,200.34095884977,
    8.882026642018));
#3175 = CARTESIAN_POINT('',(235.48386820219,200.34420133566,
    8.788893137362));
#3176 = CARTESIAN_POINT('',(235.46879389902,200.3457403087,
    8.744681779104));
#3177 = B_SPLINE_SURFACE_WITH_KNOTS('',3,3,(
    (#3178,#3179,#3180,#3181,#3182,#3183,#3184)
    ,(#3185,#3186,#3187,#3188,#3189,#3190,#3191)
    ,(#3192,#3193,#3194,#3195,#3196,#3197,#3198)
    ,(#3199,#3200,#3201,#3202,#3203,#3204,#3205)
    ,(#3206,#3207,#3208,#3209,#3210,#3211,#3212
  )),.UNSPECIFIED.,.F.,.F.,.F.,(4,1,4),(4,1,1,1,4),(0.,0.571428571429,1.
    ),(0.,0.657643519886,0.986465279829,1.644108799715,2.301752319602),
  .UNSPECIFIED.);
#3178 = CARTESIAN_POINT('',(237.15532306998,198.83258297016,
    8.769677929156));
#3179 = CARTESIAN_POINT('',(236.93678306124,198.83744630591,
    8.78317265969));
#3180 = CARTESIAN_POINT('',(236.61256825376,198.92702709569,
    8.806492772176));
#3181 = CARTESIAN_POINT('',(236.15976279244,199.23848863821,
    8.846278135526));
#3182 = CARTESIAN_POINT('',(235.82266403765,199.6841715416,
    8.883864663896));
#3183 = CARTESIAN_POINT('',(235.72197278196,200.12078229313,
    8.905771114787));
#3184 = CARTESIAN_POINT('',(235.72197648173,200.33986415331,
    8.91339597125));
#3185 = CARTESIAN_POINT('',(237.15394652666,198.77590882011,
    8.767789330906));
#3186 = CARTESIAN_POINT('',(236.92615268886,198.78388083961,
    8.781903284605));
#3187 = CARTESIAN_POINT('',(236.5910050689,198.87922900974,
    8.806054235885));
#3188 = CARTESIAN_POINT('',(236.12331767578,199.20167009357,
    8.847201854868));
#3189 = CARTESIAN_POINT('',(235.77350950512,199.66010907531,
    8.886120347967));
#3190 = CARTESIAN_POINT('',(235.66361157089,200.1111184362,
    8.909213954157));
#3191 = CARTESIAN_POINT('',(235.65979849932,200.33972177066,
    8.917517191737));
#3192 = CARTESIAN_POINT('',(237.14940709708,198.67831995093,
    8.729409107063));
#3193 = CARTESIAN_POINT('',(236.90572155776,198.6914408222,
    8.748458399965));
#3194 = CARTESIAN_POINT('',(236.55151817757,198.79675202291,
    8.776979888568));
#3195 = CARTESIAN_POINT('',(236.05784200998,199.13831799238,
    8.821227059555));
#3196 = CARTESIAN_POINT('',(235.68562233179,199.61919102776,
    8.859796628663));
#3197 = CARTESIAN_POINT('',(235.55932083685,200.09564280029,
    8.878263086372));
#3198 = CARTESIAN_POINT('',(235.54874570106,200.34095884977,
    8.882026642018));
#3199 = CARTESIAN_POINT('',(237.14290273129,198.6204224261,
    8.644917522821));
#3200 = CARTESIAN_POINT('',(236.88959035629,198.63289390733,
    8.671924553131));
#3201 = CARTESIAN_POINT('',(236.52166944313,198.74235825781,
    8.707224441946));
#3202 = CARTESIAN_POINT('',(236.00979691723,199.09656622889,
    8.754515261657));
#3203 = CARTESIAN_POINT('',(235.62368583603,199.59472063508,
    8.788946231589));
#3204 = CARTESIAN_POINT('',(235.49291635202,200.08957067063,
    8.795004518075));
#3205 = CARTESIAN_POINT('',(235.48386820219,200.34420133566,
    8.788893137362));
#3206 = CARTESIAN_POINT('',(237.14011676823,198.60604278158,
    8.60497677267));
#3207 = CARTESIAN_POINT('',(236.88433606015,198.61686607456,
    8.635039438008));
#3208 = CARTESIAN_POINT('',(236.51198271158,198.72663060298,
    8.673108473246));
#3209 = CARTESIAN_POINT('',(235.99450700746,199.08445999753,
    8.721487762079));
#3210 = CARTESIAN_POINT('',(235.6048007949,199.58849957875,
    8.753909149096));
#3211 = CARTESIAN_POINT('',(235.47521063352,200.08913954695,
    8.754606243521));
#3212 = CARTESIAN_POINT('',(235.46879389902,200.3457403087,
    8.744681779104));
#3213 = ADVANCED_FACE('',(#3214),#3242,.F.);
#3214 = FACE_BOUND('',#3215,.F.);
#3215 = EDGE_LOOP('',(#3216,#3225,#3234,#3241));
#3216 = ORIENTED_EDGE('',*,*,#3217,.F.);
#3217 = EDGE_CURVE('',#3218,#3136,#3220,.T.);
#3218 = VERTEX_POINT('',#3219);
#3219 = CARTESIAN_POINT('',(269.74739199472,198.8325829697,
    8.769677929434));
#3220 = B_SPLINE_CURVE_WITH_KNOTS('',3,(#3221,#3222,#3223,#3224),
  .UNSPECIFIED.,.F.,.F.,(4,4),(0.,32.645824299934),
  .PIECEWISE_BEZIER_KNOTS.);
#3221 = CARTESIAN_POINT('',(269.74739199472,198.8325829697,
    8.769677929434));
#3222 = CARTESIAN_POINT('',(258.89893304713,198.59116402526,
    8.099791297612));
#3223 = CARTESIAN_POINT('',(248.00378201763,198.59116402563,
    8.099791298125));
#3224 = CARTESIAN_POINT('',(237.15532306998,198.83258297016,
    8.769677929157));
#3225 = ORIENTED_EDGE('',*,*,#3226,.F.);
#3226 = EDGE_CURVE('',#3227,#3218,#3229,.T.);
#3227 = VERTEX_POINT('',#3228);
#3228 = CARTESIAN_POINT('',(269.76259829648,198.60604278169,
    8.604976772968));
#3229 = CIRCLE('',#3230,0.25);
#3230 = AXIS2_PLACEMENT_3D('',#3231,#3232,#3233);
#3231 = CARTESIAN_POINT('',(269.76259829648,198.84126280564,
    8.520291825501));
#3232 = DIRECTION('',(-0.997853372525,-2.218331065647E-02,
    -6.16161315594E-02));
#3233 = DIRECTION('',(-2.166773704904E-13,-0.940880095847,0.338739789867
    ));
#3234 = ORIENTED_EDGE('',*,*,#3235,.F.);
#3235 = EDGE_CURVE('',#3150,#3227,#3236,.T.);
#3236 = B_SPLINE_CURVE_WITH_KNOTS('',3,(#3237,#3238,#3239,#3240),
  .UNSPECIFIED.,.F.,.F.,(4,4),(-32.64582429993,0.),
  .PIECEWISE_BEZIER_KNOTS.);
#3237 = CARTESIAN_POINT('',(237.14011676823,198.60604278157,
    8.604976772671));
#3238 = CARTESIAN_POINT('',(247.99869872713,198.3646452945,
    7.934473638497));
#3239 = CARTESIAN_POINT('',(258.90401633762,198.36464529432,
    7.934473637991));
#3240 = CARTESIAN_POINT('',(269.76259829647,198.60604278168,
    8.604976772968));
#3241 = ORIENTED_EDGE('',*,*,#3149,.T.);
#3242 = B_SPLINE_SURFACE_WITH_KNOTS('',3,3,(
    (#3243,#3244,#3245,#3246)
    ,(#3247,#3248,#3249,#3250)
    ,(#3251,#3252,#3253,#3254)
    ,(#3255,#3256,#3257,#3258)
    ,(#3259,#3260,#3261,#3262
  )),.UNSPECIFIED.,.F.,.F.,.F.,(4,1,4),(4,4),(0.,0.571428571429,1.),(0.,
    32.645824299934),.UNSPECIFIED.);
#3243 = CARTESIAN_POINT('',(269.74739199472,198.8325829697,
    8.769677929434));
#3244 = CARTESIAN_POINT('',(258.89893304713,198.59116402526,
    8.099791297612));
#3245 = CARTESIAN_POINT('',(248.00378201763,198.59116402563,
    8.099791298125));
#3246 = CARTESIAN_POINT('',(237.15532306998,198.83258297016,
    8.769677929157));
#3247 = CARTESIAN_POINT('',(269.74876853804,198.77590881976,
    8.76778933106));
#3248 = CARTESIAN_POINT('',(258.89940576779,198.53451870221,
    8.097791542029));
#3249 = CARTESIAN_POINT('',(248.00330929697,198.53451870256,
    8.097791542583));
#3250 = CARTESIAN_POINT('',(237.15394652666,198.77590882011,
    8.767789330908));
#3251 = CARTESIAN_POINT('',(269.75330796763,198.67831995085,
    8.729409107142));
#3252 = CARTESIAN_POINT('',(258.90091257153,198.43697885526,
    8.059192124722));
#3253 = CARTESIAN_POINT('',(248.00180249321,198.4369788555,
    8.059192125303));
#3254 = CARTESIAN_POINT('',(237.14940709708,198.67831995093,
    8.729409107066));
#3255 = CARTESIAN_POINT('',(269.75981233342,198.62042242617,
    8.644917523044));
#3256 = CARTESIAN_POINT('',(258.90308476147,198.37905444533,
    7.97449572982));
#3257 = CARTESIAN_POINT('',(247.99963030328,198.37905444551,
    7.974495730353));
#3258 = CARTESIAN_POINT('',(237.14290273129,198.62042242609,
    8.644917522823));
#3259 = CARTESIAN_POINT('',(269.76259829647,198.60604278168,
    8.604976772968));
#3260 = CARTESIAN_POINT('',(258.90401633762,198.36464529432,
    7.934473637991));
#3261 = CARTESIAN_POINT('',(247.99869872713,198.3646452945,
    7.934473638497));
#3262 = CARTESIAN_POINT('',(237.14011676823,198.60604278157,
    8.604976772671));
#3263 = ADVANCED_FACE('',(#3264),#3297,.F.);
#3264 = FACE_BOUND('',#3265,.F.);
#3265 = EDGE_LOOP('',(#3266,#3276,#3277,#3289));
#3266 = ORIENTED_EDGE('',*,*,#3267,.F.);
#3267 = EDGE_CURVE('',#3227,#3081,#3268,.T.);
#3268 = B_SPLINE_CURVE_WITH_KNOTS('',3,(#3269,#3270,#3271,#3272,#3273,
    #3274,#3275),.UNSPECIFIED.,.F.,.F.,(4,1,1,1,4),(-2.301752320872,
    -1.972930560747,-1.315287040498,-0.657643520249,4.813E-14),
  .UNSPECIFIED.);
#3269 = CARTESIAN_POINT('',(269.76259829648,198.60604278169,
    8.604976772969));
#3270 = CARTESIAN_POINT('',(269.89048865059,198.61145442818,
    8.620008105654));
#3271 = CARTESIAN_POINT('',(270.26967669926,198.67450496606,
    8.661419261552));
#3272 = CARTESIAN_POINT('',(270.83080964077,198.98369541364,
    8.71490884618));
#3273 = CARTESIAN_POINT('',(271.29784776738,199.58849609781,
    8.753927621881));
#3274 = CARTESIAN_POINT('',(271.42750443017,200.08913954904,
    8.75460624701));
#3275 = CARTESIAN_POINT('',(271.43392116448,200.34574031087,
    8.744681783146));
#3276 = ORIENTED_EDGE('',*,*,#3226,.T.);
#3277 = ORIENTED_EDGE('',*,*,#3278,.F.);
#3278 = EDGE_CURVE('',#3279,#3218,#3281,.T.);
#3279 = VERTEX_POINT('',#3280);
#3280 = CARTESIAN_POINT('',(271.18073858171,200.33986415487,
    8.913395975272));
#3281 = B_SPLINE_CURVE_WITH_KNOTS('',3,(#3282,#3283,#3284,#3285,#3286,
    #3287,#3288),.UNSPECIFIED.,.F.,.F.,(4,1,1,1,4),(-4.813E-14,
    0.657643520249,1.315287040498,1.972930560747,2.301752320872),
  .UNSPECIFIED.);
#3282 = CARTESIAN_POINT('',(271.18073858171,200.33986415487,
    8.913395975272));
#3283 = CARTESIAN_POINT('',(271.18074228167,200.12078229457,
    8.905771118276));
#3284 = CARTESIAN_POINT('',(271.07998058757,199.68420573642,
    8.883863095422));
#3285 = CARTESIAN_POINT('',(270.6760075206,199.14909395345,
    8.838772885194));
#3286 = CARTESIAN_POINT('',(270.18366895129,198.88287903901,
    8.798230470325));
#3287 = CARTESIAN_POINT('',(269.85666199915,198.83501463758,
    8.776425294713));
#3288 = CARTESIAN_POINT('',(269.74739199473,198.83258296971,
    8.769677929435));
#3289 = ORIENTED_EDGE('',*,*,#3290,.T.);
#3290 = EDGE_CURVE('',#3279,#3081,#3291,.T.);
#3291 = B_SPLINE_CURVE_WITH_KNOTS('',3,(#3292,#3293,#3294,#3295,#3296),
  .UNSPECIFIED.,.F.,.F.,(4,1,4),(0.,0.571428571429,1.),.UNSPECIFIED.);
#3292 = CARTESIAN_POINT('',(271.18073858171,200.33986415487,
    8.913395975272));
#3293 = CARTESIAN_POINT('',(271.24291656413,200.33972177226,
    8.917517195776));
#3294 = CARTESIAN_POINT('',(271.35396936242,200.34095885155,
    8.882026646075));
#3295 = CARTESIAN_POINT('',(271.41884686131,200.34420133772,
    8.788893141409));
#3296 = CARTESIAN_POINT('',(271.43392116448,200.34574031087,
    8.744681783146));
#3297 = B_SPLINE_SURFACE_WITH_KNOTS('',3,3,(
    (#3298,#3299,#3300,#3301,#3302,#3303,#3304)
    ,(#3305,#3306,#3307,#3308,#3309,#3310,#3311)
    ,(#3312,#3313,#3314,#3315,#3316,#3317,#3318)
    ,(#3319,#3320,#3321,#3322,#3323,#3324,#3325)
    ,(#3326,#3327,#3328,#3329,#3330,#3331,#3332
  )),.UNSPECIFIED.,.F.,.F.,.F.,(4,1,4),(4,1,1,1,4),(0.,0.571428571429,1.
    ),(-4.813E-14,0.657643520249,1.315287040498,1.972930560747,
    2.301752320872),.UNSPECIFIED.);
#3298 = CARTESIAN_POINT('',(271.18073858171,200.33986415487,
    8.913395975272));
#3299 = CARTESIAN_POINT('',(271.18074228167,200.12078229457,
    8.905771118276));
#3300 = CARTESIAN_POINT('',(271.07998058757,199.68420573642,
    8.883863095422));
#3301 = CARTESIAN_POINT('',(270.6760075206,199.14909395345,
    8.838772885194));
#3302 = CARTESIAN_POINT('',(270.18366895129,198.88287903901,
    8.798230470325));
#3303 = CARTESIAN_POINT('',(269.85666199915,198.83501463758,
    8.776425294713));
#3304 = CARTESIAN_POINT('',(269.74739199473,198.83258296971,
    8.769677929435));
#3305 = CARTESIAN_POINT('',(271.24291656413,200.33972177226,
    8.917517195776));
#3306 = CARTESIAN_POINT('',(271.23910349275,200.11111843769,
    8.909213957636));
#3307 = CARTESIAN_POINT('',(271.1291448802,199.66014090988,
    8.886121249069));
#3308 = CARTESIAN_POINT('',(270.70987459828,199.10977138562,
    8.83942336423));
#3309 = CARTESIAN_POINT('',(270.20201891431,198.83308888459,
    8.797532627771));
#3310 = CARTESIAN_POINT('',(269.86266545701,198.77989482952,
    8.774846307925));
#3311 = CARTESIAN_POINT('',(269.74876853805,198.77590881977,
    8.767789331061));
#3312 = CARTESIAN_POINT('',(271.35396936242,200.34095885155,
    8.882026646075));
#3313 = CARTESIAN_POINT('',(271.3433942268,200.095642802,8.878263089847)
  );
#3314 = CARTESIAN_POINT('',(271.21704210621,199.61921401016,
    8.85980233091));
#3315 = CARTESIAN_POINT('',(270.77083468672,199.04203523378,
    8.813479385915));
#3316 = CARTESIAN_POINT('',(270.23586879216,198.74713363713,
    8.767408493551));
#3317 = CARTESIAN_POINT('',(269.87515073735,198.6848803865,
    8.738933753612));
#3318 = CARTESIAN_POINT('',(269.75330796764,198.67831995086,
    8.729409107145));
#3319 = CARTESIAN_POINT('',(271.41884686131,200.34420133772,
    8.788893141409));
#3320 = CARTESIAN_POINT('',(271.40979871166,200.0895706726,
    8.795004521559));
#3321 = CARTESIAN_POINT('',(271.2789729182,199.59472764903,
    8.788962323742));
#3322 = CARTESIAN_POINT('',(270.81617308693,198.99693294172,
    8.747539341518));
#3323 = CARTESIAN_POINT('',(270.261450008,198.69071817435,8.6961539263)
  );
#3324 = CARTESIAN_POINT('',(269.88646852098,198.6266581668,
    8.658421038215));
#3325 = CARTESIAN_POINT('',(269.75981233342,198.62042242618,
    8.644917523045));
#3326 = CARTESIAN_POINT('',(271.43392116448,200.34574031087,
    8.744681783146));
#3327 = CARTESIAN_POINT('',(271.42750443017,200.08913954904,
    8.75460624701));
#3328 = CARTESIAN_POINT('',(271.29784776738,199.58849609781,
    8.753927621881));
#3329 = CARTESIAN_POINT('',(270.83080964077,198.98369541364,
    8.71490884618));
#3330 = CARTESIAN_POINT('',(270.26967669926,198.67450496606,
    8.661419261552));
#3331 = CARTESIAN_POINT('',(269.89048865059,198.61145442818,
    8.620008105654));
#3332 = CARTESIAN_POINT('',(269.76259829648,198.60604278169,
    8.604976772969));
#3333 = ADVANCED_FACE('',(#3334),#3364,.F.);
#3334 = FACE_BOUND('',#3335,.F.);
#3335 = EDGE_LOOP('',(#3336,#3346,#3355,#3363));
#3336 = ORIENTED_EDGE('',*,*,#3337,.F.);
#3337 = EDGE_CURVE('',#3338,#3159,#3340,.T.);
#3338 = VERTEX_POINT('',#3339);
#3339 = CARTESIAN_POINT('',(235.47186882857,211.01522869792,
    9.110998741975));
#3340 = B_SPLINE_CURVE_WITH_KNOTS('',3,(#3341,#3342,#3343,#3344,#3345),
  .UNSPECIFIED.,.F.,.F.,(4,1,4),(-10.67577544372,-4.575332333025,
    1.31789E-12),.UNSPECIFIED.);
#3341 = CARTESIAN_POINT('',(235.47186882857,211.01522869792,
    9.110998741974));
#3342 = CARTESIAN_POINT('',(235.47196979139,208.98469644302,
    9.040735672809));
#3343 = CARTESIAN_POINT('',(235.47013162206,205.42621473408,
    8.919094132631));
#3344 = CARTESIAN_POINT('',(235.46854617614,201.87139967971,
    8.796977196737));
#3345 = CARTESIAN_POINT('',(235.46879389903,200.34574030875,
    8.744681779102));
#3346 = ORIENTED_EDGE('',*,*,#3347,.T.);
#3347 = EDGE_CURVE('',#3338,#3348,#3350,.T.);
#3348 = VERTEX_POINT('',#3349);
#3349 = CARTESIAN_POINT('',(235.72660400499,211.00918891569,
    9.28443272082));
#3350 = CIRCLE('',#3351,0.25);
#3351 = AXIS2_PLACEMENT_3D('',#3352,#3353,#3354);
#3352 = CARTESIAN_POINT('',(235.7100645243,211.01786580079,
    9.035131382589));
#3353 = DIRECTION('',(1.415905221096E-05,0.99939489497,3.47828076347E-02
    ));
#3354 = DIRECTION('',(-0.952782782953,-1.054841146478E-02,0.303469437544
    ));
#3355 = ORIENTED_EDGE('',*,*,#3356,.F.);
#3356 = EDGE_CURVE('',#3138,#3348,#3357,.T.);
#3357 = B_SPLINE_CURVE_WITH_KNOTS('',3,(#3358,#3359,#3360,#3361,#3362),
  .UNSPECIFIED.,.F.,.F.,(4,1,4),(-1.31789E-12,4.575332333025,
    10.675775443728),.UNSPECIFIED.);
#3358 = CARTESIAN_POINT('',(235.72197648173,200.33986415336,
    8.913395971252));
#3359 = CARTESIAN_POINT('',(235.72200222165,201.86405208834,
    8.96644333089));
#3360 = CARTESIAN_POINT('',(235.72408097305,205.42049477503,
    9.090086688791));
#3361 = CARTESIAN_POINT('',(235.7265752397,208.97693834851,
    9.213702539305));
#3362 = CARTESIAN_POINT('',(235.72660400499,211.00918891569,
    9.284432720819));
#3363 = ORIENTED_EDGE('',*,*,#3170,.T.);
#3364 = B_SPLINE_SURFACE_WITH_KNOTS('',3,3,(
    (#3365,#3366,#3367,#3368,#3369)
    ,(#3370,#3371,#3372,#3373,#3374)
    ,(#3375,#3376,#3377,#3378,#3379)
    ,(#3380,#3381,#3382,#3383,#3384)
    ,(#3385,#3386,#3387,#3388,#3389
  )),.UNSPECIFIED.,.F.,.F.,.F.,(4,1,4),(4,1,4),(0.,0.571428571429,1.),(
    -1.31789E-12,4.575332333025,10.675775443728),.UNSPECIFIED.);
#3365 = CARTESIAN_POINT('',(235.72197648173,200.33986415336,
    8.913395971252));
#3366 = CARTESIAN_POINT('',(235.72200222165,201.86405208834,
    8.96644333089));
#3367 = CARTESIAN_POINT('',(235.72408097305,205.42049477503,
    9.090086688791));
#3368 = CARTESIAN_POINT('',(235.7265752397,208.97693834851,
    9.213702539305));
#3369 = CARTESIAN_POINT('',(235.72660400499,211.00918891569,
    9.284432720819));
#3370 = CARTESIAN_POINT('',(235.65979849932,200.33972177071,
    8.917517191739));
#3371 = CARTESIAN_POINT('',(235.6596616638,201.86428251097,8.97059230073
    ));
#3372 = CARTESIAN_POINT('',(235.66144655472,205.4202895741,
    9.094238476372));
#3373 = CARTESIAN_POINT('',(235.66353491328,208.97724651376,
    9.217893477784));
#3374 = CARTESIAN_POINT('',(235.66348171567,211.00904423559,
    9.288615428058));
#3375 = CARTESIAN_POINT('',(235.54874570106,200.34095884982,
    8.882026642019));
#3376 = CARTESIAN_POINT('',(235.54832083954,201.86617464682,
    8.934906396276));
#3377 = CARTESIAN_POINT('',(235.54957661928,205.42144089927,
    9.058136865342));
#3378 = CARTESIAN_POINT('',(235.5509306523,208.97930783449,
    9.181280801559));
#3379 = CARTESIAN_POINT('',(235.55073249023,211.01032494308,
    9.251863475199));
#3380 = CARTESIAN_POINT('',(235.48386820219,200.34420133572,
    8.78889313736));
#3381 = CARTESIAN_POINT('',(235.48350839067,201.86978309716,
    8.841351193287));
#3382 = CARTESIAN_POINT('',(235.48488954261,205.4246701336,8.96377336007
    ));
#3383 = CARTESIAN_POINT('',(235.48643610026,208.98304617648,
    9.085828507257));
#3384 = CARTESIAN_POINT('',(235.4862758326,211.01365612296,
    9.156176791338));
#3385 = CARTESIAN_POINT('',(235.46879389903,200.34574030875,
    8.744681779102));
#3386 = CARTESIAN_POINT('',(235.46854617614,201.87139967971,
    8.796977196737));
#3387 = CARTESIAN_POINT('',(235.47013162206,205.42621473408,
    8.919094132631));
#3388 = CARTESIAN_POINT('',(235.47196979139,208.98469644302,
    9.040735672809));
#3389 = CARTESIAN_POINT('',(235.47186882857,211.01522869792,
    9.110998741974));
#3390 = ADVANCED_FACE('',(#3391),#3439,.T.);
#3391 = FACE_BOUND('',#3392,.T.);
#3392 = EDGE_LOOP('',(#3393,#3394,#3395,#3396,#3407,#3419,#3428,#3438));
#3393 = ORIENTED_EDGE('',*,*,#3135,.F.);
#3394 = ORIENTED_EDGE('',*,*,#3217,.F.);
#3395 = ORIENTED_EDGE('',*,*,#3278,.F.);
#3396 = ORIENTED_EDGE('',*,*,#3397,.F.);
#3397 = EDGE_CURVE('',#3398,#3279,#3400,.T.);
#3398 = VERTEX_POINT('',#3399);
#3399 = CARTESIAN_POINT('',(271.17611104996,211.00918890782,
    9.284432750304));
#3400 = B_SPLINE_CURVE_WITH_KNOTS('',3,(#3401,#3402,#3403,#3404,#3405,
    #3406),.UNSPECIFIED.,.F.,.F.,(4,1,1,4),(5.297E-14,4.575332329392,
    7.625553882319,10.675775435247),.UNSPECIFIED.);
#3401 = CARTESIAN_POINT('',(271.17611104996,211.00918890778,
    9.284432750303));
#3402 = CARTESIAN_POINT('',(271.17613262515,209.48500098379,
    9.231385110532));
#3403 = CARTESIAN_POINT('',(271.17791659743,206.94468412386,
    9.143088225312));
#3404 = CARTESIAN_POINT('',(271.17937681117,203.38824274986,
    9.019403849608));
#3405 = CARTESIAN_POINT('',(271.1807214209,201.3559894438,8.948760884114
    ));
#3406 = CARTESIAN_POINT('',(271.18073858171,200.3398641549,
    8.913395975273));
#3407 = ORIENTED_EDGE('',*,*,#3408,.F.);
#3408 = EDGE_CURVE('',#3409,#3398,#3411,.T.);
#3409 = VERTEX_POINT('',#3410);
#3410 = CARTESIAN_POINT('',(269.77511525699,212.48274901106,
    9.246461231404));
#3411 = B_SPLINE_CURVE_WITH_KNOTS('',3,(#3412,#3413,#3414,#3415,#3416,
    #3417,#3418),.UNSPECIFIED.,.F.,.F.,(4,1,1,1,4),(0.,0.322220224274,
    0.966660672822,1.611101121369,2.255541569917),.UNSPECIFIED.);
#3412 = CARTESIAN_POINT('',(269.77511525699,212.48274901106,
    9.246461231404));
#3413 = CARTESIAN_POINT('',(269.88222200483,212.48219358543,
    9.252983878917));
#3414 = CARTESIAN_POINT('',(270.20368894605,212.44096364368,
    9.271375057555));
#3415 = CARTESIAN_POINT('',(270.69003240769,212.18287211278,
    9.29332117465));
#3416 = CARTESIAN_POINT('',(271.08274051475,211.65304838169,
    9.300623275986));
#3417 = CARTESIAN_POINT('',(271.17610801107,211.22387240593,
    9.291904567062));
#3418 = CARTESIAN_POINT('',(271.17611104996,211.00918890781,
    9.284432750304));
#3419 = ORIENTED_EDGE('',*,*,#3420,.F.);
#3420 = EDGE_CURVE('',#3421,#3409,#3423,.T.);
#3421 = VERTEX_POINT('',#3422);
#3422 = CARTESIAN_POINT('',(237.12759979286,212.4827490142,
    9.246461201084));
#3423 = B_SPLINE_CURVE_WITH_KNOTS('',3,(#3424,#3425,#3426,#3427),
  .UNSPECIFIED.,.F.,.F.,(4,4),(0.,32.698267802477),
  .PIECEWISE_BEZIER_KNOTS.);
#3424 = CARTESIAN_POINT('',(237.12759979285,212.4827490142,
    9.246461201084));
#3425 = CARTESIAN_POINT('',(247.99657964261,212.5391125013,8.58455591826
    ));
#3426 = CARTESIAN_POINT('',(258.90613540847,212.53911250025,
    8.584555928467));
#3427 = CARTESIAN_POINT('',(269.77511525699,212.48274901105,
    9.246461231403));
#3428 = ORIENTED_EDGE('',*,*,#3429,.F.);
#3429 = EDGE_CURVE('',#3348,#3421,#3430,.T.);
#3430 = B_SPLINE_CURVE_WITH_KNOTS('',3,(#3431,#3432,#3433,#3434,#3435,
    #3436,#3437),.UNSPECIFIED.,.F.,.F.,(4,1,1,1,4),(0.,0.644447925353,
    1.288895850706,1.933343776059,2.255567738736),.UNSPECIFIED.);
#3431 = CARTESIAN_POINT('',(235.72660400499,211.00918891569,
    9.284432720819));
#3432 = CARTESIAN_POINT('',(235.72660704374,211.2238749046,
    9.291904623747));
#3433 = CARTESIAN_POINT('',(235.81996620224,211.65303110465,
    9.300623196493));
#3434 = CARTESIAN_POINT('',(236.21267572257,212.18287290295,
    9.293321612826));
#3435 = CARTESIAN_POINT('',(236.69902314892,212.44096242283,
    9.271375168759));
#3436 = CARTESIAN_POINT('',(237.02049180234,212.48219358214,
    9.252983924075));
#3437 = CARTESIAN_POINT('',(237.12759979285,212.4827490142,
    9.246461201085));
#3438 = ORIENTED_EDGE('',*,*,#3356,.F.);
#3439 = ( BOUNDED_SURFACE() B_SPLINE_SURFACE(1,2,(
    (#3440,#3441,#3442)
    ,(#3443,#3444,#3445
)),.UNSPECIFIED.,.F.,.F.,.F.) B_SPLINE_SURFACE_WITH_KNOTS((2,2),(3,3),(
    -2.8266E-13,0.160072696188),(-1.362E-14,0.189721393939),
.PIECEWISE_BEZIER_KNOTS.) GEOMETRIC_REPRESENTATION_ITEM() 
RATIONAL_B_SPLINE_SURFACE((
    (1.,0.995504096987,1.)
,(1.,0.995504096987,1.))) REPRESENTATION_ITEM('') SURFACE() );
#3440 = CARTESIAN_POINT('',(228.76921748112,225.67539877323,
    10.347624395527));
#3441 = CARTESIAN_POINT('',(254.15199885685,225.75708585935,
    8.000632229256));
#3442 = CARTESIAN_POINT('',(279.52220848613,225.67080371448,
    10.479675216952));
#3443 = CARTESIAN_POINT('',(228.76921827903,182.81534503094,
    8.855888420189));
#3444 = CARTESIAN_POINT('',(254.15199965476,182.89703211707,
    6.508896253917));
#3445 = CARTESIAN_POINT('',(279.52220928403,182.8107499722,
    8.987939241614));
#3446 = ADVANCED_FACE('',(#3447),#3476,.F.);
#3447 = FACE_BOUND('',#3448,.F.);
#3448 = EDGE_LOOP('',(#3449,#3450,#3459,#3469));
#3449 = ORIENTED_EDGE('',*,*,#3408,.F.);
#3450 = ORIENTED_EDGE('',*,*,#3451,.F.);
#3451 = EDGE_CURVE('',#3452,#3409,#3454,.T.);
#3452 = VERTEX_POINT('',#3453);
#3453 = CARTESIAN_POINT('',(269.79034742837,212.74052829393,
    9.018276661907));
#3454 = CIRCLE('',#3455,0.25);
#3455 = AXIS2_PLACEMENT_3D('',#3456,#3457,#3458);
#3456 = CARTESIAN_POINT('',(269.79034742837,212.49142879213,
    8.997076704306));
#3457 = DIRECTION('',(0.998137461667,-5.173211979056E-03,
    6.078524076445E-02));
#3458 = DIRECTION('',(-9.343645648863E-13,0.996398007206,
    8.479983040113E-02));
#3459 = ORIENTED_EDGE('',*,*,#3460,.F.);
#3460 = EDGE_CURVE('',#3099,#3452,#3461,.T.);
#3461 = B_SPLINE_CURVE_WITH_KNOTS('',3,(#3462,#3463,#3464,#3465,#3466,
    #3467,#3468),.UNSPECIFIED.,.F.,.F.,(4,1,1,1,4),(-2.255541569917,
    -1.611101121369,-0.966660672822,-0.322220224274,0.),.UNSPECIFIED.);
#3462 = CARTESIAN_POINT('',(271.4308462268,211.01522869066,
    9.110998771507));
#3463 = CARTESIAN_POINT('',(271.42872912965,211.26457095266,
    9.126312664507));
#3464 = CARTESIAN_POINT('',(271.31774226378,211.76027343913,
    9.14330165065));
#3465 = CARTESIAN_POINT('',(270.86509413404,212.37650253486,
    9.127822980619));
#3466 = CARTESIAN_POINT('',(270.2982540324,212.68668612334,
    9.078812573795));
#3467 = CARTESIAN_POINT('',(269.91747909666,212.739166702,9.034275367069
    ));
#3468 = CARTESIAN_POINT('',(269.79034742837,212.74052829393,
    9.018276661907));
#3469 = ORIENTED_EDGE('',*,*,#3470,.F.);
#3470 = EDGE_CURVE('',#3398,#3099,#3471,.T.);
#3471 = CIRCLE('',#3472,0.25);
#3472 = AXIS2_PLACEMENT_3D('',#3473,#3474,#3475);
#3473 = CARTESIAN_POINT('',(271.19265053106,211.01786579353,
    9.035131412122));
#3474 = DIRECTION('',(-1.41598179336E-05,0.999394894886,
    3.478281004962E-02));
#3475 = DIRECTION('',(-6.615792440128E-02,-3.470754286021E-02,
    0.997205352727));
#3476 = B_SPLINE_SURFACE_WITH_KNOTS('',3,3,(
    (#3477,#3478,#3479,#3480,#3481,#3482,#3483)
    ,(#3484,#3485,#3486,#3487,#3488,#3489,#3490)
    ,(#3491,#3492,#3493,#3494,#3495,#3496,#3497)
    ,(#3498,#3499,#3500,#3501,#3502,#3503,#3504)
    ,(#3505,#3506,#3507,#3508,#3509,#3510,#3511
  )),.UNSPECIFIED.,.F.,.F.,.F.,(4,1,4),(4,1,1,1,4),(0.,0.571428571429,1.
    ),(0.,0.322220224274,0.966660672822,1.611101121369,2.255541569917),
  .UNSPECIFIED.);
#3477 = CARTESIAN_POINT('',(269.77511525699,212.48274901106,
    9.246461231404));
#3478 = CARTESIAN_POINT('',(269.88222200483,212.48219358543,
    9.252983878917));
#3479 = CARTESIAN_POINT('',(270.20368894605,212.44096364368,
    9.271375057555));
#3480 = CARTESIAN_POINT('',(270.69003240769,212.18287211278,
    9.29332117465));
#3481 = CARTESIAN_POINT('',(271.08274051475,211.65304838169,
    9.300623275986));
#3482 = CARTESIAN_POINT('',(271.17610801107,211.22387240593,
    9.291904567062));
#3483 = CARTESIAN_POINT('',(271.17611104996,211.00918890781,
    9.284432750304));
#3484 = CARTESIAN_POINT('',(269.77533613672,212.55512240404,
    9.248993664717));
#3485 = CARTESIAN_POINT('',(269.88839129472,212.55293304973,
    9.255762790448));
#3486 = CARTESIAN_POINT('',(270.22628005321,212.505002799,9.274849804443
    ));
#3487 = CARTESIAN_POINT('',(270.73219503893,212.23067348976,
    9.297493527528));
#3488 = CARTESIAN_POINT('',(271.13933772314,211.67866558978,
    9.305079062867));
#3489 = CARTESIAN_POINT('',(271.23789446914,211.23284700917,
    9.296281443099));
#3490 = CARTESIAN_POINT('',(271.23923333935,211.00904422775,
    9.288615457656));
#3491 = CARTESIAN_POINT('',(269.77929770079,212.68256854673,
    9.194788407927));
#3492 = CARTESIAN_POINT('',(269.90244282751,212.67764508334,
    9.204854578476));
#3493 = CARTESIAN_POINT('',(270.26842297655,212.61817461268,9.2325604808
    ));
#3494 = CARTESIAN_POINT('',(270.80819180974,212.31552526723,
    9.26325751974));
#3495 = CARTESIAN_POINT('',(271.24049084169,211.7247954147,
    9.273160111255));
#3496 = CARTESIAN_POINT('',(271.34828536953,211.24986477533,
    9.261866864808));
#3497 = CARTESIAN_POINT('',(271.35198648277,211.01032614611,
    9.251828720337));
#3498 = CARTESIAN_POINT('',(269.78703403333,212.73593109534,
    9.072293745439));
#3499 = CARTESIAN_POINT('',(269.91400655182,212.73286474878,
    9.086967211871));
#3500 = CARTESIAN_POINT('',(270.2929463399,212.67618156966,
    9.127485049847));
#3501 = CARTESIAN_POINT('',(270.85402967084,212.36491938537,
    9.171607962755));
#3502 = CARTESIAN_POINT('',(271.30230607743,211.75311511843,
    9.185535088264));
#3503 = CARTESIAN_POINT('',(271.41335640909,211.26142198737,
    9.170092974538));
#3504 = CARTESIAN_POINT('',(271.41643922275,211.01365611558,
    9.156176820924));
#3505 = CARTESIAN_POINT('',(269.79034742837,212.74052829393,
    9.018276661907));
#3506 = CARTESIAN_POINT('',(269.91747909666,212.739166702,9.034275367069
    ));
#3507 = CARTESIAN_POINT('',(270.2982540324,212.68668612334,
    9.078812573795));
#3508 = CARTESIAN_POINT('',(270.86509413404,212.37650253486,
    9.127822980619));
#3509 = CARTESIAN_POINT('',(271.31774226378,211.76027343913,
    9.14330165065));
#3510 = CARTESIAN_POINT('',(271.42872912965,211.26457095266,
    9.126312664507));
#3511 = CARTESIAN_POINT('',(271.4308462268,211.01522869066,
    9.110998771507));
#3512 = ADVANCED_FACE('',(#3513),#3533,.F.);
#3513 = FACE_BOUND('',#3514,.F.);
#3514 = EDGE_LOOP('',(#3515,#3516,#3525,#3532));
#3515 = ORIENTED_EDGE('',*,*,#3420,.F.);
#3516 = ORIENTED_EDGE('',*,*,#3517,.F.);
#3517 = EDGE_CURVE('',#3518,#3421,#3520,.T.);
#3518 = VERTEX_POINT('',#3519);
#3519 = CARTESIAN_POINT('',(237.11236762195,212.7405282965,
    9.018276631539));
#3520 = CIRCLE('',#3521,0.25);
#3521 = AXIS2_PLACEMENT_3D('',#3522,#3523,#3524);
#3522 = CARTESIAN_POINT('',(237.11236762195,212.4914287947,
    8.997076673938));
#3523 = DIRECTION('',(0.99813746178,5.173211824243E-03,
    -6.078523891612E-02));
#3524 = DIRECTION('',(-1.392662894728E-12,0.996398007206,
    8.479983040375E-02));
#3525 = ORIENTED_EDGE('',*,*,#3526,.F.);
#3526 = EDGE_CURVE('',#3452,#3518,#3527,.T.);
#3527 = B_SPLINE_CURVE_WITH_KNOTS('',3,(#3528,#3529,#3530,#3531),
  .UNSPECIFIED.,.F.,.F.,(4,4),(-32.69826780247,0.),
  .PIECEWISE_BEZIER_KNOTS.);
#3528 = CARTESIAN_POINT('',(269.79034742836,212.74052829392,
    9.018276661906));
#3529 = CARTESIAN_POINT('',(258.91122541994,212.79691331749,
    8.355752634922));
#3530 = CARTESIAN_POINT('',(247.99148963161,212.79691331836,
    8.355752624699));
#3531 = CARTESIAN_POINT('',(237.11236762194,212.7405282965,
    9.018276631539));
#3532 = ORIENTED_EDGE('',*,*,#3451,.T.);
#3533 = B_SPLINE_SURFACE_WITH_KNOTS('',3,3,(
    (#3534,#3535,#3536,#3537)
    ,(#3538,#3539,#3540,#3541)
    ,(#3542,#3543,#3544,#3545)
    ,(#3546,#3547,#3548,#3549)
    ,(#3550,#3551,#3552,#3553
  )),.UNSPECIFIED.,.F.,.F.,.F.,(4,1,4),(4,4),(0.,0.571428571429,1.),(0.,
    32.698267802477),.UNSPECIFIED.);
#3534 = CARTESIAN_POINT('',(237.12759979285,212.4827490142,
    9.246461201084));
#3535 = CARTESIAN_POINT('',(247.99657964261,212.5391125013,8.58455591826
    ));
#3536 = CARTESIAN_POINT('',(258.90613540847,212.53911250025,
    8.584555928467));
#3537 = CARTESIAN_POINT('',(269.77511525699,212.48274901105,
    9.246461231403));
#3538 = CARTESIAN_POINT('',(237.12737891312,212.55512240708,
    9.248993634227));
#3539 = CARTESIAN_POINT('',(247.99647689779,212.61148089316,
    8.587071684632));
#3540 = CARTESIAN_POINT('',(258.9062381533,212.61148089213,
    8.587071694893));
#3541 = CARTESIAN_POINT('',(269.77533613672,212.55512240403,
    9.248993664716));
#3542 = CARTESIAN_POINT('',(237.12341734917,212.68256854944,
    9.194788377312));
#3543 = CARTESIAN_POINT('',(247.995182983,212.73892395289,8.532698221254
    ));
#3544 = CARTESIAN_POINT('',(258.90753206822,212.73892395197,
    8.532698231558));
#3545 = CARTESIAN_POINT('',(269.77929770078,212.68256854671,
    9.194788407918));
#3546 = CARTESIAN_POINT('',(237.11568101687,212.73593109791,
    9.072293714996));
#3547 = CARTESIAN_POINT('',(247.99260180662,212.79230501551,
    8.409899371432));
#3548 = CARTESIAN_POINT('',(258.91011324483,212.79230501464,
    8.409899381681));
#3549 = CARTESIAN_POINT('',(269.78703403333,212.73593109532,
    9.072293745439));
#3550 = CARTESIAN_POINT('',(237.11236762194,212.7405282965,
    9.018276631539));
#3551 = CARTESIAN_POINT('',(247.99148963161,212.79691331836,
    8.355752624699));
#3552 = CARTESIAN_POINT('',(258.91122541994,212.79691331749,
    8.355752634922));
#3553 = CARTESIAN_POINT('',(269.79034742836,212.74052829392,
    9.018276661906));
#3554 = ADVANCED_FACE('',(#3555),#3561,.F.);
#3555 = FACE_BOUND('',#3556,.F.);
#3556 = EDGE_LOOP('',(#3557,#3558,#3559,#3560));
#3557 = ORIENTED_EDGE('',*,*,#3397,.F.);
#3558 = ORIENTED_EDGE('',*,*,#3470,.T.);
#3559 = ORIENTED_EDGE('',*,*,#3106,.F.);
#3560 = ORIENTED_EDGE('',*,*,#3290,.F.);
#3561 = B_SPLINE_SURFACE_WITH_KNOTS('',3,3,(
    (#3562,#3563,#3564,#3565,#3566,#3567)
    ,(#3568,#3569,#3570,#3571,#3572,#3573)
    ,(#3574,#3575,#3576,#3577,#3578,#3579)
    ,(#3580,#3581,#3582,#3583,#3584,#3585)
    ,(#3586,#3587,#3588,#3589,#3590,#3591
    )),.UNSPECIFIED.,.F.,.F.,.F.,(4,1,4),(4,1,1,4),(0.,0.571428571429,1.
    ),(5.297E-14,4.575332329392,7.625553882319,10.675775435247),
  .UNSPECIFIED.);
#3562 = CARTESIAN_POINT('',(271.17611104996,211.00918890778,
    9.284432750303));
#3563 = CARTESIAN_POINT('',(271.17613262515,209.48500098379,
    9.231385110532));
#3564 = CARTESIAN_POINT('',(271.17791659743,206.94468412386,
    9.143088225312));
#3565 = CARTESIAN_POINT('',(271.17937681117,203.38824274986,
    9.019403849608));
#3566 = CARTESIAN_POINT('',(271.1807214209,201.3559894438,8.948760884114
    ));
#3567 = CARTESIAN_POINT('',(271.18073858171,200.3398641549,
    8.913395975273));
#3568 = CARTESIAN_POINT('',(271.23923333935,211.00904422772,
    9.288615457655));
#3569 = CARTESIAN_POINT('',(271.23919344237,209.4851959377,
    9.235573991299));
#3570 = CARTESIAN_POINT('',(271.24072087318,206.94469041273,
    9.147261317219));
#3571 = CARTESIAN_POINT('',(271.24185088188,203.38829331798,
    9.02354972569));
#3572 = CARTESIAN_POINT('',(271.24300778695,201.35609559804,
    8.952900604196));
#3573 = CARTESIAN_POINT('',(271.24291656413,200.3397217723,
    8.917517195777));
#3574 = CARTESIAN_POINT('',(271.351982565,211.01032493539,9.251863504886
    ));
#3575 = CARTESIAN_POINT('',(271.35183394466,209.48706210521,
    9.198926495984));
#3576 = CARTESIAN_POINT('',(271.35289282526,206.94621728176,
    9.110942410116));
#3577 = CARTESIAN_POINT('',(271.35343731013,203.38987965174,
    8.987679213896));
#3578 = CARTESIAN_POINT('',(271.35425260258,201.35776938181,
    8.917279818015));
#3579 = CARTESIAN_POINT('',(271.35396936242,200.34095885159,
    8.882026646076));
#3580 = CARTESIAN_POINT('',(271.41643922275,211.01365611555,
    9.156176820923));
#3581 = CARTESIAN_POINT('',(271.41631902319,209.49069865691,
    9.103415604184));
#3582 = CARTESIAN_POINT('',(271.41750306779,206.94965908227,
    9.016128835137));
#3583 = CARTESIAN_POINT('',(271.41818908583,203.39332934829,
    8.893751717304));
#3584 = CARTESIAN_POINT('',(271.41908673482,201.36125584426,
    8.823865181125));
#3585 = CARTESIAN_POINT('',(271.41884686131,200.34420133775,
    8.78889314141));
#3586 = CARTESIAN_POINT('',(271.4308462268,211.01522869063,
    9.110998771506));
#3587 = CARTESIAN_POINT('',(271.43077050587,209.49232950068,
    9.058301465954));
#3588 = CARTESIAN_POINT('',(271.43213947462,206.95124888113,
    8.971278941587));
#3589 = CARTESIAN_POINT('',(271.43305796395,203.39491459378,
    8.849236731772));
#3590 = CARTESIAN_POINT('',(271.43408631223,201.3628465571,
    8.779545397331));
#3591 = CARTESIAN_POINT('',(271.43392116448,200.3457403109,
    8.744681783148));
#3592 = ADVANCED_FACE('',(#3593),#3608,.F.);
#3593 = FACE_BOUND('',#3594,.F.);
#3594 = EDGE_LOOP('',(#3595,#3596,#3597,#3607));
#3595 = ORIENTED_EDGE('',*,*,#3429,.F.);
#3596 = ORIENTED_EDGE('',*,*,#3347,.F.);
#3597 = ORIENTED_EDGE('',*,*,#3598,.F.);
#3598 = EDGE_CURVE('',#3518,#3338,#3599,.T.);
#3599 = B_SPLINE_CURVE_WITH_KNOTS('',3,(#3600,#3601,#3602,#3603,#3604,
    #3605,#3606),.UNSPECIFIED.,.F.,.F.,(4,1,1,1,4),(-2.255567738736,
    -1.933343776059,-1.288895850706,-0.644447925353,0.),.UNSPECIFIED.);
#3600 = CARTESIAN_POINT('',(237.11236762194,212.7405282965,9.01827663154
    ));
#3601 = CARTESIAN_POINT('',(236.98523447859,212.73916668879,
    9.034275522147));
#3602 = CARTESIAN_POINT('',(236.60445753121,212.68668466159,
    9.078812886147));
#3603 = CARTESIAN_POINT('',(236.03761293949,212.37650329631,
    9.127823945016));
#3604 = CARTESIAN_POINT('',(235.58496315098,211.76025347494,
    9.143301539575));
#3605 = CARTESIAN_POINT('',(235.47398595012,211.26457385291,
    9.12631281215));
#3606 = CARTESIAN_POINT('',(235.47186882856,211.01522869792,
    9.110998741974));
#3607 = ORIENTED_EDGE('',*,*,#3517,.T.);
#3608 = B_SPLINE_SURFACE_WITH_KNOTS('',3,3,(
    (#3609,#3610,#3611,#3612,#3613,#3614,#3615)
    ,(#3616,#3617,#3618,#3619,#3620,#3621,#3622)
    ,(#3623,#3624,#3625,#3626,#3627,#3628,#3629)
    ,(#3630,#3631,#3632,#3633,#3634,#3635,#3636)
    ,(#3637,#3638,#3639,#3640,#3641,#3642,#3643
  )),.UNSPECIFIED.,.F.,.F.,.F.,(4,1,4),(4,1,1,1,4),(0.,0.571428571429,1.
    ),(0.,0.644447925353,1.288895850706,1.933343776059,2.255567738736),
  .UNSPECIFIED.);
#3609 = CARTESIAN_POINT('',(235.72660400499,211.00918891569,
    9.284432720819));
#3610 = CARTESIAN_POINT('',(235.72660704374,211.2238749046,
    9.291904623747));
#3611 = CARTESIAN_POINT('',(235.81996620224,211.65303110465,
    9.300623196493));
#3612 = CARTESIAN_POINT('',(236.21267572257,212.18287290295,
    9.293321612826));
#3613 = CARTESIAN_POINT('',(236.69902314892,212.44096242283,
    9.271375168759));
#3614 = CARTESIAN_POINT('',(237.02049180234,212.48219358214,
    9.252983924075));
#3615 = CARTESIAN_POINT('',(237.12759979285,212.4827490142,
    9.246461201085));
#3616 = CARTESIAN_POINT('',(235.66348171567,211.0090442356,9.28861542806
    ));
#3617 = CARTESIAN_POINT('',(235.66482060126,211.23284961361,
    9.296281501903));
#3618 = CARTESIAN_POINT('',(235.7633686674,211.67864764472,
    9.305078983584));
#3619 = CARTESIAN_POINT('',(236.17051285367,212.23067423857,
    9.297493977821));
#3620 = CARTESIAN_POINT('',(236.67643190177,212.50500148954,
    9.274849920277));
#3621 = CARTESIAN_POINT('',(237.01432244343,212.55293302737,
    9.255762838288));
#3622 = CARTESIAN_POINT('',(237.12737891311,212.55512240708,
    9.248993634228));
#3623 = CARTESIAN_POINT('',(235.55072857246,211.01032615378,
    9.251828690649));
#3624 = CARTESIAN_POINT('',(235.5544297285,211.2498675622,9.261866951032
    ));
#3625 = CARTESIAN_POINT('',(235.66221498018,211.72477630881,
    9.273160023669));
#3626 = CARTESIAN_POINT('',(236.09451567448,212.31552594318,
    9.263258126729));
#3627 = CARTESIAN_POINT('',(236.63428873854,212.61817315059,
    9.232560661321));
#3628 = CARTESIAN_POINT('',(237.00027079369,212.67764502892,
    9.204854664443));
#3629 = CARTESIAN_POINT('',(237.12341734917,212.68256854944,
    9.194788377312));
#3630 = CARTESIAN_POINT('',(235.4862758326,211.01365612296,
    9.156176791339));
#3631 = CARTESIAN_POINT('',(235.48935868188,211.26142486944,
    9.170093105894));
#3632 = CARTESIAN_POINT('',(235.6003994142,211.75309532223,
    9.185534983894));
#3633 = CARTESIAN_POINT('',(236.04867750522,212.36492010264,
    9.171608831161));
#3634 = CARTESIAN_POINT('',(236.60976524861,212.67618008648,
    9.127485329662));
#3635 = CARTESIAN_POINT('',(236.98870702519,212.73286471579,
    9.086967351488));
#3636 = CARTESIAN_POINT('',(237.11568101687,212.73593109791,
    9.072293714997));
#3637 = CARTESIAN_POINT('',(235.47186882856,211.01522869792,
    9.110998741974));
#3638 = CARTESIAN_POINT('',(235.47398595012,211.26457385291,
    9.12631281215));
#3639 = CARTESIAN_POINT('',(235.58496315098,211.76025347494,
    9.143301539575));
#3640 = CARTESIAN_POINT('',(236.03761293949,212.37650329631,
    9.127823945016));
#3641 = CARTESIAN_POINT('',(236.60445753121,212.68668466159,
    9.078812886147));
#3642 = CARTESIAN_POINT('',(236.98523447859,212.73916668879,
    9.034275522147));
#3643 = CARTESIAN_POINT('',(237.11236762194,212.7405282965,9.01827663154
    ));
#3644 = ADVANCED_FACE('',(#3645),#3671,.T.);
#3645 = FACE_BOUND('',#3646,.T.);
#3646 = EDGE_LOOP('',(#3647,#3655,#3656,#3664));
#3647 = ORIENTED_EDGE('',*,*,#3648,.F.);
#3648 = EDGE_CURVE('',#3150,#3649,#3651,.T.);
#3649 = VERTEX_POINT('',#3650);
#3650 = CARTESIAN_POINT('',(232.79510753241,195.50804120133,9.527E-11));
#3651 = LINE('',#3652,#3653);
#3652 = CARTESIAN_POINT('',(237.29510753243,198.71655155299,
    8.911924779805));
#3653 = VECTOR('',#3654,1.);
#3654 = DIRECTION('',(-0.429122651623,-0.305965437746,-0.849846398338));
#3655 = ORIENTED_EDGE('',*,*,#3158,.F.);
#3656 = ORIENTED_EDGE('',*,*,#3657,.T.);
#3657 = EDGE_CURVE('',#3159,#3658,#3660,.T.);
#3658 = VERTEX_POINT('',#3659);
#3659 = CARTESIAN_POINT('',(232.54510753241,195.75804120133,9.527E-11));
#3660 = LINE('',#3661,#3662);
#3661 = CARTESIAN_POINT('',(235.54510753243,200.46548775903,
    8.972934182342));
#3662 = VECTOR('',#3663,1.);
#3663 = DIRECTION('',(-0.283887319779,-0.445461462087,-0.849100745179));
#3664 = ORIENTED_EDGE('',*,*,#3665,.F.);
#3665 = EDGE_CURVE('',#3649,#3658,#3666,.T.);
#3666 = CIRCLE('',#3667,0.25);
#3667 = AXIS2_PLACEMENT_3D('',#3668,#3669,#3670);
#3668 = CARTESIAN_POINT('',(232.79510753241,195.75804120133,9.527046E-11
    ));
#3669 = DIRECTION('',(0.,0.,-1.));
#3670 = DIRECTION('',(-1.,-7.11E-15,-0.));
#3671 = B_SPLINE_SURFACE_WITH_KNOTS('',3,3,(
    (#3672,#3673,#3674,#3675)
    ,(#3676,#3677,#3678,#3679)
    ,(#3680,#3681,#3682,#3683)
    ,(#3684,#3685,#3686,#3687)
    ,(#3688,#3689,#3690,#3691)
    ,(#3692,#3693,#3694,#3695)
    ,(#3696,#3697,#3698,#3699
    )),.UNSPECIFIED.,.F.,.F.,.F.,(4,1,1,1,4),(4,4),(-4.19E-15,
    0.285714285714,0.428571428571,0.714285714286,1.),(2.199734958897E-02
    ,1.),.UNSPECIFIED.);
#3672 = CARTESIAN_POINT('',(237.19611945928,198.64597282913,
    8.715886054915));
#3673 = CARTESIAN_POINT('',(235.72911548366,197.59999561986,
    5.810590703309));
#3674 = CARTESIAN_POINT('',(234.26211150804,196.55401841059,
    2.905295351702));
#3675 = CARTESIAN_POINT('',(232.79510753241,195.50804120133,9.527046E-11
    ));
#3676 = CARTESIAN_POINT('',(236.93925626518,198.64597282913,
    8.715886054915));
#3677 = CARTESIAN_POINT('',(235.54546402096,197.6001436727,
    5.810596729326));
#3678 = CARTESIAN_POINT('',(234.1514998641,196.55387035776,
    2.905289325685));
#3679 = CARTESIAN_POINT('',(232.75770761987,195.50804120133,9.527046E-11
    ));
#3680 = CARTESIAN_POINT('',(236.55446396057,198.73425546372,
    8.718955812085));
#3681 = CARTESIAN_POINT('',(235.27021083338,197.66315700825,
    5.812637980525));
#3682 = CARTESIAN_POINT('',(233.98593404152,196.59200161894,
    2.906317831655));
#3683 = CARTESIAN_POINT('',(232.70168091432,195.52090316347,9.526913E-11
    ));
#3684 = CARTESIAN_POINT('',(236.0070378177,199.07779073936,
    8.730901195003));
#3685 = CARTESIAN_POINT('',(234.87873277679,197.90890754826,
    5.820603348634));
#3686 = CARTESIAN_POINT('',(233.75027936303,196.73983626228,
    2.910297846464));
#3687 = CARTESIAN_POINT('',(232.62197432211,195.57095307118,9.52709E-11)
  );
#3688 = CARTESIAN_POINT('',(235.59634617938,199.59186390958,
    8.74877650884));
#3689 = CARTESIAN_POINT('',(234.58498289957,198.27657083632,
    5.832519516645));
#3690 = CARTESIAN_POINT('',(233.57353988972,196.96114184377,
    2.916256992291));
#3691 = CARTESIAN_POINT('',(232.56217660991,195.64584877052,9.526913E-11
    ));
#3692 = CARTESIAN_POINT('',(235.47911548366,200.10522885981,
    8.766627196505));
#3693 = CARTESIAN_POINT('',(234.50116506914,198.64363970219,
    5.844415690259));
#3694 = CARTESIAN_POINT('',(233.52305794693,197.1822304464,
    2.922211506341));
#3695 = CARTESIAN_POINT('',(232.54510753241,195.72064128879,9.527046E-11
    ));
#3696 = CARTESIAN_POINT('',(235.47911548366,200.36193641143,
    8.775553412296));
#3697 = CARTESIAN_POINT('',(234.50111283325,198.82730467473,
    5.850368941562));
#3698 = CARTESIAN_POINT('',(233.52311018283,197.29267293803,
    2.925184470829));
#3699 = CARTESIAN_POINT('',(232.54510753241,195.75804120133,9.527046E-11
    ));
#3700 = ADVANCED_FACE('',(#3701),#3719,.T.);
#3701 = FACE_BOUND('',#3702,.T.);
#3702 = EDGE_LOOP('',(#3703,#3711,#3712,#3713));
#3703 = ORIENTED_EDGE('',*,*,#3704,.F.);
#3704 = EDGE_CURVE('',#3658,#3705,#3707,.T.);
#3705 = VERTEX_POINT('',#3706);
#3706 = CARTESIAN_POINT('',(232.54510753241,213.25804120133,9.5271E-11)
  );
#3707 = LINE('',#3708,#3709);
#3708 = CARTESIAN_POINT('',(232.54510753241,213.25804120133,9.527135E-11
    ));
#3709 = VECTOR('',#3710,1.);
#3710 = DIRECTION('',(0.,1.,0.));
#3711 = ORIENTED_EDGE('',*,*,#3657,.F.);
#3712 = ORIENTED_EDGE('',*,*,#3337,.F.);
#3713 = ORIENTED_EDGE('',*,*,#3714,.T.);
#3714 = EDGE_CURVE('',#3338,#3705,#3715,.T.);
#3715 = LINE('',#3716,#3717);
#3716 = CARTESIAN_POINT('',(235.54510753243,210.95910499526,
    9.338990597559));
#3717 = VECTOR('',#3718,1.);
#3718 = DIRECTION('',(-0.29777228203,0.228186493439,-0.926964180682));
#3719 = B_SPLINE_SURFACE_WITH_KNOTS('',3,3,(
    (#3720,#3721,#3722,#3723)
    ,(#3724,#3725,#3726,#3727)
    ,(#3728,#3729,#3730,#3731)
    ,(#3732,#3733,#3734,#3735
    )),.UNSPECIFIED.,.F.,.F.,.F.,(4,4),(4,4),(-1.63E-15,1.),(
    2.44079491161E-02,1.),.PIECEWISE_BEZIER_KNOTS.);
#3720 = CARTESIAN_POINT('',(235.47188368508,200.35058864298,
    8.753923261399));
#3721 = CARTESIAN_POINT('',(234.49629163419,198.81973949576,
    5.835948840965));
#3722 = CARTESIAN_POINT('',(233.5206995833,197.28889034855,2.91797442053
    ));
#3723 = CARTESIAN_POINT('',(232.54510753241,195.75804120133,9.527135E-11
    ));
#3724 = CARTESIAN_POINT('',(235.47188368508,201.24717313591,
    8.785088011394));
#3725 = CARTESIAN_POINT('',(234.49629163419,199.46109572235,
    5.856725340961));
#3726 = CARTESIAN_POINT('',(233.5206995833,197.67501830879,
    2.928362670528));
#3727 = CARTESIAN_POINT('',(232.54510753241,195.88894089523,9.527135E-11
    ));
#3728 = CARTESIAN_POINT('',(235.47188368508,210.11863282027,
    9.079880240265));
#3729 = CARTESIAN_POINT('',(234.49629163419,211.12146904932,
    6.053253493542));
#3730 = CARTESIAN_POINT('',(233.5206995833,212.12430527838,
    3.026626746819));
#3731 = CARTESIAN_POINT('',(232.54510753241,213.12714150743,9.527135E-11
    ));
#3732 = CARTESIAN_POINT('',(235.47188368508,211.0152173132,9.11104499026
    ));
#3733 = CARTESIAN_POINT('',(234.49629163419,211.76282527591,
    6.074029993539));
#3734 = CARTESIAN_POINT('',(233.5206995833,212.51043323862,
    3.037014996817));
#3735 = CARTESIAN_POINT('',(232.54510753241,213.25804120133,9.527135E-11
    ));
#3736 = ADVANCED_FACE('',(#3737),#3756,.T.);
#3737 = FACE_BOUND('',#3738,.T.);
#3738 = EDGE_LOOP('',(#3739,#3740,#3748,#3755));
#3739 = ORIENTED_EDGE('',*,*,#3598,.F.);
#3740 = ORIENTED_EDGE('',*,*,#3741,.T.);
#3741 = EDGE_CURVE('',#3518,#3742,#3744,.T.);
#3742 = VERTEX_POINT('',#3743);
#3743 = CARTESIAN_POINT('',(232.79510753241,213.50804120133,9.527E-11));
#3744 = LINE('',#3745,#3746);
#3745 = CARTESIAN_POINT('',(237.29510753243,212.7080412013,
    9.400000000095));
#3746 = VECTOR('',#3747,1.);
#3747 = DIRECTION('',(-0.430528385913,7.65383797199E-02,-0.899325961681)
  );
#3748 = ORIENTED_EDGE('',*,*,#3749,.F.);
#3749 = EDGE_CURVE('',#3705,#3742,#3750,.T.);
#3750 = CIRCLE('',#3751,0.25);
#3751 = AXIS2_PLACEMENT_3D('',#3752,#3753,#3754);
#3752 = CARTESIAN_POINT('',(232.79510753241,213.25804120133,9.527135E-11
    ));
#3753 = DIRECTION('',(0.,0.,-1.));
#3754 = DIRECTION('',(-7.11E-15,1.,0.));
#3755 = ORIENTED_EDGE('',*,*,#3714,.F.);
#3756 = B_SPLINE_SURFACE_WITH_KNOTS('',3,3,(
    (#3757,#3758,#3759,#3760)
    ,(#3761,#3762,#3763,#3764)
    ,(#3765,#3766,#3767,#3768)
    ,(#3769,#3770,#3771,#3772)
    ,(#3773,#3774,#3775,#3776)
    ,(#3777,#3778,#3779,#3780)
    ,(#3781,#3782,#3783,#3784
    )),.UNSPECIFIED.,.F.,.F.,.F.,(4,1,1,1,4),(4,4),(-5.E-16,
    0.285714285714,0.428571428571,0.714285714286,1.),(2.386703945891E-02
    ,1.),.UNSPECIFIED.);
#3757 = CARTESIAN_POINT('',(235.47350641405,211.01397379641,
    9.116096540463));
#3758 = CARTESIAN_POINT('',(234.49737345351,211.76199626472,
    6.077397693674));
#3759 = CARTESIAN_POINT('',(233.52124049296,212.51001873302,
    3.038698846884));
#3760 = CARTESIAN_POINT('',(232.54510753241,213.25804120133,9.527135E-11
    ));
#3761 = CARTESIAN_POINT('',(235.47350641405,211.27026208815,
    9.125005691622));
#3762 = CARTESIAN_POINT('',(234.49752132818,211.94526460929,
    6.083334801505));
#3763 = CARTESIAN_POINT('',(233.52109261829,212.62043859273,
    3.041670890212));
#3764 = CARTESIAN_POINT('',(232.54510753241,213.29544111387,9.527135E-11
    ));
#3765 = CARTESIAN_POINT('',(235.56169828741,211.65419316385,
    9.138351989904));
#3766 = CARTESIAN_POINT('',(234.56047431159,212.21994351481,
    6.092234339744));
#3767 = CARTESIAN_POINT('',(233.5591934704,212.78571746846,
    3.046117650256));
#3768 = CARTESIAN_POINT('',(232.55796949458,213.35146781941,9.527179E-11
    ));
#3769 = CARTESIAN_POINT('',(235.90488038255,212.20039407638,9.1573391487
    ));
#3770 = CARTESIAN_POINT('',(234.80598934531,212.61060486007,
    6.104890758091));
#3771 = CARTESIAN_POINT('',(233.70691043951,213.02096362794,
    3.052448390705));
#3772 = CARTESIAN_POINT('',(232.60801940226,213.43117441162,9.52709E-11)
  );
#3773 = CARTESIAN_POINT('',(236.41842504635,212.61016651882,
    9.171583750377));
#3774 = CARTESIAN_POINT('',(235.17330031669,212.90374188009,
    6.114388088065));
#3775 = CARTESIAN_POINT('',(233.92803983128,213.19739676257,
    3.057195662408));
#3776 = CARTESIAN_POINT('',(232.68291510162,213.49097212384,9.527268E-11
    ));
#3777 = CARTESIAN_POINT('',(236.93126221819,212.72713483288,
    9.175649829182));
#3778 = CARTESIAN_POINT('',(235.54001745697,212.98738485664,
    6.117097765627));
#3779 = CARTESIAN_POINT('',(234.14895238109,213.24779117757,
    3.05855206365));
#3780 = CARTESIAN_POINT('',(232.75770761987,213.50804120133,9.527135E-11
    ));
#3781 = CARTESIAN_POINT('',(237.18770585486,212.72713483288,
    9.175649829182));
#3782 = CARTESIAN_POINT('',(235.72350641404,212.9874369557,
    6.117099886153));
#3783 = CARTESIAN_POINT('',(234.25930697323,213.24773907851,
    3.058549943124));
#3784 = CARTESIAN_POINT('',(232.79510753241,213.50804120133,9.527135E-11
    ));
#3785 = ADVANCED_FACE('',(#3786),#3804,.T.);
#3786 = FACE_BOUND('',#3787,.T.);
#3787 = EDGE_LOOP('',(#3788,#3796,#3797,#3798));
#3788 = ORIENTED_EDGE('',*,*,#3789,.F.);
#3789 = EDGE_CURVE('',#3742,#3790,#3792,.T.);
#3790 = VERTEX_POINT('',#3791);
#3791 = CARTESIAN_POINT('',(274.10760753241,213.50804120133,9.527E-11));
#3792 = LINE('',#3793,#3794);
#3793 = CARTESIAN_POINT('',(250.29510753242,213.50804120133,9.527046E-11
    ));
#3794 = VECTOR('',#3795,1.);
#3795 = DIRECTION('',(1.,0.,0.));
#3796 = ORIENTED_EDGE('',*,*,#3741,.F.);
#3797 = ORIENTED_EDGE('',*,*,#3526,.F.);
#3798 = ORIENTED_EDGE('',*,*,#3799,.T.);
#3799 = EDGE_CURVE('',#3452,#3790,#3800,.T.);
#3800 = LINE('',#3801,#3802);
#3801 = CARTESIAN_POINT('',(269.60760753242,212.70804120132,
    9.400000000096));
#3802 = VECTOR('',#3803,1.);
#3803 = DIRECTION('',(0.430528385911,7.653837971859E-02,-0.899325961682)
  );
#3804 = PLANE('',#3805);
#3805 = AXIS2_PLACEMENT_3D('',#3806,#3807,#3808);
#3806 = CARTESIAN_POINT('',(261.10760753242,212.7080412013,
    9.400000000095));
#3807 = DIRECTION('',(0.,0.996398007206,8.479983040311E-02));
#3808 = DIRECTION('',(0.,-8.479983040311E-02,0.996398007206));
#3809 = ADVANCED_FACE('',(#3810),#3822,.T.);
#3810 = FACE_BOUND('',#3811,.T.);
#3811 = EDGE_LOOP('',(#3812,#3813,#3814,#3821));
#3812 = ORIENTED_EDGE('',*,*,#3460,.F.);
#3813 = ORIENTED_EDGE('',*,*,#3098,.T.);
#3814 = ORIENTED_EDGE('',*,*,#3815,.F.);
#3815 = EDGE_CURVE('',#3790,#3091,#3816,.T.);
#3816 = CIRCLE('',#3817,0.25);
#3817 = AXIS2_PLACEMENT_3D('',#3818,#3819,#3820);
#3818 = CARTESIAN_POINT('',(274.10760753241,213.25804120133,9.527046E-11
    ));
#3819 = DIRECTION('',(0.,0.,-1.));
#3820 = DIRECTION('',(1.,7.11E-15,0.));
#3821 = ORIENTED_EDGE('',*,*,#3799,.F.);
#3822 = B_SPLINE_SURFACE_WITH_KNOTS('',3,3,(
    (#3823,#3824,#3825,#3826)
    ,(#3827,#3828,#3829,#3830)
    ,(#3831,#3832,#3833,#3834)
    ,(#3835,#3836,#3837,#3838)
    ,(#3839,#3840,#3841,#3842)
    ,(#3843,#3844,#3845,#3846)
    ,(#3847,#3848,#3849,#3850
    )),.UNSPECIFIED.,.F.,.F.,.F.,(4,1,1,1,4),(4,4),(0.,0.285714285714,
    0.571428571429,0.714285714286,1.),(2.372236779713E-02,1.),
  .UNSPECIFIED.);
#3823 = CARTESIAN_POINT('',(269.71435818751,212.72701909556,
    9.177009742803));
#3824 = CARTESIAN_POINT('',(271.17877463581,212.98735979748,
    6.118006495234));
#3825 = CARTESIAN_POINT('',(272.64319108411,213.2477004994,
    3.059003247664));
#3826 = CARTESIAN_POINT('',(274.10760753241,213.50804120133,9.527046E-11
    ));
#3827 = CARTESIAN_POINT('',(269.97083428842,212.72701909556,
    9.177009742803));
#3828 = CARTESIAN_POINT('',(271.36228524459,212.9873076907,
    6.118004374394));
#3829 = CARTESIAN_POINT('',(272.75355648879,213.24775260619,
    3.059005368504));
#3830 = CARTESIAN_POINT('',(274.14500744496,213.50804120133,9.527046E-11
    ));
#3831 = CARTESIAN_POINT('',(270.48373638244,212.61003597555,
    9.17294306137));
#3832 = CARTESIAN_POINT('',(271.72904565075,212.90365484732,
    6.115294295234));
#3833 = CARTESIAN_POINT('',(272.9744906949,213.19735325206,
    3.057648766232));
#3834 = CARTESIAN_POINT('',(274.21979996321,213.49097212382,9.527046E-11
    ));
#3835 = CARTESIAN_POINT('',(270.99734605794,212.20021166372,
    9.158696348515));
#3836 = CARTESIAN_POINT('',(272.09639996069,212.61048324432,
    6.10579555767));
#3837 = CARTESIAN_POINT('',(273.19564175981,213.02090283102,
    3.05290079094));
#3838 = CARTESIAN_POINT('',(274.29469566256,213.43117441162,9.527046E-11
    ));
#3839 = CARTESIAN_POINT('',(271.34057159792,211.65394161255,
    9.139706375652));
#3840 = CARTESIAN_POINT('',(272.34194396411,212.21977581278,
    6.093137263529));
#3841 = CARTESIAN_POINT('',(273.34337320407,212.78563361918,
    3.046569112219));
#3842 = CARTESIAN_POINT('',(274.34474557026,213.35146781941,9.527001E-11
    ));
#3843 = CARTESIAN_POINT('',(271.42877463582,211.26996193846,
    9.126358099327));
#3844 = CARTESIAN_POINT('',(272.40490437143,211.94506450103,
    6.084236406297));
#3845 = CARTESIAN_POINT('',(273.3814777968,212.6203385513,3.042121693125
    ));
#3846 = CARTESIAN_POINT('',(274.35760753241,213.29544111387,9.527046E-11
    ));
#3847 = CARTESIAN_POINT('',(271.42877463582,211.0136412055,
    9.117447627752));
#3848 = CARTESIAN_POINT('',(272.40505226801,211.76177453744,
    6.078298418533));
#3849 = CARTESIAN_POINT('',(273.38132990021,212.50990786938,
    3.039149209314));
#3850 = CARTESIAN_POINT('',(274.35760753241,213.25804120133,9.527046E-11
    ));
#3851 = ADVANCED_FACE('',(#3852,#3875),#3881,.F.);
#3852 = FACE_BOUND('',#3853,.T.);
#3853 = EDGE_LOOP('',(#3854,#3855,#3856,#3857,#3866,#3872,#3873,#3874));
#3854 = ORIENTED_EDGE('',*,*,#3789,.T.);
#3855 = ORIENTED_EDGE('',*,*,#3815,.T.);
#3856 = ORIENTED_EDGE('',*,*,#3090,.T.);
#3857 = ORIENTED_EDGE('',*,*,#3858,.T.);
#3858 = EDGE_CURVE('',#3083,#3859,#3861,.T.);
#3859 = VERTEX_POINT('',#3860);
#3860 = CARTESIAN_POINT('',(274.10760753241,195.50804120133,9.527E-11));
#3861 = CIRCLE('',#3862,0.25);
#3862 = AXIS2_PLACEMENT_3D('',#3863,#3864,#3865);
#3863 = CARTESIAN_POINT('',(274.10760753241,195.75804120133,9.527046E-11
    ));
#3864 = DIRECTION('',(0.,0.,-1.));
#3865 = DIRECTION('',(7.11E-15,-1.,0.));
#3866 = ORIENTED_EDGE('',*,*,#3867,.T.);
#3867 = EDGE_CURVE('',#3859,#3649,#3868,.T.);
#3868 = LINE('',#3869,#3870);
#3869 = CARTESIAN_POINT('',(256.60760753241,195.50804120133,9.527046E-11
    ));
#3870 = VECTOR('',#3871,1.);
#3871 = DIRECTION('',(-1.,0.,0.));
#3872 = ORIENTED_EDGE('',*,*,#3665,.T.);
#3873 = ORIENTED_EDGE('',*,*,#3704,.T.);
#3874 = ORIENTED_EDGE('',*,*,#3749,.T.);
#3875 = FACE_BOUND('',#3876,.T.);
#3876 = EDGE_LOOP('',(#3877,#3878,#3879,#3880));
#3877 = ORIENTED_EDGE('',*,*,#1412,.F.);
#3878 = ORIENTED_EDGE('',*,*,#1448,.F.);
#3879 = ORIENTED_EDGE('',*,*,#3062,.T.);
#3880 = ORIENTED_EDGE('',*,*,#1212,.F.);
#3881 = PLANE('',#3882);
#3882 = AXIS2_PLACEMENT_3D('',#3883,#3884,#3885);
#3883 = CARTESIAN_POINT('',(265.35760753241,204.50804120133,9.527046E-11
    ));
#3884 = DIRECTION('',(3.E-17,-1.E-17,1.));
#3885 = DIRECTION('',(1.,0.,-3.E-17));
#3886 = ADVANCED_FACE('',(#3887),#3901,.F.);
#3887 = FACE_BOUND('',#3888,.F.);
#3888 = EDGE_LOOP('',(#3889,#3890,#3891,#3892,#3893,#3894,#3895,#3896,
    #3897,#3898,#3899,#3900));
#3889 = ORIENTED_EDGE('',*,*,#2685,.T.);
#3890 = ORIENTED_EDGE('',*,*,#2719,.T.);
#3891 = ORIENTED_EDGE('',*,*,#2783,.T.);
#3892 = ORIENTED_EDGE('',*,*,#2849,.T.);
#3893 = ORIENTED_EDGE('',*,*,#2915,.T.);
#3894 = ORIENTED_EDGE('',*,*,#2979,.T.);
#3895 = ORIENTED_EDGE('',*,*,#3011,.T.);
#3896 = ORIENTED_EDGE('',*,*,#2947,.T.);
#3897 = ORIENTED_EDGE('',*,*,#2883,.T.);
#3898 = ORIENTED_EDGE('',*,*,#2815,.T.);
#3899 = ORIENTED_EDGE('',*,*,#2751,.T.);
#3900 = ORIENTED_EDGE('',*,*,#2644,.T.);
#3901 = B_SPLINE_SURFACE_WITH_KNOTS('',3,3,(
    (#3902,#3903,#3904,#3905)
    ,(#3906,#3907,#3908,#3909)
    ,(#3910,#3911,#3912,#3913)
    ,(#3914,#3915,#3916,#3917
    )),.UNSPECIFIED.,.F.,.F.,.F.,(4,4),(4,4),(7.18587551937E-02,
    8.680363301572E-02),(4.043455538341E-02,5.530722583519E-02),
  .PIECEWISE_BEZIER_KNOTS.);
#3902 = CARTESIAN_POINT('',(239.50135748591,206.50547913972,
    7.65162275541));
#3903 = CARTESIAN_POINT('',(240.83398127824,206.50788488093,
    7.582502525153));
#3904 = CARTESIAN_POINT('',(242.16738789426,206.50994662553,
    7.523265889499));
#3905 = CARTESIAN_POINT('',(243.50135750442,206.51166349642,
    7.473938049202));
#3906 = CARTESIAN_POINT('',(239.50135751074,205.17163045331,
    7.605198406921));
#3907 = CARTESIAN_POINT('',(240.83398130308,205.17403619451,
    7.536078176664));
#3908 = CARTESIAN_POINT('',(242.16738791909,205.17609793911,
    7.47684154101));
#3909 = CARTESIAN_POINT('',(243.50135752925,205.17781481,7.427513700713)
  );
#3910 = CARTESIAN_POINT('',(239.50135753557,203.8377817669,
    7.558774058433));
#3911 = CARTESIAN_POINT('',(240.8339813279,203.84018750811,
    7.489653828176));
#3912 = CARTESIAN_POINT('',(242.16738794392,203.84224925271,
    7.430417192521));
#3913 = CARTESIAN_POINT('',(243.50135755408,203.84396612359,
    7.381089352224));
#3914 = CARTESIAN_POINT('',(239.50135756041,202.50393308048,
    7.512349709944));
#3915 = CARTESIAN_POINT('',(240.83398135274,202.50633882169,
    7.443229479687));
#3916 = CARTESIAN_POINT('',(242.16738796875,202.50840056629,
    7.383992844032));
#3917 = CARTESIAN_POINT('',(243.50135757891,202.51011743718,
    7.334665003735));
#3918 = ADVANCED_FACE('',(#3919),#3930,.T.);
#3919 = FACE_BOUND('',#3920,.T.);
#3920 = EDGE_LOOP('',(#3921,#3922,#3928,#3929));
#3921 = ORIENTED_EDGE('',*,*,#3267,.F.);
#3922 = ORIENTED_EDGE('',*,*,#3923,.T.);
#3923 = EDGE_CURVE('',#3227,#3859,#3924,.T.);
#3924 = LINE('',#3925,#3926);
#3925 = CARTESIAN_POINT('',(269.60760753243,198.71655155299,
    8.911924779805));
#3926 = VECTOR('',#3927,1.);
#3927 = DIRECTION('',(0.429122651621,-0.305965437747,-0.849846398339));
#3928 = ORIENTED_EDGE('',*,*,#3858,.F.);
#3929 = ORIENTED_EDGE('',*,*,#3080,.F.);
#3930 = B_SPLINE_SURFACE_WITH_KNOTS('',3,3,(
    (#3931,#3932,#3933,#3934)
    ,(#3935,#3936,#3937,#3938)
    ,(#3939,#3940,#3941,#3942)
    ,(#3943,#3944,#3945,#3946)
    ,(#3947,#3948,#3949,#3950)
    ,(#3951,#3952,#3953,#3954)
    ,(#3955,#3956,#3957,#3958
    )),.UNSPECIFIED.,.F.,.F.,.F.,(4,1,1,1,4),(4,4),(-1.871E-14,
    0.285714285714,0.571428571429,0.714285714286,1.),(2.199734935107E-02
    ,1.),.UNSPECIFIED.);
#3931 = CARTESIAN_POINT('',(271.42359958048,200.36193641255,
    8.77555341443));
#3932 = CARTESIAN_POINT('',(272.40160223113,198.82730467548,
    5.850368942985));
#3933 = CARTESIAN_POINT('',(273.37960488177,197.2926729384,2.92518447154
    ));
#3934 = CARTESIAN_POINT('',(274.35760753241,195.75804120133,9.527046E-11
    ));
#3935 = CARTESIAN_POINT('',(271.42359958048,200.10522886088,
    8.766627198638));
#3936 = CARTESIAN_POINT('',(272.40154999523,198.64363970291,
    5.844415691681));
#3937 = CARTESIAN_POINT('',(273.37965711766,197.18223044676,
    2.922211507052));
#3938 = CARTESIAN_POINT('',(274.35760753241,195.72064128879,9.527046E-11
    ));
#3939 = CARTESIAN_POINT('',(271.30636888476,199.59186391052,
    8.748776510967));
#3940 = CARTESIAN_POINT('',(272.31773216481,198.27657083694,
    5.832519518063));
#3941 = CARTESIAN_POINT('',(273.32917517486,196.96114184409,2.916256993)
  );
#3942 = CARTESIAN_POINT('',(274.34053845491,195.64584877052,9.527001E-11
    ));
#3943 = CARTESIAN_POINT('',(270.89567724634,199.07779074019,
    8.730901197126));
#3944 = CARTESIAN_POINT('',(272.02398228752,197.9089075488,
    5.820603350049));
#3945 = CARTESIAN_POINT('',(273.15243570153,196.73983626256,
    2.910297847172));
#3946 = CARTESIAN_POINT('',(274.28074074271,195.57095307117,9.527001E-11
    ));
#3947 = CARTESIAN_POINT('',(270.34825110336,198.73425546449,
    8.718955814205));
#3948 = CARTESIAN_POINT('',(271.63250423086,197.66315700877,
    5.812637981938));
#3949 = CARTESIAN_POINT('',(272.916781023,196.59200161921,2.906317832362
    ));
#3950 = CARTESIAN_POINT('',(274.2010341505,195.52090316349,9.52709E-11)
  );
#3951 = CARTESIAN_POINT('',(269.96345879865,198.64597282989,
    8.715886057035));
#3952 = CARTESIAN_POINT('',(271.35725104321,197.60014367321,
    5.810596730739));
#3953 = CARTESIAN_POINT('',(272.7512152004,196.55387035801,
    2.905289326392));
#3954 = CARTESIAN_POINT('',(274.14500744496,195.50804120133,9.527046E-11
    ));
#3955 = CARTESIAN_POINT('',(269.70659560451,198.64597282989,
    8.715886057035));
#3956 = CARTESIAN_POINT('',(271.17359958048,197.59999562037,
    5.810590704722));
#3957 = CARTESIAN_POINT('',(272.64060355644,196.55401841085,
    2.905295352409));
#3958 = CARTESIAN_POINT('',(274.10760753241,195.50804120133,9.527046E-11
    ));
#3959 = ADVANCED_FACE('',(#3960),#3966,.T.);
#3960 = FACE_BOUND('',#3961,.T.);
#3961 = EDGE_LOOP('',(#3962,#3963,#3964,#3965));
#3962 = ORIENTED_EDGE('',*,*,#3867,.F.);
#3963 = ORIENTED_EDGE('',*,*,#3923,.F.);
#3964 = ORIENTED_EDGE('',*,*,#3235,.F.);
#3965 = ORIENTED_EDGE('',*,*,#3648,.T.);
#3966 = PLANE('',#3967);
#3967 = AXIS2_PLACEMENT_3D('',#3968,#3969,#3970);
#3968 = CARTESIAN_POINT('',(269.60760753243,198.71655155299,
    8.911924779805));
#3969 = DIRECTION('',(-2.E-17,-0.940880095847,0.338739789867));
#3970 = DIRECTION('',(7.703719777549E-34,-0.338739789867,-0.940880095847
    ));
#3971 = ADVANCED_FACE('',(#3972),#3983,.F.);
#3972 = FACE_BOUND('',#3973,.T.);
#3973 = EDGE_LOOP('',(#3974,#3975,#3981,#3982));
#3974 = ORIENTED_EDGE('',*,*,#1482,.T.);
#3975 = ORIENTED_EDGE('',*,*,#3976,.T.);
#3976 = EDGE_CURVE('',#1475,#1745,#3977,.T.);
#3977 = LINE('',#3978,#3979);
#3978 = CARTESIAN_POINT('',(265.07635753241,204.50804120133,
    4.63039454832));
#3979 = VECTOR('',#3980,1.);
#3980 = DIRECTION('',(0.,-1.,0.));
#3981 = ORIENTED_EDGE('',*,*,#1744,.T.);
#3982 = ORIENTED_EDGE('',*,*,#773,.T.);
#3983 = PLANE('',#3984);
#3984 = AXIS2_PLACEMENT_3D('',#3985,#3986,#3987);
#3985 = CARTESIAN_POINT('',(265.07635753241,204.50804120133,
    6.13039454832));
#3986 = DIRECTION('',(1.,0.,0.));
#3987 = DIRECTION('',(0.,-1.,0.));
#3988 = ADVANCED_FACE('',(#3989),#4000,.F.);
#3989 = FACE_BOUND('',#3990,.T.);
#3990 = EDGE_LOOP('',(#3991,#3992,#3998,#3999));
#3991 = ORIENTED_EDGE('',*,*,#1474,.T.);
#3992 = ORIENTED_EDGE('',*,*,#3993,.F.);
#3993 = EDGE_CURVE('',#1753,#1467,#3994,.T.);
#3994 = LINE('',#3995,#3996);
#3995 = CARTESIAN_POINT('',(265.72635753241,204.50804120133,
    4.63039454832));
#3996 = VECTOR('',#3997,1.);
#3997 = DIRECTION('',(0.,1.,0.));
#3998 = ORIENTED_EDGE('',*,*,#1752,.T.);
#3999 = ORIENTED_EDGE('',*,*,#3976,.F.);
#4000 = PLANE('',#4001);
#4001 = AXIS2_PLACEMENT_3D('',#4002,#4003,#4004);
#4002 = CARTESIAN_POINT('',(253.45135753241,204.83304120133,
    4.63039454832));
#4003 = DIRECTION('',(0.,0.,1.));
#4004 = DIRECTION('',(1.,0.,-0.));
#4005 = ADVANCED_FACE('',(#4006),#4012,.T.);
#4006 = FACE_BOUND('',#4007,.T.);
#4007 = EDGE_LOOP('',(#4008,#4009,#4010,#4011));
#4008 = ORIENTED_EDGE('',*,*,#1466,.T.);
#4009 = ORIENTED_EDGE('',*,*,#1501,.T.);
#4010 = ORIENTED_EDGE('',*,*,#1761,.T.);
#4011 = ORIENTED_EDGE('',*,*,#3993,.T.);
#4012 = PLANE('',#4013);
#4013 = AXIS2_PLACEMENT_3D('',#4014,#4015,#4016);
#4014 = CARTESIAN_POINT('',(265.72635753241,204.50804120133,
    6.13039454832));
#4015 = DIRECTION('',(1.,0.,0.));
#4016 = DIRECTION('',(0.,-1.,0.));
#4017 = ADVANCED_FACE('',(#4018),#4029,.T.);
#4018 = FACE_BOUND('',#4019,.T.);
#4019 = EDGE_LOOP('',(#4020,#4021,#4022,#4023));
#4020 = ORIENTED_EDGE('',*,*,#1369,.T.);
#4021 = ORIENTED_EDGE('',*,*,#1564,.T.);
#4022 = ORIENTED_EDGE('',*,*,#1786,.T.);
#4023 = ORIENTED_EDGE('',*,*,#4024,.T.);
#4024 = EDGE_CURVE('',#1778,#1370,#4025,.T.);
#4025 = LINE('',#4026,#4027);
#4026 = CARTESIAN_POINT('',(253.45135753241,204.18304120133,
    4.63039454832));
#4027 = VECTOR('',#4028,1.);
#4028 = DIRECTION('',(1.,-4.0422E-13,0.));
#4029 = PLANE('',#4030);
#4030 = AXIS2_PLACEMENT_3D('',#4031,#4032,#4033);
#4031 = CARTESIAN_POINT('',(253.45135753241,204.18304120133,
    6.13039454832));
#4032 = DIRECTION('',(-4.0422E-13,-1.,0.));
#4033 = DIRECTION('',(-0.,0.,-1.));
#4034 = ADVANCED_FACE('',(#4035),#4047,.F.);
#4035 = FACE_BOUND('',#4036,.T.);
#4036 = EDGE_LOOP('',(#4037,#4038,#4039,#4040));
#4037 = ORIENTED_EDGE('',*,*,#1379,.T.);
#4038 = ORIENTED_EDGE('',*,*,#4024,.F.);
#4039 = ORIENTED_EDGE('',*,*,#1777,.T.);
#4040 = ORIENTED_EDGE('',*,*,#4041,.F.);
#4041 = EDGE_CURVE('',#1380,#1769,#4042,.T.);
#4042 = B_SPLINE_CURVE_WITH_KNOTS('',3,(#4043,#4044,#4045,#4046),
  .UNSPECIFIED.,.F.,.F.,(4,4),(39.809390248902,43.369631555178),
  .PIECEWISE_BEZIER_KNOTS.);
#4043 = CARTESIAN_POINT('',(271.64196728351,204.83304120133,
    4.63039454832));
#4044 = CARTESIAN_POINT('',(270.45522018141,204.83304120133,
    4.63039454832));
#4045 = CARTESIAN_POINT('',(269.26847307932,204.83304120133,
    4.63039454832));
#4046 = CARTESIAN_POINT('',(268.08172597723,204.83304120133,
    4.63039454832));
#4047 = PLANE('',#4048);
#4048 = AXIS2_PLACEMENT_3D('',#4049,#4050,#4051);
#4049 = CARTESIAN_POINT('',(253.45135753241,204.83304120133,
    4.63039454832));
#4050 = DIRECTION('',(0.,0.,1.));
#4051 = DIRECTION('',(1.,0.,-0.));
#4052 = ADVANCED_FACE('',(#4053),#4059,.F.);
#4053 = FACE_BOUND('',#4054,.F.);
#4054 = EDGE_LOOP('',(#4055,#4056,#4057,#4058));
#4055 = ORIENTED_EDGE('',*,*,#1533,.F.);
#4056 = ORIENTED_EDGE('',*,*,#1768,.F.);
#4057 = ORIENTED_EDGE('',*,*,#4041,.F.);
#4058 = ORIENTED_EDGE('',*,*,#1387,.F.);
#4059 = B_SPLINE_SURFACE_WITH_KNOTS('',1,1,(
    (#4060,#4061,#4062,#4063)
    ,(#4064,#4065,#4066,#4067)
    ,(#4068,#4069,#4070,#4071
    )),.UNSPECIFIED.,.F.,.F.,.F.,(2,1,2),(2,1,1,2),(2.025E-13,18.,
    66.999999999999),(-1.5,0.,3.,10.5),.UNSPECIFIED.);
#4060 = CARTESIAN_POINT('',(244.45135753241,204.83304120134,
    3.13039454832));
#4061 = CARTESIAN_POINT('',(244.45135753241,204.83304120134,
    4.63039454832));
#4062 = CARTESIAN_POINT('',(244.45135753241,204.83304120134,
    7.63039454832));
#4063 = CARTESIAN_POINT('',(244.45135753241,204.83304120134,
    15.13039454832));
#4064 = CARTESIAN_POINT('',(262.45135753241,204.83304120133,
    3.13039454832));
#4065 = CARTESIAN_POINT('',(262.45135753241,204.83304120133,
    4.63039454832));
#4066 = CARTESIAN_POINT('',(262.45135753241,204.83304120133,
    7.63039454832));
#4067 = CARTESIAN_POINT('',(262.45135753241,204.83304120133,
    15.13039454832));
#4068 = CARTESIAN_POINT('',(311.45135753241,204.83304120131,
    3.13039454832));
#4069 = CARTESIAN_POINT('',(311.45135753241,204.83304120131,
    4.63039454832));
#4070 = CARTESIAN_POINT('',(311.45135753241,204.83304120131,
    7.63039454832));
#4071 = CARTESIAN_POINT('',(311.45135753241,204.83304120131,
    15.13039454832));
#4072 = ADVANCED_FACE('',(#4073),#4084,.T.);
#4073 = FACE_BOUND('',#4074,.T.);
#4074 = EDGE_LOOP('',(#4075,#4076,#4082,#4083));
#4075 = ORIENTED_EDGE('',*,*,#1185,.T.);
#4076 = ORIENTED_EDGE('',*,*,#4077,.T.);
#4077 = EDGE_CURVE('',#1178,#1794,#4078,.T.);
#4078 = LINE('',#4079,#4080);
#4079 = CARTESIAN_POINT('',(265.72635753241,204.50804120133,
    4.63039454832));
#4080 = VECTOR('',#4081,1.);
#4081 = DIRECTION('',(0.,1.,0.));
#4082 = ORIENTED_EDGE('',*,*,#1793,.T.);
#4083 = ORIENTED_EDGE('',*,*,#1590,.T.);
#4084 = PLANE('',#4085);
#4085 = AXIS2_PLACEMENT_3D('',#4086,#4087,#4088);
#4086 = CARTESIAN_POINT('',(265.72635753241,204.50804120133,
    6.13039454832));
#4087 = DIRECTION('',(1.,0.,0.));
#4088 = DIRECTION('',(0.,-1.,0.));
#4089 = ADVANCED_FACE('',(#4090),#4102,.F.);
#4090 = FACE_BOUND('',#4091,.T.);
#4091 = EDGE_LOOP('',(#4092,#4093,#4099,#4100,#4101));
#4092 = ORIENTED_EDGE('',*,*,#1177,.T.);
#4093 = ORIENTED_EDGE('',*,*,#4094,.F.);
#4094 = EDGE_CURVE('',#1819,#1170,#4095,.T.);
#4095 = LINE('',#4096,#4097);
#4096 = CARTESIAN_POINT('',(265.07635753241,204.50804120133,
    4.63039454832));
#4097 = VECTOR('',#4098,1.);
#4098 = DIRECTION('',(0.,-1.,0.));
#4099 = ORIENTED_EDGE('',*,*,#1818,.T.);
#4100 = ORIENTED_EDGE('',*,*,#1801,.T.);
#4101 = ORIENTED_EDGE('',*,*,#4077,.F.);
#4102 = PLANE('',#4103);
#4103 = AXIS2_PLACEMENT_3D('',#4104,#4105,#4106);
#4104 = CARTESIAN_POINT('',(253.45135753241,204.83304120133,
    4.63039454832));
#4105 = DIRECTION('',(0.,0.,1.));
#4106 = DIRECTION('',(1.,0.,-0.));
#4107 = ADVANCED_FACE('',(#4108),#4114,.F.);
#4108 = FACE_BOUND('',#4109,.T.);
#4109 = EDGE_LOOP('',(#4110,#4111,#4112,#4113));
#4110 = ORIENTED_EDGE('',*,*,#1169,.T.);
#4111 = ORIENTED_EDGE('',*,*,#1259,.T.);
#4112 = ORIENTED_EDGE('',*,*,#1827,.T.);
#4113 = ORIENTED_EDGE('',*,*,#4094,.T.);
#4114 = PLANE('',#4115);
#4115 = AXIS2_PLACEMENT_3D('',#4116,#4117,#4118);
#4116 = CARTESIAN_POINT('',(265.07635753241,204.50804120133,
    6.13039454832));
#4117 = DIRECTION('',(1.,0.,0.));
#4118 = DIRECTION('',(0.,-1.,0.));
#4119 = ADVANCED_FACE('',(#4120),#4132,.F.);
#4120 = FACE_BOUND('',#4121,.F.);
#4121 = EDGE_LOOP('',(#4122,#4123,#4124,#4131));
#4122 = ORIENTED_EDGE('',*,*,#734,.F.);
#4123 = ORIENTED_EDGE('',*,*,#577,.F.);
#4124 = ORIENTED_EDGE('',*,*,#4125,.F.);
#4125 = EDGE_CURVE('',#1735,#578,#4126,.T.);
#4126 = B_SPLINE_CURVE_WITH_KNOTS('',3,(#4127,#4128,#4129,#4130),
  .UNSPECIFIED.,.F.,.F.,(4,4),(48.730368444824,55.319631555177),
  .PIECEWISE_BEZIER_KNOTS.);
#4127 = CARTESIAN_POINT('',(262.72098908758,204.83304120133,
    4.63039454832));
#4128 = CARTESIAN_POINT('',(260.5245680508,204.83304120133,4.63039454832
    ));
#4129 = CARTESIAN_POINT('',(258.32814701402,204.83304120133,
    4.63039454832));
#4130 = CARTESIAN_POINT('',(256.13172597724,204.83304120133,
    4.63039454832));
#4131 = ORIENTED_EDGE('',*,*,#1734,.F.);
#4132 = B_SPLINE_SURFACE_WITH_KNOTS('',1,1,(
    (#4133,#4134,#4135,#4136)
    ,(#4137,#4138,#4139,#4140)
    ,(#4141,#4142,#4143,#4144
    )),.UNSPECIFIED.,.F.,.F.,.F.,(2,1,2),(2,1,1,2),(2.025E-13,18.,
    66.999999999999),(-1.5,0.,3.,10.5),.UNSPECIFIED.);
#4133 = CARTESIAN_POINT('',(244.45135753241,204.83304120134,
    3.13039454832));
#4134 = CARTESIAN_POINT('',(244.45135753241,204.83304120134,
    4.63039454832));
#4135 = CARTESIAN_POINT('',(244.45135753241,204.83304120134,
    7.63039454832));
#4136 = CARTESIAN_POINT('',(244.45135753241,204.83304120134,
    15.13039454832));
#4137 = CARTESIAN_POINT('',(262.45135753241,204.83304120133,
    3.13039454832));
#4138 = CARTESIAN_POINT('',(262.45135753241,204.83304120133,
    4.63039454832));
#4139 = CARTESIAN_POINT('',(262.45135753241,204.83304120133,
    7.63039454832));
#4140 = CARTESIAN_POINT('',(262.45135753241,204.83304120133,
    15.13039454832));
#4141 = CARTESIAN_POINT('',(311.45135753241,204.83304120131,
    3.13039454832));
#4142 = CARTESIAN_POINT('',(311.45135753241,204.83304120131,
    4.63039454832));
#4143 = CARTESIAN_POINT('',(311.45135753241,204.83304120131,
    7.63039454832));
#4144 = CARTESIAN_POINT('',(311.45135753241,204.83304120131,
    15.13039454832));
#4145 = ADVANCED_FACE('',(#4146),#4157,.T.);
#4146 = FACE_BOUND('',#4147,.T.);
#4147 = EDGE_LOOP('',(#4148,#4149,#4150,#4151));
#4148 = ORIENTED_EDGE('',*,*,#1834,.T.);
#4149 = ORIENTED_EDGE('',*,*,#1287,.T.);
#4150 = ORIENTED_EDGE('',*,*,#595,.T.);
#4151 = ORIENTED_EDGE('',*,*,#4152,.T.);
#4152 = EDGE_CURVE('',#587,#1835,#4153,.T.);
#4153 = LINE('',#4154,#4155);
#4154 = CARTESIAN_POINT('',(253.45135753241,204.18304120133,
    4.63039454832));
#4155 = VECTOR('',#4156,1.);
#4156 = DIRECTION('',(1.,-4.0422E-13,0.));
#4157 = PLANE('',#4158);
#4158 = AXIS2_PLACEMENT_3D('',#4159,#4160,#4161);
#4159 = CARTESIAN_POINT('',(253.45135753241,204.18304120133,
    6.13039454832));
#4160 = DIRECTION('',(-4.0422E-13,-1.,0.));
#4161 = DIRECTION('',(-0.,0.,-1.));
#4162 = ADVANCED_FACE('',(#4163),#4169,.F.);
#4163 = FACE_BOUND('',#4164,.T.);
#4164 = EDGE_LOOP('',(#4165,#4166,#4167,#4168));
#4165 = ORIENTED_EDGE('',*,*,#1842,.T.);
#4166 = ORIENTED_EDGE('',*,*,#4152,.F.);
#4167 = ORIENTED_EDGE('',*,*,#586,.T.);
#4168 = ORIENTED_EDGE('',*,*,#4125,.F.);
#4169 = PLANE('',#4170);
#4170 = AXIS2_PLACEMENT_3D('',#4171,#4172,#4173);
#4171 = CARTESIAN_POINT('',(253.45135753241,204.83304120133,
    4.63039454832));
#4172 = DIRECTION('',(0.,0.,1.));
#4173 = DIRECTION('',(1.,0.,-0.));
#4174 = ( GEOMETRIC_REPRESENTATION_CONTEXT(3) 
GLOBAL_UNCERTAINTY_ASSIGNED_CONTEXT((#4178)) 
GLOBAL_UNIT_ASSIGNED_CONTEXT((#4175,#4176,#4177)) REPRESENTATION_CONTEXT
('Context #1','3D Context with UNIT and UNCERTAINTY') );
#4175 = ( LENGTH_UNIT() NAMED_UNIT(*) SI_UNIT(.MILLI.,.METRE.) );
#4176 = ( NAMED_UNIT(*) PLANE_ANGLE_UNIT() SI_UNIT($,.RADIAN.) );
#4177 = ( NAMED_UNIT(*) SI_UNIT($,.STERADIAN.) SOLID_ANGLE_UNIT() );
#4178 = UNCERTAINTY_MEASURE_WITH_UNIT(LENGTH_MEASURE(5.E-04),#4175,
  'distance_accuracy_value','confusion accuracy');
#4179 = PRODUCT_RELATED_PRODUCT_CATEGORY('part',$,(#7));
#4180 = MECHANICAL_DESIGN_GEOMETRIC_PRESENTATION_REPRESENTATION('',(
    #4181),#4174);
#4181 = STYLED_ITEM('color',(#4182),#15);
#4182 = PRESENTATION_STYLE_ASSIGNMENT((#4183,#4189));
#4183 = SURFACE_STYLE_USAGE(.BOTH.,#4184);
#4184 = SURFACE_SIDE_STYLE('',(#4185));
#4185 = SURFACE_STYLE_FILL_AREA(#4186);
#4186 = FILL_AREA_STYLE('',(#4187));
#4187 = FILL_AREA_STYLE_COLOUR('',#4188);
#4188 = DRAUGHTING_PRE_DEFINED_COLOUR('white');
#4189 = CURVE_STYLE('',#4190,POSITIVE_LENGTH_MEASURE(0.1),#4191);
#4190 = DRAUGHTING_PRE_DEFINED_CURVE_FONT('continuous');
#4191 = COLOUR_RGB('',9.803921802644E-02,9.803921802644E-02,
  9.803921802644E-02);
ENDSEC;
END-ISO-10303-21;
