ISO-10303-21;
HEADER;
FILE_DESCRIPTION(('FreeCAD Model'),'2;1');
FILE_NAME('Open CASCADE Shape Model','2026-09-14T23:54:52',('Author'),(
    ''),'Open CASCADE STEP processor 7.9','FreeCAD','Unknown');
FILE_SCHEMA(('AUTOMOTIVE_DESIGN { 1 0 10303 214 1 1 1 1 }'));
ENDSEC;
DATA;
#1 = APPLICATION_PROTOCOL_DEFINITION('international standard',
  'automotive_design',2000,#2);
#2 = APPLICATION_CONTEXT(
  'core data for automotive mechanical design processes');
#3 = SHAPE_DEFINITION_REPRESENTATION(#4,#10);
#4 = PRODUCT_DEFINITION_SHAPE('','',#5);
#5 = PRODUCT_DEFINITION('design','',#6,#9);
#6 = PRODUCT_DEFINITION_FORMATION('','',#7);
#7 = PRODUCT('Product','Product','',(#8));
#8 = PRODUCT_CONTEXT('',#2,'mechanical');
#9 = PRODUCT_DEFINITION_CONTEXT('part definition',#2,'design');
#10 = ADVANCED_BREP_SHAPE_REPRESENTATION('',(#11,#15),#4472);
#11 = AXIS2_PLACEMENT_3D('',#12,#13,#14);
#12 = CARTESIAN_POINT('',(0.,0.,0.));
#13 = DIRECTION('',(0.,0.,1.));
#14 = DIRECTION('',(1.,0.,-0.));
#15 = MANIFOLD_SOLID_BREP('',#16);
#16 = CLOSED_SHELL('',(#17,#71,#114,#138,#216,#314,#463,#529,#570,#592,
    #723,#791,#835,#859,#877,#941,#972,#1013,#1045,#1128,#1226,#1269,
    #1300,#1329,#1369,#1459,#1483,#1508,#1541,#1573,#1597,#1614,#1690,
    #1814,#1872,#1911,#1937,#1985,#2026,#2060,#2092,#2124,#2156,#2188,
    #2220,#2252,#2284,#2316,#2348,#2373,#2396,#2503,#2537,#2562,#2587,
    #2612,#2637,#2662,#2687,#2712,#2737,#2762,#2789,#2807,#2839,#2946,
    #2980,#3005,#3030,#3055,#3080,#3105,#3130,#3155,#3180,#3205,#3232,
    #3250,#3282,#3342,#3406,#3470,#3583,#3696,#3767,#3838,#3878,#3934,
    #3970,#4019,#4043,#4083,#4115,#4164,#4200,#4249,#4266,#4288,#4305,
    #4322,#4335,#4370,#4387,#4406,#4426,#4448,#4460));
#17 = ADVANCED_FACE('',(#18),#58,.F.);
#18 = FACE_BOUND('',#19,.F.);
#19 = EDGE_LOOP('',(#20,#31,#40,#51));
#20 = ORIENTED_EDGE('',*,*,#21,.T.);
#21 = EDGE_CURVE('',#22,#24,#26,.T.);
#22 = VERTEX_POINT('',#23);
#23 = CARTESIAN_POINT('',(29.955368444829,9.075000000019,4.17094187066)
  );
#24 = VERTEX_POINT('',#25);
#25 = CARTESIAN_POINT('',(36.544631555189,9.075000000019,4.17094187066)
  );
#26 = B_SPLINE_CURVE_WITH_KNOTS('',3,(#27,#28,#29,#30),.UNSPECIFIED.,.F.
  ,.F.,(4,4),(-55.31963155517,-48.73036844482),
  .PIECEWISE_BEZIER_KNOTS.);
#27 = CARTESIAN_POINT('',(29.955368444826,9.075000000026,4.17094187066)
  );
#28 = CARTESIAN_POINT('',(32.151789481613,9.075000000026,4.17094187066)
  );
#29 = CARTESIAN_POINT('',(34.348210518398,9.075000000019,4.17094187066)
  );
#30 = CARTESIAN_POINT('',(36.544631555182,9.075000000019,4.17094187066)
  );
#31 = ORIENTED_EDGE('',*,*,#32,.F.);
#32 = EDGE_CURVE('',#33,#24,#35,.T.);
#33 = VERTEX_POINT('',#34);
#34 = CARTESIAN_POINT('',(36.544631555189,9.075000000019,7.128041213486)
  );
#35 = B_SPLINE_CURVE_WITH_KNOTS('',3,(#36,#37,#38,#39),.UNSPECIFIED.,.F.
  ,.F.,(4,4),(-4.057099342826,-1.1),.PIECEWISE_BEZIER_KNOTS.);
#36 = CARTESIAN_POINT('',(36.544631555182,9.075000000019,7.128041213486)
  );
#37 = CARTESIAN_POINT('',(36.544631555182,9.075000000019,6.142341432544)
  );
#38 = CARTESIAN_POINT('',(36.544631555185,9.075000000019,5.156641651602)
  );
#39 = CARTESIAN_POINT('',(36.544631555185,9.075000000019,4.17094187066)
  );
#40 = ORIENTED_EDGE('',*,*,#41,.F.);
#41 = EDGE_CURVE('',#42,#33,#44,.T.);
#42 = VERTEX_POINT('',#43);
#43 = CARTESIAN_POINT('',(29.955368444826,9.075000000019,7.128041213491)
  );
#44 = B_SPLINE_CURVE_WITH_KNOTS('',3,(#45,#46,#47,#48,#49,#50),
  .UNSPECIFIED.,.F.,.F.,(4,2,4),(2.355368444934,5.650000000151,
    8.944631555302),.UNSPECIFIED.);
#45 = CARTESIAN_POINT('',(29.955368444833,9.075000000019,7.12804121349)
  );
#46 = CARTESIAN_POINT('',(31.053578963238,9.075000000019,7.128041213489)
  );
#47 = CARTESIAN_POINT('',(32.151789481643,9.075000000019,7.128041213489)
  );
#48 = CARTESIAN_POINT('',(34.34821051843,9.075000000019,7.128041213487)
  );
#49 = CARTESIAN_POINT('',(35.446421036813,9.075000000019,7.128041213486)
  );
#50 = CARTESIAN_POINT('',(36.5446315552,9.075000000019,7.128041213485));
#51 = ORIENTED_EDGE('',*,*,#52,.F.);
#52 = EDGE_CURVE('',#22,#42,#53,.T.);
#53 = B_SPLINE_CURVE_WITH_KNOTS('',3,(#54,#55,#56,#57),.UNSPECIFIED.,.F.
  ,.F.,(4,4),(-10.9,-7.942900657169),.PIECEWISE_BEZIER_KNOTS.);
#54 = CARTESIAN_POINT('',(29.955368444829,9.075000000019,4.17094187066)
  );
#55 = CARTESIAN_POINT('',(29.955368444829,9.075000000019,5.156641651603)
  );
#56 = CARTESIAN_POINT('',(29.955368444829,9.075000000019,6.142341432547)
  );
#57 = CARTESIAN_POINT('',(29.955368444829,9.075000000019,7.128041213491)
  );
#58 = B_SPLINE_SURFACE_WITH_KNOTS('',1,1,(
    (#59,#60,#61,#62)
    ,(#63,#64,#65,#66)
    ,(#67,#68,#69,#70
    )),.UNSPECIFIED.,.F.,.F.,.F.,(2,1,2),(2,1,1,2),(2.025E-13,18.,
    66.999999999999),(-1.5,0.,3.,10.5),.UNSPECIFIED.);
#59 = CARTESIAN_POINT('',(18.275000000002,9.075000000026,3.07094187066)
  );
#60 = CARTESIAN_POINT('',(18.275000000002,9.075000000026,4.57094187066)
  );
#61 = CARTESIAN_POINT('',(18.275000000002,9.075000000026,7.57094187066)
  );
#62 = CARTESIAN_POINT('',(18.275000000002,9.075000000026,15.070941870659
    ));
#63 = CARTESIAN_POINT('',(36.275000000001,9.075000000019,3.07094187066)
  );
#64 = CARTESIAN_POINT('',(36.275000000001,9.075000000019,4.57094187066)
  );
#65 = CARTESIAN_POINT('',(36.275000000001,9.075000000019,7.57094187066)
  );
#66 = CARTESIAN_POINT('',(36.275000000001,9.075000000019,15.070941870659
    ));
#67 = CARTESIAN_POINT('',(85.275000000001,9.074999999997,3.07094187066)
  );
#68 = CARTESIAN_POINT('',(85.275000000001,9.074999999997,4.57094187066)
  );
#69 = CARTESIAN_POINT('',(85.275000000001,9.074999999997,7.57094187066)
  );
#70 = CARTESIAN_POINT('',(85.275000000001,9.074999999997,15.070941870659
    ));
#71 = ADVANCED_FACE('',(#72),#109,.T.);
#72 = FACE_BOUND('',#73,.T.);
#73 = EDGE_LOOP('',(#74,#84,#92,#100));
#74 = ORIENTED_EDGE('',*,*,#75,.F.);
#75 = EDGE_CURVE('',#76,#78,#80,.T.);
#76 = VERTEX_POINT('',#77);
#77 = CARTESIAN_POINT('',(29.955368444833,8.425000000025,4.17094187066)
  );
#78 = VERTEX_POINT('',#79);
#79 = CARTESIAN_POINT('',(29.955368444833,8.425000000017,7.205639346358)
  );
#80 = LINE('',#81,#82);
#81 = CARTESIAN_POINT('',(29.955368444833,8.425000000017,0.));
#82 = VECTOR('',#83,1.);
#83 = DIRECTION('',(0.,0.,1.));
#84 = ORIENTED_EDGE('',*,*,#85,.T.);
#85 = EDGE_CURVE('',#76,#86,#88,.T.);
#86 = VERTEX_POINT('',#87);
#87 = CARTESIAN_POINT('',(36.544631555182,8.42500000001,4.17094187066));
#88 = LINE('',#89,#90);
#89 = CARTESIAN_POINT('',(27.275000000002,8.425000000017,4.17094187066)
  );
#90 = VECTOR('',#91,1.);
#91 = DIRECTION('',(1.,-4.0422E-13,0.));
#92 = ORIENTED_EDGE('',*,*,#93,.F.);
#93 = EDGE_CURVE('',#94,#86,#96,.T.);
#94 = VERTEX_POINT('',#95);
#95 = CARTESIAN_POINT('',(36.544631555182,8.425000000025,7.205639346351)
  );
#96 = LINE('',#97,#98);
#97 = CARTESIAN_POINT('',(36.544631555182,8.425000000017,0.));
#98 = VECTOR('',#99,1.);
#99 = DIRECTION('',(0.,0.,-1.));
#100 = ORIENTED_EDGE('',*,*,#101,.T.);
#101 = EDGE_CURVE('',#94,#78,#102,.T.);
#102 = B_SPLINE_CURVE_WITH_KNOTS('',3,(#103,#104,#105,#106,#107,#108),
  .UNSPECIFIED.,.F.,.F.,(4,2,4),(2.468368445038,5.763000000152,
    9.05763155539),.UNSPECIFIED.);
#103 = CARTESIAN_POINT('',(36.544631555174,8.42500000001,7.205639346351)
  );
#104 = CARTESIAN_POINT('',(35.446421036802,8.42500000001,7.205639346353)
  );
#105 = CARTESIAN_POINT('',(34.34821051843,8.42500000001,7.205639346354)
  );
#106 = CARTESIAN_POINT('',(32.15178948165,8.42500000001,7.205639346356)
  );
#107 = CARTESIAN_POINT('',(31.053578963238,8.425000000017,7.205639346357
    ));
#108 = CARTESIAN_POINT('',(29.955368444826,8.425000000017,7.205639346358
    ));
#109 = PLANE('',#110);
#110 = AXIS2_PLACEMENT_3D('',#111,#112,#113);
#111 = CARTESIAN_POINT('',(27.275000000002,8.425000000017,6.07094187066)
  );
#112 = DIRECTION('',(-4.0422E-13,-1.,0.));
#113 = DIRECTION('',(-0.,0.,-1.));
#114 = ADVANCED_FACE('',(#115),#133,.F.);
#115 = FACE_BOUND('',#116,.T.);
#116 = EDGE_LOOP('',(#117,#124,#125,#132));
#117 = ORIENTED_EDGE('',*,*,#118,.F.);
#118 = EDGE_CURVE('',#22,#76,#119,.T.);
#119 = CIRCLE('',#120,2.7);
#120 = AXIS2_PLACEMENT_3D('',#121,#122,#123);
#121 = CARTESIAN_POINT('',(27.275000000009,8.750000000015,4.17094187066)
  );
#122 = DIRECTION('',(0.,0.,-1.));
#123 = DIRECTION('',(0.,1.,0.));
#124 = ORIENTED_EDGE('',*,*,#21,.T.);
#125 = ORIENTED_EDGE('',*,*,#126,.F.);
#126 = EDGE_CURVE('',#86,#24,#127,.T.);
#127 = CIRCLE('',#128,2.7);
#128 = AXIS2_PLACEMENT_3D('',#129,#130,#131);
#129 = CARTESIAN_POINT('',(39.225000000006,8.750000000015,4.17094187066)
  );
#130 = DIRECTION('',(0.,0.,-1.));
#131 = DIRECTION('',(0.,1.,0.));
#132 = ORIENTED_EDGE('',*,*,#85,.F.);
#133 = PLANE('',#134);
#134 = AXIS2_PLACEMENT_3D('',#135,#136,#137);
#135 = CARTESIAN_POINT('',(27.275000000002,9.075000000019,4.17094187066)
  );
#136 = DIRECTION('',(0.,0.,1.));
#137 = DIRECTION('',(1.,0.,-0.));
#138 = ADVANCED_FACE('',(#139),#199,.F.);
#139 = FACE_BOUND('',#140,.F.);
#140 = EDGE_LOOP('',(#141,#156,#165,#176,#185,#198));
#141 = ORIENTED_EDGE('',*,*,#142,.T.);
#142 = EDGE_CURVE('',#33,#143,#145,.T.);
#143 = VERTEX_POINT('',#144);
#144 = CARTESIAN_POINT('',(38.900000000005,11.430368444839,
    6.756728192009));
#145 = B_SPLINE_CURVE_WITH_KNOTS('',3,(#146,#147,#148,#149,#150,#151,
    #152,#153,#154,#155),.UNSPECIFIED.,.F.,.F.,(4,2,2,2,4),(
    5.08645170132E-02,1.100827039807,2.182809742591,3.001333422741,
    3.671316075185),.UNSPECIFIED.);
#146 = CARTESIAN_POINT('',(36.544631555185,9.075000000019,7.128041213485
    ));
#147 = CARTESIAN_POINT('',(36.58639134395,9.41940498483,7.084098525844)
  );
#148 = CARTESIAN_POINT('',(36.694141984866,9.752538773369,7.0369492057)
  );
#149 = CARTESIAN_POINT('',(37.034868036462,10.368980925035,
    6.942914657498));
#150 = CARTESIAN_POINT('',(37.268466446858,10.644862208945,
    6.897027660623));
#151 = CARTESIAN_POINT('',(37.762285720201,11.035612005166,
    6.829277077747));
#152 = CARTESIAN_POINT('',(37.999478866663,11.171192488116,
    6.804699922422));
#153 = CARTESIAN_POINT('',(38.461266808928,11.349296207576,6.77196621657
    ));
#154 = CARTESIAN_POINT('',(38.678420250446,11.403501459921,
    6.761778678762));
#155 = CARTESIAN_POINT('',(38.900000000143,11.430368444853,
    6.756728192007));
#156 = ORIENTED_EDGE('',*,*,#157,.T.);
#157 = EDGE_CURVE('',#143,#158,#160,.T.);
#158 = VERTEX_POINT('',#159);
#159 = CARTESIAN_POINT('',(38.900000000005,16.003724730166,
    5.617876111887));
#160 = B_SPLINE_CURVE_WITH_KNOTS('',3,(#161,#162,#163,#164),
  .UNSPECIFIED.,.F.,.F.,(4,4),(0.304964960211,0.420848107878),
  .PIECEWISE_BEZIER_KNOTS.);
#161 = CARTESIAN_POINT('',(38.900000000143,11.430304936039,
    6.756498859537));
#162 = CARTESIAN_POINT('',(38.900000000107,12.977651018882,
    6.465469671897));
#163 = CARTESIAN_POINT('',(38.900000000071,14.507276842305,
    6.084551245667));
#164 = CARTESIAN_POINT('',(38.900000000038,16.003724730421,
    5.617876111806));
#165 = ORIENTED_EDGE('',*,*,#166,.T.);
#166 = EDGE_CURVE('',#158,#167,#169,.T.);
#167 = VERTEX_POINT('',#168);
#168 = CARTESIAN_POINT('',(27.600000000006,16.003724730173,
    5.617876111844));
#169 = B_SPLINE_CURVE_WITH_KNOTS('',3,(#170,#171,#172,#173,#174,#175),
  .UNSPECIFIED.,.F.,.F.,(4,2,4),(0.,5.650000000151,11.300000000301),
  .UNSPECIFIED.);
#170 = CARTESIAN_POINT('',(38.900000000038,16.003724730173,
    5.617876111884));
#171 = CARTESIAN_POINT('',(37.016666666656,16.003724730173,
    5.617876111878));
#172 = CARTESIAN_POINT('',(35.133333333269,16.003724730173,
    5.617876111871));
#173 = CARTESIAN_POINT('',(31.366666666505,16.003724730173,
    5.617876111858));
#174 = CARTESIAN_POINT('',(29.483333333119,16.003724730173,
    5.617876111853));
#175 = CARTESIAN_POINT('',(27.599999999737,16.003724730173,
    5.617876111846));
#176 = ORIENTED_EDGE('',*,*,#177,.T.);
#177 = EDGE_CURVE('',#167,#178,#180,.T.);
#178 = VERTEX_POINT('',#179);
#179 = CARTESIAN_POINT('',(27.600000000006,11.430368444839,
    6.756728192005));
#180 = B_SPLINE_CURVE_WITH_KNOTS('',3,(#181,#182,#183,#184),
  .UNSPECIFIED.,.F.,.F.,(4,4),(-0.420848107878,-0.304964960217),
  .PIECEWISE_BEZIER_KNOTS.);
#181 = CARTESIAN_POINT('',(27.599999999737,16.003724730166,
    5.617876111846));
#182 = CARTESIAN_POINT('',(27.599999999769,14.50727684213,6.084551245683
    ));
#183 = CARTESIAN_POINT('',(27.599999999806,12.977651018795,
    6.465469671897));
#184 = CARTESIAN_POINT('',(27.599999999842,11.430304936032,
    6.756498859531));
#185 = ORIENTED_EDGE('',*,*,#186,.T.);
#186 = EDGE_CURVE('',#178,#42,#187,.T.);
#187 = B_SPLINE_CURVE_WITH_KNOTS('',3,(#188,#189,#190,#191,#192,#193,
    #194,#195,#196,#197),.UNSPECIFIED.,.F.,.F.,(4,2,2,2,4),(0.,
    0.768355528975,1.772177713665,2.70580442845,3.618829250239),
  .UNSPECIFIED.);
#188 = CARTESIAN_POINT('',(27.599999999846,11.430368444861,6.756728192)
  );
#189 = CARTESIAN_POINT('',(27.854191221257,11.399547254186,
    6.762521994903));
#190 = CARTESIAN_POINT('',(28.10237233165,11.332773086666,6.775081533026
    ));
#191 = CARTESIAN_POINT('',(28.64407318204,11.1009634445,6.817464051836)
  );
#192 = CARTESIAN_POINT('',(28.923222021684,10.914213908916,
    6.850992377652));
#193 = CARTESIAN_POINT('',(29.382237190144,10.46612966364,6.926542761239
    ));
#194 = CARTESIAN_POINT('',(29.56448985872,10.214040467159,6.967212262339
    ));
#195 = CARTESIAN_POINT('',(29.832743529481,9.665954244178,7.04915033418)
  );
#196 = CARTESIAN_POINT('',(29.919041309255,9.37460033199,7.089815158741)
  );
#197 = CARTESIAN_POINT('',(29.955368444833,9.075000000026,7.128041213489
    ));
#198 = ORIENTED_EDGE('',*,*,#41,.T.);
#199 = B_SPLINE_SURFACE_WITH_KNOTS('',3,3,(
    (#200,#201,#202,#203)
    ,(#204,#205,#206,#207)
    ,(#208,#209,#210,#211)
    ,(#212,#213,#214,#215
    )),.UNSPECIFIED.,.F.,.F.,.F.,(4,4),(4,4),(1.900971427713,
    2.17568779725),(-0.420848107878,-0.246456117093),
  .PIECEWISE_BEZIER_KNOTS.);
#200 = CARTESIAN_POINT('',(38.900000000038,16.003724730421,
    5.617876111806));
#201 = CARTESIAN_POINT('',(38.900000000089,13.751727511088,
    6.320173273059));
#202 = CARTESIAN_POINT('',(38.900000000143,11.424591906034,
    6.828256402682));
#203 = CARTESIAN_POINT('',(38.900000000198,9.07500000007,7.128041213477)
  );
#204 = CARTESIAN_POINT('',(35.133333333269,16.003724730333,
    5.617876111819));
#205 = CARTESIAN_POINT('',(35.133333333321,13.751727511,6.320173273072)
  );
#206 = CARTESIAN_POINT('',(35.133333333375,11.424591905947,
    6.828256402695));
#207 = CARTESIAN_POINT('',(35.13333333343,9.074999999983,7.12804121349)
  );
#208 = CARTESIAN_POINT('',(31.366666666505,16.003724730253,
    5.617876111833));
#209 = CARTESIAN_POINT('',(31.366666666556,13.75172751092,6.320173273086
    ));
#210 = CARTESIAN_POINT('',(31.36666666661,11.424591905867,6.828256402709
    ));
#211 = CARTESIAN_POINT('',(31.366666666665,9.074999999903,7.128041213504
    ));
#212 = CARTESIAN_POINT('',(27.599999999737,16.003724730166,
    5.617876111846));
#213 = CARTESIAN_POINT('',(27.599999999787,13.751727510833,
    6.320173273099));
#214 = CARTESIAN_POINT('',(27.599999999842,11.424591905779,
    6.828256402722));
#215 = CARTESIAN_POINT('',(27.599999999897,9.074999999815,7.128041213517
    ));
#216 = ADVANCED_FACE('',(#217),#297,.F.);
#217 = FACE_BOUND('',#218,.F.);
#218 = EDGE_LOOP('',(#219,#236,#245,#256,#265,#296));
#219 = ORIENTED_EDGE('',*,*,#220,.T.);
#220 = EDGE_CURVE('',#78,#221,#223,.T.);
#221 = VERTEX_POINT('',#222);
#222 = CARTESIAN_POINT('',(27.600000000006,6.069631555183,7.398129011431
    ));
#223 = B_SPLINE_CURVE_WITH_KNOTS('',3,(#224,#225,#226,#227,#228,#229,
    #230,#231,#232,#233,#234,#235),.UNSPECIFIED.,.F.,.F.,(4,2,2,2,2,4),(
    6.648133954788E-02,1.076441647755,2.079161180004,3.030879009222,
    3.445459672675,3.672860595657),.UNSPECIFIED.);
#224 = CARTESIAN_POINT('',(29.955368444826,8.42500000001,7.205639346358)
  );
#225 = CARTESIAN_POINT('',(29.915137139855,8.093200860516,7.242531812312
    ));
#226 = CARTESIAN_POINT('',(29.813570676633,7.771073269258,7.274072751968
    ));
#227 = CARTESIAN_POINT('',(29.497789846879,7.181486494992,7.325590130566
    ));
#228 = CARTESIAN_POINT('',(29.287303597863,6.919130705268,7.345244344553
    ));
#229 = CARTESIAN_POINT('',(28.793650423744,6.495205086452,7.374111890342
    ));
#230 = CARTESIAN_POINT('',(28.518683858412,6.33260387506,7.383645094605)
  );
#231 = CARTESIAN_POINT('',(28.092350238006,6.172982440679,7.392610178662
    ));
#232 = CARTESIAN_POINT('',(27.959449249858,6.134543003434,7.394685268896
    ));
#233 = CARTESIAN_POINT('',(27.74999130033,6.091029235438,7.397005068121)
  );
#234 = CARTESIAN_POINT('',(27.675196352819,6.078749262386,7.397651255032
    ));
#235 = CARTESIAN_POINT('',(27.600000000006,6.06963155519,7.39812901143)
  );
#236 = ORIENTED_EDGE('',*,*,#237,.T.);
#237 = EDGE_CURVE('',#221,#238,#240,.T.);
#238 = VERTEX_POINT('',#239);
#239 = CARTESIAN_POINT('',(27.600000000006,4.48579982762,7.450061775115)
  );
#240 = B_SPLINE_CURVE_WITH_KNOTS('',3,(#241,#242,#243,#244),
  .UNSPECIFIED.,.F.,.F.,(4,4),(2.42974168115,4.014637959745),
  .PIECEWISE_BEZIER_KNOTS.);
#241 = CARTESIAN_POINT('',(27.599999999998,6.069634254789,7.398102593614
    ));
#242 = CARTESIAN_POINT('',(27.60000000001,5.541430403515,7.425785588754)
  );
#243 = CARTESIAN_POINT('',(27.60000000002,5.013281985768,7.443096345688)
  );
#244 = CARTESIAN_POINT('',(27.600000000031,4.485799827613,7.450061775116
    ));
#245 = ORIENTED_EDGE('',*,*,#246,.T.);
#246 = EDGE_CURVE('',#238,#247,#249,.T.);
#247 = VERTEX_POINT('',#248);
#248 = CARTESIAN_POINT('',(38.900000000005,4.485799827606,7.450061775079
    ));
#249 = B_SPLINE_CURVE_WITH_KNOTS('',3,(#250,#251,#252,#253,#254,#255),
  .UNSPECIFIED.,.F.,.F.,(4,2,4),(0.113000000012,5.763000000155,
    11.413000000008),.UNSPECIFIED.);
#250 = CARTESIAN_POINT('',(27.600000000006,4.485799827627,7.450061775116
    ));
#251 = CARTESIAN_POINT('',(29.483333333388,4.485799827627,7.450061775109
    ));
#252 = CARTESIAN_POINT('',(31.366666666767,4.485799827606,7.450061775103
    ));
#253 = CARTESIAN_POINT('',(35.133333333433,4.485799827613,7.450061775091
    ));
#254 = CARTESIAN_POINT('',(37.016666666721,4.485799827613,7.450061775085
    ));
#255 = CARTESIAN_POINT('',(38.900000000005,4.485799827613,7.450061775079
    ));
#256 = ORIENTED_EDGE('',*,*,#257,.T.);
#257 = EDGE_CURVE('',#247,#258,#260,.T.);
#258 = VERTEX_POINT('',#259);
#259 = CARTESIAN_POINT('',(38.900000000009,6.069633254461,7.398112382719
    ));
#260 = B_SPLINE_CURVE_WITH_KNOTS('',3,(#261,#262,#263,#264),
  .UNSPECIFIED.,.F.,.F.,(4,4),(0.258096685325,1.842992963941),
  .PIECEWISE_BEZIER_KNOTS.);
#261 = CARTESIAN_POINT('',(38.900000000001,4.485799827606,7.450061775079
    ));
#262 = CARTESIAN_POINT('',(38.89999999999,5.013281985768,7.443096345655)
  );
#263 = CARTESIAN_POINT('',(38.899999999976,5.541430403522,7.425785588724
    ));
#264 = CARTESIAN_POINT('',(38.899999999965,6.069634254804,7.398102593586
    ));
#265 = ORIENTED_EDGE('',*,*,#266,.T.);
#266 = EDGE_CURVE('',#258,#94,#267,.T.);
#267 = B_SPLINE_CURVE_WITH_KNOTS('',3,(#268,#269,#270,#271,#272,#273,
    #274,#275,#276,#277,#278,#279,#280,#281,#282,#283,#284,#285,#286,
    #287,#288,#289,#290,#291,#292,#293,#294,#295),.UNSPECIFIED.,.F.,.F.,
  (4,3,3,3,3,3,3,3,3,4),(0.113616892762,0.47110412999,0.928831264986,
    1.226447527252,1.826857215483,2.108952941676,2.620875695072,
    2.990909440007,3.426979313153,3.716824598007),.UNSPECIFIED.);
#268 = CARTESIAN_POINT('',(38.900000000003,6.069634254806,7.398102593586
    ));
#269 = CARTESIAN_POINT('',(38.781788756907,6.083967685397,7.397351383067
    ));
#270 = CARTESIAN_POINT('',(38.664616529028,6.106110249748,7.396185433516
    ));
#271 = CARTESIAN_POINT('',(38.549257094054,6.135930917037,7.394573551295
    ));
#272 = CARTESIAN_POINT('',(38.401550723665,6.174113338171,7.392509695204
    ));
#273 = CARTESIAN_POINT('',(38.257532856924,6.224698331773,7.389725996019
    ));
#274 = CARTESIAN_POINT('',(38.118717132717,6.287049972138,7.386122151694
    ));
#275 = CARTESIAN_POINT('',(38.028458518309,6.327591291918,7.383778915743
    ));
#276 = CARTESIAN_POINT('',(37.940399192614,6.37310713333,7.381087731357)
  );
#277 = CARTESIAN_POINT('',(37.854955231258,6.423422184334,7.378009393236
    ));
#278 = CARTESIAN_POINT('',(37.682580973856,6.524927538432,7.37179916797)
  );
#279 = CARTESIAN_POINT('',(37.522336922708,6.645087200915,7.364069129631
    ));
#280 = CARTESIAN_POINT('',(37.377018974382,6.781508785167,7.354509575075
    ));
#281 = CARTESIAN_POINT('',(37.308742973902,6.845604929237,7.35001812609)
  );
#282 = CARTESIAN_POINT('',(37.243761887237,6.913290682396,7.345122012865
    ));
#283 = CARTESIAN_POINT('',(37.182365694054,6.984316791859,7.339786681779
    ));
#284 = CARTESIAN_POINT('',(37.070949230266,7.113208788947,7.33010458763)
  );
#285 = CARTESIAN_POINT('',(36.972235787712,7.252059321732,7.319050906748
    ));
#286 = CARTESIAN_POINT('',(36.887358598352,7.398913669256,7.306501986936
    ));
#287 = CARTESIAN_POINT('',(36.826006716588,7.505064575451,7.297431236003
    ));
#288 = CARTESIAN_POINT('',(36.77188406906,7.615397180838,7.287579822578)
  );
#289 = CARTESIAN_POINT('',(36.725418641715,7.729171210259,7.276918354097
    ));
#290 = CARTESIAN_POINT('',(36.670661001919,7.863249334087,7.26435424172)
  );
#291 = CARTESIAN_POINT('',(36.626891918093,8.001237045413,7.250744564069
    ));
#292 = CARTESIAN_POINT('',(36.594397843796,8.141776562325,7.236120314443
    ));
#293 = CARTESIAN_POINT('',(36.572799804581,8.235189840383,7.226399923149
    ));
#294 = CARTESIAN_POINT('',(36.55618300265,8.329730474096,7.216232284436)
  );
#295 = CARTESIAN_POINT('',(36.544631555181,8.425000000016,7.205639346351
    ));
#296 = ORIENTED_EDGE('',*,*,#101,.T.);
#297 = B_SPLINE_SURFACE_WITH_KNOTS('',3,3,(
    (#298,#299,#300,#301)
    ,(#302,#303,#304,#305)
    ,(#306,#307,#308,#309)
    ,(#310,#311,#312,#313
    )),.UNSPECIFIED.,.F.,.F.,.F.,(4,4),(4,4),(1.900971427719,
    2.17568779725),(-0.230387484893,-0.13323697363),
  .PIECEWISE_BEZIER_KNOTS.);
#298 = CARTESIAN_POINT('',(38.899999999951,8.425000000221,7.205639346325
    ));
#299 = CARTESIAN_POINT('',(38.89999999998,7.114078224651,7.351399630839)
  );
#300 = CARTESIAN_POINT('',(38.900000000009,5.797877839839,7.432735716459
    ));
#301 = CARTESIAN_POINT('',(38.900000000038,4.485799827606,7.450061775079
    ));
#302 = CARTESIAN_POINT('',(35.133333333273,8.425000000134,7.205639346339
    ));
#303 = CARTESIAN_POINT('',(35.133333333302,7.114078224564,7.351399630853
    ));
#304 = CARTESIAN_POINT('',(35.133333333331,5.797877839752,7.432735716473
    ));
#305 = CARTESIAN_POINT('',(35.13333333336,4.485799827518,7.450061775092)
  );
#306 = CARTESIAN_POINT('',(31.366666666596,8.425000000054,7.205639346352
    ));
#307 = CARTESIAN_POINT('',(31.366666666625,7.114078224484,7.351399630866
    ));
#308 = CARTESIAN_POINT('',(31.366666666647,5.797877839672,7.432735716486
    ));
#309 = CARTESIAN_POINT('',(31.366666666676,4.485799827438,7.450061775106
    ));
#310 = CARTESIAN_POINT('',(27.599999999918,8.424999999967,7.205639346365
    ));
#311 = CARTESIAN_POINT('',(27.599999999948,7.114078224397,7.351399630879
    ));
#312 = CARTESIAN_POINT('',(27.599999999969,5.797877839585,7.432735716499
    ));
#313 = CARTESIAN_POINT('',(27.599999999998,4.485799827351,7.450061775119
    ));
#314 = ADVANCED_FACE('',(#315),#458,.T.);
#315 = FACE_BOUND('',#316,.T.);
#316 = EDGE_LOOP('',(#317,#318,#319,#320,#321,#329,#338,#346,#361,#375,
    #384,#392,#409,#417,#426,#434,#441,#442,#451,#457));
#317 = ORIENTED_EDGE('',*,*,#93,.T.);
#318 = ORIENTED_EDGE('',*,*,#126,.T.);
#319 = ORIENTED_EDGE('',*,*,#32,.F.);
#320 = ORIENTED_EDGE('',*,*,#142,.T.);
#321 = ORIENTED_EDGE('',*,*,#322,.F.);
#322 = EDGE_CURVE('',#323,#143,#325,.T.);
#323 = VERTEX_POINT('',#324);
#324 = CARTESIAN_POINT('',(38.900000000005,11.430368444839,4.17094187066
    ));
#325 = LINE('',#326,#327);
#326 = CARTESIAN_POINT('',(38.900000000005,11.430368444839,0.));
#327 = VECTOR('',#328,1.);
#328 = DIRECTION('',(0.,0.,1.));
#329 = ORIENTED_EDGE('',*,*,#330,.T.);
#330 = EDGE_CURVE('',#323,#331,#333,.T.);
#331 = VERTEX_POINT('',#332);
#332 = CARTESIAN_POINT('',(39.55000000001,11.430368444839,4.17094187066)
  );
#333 = CIRCLE('',#334,2.7);
#334 = AXIS2_PLACEMENT_3D('',#335,#336,#337);
#335 = CARTESIAN_POINT('',(39.225000000006,8.750000000015,4.17094187066)
  );
#336 = DIRECTION('',(0.,0.,-1.));
#337 = DIRECTION('',(0.,1.,0.));
#338 = ORIENTED_EDGE('',*,*,#339,.F.);
#339 = EDGE_CURVE('',#340,#331,#342,.T.);
#340 = VERTEX_POINT('',#341);
#341 = CARTESIAN_POINT('',(39.550000000003,11.430368444831,
    6.756728192012));
#342 = LINE('',#343,#344);
#343 = CARTESIAN_POINT('',(39.550000000006,11.430368444839,0.));
#344 = VECTOR('',#345,1.);
#345 = DIRECTION('',(0.,0.,-1.));
#346 = ORIENTED_EDGE('',*,*,#347,.T.);
#347 = EDGE_CURVE('',#340,#348,#350,.T.);
#348 = VERTEX_POINT('',#349);
#349 = CARTESIAN_POINT('',(41.905368444826,9.075000000019,7.128041213481
    ));
#350 = B_SPLINE_CURVE_WITH_KNOTS('',3,(#351,#352,#353,#354,#355,#356,
    #357,#358,#359,#360),.UNSPECIFIED.,.F.,.F.,(4,2,2,2,4),(0.,
    0.762980955277,1.76469921421,2.700985115394,3.618836893618),
  .UNSPECIFIED.);
#351 = CARTESIAN_POINT('',(39.549999999977,11.430368444839,
    6.756728192009));
#352 = CARTESIAN_POINT('',(39.802413178018,11.399762845445,
    6.762481467815));
#353 = CARTESIAN_POINT('',(40.048909943016,11.333704159362,
    6.774905850214));
#354 = CARTESIAN_POINT('',(40.588791301805,11.103933336322,
    6.816928082927));
#355 = CARTESIAN_POINT('',(40.867790360528,10.918234471988,
    6.850283479388));
#356 = CARTESIAN_POINT('',(41.328173248432,10.471267550573,
    6.925704789519));
#357 = CARTESIAN_POINT('',(41.511521621553,10.218856864187,
    6.966461737718));
#358 = CARTESIAN_POINT('',(41.781831415999,9.669022625996,7.048721035799
    ));
#359 = CARTESIAN_POINT('',(41.868849375249,9.376183266882,7.089613191815
    ));
#360 = CARTESIAN_POINT('',(41.905368444826,9.075000000019,7.128041213482
    ));
#361 = ORIENTED_EDGE('',*,*,#362,.F.);
#362 = EDGE_CURVE('',#363,#348,#365,.T.);
#363 = VERTEX_POINT('',#364);
#364 = CARTESIAN_POINT('',(41.905368444826,9.075000000019,4.17094187066)
  );
#365 = B_SPLINE_CURVE_WITH_KNOTS('',3,(#366,#367,#368,#369,#370,#371,
    #372,#373,#374),.UNSPECIFIED.,.F.,.F.,(4,3,2,4),(-3.360309940588,
    -2.960309940588,-1.480154970294,-0.403210597766),.UNSPECIFIED.);
#366 = CARTESIAN_POINT('',(41.905368444826,9.075000000019,4.17094187066)
  );
#367 = CARTESIAN_POINT('',(41.905368444826,9.075000000019,4.304275203993
    ));
#368 = CARTESIAN_POINT('',(41.905368444826,9.075000000019,4.437608537326
    ));
#369 = CARTESIAN_POINT('',(41.905368444826,9.075000000019,4.57094187066)
  );
#370 = CARTESIAN_POINT('',(41.905368444826,9.075000000019,5.064326860758
    ));
#371 = CARTESIAN_POINT('',(41.905368444826,9.075000000019,5.557711850855
    ));
#372 = CARTESIAN_POINT('',(41.905368444826,9.075000000019,6.410078298463
    ));
#373 = CARTESIAN_POINT('',(41.905368444823,9.075000000019,6.769059755972
    ));
#374 = CARTESIAN_POINT('',(41.905368444823,9.075000000019,7.128041213481
    ));
#375 = ORIENTED_EDGE('',*,*,#376,.T.);
#376 = EDGE_CURVE('',#363,#377,#379,.T.);
#377 = VERTEX_POINT('',#378);
#378 = CARTESIAN_POINT('',(41.90536844483,8.42500000001,4.17094187066));
#379 = CIRCLE('',#380,2.7);
#380 = AXIS2_PLACEMENT_3D('',#381,#382,#383);
#381 = CARTESIAN_POINT('',(39.225000000006,8.750000000015,4.17094187066)
  );
#382 = DIRECTION('',(0.,0.,-1.));
#383 = DIRECTION('',(0.,1.,0.));
#384 = ORIENTED_EDGE('',*,*,#385,.F.);
#385 = EDGE_CURVE('',#386,#377,#388,.T.);
#386 = VERTEX_POINT('',#387);
#387 = CARTESIAN_POINT('',(41.90536844483,8.425000000017,7.205639346345)
  );
#388 = LINE('',#389,#390);
#389 = CARTESIAN_POINT('',(41.90536844483,8.425000000017,0.));
#390 = VECTOR('',#391,1.);
#391 = DIRECTION('',(0.,0.,-1.));
#392 = ORIENTED_EDGE('',*,*,#393,.T.);
#393 = EDGE_CURVE('',#386,#394,#396,.T.);
#394 = VERTEX_POINT('',#395);
#395 = CARTESIAN_POINT('',(39.550000000006,6.069631555183,7.398129011402
    ));
#396 = B_SPLINE_CURVE_WITH_KNOTS('',3,(#397,#398,#399,#400,#401,#402,
    #403,#404,#405,#406,#407,#408),.UNSPECIFIED.,.F.,.F.,(4,2,2,2,2,4),(
    7.452664468919E-02,1.076580861289,2.080503201917,3.032282451638,
    3.448188823684,3.680915235241),.UNSPECIFIED.);
#397 = CARTESIAN_POINT('',(41.90536844483,8.425000000017,7.205639346346)
  );
#398 = CARTESIAN_POINT('',(41.865457290609,8.095841235794,7.242238231202
    ));
#399 = CARTESIAN_POINT('',(41.765177251254,7.776153498467,7.273577230114
    ));
#400 = CARTESIAN_POINT('',(41.452169230492,7.187627286163,7.325104063161
    ));
#401 = CARTESIAN_POINT('',(41.242139780574,6.924387571969,7.344862400791
    ));
#402 = CARTESIAN_POINT('',(40.749225565323,6.49896762424,7.37387794291)
  );
#403 = CARTESIAN_POINT('',(40.474645630002,6.335677815448,7.383465888731
    ));
#404 = CARTESIAN_POINT('',(40.048275132147,6.174845430818,7.392508313191
    ));
#405 = CARTESIAN_POINT('',(39.915034035523,6.135987510868,7.394607477233
    ));
#406 = CARTESIAN_POINT('',(39.703493456353,6.0916060569,7.396974731541)
  );
#407 = CARTESIAN_POINT('',(39.626957628378,6.078962820553,7.397640064825
    ));
#408 = CARTESIAN_POINT('',(39.550000000006,6.06963155519,7.398129011402)
  );
#409 = ORIENTED_EDGE('',*,*,#410,.F.);
#410 = EDGE_CURVE('',#411,#394,#413,.T.);
#411 = VERTEX_POINT('',#412);
#412 = CARTESIAN_POINT('',(39.55000000001,6.06963155519,4.17094187066));
#413 = LINE('',#414,#415);
#414 = CARTESIAN_POINT('',(39.550000000006,6.06963155519,0.));
#415 = VECTOR('',#416,1.);
#416 = DIRECTION('',(0.,0.,1.));
#417 = ORIENTED_EDGE('',*,*,#418,.T.);
#418 = EDGE_CURVE('',#411,#419,#421,.T.);
#419 = VERTEX_POINT('',#420);
#420 = CARTESIAN_POINT('',(39.225000000006,6.050000000017,4.17094187066)
  );
#421 = CIRCLE('',#422,2.7);
#422 = AXIS2_PLACEMENT_3D('',#423,#424,#425);
#423 = CARTESIAN_POINT('',(39.225000000006,8.750000000015,4.17094187066)
  );
#424 = DIRECTION('',(0.,0.,-1.));
#425 = DIRECTION('',(0.,1.,0.));
#426 = ORIENTED_EDGE('',*,*,#427,.T.);
#427 = EDGE_CURVE('',#419,#428,#430,.T.);
#428 = VERTEX_POINT('',#429);
#429 = CARTESIAN_POINT('',(39.225000000006,6.050000000017,0.2));
#430 = LINE('',#431,#432);
#431 = CARTESIAN_POINT('',(39.225000000006,6.050000000017,0.));
#432 = VECTOR('',#433,1.);
#433 = DIRECTION('',(0.,0.,-1.));
#434 = ORIENTED_EDGE('',*,*,#435,.F.);
#435 = EDGE_CURVE('',#428,#428,#436,.T.);
#436 = CIRCLE('',#437,2.7);
#437 = AXIS2_PLACEMENT_3D('',#438,#439,#440);
#438 = CARTESIAN_POINT('',(39.225000000006,8.750000000015,0.2));
#439 = DIRECTION('',(0.,-3.1E-16,-1.));
#440 = DIRECTION('',(0.,1.,-3.1E-16));
#441 = ORIENTED_EDGE('',*,*,#427,.F.);
#442 = ORIENTED_EDGE('',*,*,#443,.T.);
#443 = EDGE_CURVE('',#419,#444,#446,.T.);
#444 = VERTEX_POINT('',#445);
#445 = CARTESIAN_POINT('',(38.900000000005,6.06963155519,4.17094187066)
  );
#446 = CIRCLE('',#447,2.7);
#447 = AXIS2_PLACEMENT_3D('',#448,#449,#450);
#448 = CARTESIAN_POINT('',(39.225000000006,8.750000000015,4.17094187066)
  );
#449 = DIRECTION('',(0.,0.,-1.));
#450 = DIRECTION('',(0.,1.,0.));
#451 = ORIENTED_EDGE('',*,*,#452,.F.);
#452 = EDGE_CURVE('',#258,#444,#453,.T.);
#453 = LINE('',#454,#455);
#454 = CARTESIAN_POINT('',(38.900000000005,6.06963155519,0.));
#455 = VECTOR('',#456,1.);
#456 = DIRECTION('',(0.,0.,-1.));
#457 = ORIENTED_EDGE('',*,*,#266,.T.);
#458 = CYLINDRICAL_SURFACE('',#459,2.7);
#459 = AXIS2_PLACEMENT_3D('',#460,#461,#462);
#460 = CARTESIAN_POINT('',(39.225000000006,8.750000000015,0.));
#461 = DIRECTION('',(0.,0.,1.));
#462 = DIRECTION('',(0.,1.,0.));
#463 = ADVANCED_FACE('',(#464),#512,.F.);
#464 = FACE_BOUND('',#465,.F.);
#465 = EDGE_LOOP('',(#466,#477,#491,#500));
#466 = ORIENTED_EDGE('',*,*,#467,.F.);
#467 = EDGE_CURVE('',#468,#470,#472,.T.);
#468 = VERTEX_POINT('',#469);
#469 = CARTESIAN_POINT('',(26.949999999997,4.485799827635,7.450061775118
    ));
#470 = VERTEX_POINT('',#471);
#471 = CARTESIAN_POINT('',(26.949999999994,6.069633254461,7.398112382747
    ));
#472 = B_SPLINE_CURVE_WITH_KNOTS('',3,(#473,#474,#475,#476),
  .UNSPECIFIED.,.F.,.F.,(4,4),(0.258096685324,1.842992963906),
  .PIECEWISE_BEZIER_KNOTS.);
#473 = CARTESIAN_POINT('',(26.950000000001,4.485799827627,7.450061775118
    ));
#474 = CARTESIAN_POINT('',(26.950000000001,5.014033034706,7.44308642805)
  );
#475 = CARTESIAN_POINT('',(26.950000000001,5.542078088627,7.425772150073
    ));
#476 = CARTESIAN_POINT('',(26.950000000001,6.069631555205,7.398129011431
    ));
#477 = ORIENTED_EDGE('',*,*,#478,.T.);
#478 = EDGE_CURVE('',#468,#479,#481,.T.);
#479 = VERTEX_POINT('',#480);
#480 = CARTESIAN_POINT('',(26.950000000001,3.005032455454,4.170941870659
    ));
#481 = B_SPLINE_CURVE_WITH_KNOTS('',3,(#482,#483,#484,#485,#486,#487,
    #488,#489,#490),.UNSPECIFIED.,.F.,.F.,(4,2,3,4),(0.435924905394,
    1.422976276887,3.594989480706,4.033882570281),.UNSPECIFIED.);
#482 = CARTESIAN_POINT('',(26.950000000001,4.485799827635,7.450061775117
    ));
#483 = CARTESIAN_POINT('',(26.950000000001,4.350390279433,7.150200937345
    ));
#484 = CARTESIAN_POINT('',(26.950000000001,4.214980731223,6.850340099573
    ));
#485 = CARTESIAN_POINT('',(26.950000000001,3.781601558425,5.890633464752
    ));
#486 = CARTESIAN_POINT('',(26.950000000001,3.483631933828,5.230787667707
    ));
#487 = CARTESIAN_POINT('',(26.950000000001,3.185662309232,4.57094187066)
  );
#488 = CARTESIAN_POINT('',(26.950000000001,3.125452357977,4.437608537326
    ));
#489 = CARTESIAN_POINT('',(26.950000000001,3.065242406708,4.304275203994
    ));
#490 = CARTESIAN_POINT('',(26.950000000001,3.005032455454,4.170941870658
    ));
#491 = ORIENTED_EDGE('',*,*,#492,.T.);
#492 = EDGE_CURVE('',#479,#493,#495,.T.);
#493 = VERTEX_POINT('',#494);
#494 = CARTESIAN_POINT('',(26.950000000004,6.06963155519,4.17094187066)
  );
#495 = B_SPLINE_CURVE_WITH_KNOTS('',3,(#496,#497,#498,#499),
  .UNSPECIFIED.,.F.,.F.,(4,4),(-17.44496754455,-14.38036844482),
  .PIECEWISE_BEZIER_KNOTS.);
#496 = CARTESIAN_POINT('',(26.950000000004,3.005032455454,4.17094187066)
  );
#497 = CARTESIAN_POINT('',(26.950000000004,4.026565488697,4.17094187066)
  );
#498 = CARTESIAN_POINT('',(26.950000000001,5.04809852194,4.17094187066)
  );
#499 = CARTESIAN_POINT('',(26.950000000001,6.069631555183,4.17094187066)
  );
#500 = ORIENTED_EDGE('',*,*,#501,.F.);
#501 = EDGE_CURVE('',#470,#493,#502,.T.);
#502 = B_SPLINE_CURVE_WITH_KNOTS('',3,(#503,#504,#505,#506,#507,#508,
    #509,#510,#511),.UNSPECIFIED.,.F.,.F.,(4,2,3,4),(-2.827187140772,
    -1.638207374915,0.,0.4),.UNSPECIFIED.);
#503 = CARTESIAN_POINT('',(26.950000000001,6.06963155519,7.398129011432)
  );
#504 = CARTESIAN_POINT('',(26.950000000001,6.06963155519,7.001802422813)
  );
#505 = CARTESIAN_POINT('',(26.950000000001,6.06963155519,6.605475834194)
  );
#506 = CARTESIAN_POINT('',(26.950000000001,6.06963155519,5.663080120603)
  );
#507 = CARTESIAN_POINT('',(26.950000000001,6.06963155519,5.117010995631)
  );
#508 = CARTESIAN_POINT('',(26.950000000001,6.06963155519,4.57094187066)
  );
#509 = CARTESIAN_POINT('',(26.950000000001,6.06963155519,4.437608537326)
  );
#510 = CARTESIAN_POINT('',(26.950000000001,6.06963155519,4.304275203993)
  );
#511 = CARTESIAN_POINT('',(26.950000000001,6.06963155519,4.17094187066)
  );
#512 = B_SPLINE_SURFACE_WITH_KNOTS('',1,1,(
    (#513,#514,#515,#516)
    ,(#517,#518,#519,#520)
    ,(#521,#522,#523,#524)
    ,(#525,#526,#527,#528
    )),.UNSPECIFIED.,.F.,.F.,.F.,(2,1,1,2),(2,1,1,2),(-66.20000000002,
    -3.43547E-12,18.000000000003,20.700000000005),(-1.,0.,3.,10.5),
  .UNSPECIFIED.);
#513 = CARTESIAN_POINT('',(26.949999999986,-66.44999999998,3.57094187066
    ));
#514 = CARTESIAN_POINT('',(26.949999999986,-66.44999999998,4.57094187066
    ));
#515 = CARTESIAN_POINT('',(26.949999999986,-66.44999999998,7.57094187066
    ));
#516 = CARTESIAN_POINT('',(26.949999999986,-66.44999999998,
    15.070941870659));
#517 = CARTESIAN_POINT('',(26.950000000001,-0.249999999985,3.57094187066
    ));
#518 = CARTESIAN_POINT('',(26.950000000001,-0.249999999985,4.57094187066
    ));
#519 = CARTESIAN_POINT('',(26.950000000001,-0.249999999985,7.57094187066
    ));
#520 = CARTESIAN_POINT('',(26.950000000001,-0.249999999985,
    15.070941870659));
#521 = CARTESIAN_POINT('',(26.950000000004,17.750000000015,3.57094187066
    ));
#522 = CARTESIAN_POINT('',(26.950000000004,17.750000000015,4.57094187066
    ));
#523 = CARTESIAN_POINT('',(26.950000000004,17.750000000015,7.57094187066
    ));
#524 = CARTESIAN_POINT('',(26.950000000004,17.750000000015,
    15.070941870659));
#525 = CARTESIAN_POINT('',(26.950000000004,20.450000000012,3.57094187066
    ));
#526 = CARTESIAN_POINT('',(26.950000000004,20.450000000012,4.57094187066
    ));
#527 = CARTESIAN_POINT('',(26.950000000004,20.450000000012,7.57094187066
    ));
#528 = CARTESIAN_POINT('',(26.950000000004,20.450000000012,
    15.070941870659));
#529 = ADVANCED_FACE('',(#530),#565,.F.);
#530 = FACE_BOUND('',#531,.T.);
#531 = EDGE_LOOP('',(#532,#543,#551,#557,#558));
#532 = ORIENTED_EDGE('',*,*,#533,.F.);
#533 = EDGE_CURVE('',#534,#536,#538,.T.);
#534 = VERTEX_POINT('',#535);
#535 = CARTESIAN_POINT('',(27.600000000006,6.06963155519,4.17094187066)
  );
#536 = VERTEX_POINT('',#537);
#537 = CARTESIAN_POINT('',(27.275000000009,6.050000000017,4.17094187066)
  );
#538 = CIRCLE('',#539,2.7);
#539 = AXIS2_PLACEMENT_3D('',#540,#541,#542);
#540 = CARTESIAN_POINT('',(27.275000000009,8.750000000015,4.17094187066)
  );
#541 = DIRECTION('',(0.,0.,-1.));
#542 = DIRECTION('',(0.,1.,0.));
#543 = ORIENTED_EDGE('',*,*,#544,.F.);
#544 = EDGE_CURVE('',#545,#534,#547,.T.);
#545 = VERTEX_POINT('',#546);
#546 = CARTESIAN_POINT('',(27.600000000006,3.005032455454,4.17094187066)
  );
#547 = LINE('',#548,#549);
#548 = CARTESIAN_POINT('',(27.600000000006,8.912500000013,4.17094187066)
  );
#549 = VECTOR('',#550,1.);
#550 = DIRECTION('',(2.0211E-13,1.,0.));
#551 = ORIENTED_EDGE('',*,*,#552,.F.);
#552 = EDGE_CURVE('',#479,#545,#553,.T.);
#553 = LINE('',#554,#555);
#554 = CARTESIAN_POINT('',(33.53750000001,3.005032455461,4.17094187066)
  );
#555 = VECTOR('',#556,1.);
#556 = DIRECTION('',(1.,-3.E-17,0.));
#557 = ORIENTED_EDGE('',*,*,#492,.T.);
#558 = ORIENTED_EDGE('',*,*,#559,.F.);
#559 = EDGE_CURVE('',#536,#493,#560,.T.);
#560 = CIRCLE('',#561,2.7);
#561 = AXIS2_PLACEMENT_3D('',#562,#563,#564);
#562 = CARTESIAN_POINT('',(27.275000000009,8.750000000015,4.17094187066)
  );
#563 = DIRECTION('',(0.,0.,-1.));
#564 = DIRECTION('',(0.,1.,0.));
#565 = PLANE('',#566);
#566 = AXIS2_PLACEMENT_3D('',#567,#568,#569);
#567 = CARTESIAN_POINT('',(27.275000000002,9.075000000019,4.17094187066)
  );
#568 = DIRECTION('',(0.,0.,1.));
#569 = DIRECTION('',(1.,0.,-0.));
#570 = ADVANCED_FACE('',(#571),#587,.T.);
#571 = FACE_BOUND('',#572,.T.);
#572 = EDGE_LOOP('',(#573,#579,#580,#586));
#573 = ORIENTED_EDGE('',*,*,#574,.F.);
#574 = EDGE_CURVE('',#221,#534,#575,.T.);
#575 = LINE('',#576,#577);
#576 = CARTESIAN_POINT('',(27.600000000006,6.06963155519,0.));
#577 = VECTOR('',#578,1.);
#578 = DIRECTION('',(0.,0.,-1.));
#579 = ORIENTED_EDGE('',*,*,#237,.T.);
#580 = ORIENTED_EDGE('',*,*,#581,.F.);
#581 = EDGE_CURVE('',#545,#238,#582,.T.);
#582 = LINE('',#583,#584);
#583 = CARTESIAN_POINT('',(27.600000000006,4.618881649047,7.744767923939
    ));
#584 = VECTOR('',#585,1.);
#585 = DIRECTION('',(8.318E-14,0.411557753061,0.911383682044));
#586 = ORIENTED_EDGE('',*,*,#544,.T.);
#587 = PLANE('',#588);
#588 = AXIS2_PLACEMENT_3D('',#589,#590,#591);
#589 = CARTESIAN_POINT('',(27.600000000006,8.750000000015,6.07094187066)
  );
#590 = DIRECTION('',(1.,-2.0211E-13,0.));
#591 = DIRECTION('',(0.,0.,-1.));
#592 = ADVANCED_FACE('',(#593),#718,.T.);
#593 = FACE_BOUND('',#594,.T.);
#594 = EDGE_LOOP('',(#595,#596,#597,#598,#599,#607,#614,#615,#616,#617,
    #650,#658,#667,#676,#691,#700,#709,#715,#716,#717));
#595 = ORIENTED_EDGE('',*,*,#75,.T.);
#596 = ORIENTED_EDGE('',*,*,#220,.T.);
#597 = ORIENTED_EDGE('',*,*,#574,.T.);
#598 = ORIENTED_EDGE('',*,*,#533,.T.);
#599 = ORIENTED_EDGE('',*,*,#600,.T.);
#600 = EDGE_CURVE('',#536,#601,#603,.T.);
#601 = VERTEX_POINT('',#602);
#602 = CARTESIAN_POINT('',(27.275000000009,6.050000000017,0.2));
#603 = LINE('',#604,#605);
#604 = CARTESIAN_POINT('',(27.275000000009,6.050000000017,0.));
#605 = VECTOR('',#606,1.);
#606 = DIRECTION('',(0.,0.,-1.));
#607 = ORIENTED_EDGE('',*,*,#608,.F.);
#608 = EDGE_CURVE('',#601,#601,#609,.T.);
#609 = CIRCLE('',#610,2.7);
#610 = AXIS2_PLACEMENT_3D('',#611,#612,#613);
#611 = CARTESIAN_POINT('',(27.275000000009,8.750000000015,0.2));
#612 = DIRECTION('',(0.,-3.1E-16,-1.));
#613 = DIRECTION('',(0.,1.,-3.1E-16));
#614 = ORIENTED_EDGE('',*,*,#600,.F.);
#615 = ORIENTED_EDGE('',*,*,#559,.T.);
#616 = ORIENTED_EDGE('',*,*,#501,.F.);
#617 = ORIENTED_EDGE('',*,*,#618,.T.);
#618 = EDGE_CURVE('',#470,#619,#621,.T.);
#619 = VERTEX_POINT('',#620);
#620 = CARTESIAN_POINT('',(24.594631555185,8.425000000017,7.205639346363
    ));
#621 = B_SPLINE_CURVE_WITH_KNOTS('',3,(#622,#623,#624,#625,#626,#627,
    #628,#629,#630,#631,#632,#633,#634,#635,#636,#637,#638,#639,#640,
    #641,#642,#643,#644,#645,#646,#647,#648,#649),.UNSPECIFIED.,.F.,.F.,
  (4,3,3,3,3,3,3,3,3,4),(0.113616892607,0.471104129585,0.928831264777,
    1.22644752644,1.826857207383,2.108952940599,2.620875689655,
    2.990909437939,3.426979312239,3.716824595285),.UNSPECIFIED.);
#622 = CARTESIAN_POINT('',(26.949999999992,6.069634254801,7.398102593615
    ));
#623 = CARTESIAN_POINT('',(26.831788756907,6.083967685393,7.397351383096
    ));
#624 = CARTESIAN_POINT('',(26.71461652894,6.106110249755,7.396185433544)
  );
#625 = CARTESIAN_POINT('',(26.599257093881,6.135930917074,7.39457355132)
  );
#626 = CARTESIAN_POINT('',(26.451550723217,6.174113338289,7.392509695225
    ));
#627 = CARTESIAN_POINT('',(26.307532856307,6.22469833199,7.389725996035)
  );
#628 = CARTESIAN_POINT('',(26.168717131981,6.287049972462,7.386122151702
    ));
#629 = CARTESIAN_POINT('',(26.078458517717,6.327591292212,7.383778915753
    ));
#630 = CARTESIAN_POINT('',(25.990399192176,6.373107133575,7.381087731369
    ));
#631 = CARTESIAN_POINT('',(25.904955230965,6.423422184509,7.378009393252
    ));
#632 = CARTESIAN_POINT('',(25.732580975598,6.524927537438,7.371799168056
    ));
#633 = CARTESIAN_POINT('',(25.572336926195,6.645087198303,7.364069129824
    ));
#634 = CARTESIAN_POINT('',(25.42701897921,6.781508780622,7.354509575417)
  );
#635 = CARTESIAN_POINT('',(25.358742976831,6.845604926158,7.350018126337
    ));
#636 = CARTESIAN_POINT('',(25.293761888422,6.91329068098,7.345122012995)
  );
#637 = CARTESIAN_POINT('',(25.232365693671,6.984316792288,7.339786681769
    ));
#638 = CARTESIAN_POINT('',(25.120949230756,7.113208788424,7.33010458769)
  );
#639 = CARTESIAN_POINT('',(25.022235788892,7.252059320109,7.319050906896
    ));
#640 = CARTESIAN_POINT('',(24.937358600011,7.398913666397,7.3065019872)
  );
#641 = CARTESIAN_POINT('',(24.876006717519,7.505064573558,7.297431236192
    ));
#642 = CARTESIAN_POINT('',(24.821884069406,7.615397179986,7.287579822676
    ));
#643 = CARTESIAN_POINT('',(24.775418641631,7.72917121049,7.276918354093)
  );
#644 = CARTESIAN_POINT('',(24.720661001679,7.863249334736,7.264354241676
    ));
#645 = CARTESIAN_POINT('',(24.676891917759,8.001237046506,7.250744563977
    ));
#646 = CARTESIAN_POINT('',(24.644397843439,8.141776563891,7.236120314295
    ));
#647 = CARTESIAN_POINT('',(24.6227998044,8.235189841433,7.226399923051)
  );
#648 = CARTESIAN_POINT('',(24.606183002588,8.329730474623,7.216232284391
    ));
#649 = CARTESIAN_POINT('',(24.594631555181,8.425000000024,7.205639346363
    ));
#650 = ORIENTED_EDGE('',*,*,#651,.T.);
#651 = EDGE_CURVE('',#619,#652,#654,.T.);
#652 = VERTEX_POINT('',#653);
#653 = CARTESIAN_POINT('',(24.594631555185,8.425000000025,4.17094187066)
  );
#654 = LINE('',#655,#656);
#655 = CARTESIAN_POINT('',(24.594631555185,8.425000000017,0.));
#656 = VECTOR('',#657,1.);
#657 = DIRECTION('',(0.,0.,-1.));
#658 = ORIENTED_EDGE('',*,*,#659,.T.);
#659 = EDGE_CURVE('',#652,#660,#662,.T.);
#660 = VERTEX_POINT('',#661);
#661 = CARTESIAN_POINT('',(24.594631555192,9.075000000026,4.17094187066)
  );
#662 = CIRCLE('',#663,2.7);
#663 = AXIS2_PLACEMENT_3D('',#664,#665,#666);
#664 = CARTESIAN_POINT('',(27.275000000009,8.750000000015,4.17094187066)
  );
#665 = DIRECTION('',(0.,0.,-1.));
#666 = DIRECTION('',(0.,1.,0.));
#667 = ORIENTED_EDGE('',*,*,#668,.F.);
#668 = EDGE_CURVE('',#669,#660,#671,.T.);
#669 = VERTEX_POINT('',#670);
#670 = CARTESIAN_POINT('',(24.594631555192,9.075000000033,7.128041213493
    ));
#671 = B_SPLINE_CURVE_WITH_KNOTS('',3,(#672,#673,#674,#675),
  .UNSPECIFIED.,.F.,.F.,(4,4),(-116.5570993428,-113.5999999999),
  .PIECEWISE_BEZIER_KNOTS.);
#672 = CARTESIAN_POINT('',(24.594631555188,9.075000000026,7.128041213493
    ));
#673 = CARTESIAN_POINT('',(24.594631555188,9.075000000026,6.142341432548
    ));
#674 = CARTESIAN_POINT('',(24.594631555188,9.075000000026,5.156641651604
    ));
#675 = CARTESIAN_POINT('',(24.594631555188,9.075000000026,4.17094187066)
  );
#676 = ORIENTED_EDGE('',*,*,#677,.T.);
#677 = EDGE_CURVE('',#669,#678,#680,.T.);
#678 = VERTEX_POINT('',#679);
#679 = CARTESIAN_POINT('',(26.950000000004,11.430368444831,
    6.756728192006));
#680 = B_SPLINE_CURVE_WITH_KNOTS('',3,(#681,#682,#683,#684,#685,#686,
    #687,#688,#689,#690),.UNSPECIFIED.,.F.,.F.,(4,2,2,2,4),(
    5.086451701984E-02,1.100827039806,2.182809742492,3.001333422482,
    3.67131607478),.UNSPECIFIED.);
#681 = CARTESIAN_POINT('',(24.594631555185,9.075000000033,7.128041213492
    ));
#682 = CARTESIAN_POINT('',(24.636391343949,9.419404984845,7.084098525848
    ));
#683 = CARTESIAN_POINT('',(24.744141984873,9.752538773377,7.036949205703
    ));
#684 = CARTESIAN_POINT('',(25.084868036454,10.368980925014,
    6.942914657502));
#685 = CARTESIAN_POINT('',(25.31846644685,10.64486220893,6.897027660622)
  );
#686 = CARTESIAN_POINT('',(25.812285720185,11.035612005151,
    6.829277077744));
#687 = CARTESIAN_POINT('',(26.049478866633,11.171192488102,
    6.804699922419));
#688 = CARTESIAN_POINT('',(26.511266808873,11.349296207562,
    6.771966216566));
#689 = CARTESIAN_POINT('',(26.728420250405,11.403501459914,
    6.761778678757));
#690 = CARTESIAN_POINT('',(26.950000000114,11.430368444853,
    6.756728192001));
#691 = ORIENTED_EDGE('',*,*,#692,.F.);
#692 = EDGE_CURVE('',#693,#678,#695,.T.);
#693 = VERTEX_POINT('',#694);
#694 = CARTESIAN_POINT('',(26.950000000004,11.430368444839,4.17094187066
    ));
#695 = B_SPLINE_CURVE_WITH_KNOTS('',3,(#696,#697,#698,#699),
  .UNSPECIFIED.,.F.,.F.,(4,4),(-10.9,-8.314213678654),
  .PIECEWISE_BEZIER_KNOTS.);
#696 = CARTESIAN_POINT('',(26.950000000004,11.430368444839,4.17094187066
    ));
#697 = CARTESIAN_POINT('',(26.950000000004,11.430368444839,
    5.032870644442));
#698 = CARTESIAN_POINT('',(26.950000000004,11.430368444839,
    5.894799418224));
#699 = CARTESIAN_POINT('',(26.950000000004,11.430368444839,
    6.756728192006));
#700 = ORIENTED_EDGE('',*,*,#701,.T.);
#701 = EDGE_CURVE('',#693,#702,#704,.T.);
#702 = VERTEX_POINT('',#703);
#703 = CARTESIAN_POINT('',(27.600000000006,11.430368444839,4.17094187066
    ));
#704 = CIRCLE('',#705,2.7);
#705 = AXIS2_PLACEMENT_3D('',#706,#707,#708);
#706 = CARTESIAN_POINT('',(27.275000000009,8.750000000015,4.17094187066)
  );
#707 = DIRECTION('',(0.,0.,-1.));
#708 = DIRECTION('',(0.,1.,0.));
#709 = ORIENTED_EDGE('',*,*,#710,.T.);
#710 = EDGE_CURVE('',#702,#178,#711,.T.);
#711 = LINE('',#712,#713);
#712 = CARTESIAN_POINT('',(27.600000000006,11.430368444839,0.));
#713 = VECTOR('',#714,1.);
#714 = DIRECTION('',(0.,0.,1.));
#715 = ORIENTED_EDGE('',*,*,#186,.T.);
#716 = ORIENTED_EDGE('',*,*,#52,.F.);
#717 = ORIENTED_EDGE('',*,*,#118,.T.);
#718 = CYLINDRICAL_SURFACE('',#719,2.7);
#719 = AXIS2_PLACEMENT_3D('',#720,#721,#722);
#720 = CARTESIAN_POINT('',(27.275000000009,8.750000000015,0.));
#721 = DIRECTION('',(0.,0.,1.));
#722 = DIRECTION('',(0.,1.,0.));
#723 = ADVANCED_FACE('',(#724),#774,.F.);
#724 = FACE_BOUND('',#725,.F.);
#725 = EDGE_LOOP('',(#726,#727,#738,#755,#764,#773));
#726 = ORIENTED_EDGE('',*,*,#618,.T.);
#727 = ORIENTED_EDGE('',*,*,#728,.T.);
#728 = EDGE_CURVE('',#619,#729,#731,.T.);
#729 = VERTEX_POINT('',#730);
#730 = CARTESIAN_POINT('',(18.005368444836,8.425000000025,7.20563934637)
  );
#731 = B_SPLINE_CURVE_WITH_KNOTS('',3,(#732,#733,#734,#735,#736,#737),
  .UNSPECIFIED.,.F.,.F.,(4,2,4),(2.468368444901,5.763000000105,
    9.057631555259),.UNSPECIFIED.);
#732 = CARTESIAN_POINT('',(24.594631555185,8.425000000017,7.205639346363
    ));
#733 = CARTESIAN_POINT('',(23.496421036783,8.425000000017,7.205639346364
    ));
#734 = CARTESIAN_POINT('',(22.398210518382,8.425000000017,7.205639346366
    ));
#735 = CARTESIAN_POINT('',(20.201789481594,8.425000000017,7.205639346368
    ));
#736 = CARTESIAN_POINT('',(19.103578963208,8.425000000017,7.205639346369
    ));
#737 = CARTESIAN_POINT('',(18.005368444828,8.425000000017,7.20563934637)
  );
#738 = ORIENTED_EDGE('',*,*,#739,.T.);
#739 = EDGE_CURVE('',#729,#740,#742,.T.);
#740 = VERTEX_POINT('',#741);
#741 = CARTESIAN_POINT('',(15.650000000009,6.06963155519,7.398129011459)
  );
#742 = B_SPLINE_CURVE_WITH_KNOTS('',3,(#743,#744,#745,#746,#747,#748,
    #749,#750,#751,#752,#753,#754),.UNSPECIFIED.,.F.,.F.,(4,2,2,2,2,4),(
    6.648133954781E-02,1.076441647716,2.0791611801,3.030879009207,
    3.445459672471,3.672860595391),.UNSPECIFIED.);
#743 = CARTESIAN_POINT('',(18.005368444828,8.425000000025,7.20563934637)
  );
#744 = CARTESIAN_POINT('',(17.965137139861,8.093200860545,7.242531812325
    ));
#745 = CARTESIAN_POINT('',(17.863570676647,7.77107326925,7.274072751985)
  );
#746 = CARTESIAN_POINT('',(17.547789846845,7.181486494919,7.325590130593
    ));
#747 = CARTESIAN_POINT('',(17.337303597782,6.919130705159,7.345244344583
    ));
#748 = CARTESIAN_POINT('',(16.84365042362,6.495205086365,7.374111890373)
  );
#749 = CARTESIAN_POINT('',(16.568683858321,6.332603875016,7.383645094634
    ));
#750 = CARTESIAN_POINT('',(16.142350238024,6.172982440687,7.392610178689
    ));
#751 = CARTESIAN_POINT('',(16.009449249945,6.134543003442,7.394685268923
    ));
#752 = CARTESIAN_POINT('',(15.799991300297,6.091029235424,7.39700506815)
  );
#753 = CARTESIAN_POINT('',(15.725196352731,6.078749262386,7.397651255061
    ));
#754 = CARTESIAN_POINT('',(15.650000000009,6.069631555198,7.398129011459
    ));
#755 = ORIENTED_EDGE('',*,*,#756,.T.);
#756 = EDGE_CURVE('',#740,#757,#759,.T.);
#757 = VERTEX_POINT('',#758);
#758 = CARTESIAN_POINT('',(15.650000000009,4.485799827635,7.450061775154
    ));
#759 = B_SPLINE_CURVE_WITH_KNOTS('',3,(#760,#761,#762,#763),
  .UNSPECIFIED.,.F.,.F.,(4,4),(2.429741681153,4.014637959735),
  .PIECEWISE_BEZIER_KNOTS.);
#760 = CARTESIAN_POINT('',(15.650000000012,6.069634254804,7.398102593642
    ));
#761 = CARTESIAN_POINT('',(15.650000000023,5.541430403537,7.425785588785
    ));
#762 = CARTESIAN_POINT('',(15.650000000034,5.013281985797,7.443096345723
    ));
#763 = CARTESIAN_POINT('',(15.650000000045,4.485799827642,7.450061775154
    ));
#764 = ORIENTED_EDGE('',*,*,#765,.T.);
#765 = EDGE_CURVE('',#757,#468,#766,.T.);
#766 = B_SPLINE_CURVE_WITH_KNOTS('',3,(#767,#768,#769,#770,#771,#772),
  .UNSPECIFIED.,.F.,.F.,(4,2,4),(0.113000000045,5.763000000101,
    11.41300000003),.UNSPECIFIED.);
#767 = CARTESIAN_POINT('',(15.650000000009,4.485799827642,7.450061775154
    ));
#768 = CARTESIAN_POINT('',(17.533333333362,4.485799827642,7.450061775148
    ));
#769 = CARTESIAN_POINT('',(19.416666666711,4.485799827627,7.450061775142
    ));
#770 = CARTESIAN_POINT('',(23.183333333371,4.485799827627,7.45006177513)
  );
#771 = CARTESIAN_POINT('',(25.066666666684,4.485799827627,7.450061775124
    ));
#772 = CARTESIAN_POINT('',(26.949999999997,4.485799827627,7.450061775118
    ));
#773 = ORIENTED_EDGE('',*,*,#467,.T.);
#774 = B_SPLINE_SURFACE_WITH_KNOTS('',3,3,(
    (#775,#776,#777,#778)
    ,(#779,#780,#781,#782)
    ,(#783,#784,#785,#786)
    ,(#787,#788,#789,#790
    )),.UNSPECIFIED.,.F.,.F.,.F.,(4,4),(4,4),(2.191490066293,
    2.466206435824),(-0.230387484899,-0.133236973637),
  .PIECEWISE_BEZIER_KNOTS.);
#775 = CARTESIAN_POINT('',(26.94999999995,8.425000000228,7.205639346338)
  );
#776 = CARTESIAN_POINT('',(26.949999999979,7.114078224666,7.35139963086)
  );
#777 = CARTESIAN_POINT('',(26.950000000004,5.797877839854,7.432735716488
    ));
#778 = CARTESIAN_POINT('',(26.950000000034,4.485799827627,7.450061775118
    ));
#779 = CARTESIAN_POINT('',(23.183333333273,8.425000000141,7.205639346351
    ));
#780 = CARTESIAN_POINT('',(23.183333333302,7.114078224578,7.351399630873
    ));
#781 = CARTESIAN_POINT('',(23.183333333327,5.797877839766,7.432735716502
    ));
#782 = CARTESIAN_POINT('',(23.183333333356,4.48579982754,7.450061775131)
  );
#783 = CARTESIAN_POINT('',(19.416666666595,8.425000000061,7.205639346365
    ));
#784 = CARTESIAN_POINT('',(19.416666666624,7.114078224498,7.351399630886
    ));
#785 = CARTESIAN_POINT('',(19.416666666653,5.797877839694,7.432735716515
    ));
#786 = CARTESIAN_POINT('',(19.416666666682,4.485799827467,7.450061775144
    ));
#787 = CARTESIAN_POINT('',(15.649999999918,8.424999999974,7.205639346378
    ));
#788 = CARTESIAN_POINT('',(15.649999999947,7.114078224411,7.3513996309)
  );
#789 = CARTESIAN_POINT('',(15.649999999976,5.797877839606,7.432735716528
    ));
#790 = CARTESIAN_POINT('',(15.650000000005,4.48579982738,7.450061775158)
  );
#791 = ADVANCED_FACE('',(#792),#822,.F.);
#792 = FACE_BOUND('',#793,.F.);
#793 = EDGE_LOOP('',(#794,#805,#814,#821));
#794 = ORIENTED_EDGE('',*,*,#795,.F.);
#795 = EDGE_CURVE('',#796,#669,#798,.T.);
#796 = VERTEX_POINT('',#797);
#797 = CARTESIAN_POINT('',(18.005368444828,9.075000000026,7.128041213497
    ));
#798 = B_SPLINE_CURVE_WITH_KNOTS('',3,(#799,#800,#801,#802,#803,#804),
  .UNSPECIFIED.,.F.,.F.,(4,2,4),(2.355368444969,5.650000000158,
    8.944631555342),.UNSPECIFIED.);
#799 = CARTESIAN_POINT('',(18.005368444828,9.075000000026,7.128041213498
    ));
#800 = CARTESIAN_POINT('',(19.103578963222,9.075000000026,7.128041213497
    ));
#801 = CARTESIAN_POINT('',(20.20178948162,9.075000000026,7.128041213497)
  );
#802 = CARTESIAN_POINT('',(22.398210518411,9.075000000026,7.128041213495
    ));
#803 = CARTESIAN_POINT('',(23.496421036812,9.075000000026,7.128041213494
    ));
#804 = CARTESIAN_POINT('',(24.594631555206,9.075000000026,7.128041213493
    ));
#805 = ORIENTED_EDGE('',*,*,#806,.F.);
#806 = EDGE_CURVE('',#807,#796,#809,.T.);
#807 = VERTEX_POINT('',#808);
#808 = CARTESIAN_POINT('',(18.005368444832,9.075000000026,4.17094187066)
  );
#809 = B_SPLINE_CURVE_WITH_KNOTS('',3,(#810,#811,#812,#813),
  .UNSPECIFIED.,.F.,.F.,(4,4),(-40.05000200003,-37.0929026572),
  .PIECEWISE_BEZIER_KNOTS.);
#810 = CARTESIAN_POINT('',(18.005368444832,9.075000000026,4.17094187066)
  );
#811 = CARTESIAN_POINT('',(18.005368444832,9.075000000026,5.156641651605
    ));
#812 = CARTESIAN_POINT('',(18.005368444832,9.075000000026,6.142341432551
    ));
#813 = CARTESIAN_POINT('',(18.005368444832,9.075000000026,7.128041213497
    ));
#814 = ORIENTED_EDGE('',*,*,#815,.T.);
#815 = EDGE_CURVE('',#807,#660,#816,.T.);
#816 = B_SPLINE_CURVE_WITH_KNOTS('',3,(#817,#818,#819,#820),
  .UNSPECIFIED.,.F.,.F.,(4,4),(-18.26963155517,-11.68036844482),
  .PIECEWISE_BEZIER_KNOTS.);
#817 = CARTESIAN_POINT('',(18.005368444825,9.075000000026,4.17094187066)
  );
#818 = CARTESIAN_POINT('',(20.201789481609,9.075000000019,4.17094187066)
  );
#819 = CARTESIAN_POINT('',(22.398210518393,9.075000000019,4.17094187066)
  );
#820 = CARTESIAN_POINT('',(24.594631555177,9.075000000019,4.17094187066)
  );
#821 = ORIENTED_EDGE('',*,*,#668,.F.);
#822 = B_SPLINE_SURFACE_WITH_KNOTS('',1,1,(
    (#823,#824,#825,#826)
    ,(#827,#828,#829,#830)
    ,(#831,#832,#833,#834
  )),.UNSPECIFIED.,.F.,.F.,.F.,(2,1,2),(2,1,1,2),(-48.99999999999,
    2.025E-13,18.),(-113.9999999999,0.,3.,39.650002000038),
  .UNSPECIFIED.);
#823 = CARTESIAN_POINT('',(-30.72499999999,9.075000000048,
    -109.4290581293));
#824 = CARTESIAN_POINT('',(-30.72499999999,9.075000000048,4.57094187066)
  );
#825 = CARTESIAN_POINT('',(-30.72499999999,9.075000000048,7.57094187066)
  );
#826 = CARTESIAN_POINT('',(-30.72499999999,9.075000000048,
    44.220943870698));
#827 = CARTESIAN_POINT('',(18.275000000002,9.075000000026,
    -109.4290581293));
#828 = CARTESIAN_POINT('',(18.275000000002,9.075000000026,4.57094187066)
  );
#829 = CARTESIAN_POINT('',(18.275000000002,9.075000000026,7.57094187066)
  );
#830 = CARTESIAN_POINT('',(18.275000000002,9.075000000026,
    44.220943870698));
#831 = CARTESIAN_POINT('',(36.275000000001,9.075000000019,
    -109.4290581293));
#832 = CARTESIAN_POINT('',(36.275000000001,9.075000000019,4.57094187066)
  );
#833 = CARTESIAN_POINT('',(36.275000000001,9.075000000019,7.57094187066)
  );
#834 = CARTESIAN_POINT('',(36.275000000001,9.075000000019,
    44.220943870698));
#835 = ADVANCED_FACE('',(#836),#854,.T.);
#836 = FACE_BOUND('',#837,.T.);
#837 = EDGE_LOOP('',(#838,#839,#840,#848));
#838 = ORIENTED_EDGE('',*,*,#651,.F.);
#839 = ORIENTED_EDGE('',*,*,#728,.T.);
#840 = ORIENTED_EDGE('',*,*,#841,.F.);
#841 = EDGE_CURVE('',#842,#729,#844,.T.);
#842 = VERTEX_POINT('',#843);
#843 = CARTESIAN_POINT('',(18.005368444836,8.425000000025,4.17094187066)
  );
#844 = LINE('',#845,#846);
#845 = CARTESIAN_POINT('',(18.005368444836,8.425000000017,0.));
#846 = VECTOR('',#847,1.);
#847 = DIRECTION('',(0.,0.,1.));
#848 = ORIENTED_EDGE('',*,*,#849,.T.);
#849 = EDGE_CURVE('',#842,#652,#850,.T.);
#850 = LINE('',#851,#852);
#851 = CARTESIAN_POINT('',(27.275000000002,8.425000000017,4.17094187066)
  );
#852 = VECTOR('',#853,1.);
#853 = DIRECTION('',(1.,-4.0422E-13,0.));
#854 = PLANE('',#855);
#855 = AXIS2_PLACEMENT_3D('',#856,#857,#858);
#856 = CARTESIAN_POINT('',(27.275000000002,8.425000000017,6.07094187066)
  );
#857 = DIRECTION('',(-4.0422E-13,-1.,0.));
#858 = DIRECTION('',(-0.,0.,-1.));
#859 = ADVANCED_FACE('',(#860),#872,.F.);
#860 = FACE_BOUND('',#861,.T.);
#861 = EDGE_LOOP('',(#862,#863,#864,#871));
#862 = ORIENTED_EDGE('',*,*,#659,.F.);
#863 = ORIENTED_EDGE('',*,*,#849,.F.);
#864 = ORIENTED_EDGE('',*,*,#865,.F.);
#865 = EDGE_CURVE('',#807,#842,#866,.T.);
#866 = CIRCLE('',#867,2.7);
#867 = AXIS2_PLACEMENT_3D('',#868,#869,#870);
#868 = CARTESIAN_POINT('',(15.325000000012,8.750000000015,4.17094187066)
  );
#869 = DIRECTION('',(0.,0.,-1.));
#870 = DIRECTION('',(0.,1.,0.));
#871 = ORIENTED_EDGE('',*,*,#815,.T.);
#872 = PLANE('',#873);
#873 = AXIS2_PLACEMENT_3D('',#874,#875,#876);
#874 = CARTESIAN_POINT('',(27.275000000002,9.075000000019,4.17094187066)
  );
#875 = DIRECTION('',(0.,0.,1.));
#876 = DIRECTION('',(1.,0.,-0.));
#877 = ADVANCED_FACE('',(#878),#924,.F.);
#878 = FACE_BOUND('',#879,.F.);
#879 = EDGE_LOOP('',(#880,#881,#890,#901,#910,#923));
#880 = ORIENTED_EDGE('',*,*,#677,.T.);
#881 = ORIENTED_EDGE('',*,*,#882,.T.);
#882 = EDGE_CURVE('',#678,#883,#885,.T.);
#883 = VERTEX_POINT('',#884);
#884 = CARTESIAN_POINT('',(26.950000000004,16.003724730166,
    5.617876111847));
#885 = B_SPLINE_CURVE_WITH_KNOTS('',3,(#886,#887,#888,#889),
  .UNSPECIFIED.,.F.,.F.,(4,4),(0.304964960217,0.420848107885),
  .PIECEWISE_BEZIER_KNOTS.);
#886 = CARTESIAN_POINT('',(26.950000000114,11.430304936032,
    6.756498859531));
#887 = CARTESIAN_POINT('',(26.950000000077,12.977651018889,
    6.465469671879));
#888 = CARTESIAN_POINT('',(26.950000000041,14.507276842312,
    6.084551245636));
#889 = CARTESIAN_POINT('',(26.950000000008,16.003724730435,
    5.617876111762));
#890 = ORIENTED_EDGE('',*,*,#891,.T.);
#891 = EDGE_CURVE('',#883,#892,#894,.T.);
#892 = VERTEX_POINT('',#893);
#893 = CARTESIAN_POINT('',(15.650000000009,16.003724730188,
    5.617876111802));
#894 = B_SPLINE_CURVE_WITH_KNOTS('',3,(#895,#896,#897,#898,#899,#900),
  .UNSPECIFIED.,.F.,.F.,(4,2,4),(0.,5.650000000154,11.300000000305),
  .UNSPECIFIED.);
#895 = CARTESIAN_POINT('',(26.950000000008,16.003724730181,
    5.617876111842));
#896 = CARTESIAN_POINT('',(25.066666666622,16.003724730181,
    5.617876111836));
#897 = CARTESIAN_POINT('',(23.18333333324,16.003724730181,5.617876111829
    ));
#898 = CARTESIAN_POINT('',(19.416666666471,16.003724730181,
    5.617876111816));
#899 = CARTESIAN_POINT('',(17.533333333086,16.003724730181,
    5.617876111809));
#900 = CARTESIAN_POINT('',(15.649999999703,16.003724730181,
    5.617876111803));
#901 = ORIENTED_EDGE('',*,*,#902,.T.);
#902 = EDGE_CURVE('',#892,#903,#905,.T.);
#903 = VERTEX_POINT('',#904);
#904 = CARTESIAN_POINT('',(15.650000000009,11.430368444839,
    6.756728191997));
#905 = B_SPLINE_CURVE_WITH_KNOTS('',3,(#906,#907,#908,#909),
  .UNSPECIFIED.,.F.,.F.,(4,4),(-0.420848107885,-0.304964960224),
  .PIECEWISE_BEZIER_KNOTS.);
#906 = CARTESIAN_POINT('',(15.649999999703,16.003724730188,
    5.617876111802));
#907 = CARTESIAN_POINT('',(15.649999999736,14.507276842152,
    6.084551245651));
#908 = CARTESIAN_POINT('',(15.649999999772,12.977651018809,
    6.465469671877));
#909 = CARTESIAN_POINT('',(15.649999999809,11.430304936046,
    6.756498859523));
#910 = ORIENTED_EDGE('',*,*,#911,.T.);
#911 = EDGE_CURVE('',#903,#796,#912,.T.);
#912 = B_SPLINE_CURVE_WITH_KNOTS('',3,(#913,#914,#915,#916,#917,#918,
    #919,#920,#921,#922),.UNSPECIFIED.,.F.,.F.,(4,2,2,2,4),(0.,
    0.768355528914,1.772177713251,2.705804427694,3.618829249519),
  .UNSPECIFIED.);
#913 = CARTESIAN_POINT('',(15.649999999809,11.430368444861,
    6.756728191992));
#914 = CARTESIAN_POINT('',(15.904191221202,11.399547254194,
    6.762521994894));
#915 = CARTESIAN_POINT('',(16.152372331577,11.332773086695,
    6.775081533013));
#916 = CARTESIAN_POINT('',(16.694073181938,11.100963444551,
    6.817464051821));
#917 = CARTESIAN_POINT('',(16.973222021563,10.914213909047,
    6.850992377626));
#918 = CARTESIAN_POINT('',(17.432237190173,10.466129663655,
    6.926542761236));
#919 = CARTESIAN_POINT('',(17.614489858748,10.214040467079,
    6.967212262352));
#920 = CARTESIAN_POINT('',(17.882743529444,9.66595424425,7.049150334173)
  );
#921 = CARTESIAN_POINT('',(17.969041309247,9.374600332041,7.08981515874)
  );
#922 = CARTESIAN_POINT('',(18.005368444828,9.075000000048,7.128041213495
    ));
#923 = ORIENTED_EDGE('',*,*,#795,.T.);
#924 = B_SPLINE_SURFACE_WITH_KNOTS('',3,3,(
    (#925,#926,#927,#928)
    ,(#929,#930,#931,#932)
    ,(#933,#934,#935,#936)
    ,(#937,#938,#939,#940
    )),.UNSPECIFIED.,.F.,.F.,.F.,(4,4),(4,4),(2.191490066288,
    2.466206435825),(-0.420848107885,-0.2464561171),
  .PIECEWISE_BEZIER_KNOTS.);
#925 = CARTESIAN_POINT('',(26.950000000008,16.003724730435,
    5.617876111762));
#926 = CARTESIAN_POINT('',(26.950000000059,13.751727511102,
    6.320173273032));
#927 = CARTESIAN_POINT('',(26.950000000114,11.424591906049,
    6.828256402673));
#928 = CARTESIAN_POINT('',(26.950000000168,9.075000000077,7.128041213485
    ));
#929 = CARTESIAN_POINT('',(23.18333333324,16.003724730348,5.617876111775
    ));
#930 = CARTESIAN_POINT('',(23.183333333291,13.751727511015,
    6.320173273046));
#931 = CARTESIAN_POINT('',(23.183333333345,11.424591905961,
    6.828256402686));
#932 = CARTESIAN_POINT('',(23.1833333334,9.07499999999,7.128041213498));
#933 = CARTESIAN_POINT('',(19.416666666471,16.003724730275,
    5.617876111788));
#934 = CARTESIAN_POINT('',(19.416666666522,13.751727510942,
    6.320173273059));
#935 = CARTESIAN_POINT('',(19.416666666577,11.424591905888,6.8282564027)
  );
#936 = CARTESIAN_POINT('',(19.416666666631,9.074999999917,7.128041213512
    ));
#937 = CARTESIAN_POINT('',(15.649999999703,16.003724730188,
    5.617876111802));
#938 = CARTESIAN_POINT('',(15.649999999754,13.751727510855,
    6.320173273072));
#939 = CARTESIAN_POINT('',(15.649999999809,11.424591905801,
    6.828256402713));
#940 = CARTESIAN_POINT('',(15.649999999863,9.07499999983,7.128041213525)
  );
#941 = ADVANCED_FACE('',(#942),#967,.T.);
#942 = FACE_BOUND('',#943,.T.);
#943 = EDGE_LOOP('',(#944,#952,#953,#961));
#944 = ORIENTED_EDGE('',*,*,#945,.F.);
#945 = EDGE_CURVE('',#740,#946,#948,.T.);
#946 = VERTEX_POINT('',#947);
#947 = CARTESIAN_POINT('',(15.650000000009,6.06963155519,4.17094187066)
  );
#948 = LINE('',#949,#950);
#949 = CARTESIAN_POINT('',(15.650000000009,6.06963155519,0.));
#950 = VECTOR('',#951,1.);
#951 = DIRECTION('',(0.,0.,-1.));
#952 = ORIENTED_EDGE('',*,*,#756,.T.);
#953 = ORIENTED_EDGE('',*,*,#954,.F.);
#954 = EDGE_CURVE('',#955,#757,#957,.T.);
#955 = VERTEX_POINT('',#956);
#956 = CARTESIAN_POINT('',(15.650000000009,3.005032455454,4.17094187066)
  );
#957 = LINE('',#958,#959);
#958 = CARTESIAN_POINT('',(15.650000000009,4.618881649047,7.744767923939
    ));
#959 = VECTOR('',#960,1.);
#960 = DIRECTION('',(0.,0.411557753061,0.911383682044));
#961 = ORIENTED_EDGE('',*,*,#962,.F.);
#962 = EDGE_CURVE('',#946,#955,#963,.T.);
#963 = LINE('',#964,#965);
#964 = CARTESIAN_POINT('',(15.650000000009,8.912500000013,4.17094187066)
  );
#965 = VECTOR('',#966,1.);
#966 = DIRECTION('',(0.,-1.,0.));
#967 = PLANE('',#968);
#968 = AXIS2_PLACEMENT_3D('',#969,#970,#971);
#969 = CARTESIAN_POINT('',(15.650000000009,8.750000000015,6.07094187066)
  );
#970 = DIRECTION('',(1.,0.,0.));
#971 = DIRECTION('',(0.,-1.,0.));
#972 = ADVANCED_FACE('',(#973),#1008,.F.);
#973 = FACE_BOUND('',#974,.T.);
#974 = EDGE_LOOP('',(#975,#985,#993,#1001));
#975 = ORIENTED_EDGE('',*,*,#976,.F.);
#976 = EDGE_CURVE('',#977,#979,#981,.T.);
#977 = VERTEX_POINT('',#978);
#978 = CARTESIAN_POINT('',(15.000000000007,6.06963155519,4.17094187066)
  );
#979 = VERTEX_POINT('',#980);
#980 = CARTESIAN_POINT('',(15.000000000018,6.069633253945,7.398112387948
    ));
#981 = LINE('',#982,#983);
#982 = CARTESIAN_POINT('',(15.000000000007,6.06963155519,0.));
#983 = VECTOR('',#984,1.);
#984 = DIRECTION('',(0.,0.,1.));
#985 = ORIENTED_EDGE('',*,*,#986,.T.);
#986 = EDGE_CURVE('',#977,#987,#989,.T.);
#987 = VERTEX_POINT('',#988);
#988 = CARTESIAN_POINT('',(15.000000000007,3.005032455454,4.17094187066)
  );
#989 = LINE('',#990,#991);
#990 = CARTESIAN_POINT('',(15.000000000007,8.912500000013,4.17094187066)
  );
#991 = VECTOR('',#992,1.);
#992 = DIRECTION('',(0.,-1.,0.));
#993 = ORIENTED_EDGE('',*,*,#994,.F.);
#994 = EDGE_CURVE('',#995,#987,#997,.T.);
#995 = VERTEX_POINT('',#996);
#996 = CARTESIAN_POINT('',(15.000000000007,4.485799827642,7.450061775156
    ));
#997 = LINE('',#998,#999);
#998 = CARTESIAN_POINT('',(15.000000000007,4.618881649047,7.744767923939
    ));
#999 = VECTOR('',#1000,1.);
#1000 = DIRECTION('',(0.,-0.411557753061,-0.911383682044));
#1001 = ORIENTED_EDGE('',*,*,#1002,.T.);
#1002 = EDGE_CURVE('',#995,#979,#1003,.T.);
#1003 = B_SPLINE_CURVE_WITH_KNOTS('',3,(#1004,#1005,#1006,#1007),
  .UNSPECIFIED.,.F.,.F.,(4,4),(0.25809669545,1.84299348073),
  .PIECEWISE_BEZIER_KNOTS.);
#1004 = CARTESIAN_POINT('',(15.000000000011,4.485799827649,
    7.450061775156));
#1005 = CARTESIAN_POINT('',(15.,5.013281985797,7.443096345725));
#1006 = CARTESIAN_POINT('',(14.999999999989,5.541430403537,
    7.425785588787));
#1007 = CARTESIAN_POINT('',(14.999999999978,6.069634254796,
    7.398102593644));
#1008 = PLANE('',#1009);
#1009 = AXIS2_PLACEMENT_3D('',#1010,#1011,#1012);
#1010 = CARTESIAN_POINT('',(15.000000000007,8.750000000015,6.07094187066
    ));
#1011 = DIRECTION('',(1.,0.,0.));
#1012 = DIRECTION('',(0.,-1.,0.));
#1013 = ADVANCED_FACE('',(#1014),#1040,.F.);
#1014 = FACE_BOUND('',#1015,.T.);
#1015 = EDGE_LOOP('',(#1016,#1025,#1026,#1032,#1033));
#1016 = ORIENTED_EDGE('',*,*,#1017,.F.);
#1017 = EDGE_CURVE('',#946,#1018,#1020,.T.);
#1018 = VERTEX_POINT('',#1019);
#1019 = CARTESIAN_POINT('',(15.325000000012,6.050000000017,4.17094187066
    ));
#1020 = CIRCLE('',#1021,2.7);
#1021 = AXIS2_PLACEMENT_3D('',#1022,#1023,#1024);
#1022 = CARTESIAN_POINT('',(15.325000000012,8.750000000015,4.17094187066
    ));
#1023 = DIRECTION('',(0.,0.,-1.));
#1024 = DIRECTION('',(0.,1.,0.));
#1025 = ORIENTED_EDGE('',*,*,#962,.T.);
#1026 = ORIENTED_EDGE('',*,*,#1027,.F.);
#1027 = EDGE_CURVE('',#987,#955,#1028,.T.);
#1028 = LINE('',#1029,#1030);
#1029 = CARTESIAN_POINT('',(33.53750000001,3.005032455461,4.17094187066)
  );
#1030 = VECTOR('',#1031,1.);
#1031 = DIRECTION('',(1.,-3.E-17,0.));
#1032 = ORIENTED_EDGE('',*,*,#986,.F.);
#1033 = ORIENTED_EDGE('',*,*,#1034,.F.);
#1034 = EDGE_CURVE('',#1018,#977,#1035,.T.);
#1035 = CIRCLE('',#1036,2.7);
#1036 = AXIS2_PLACEMENT_3D('',#1037,#1038,#1039);
#1037 = CARTESIAN_POINT('',(15.325000000012,8.750000000015,4.17094187066
    ));
#1038 = DIRECTION('',(0.,0.,-1.));
#1039 = DIRECTION('',(0.,1.,0.));
#1040 = PLANE('',#1041);
#1041 = AXIS2_PLACEMENT_3D('',#1042,#1043,#1044);
#1042 = CARTESIAN_POINT('',(27.275000000002,9.075000000019,4.17094187066
    ));
#1043 = DIRECTION('',(0.,0.,1.));
#1044 = DIRECTION('',(1.,0.,-0.));
#1045 = ADVANCED_FACE('',(#1046),#1111,.F.);
#1046 = FACE_BOUND('',#1047,.F.);
#1047 = EDGE_LOOP('',(#1048,#1081,#1092,#1101,#1110));
#1048 = ORIENTED_EDGE('',*,*,#1049,.T.);
#1049 = EDGE_CURVE('',#979,#1050,#1052,.T.);
#1050 = VERTEX_POINT('',#1051);
#1051 = CARTESIAN_POINT('',(12.644631555187,8.42500000001,7.205639346377
    ));
#1052 = B_SPLINE_CURVE_WITH_KNOTS('',3,(#1053,#1054,#1055,#1056,#1057,
    #1058,#1059,#1060,#1061,#1062,#1063,#1064,#1065,#1066,#1067,#1068,
    #1069,#1070,#1071,#1072,#1073,#1074,#1075,#1076,#1077,#1078,#1079,
    #1080),.UNSPECIFIED.,.F.,.F.,(4,3,3,3,3,3,3,3,3,4),(0.110005039655,
    0.476182238153,0.93498163021,1.238654155062,1.848470384023,
    2.129058299383,2.637636020303,3.001451977361,3.437140508319,
    3.71320976779),.UNSPECIFIED.);
#1053 = CARTESIAN_POINT('',(15.000000000014,6.069634254816,
    7.398102593643));
#1054 = CARTESIAN_POINT('',(14.878914534902,6.084316194142,
    7.397333117892));
#1055 = CARTESIAN_POINT('',(14.758923900981,6.107191071992,
    7.396128628038));
#1056 = CARTESIAN_POINT('',(14.640859330393,6.138116159775,
    7.394455374301));
#1057 = CARTESIAN_POINT('',(14.49293108132,6.176863550847,7.392358881726
    ));
#1058 = CARTESIAN_POINT('',(14.348753086269,6.228058485183,
    7.389537838862));
#1059 = CARTESIAN_POINT('',(14.209846519137,6.291053620685,
    7.385890547293));
#1060 = CARTESIAN_POINT('',(14.117906318933,6.3327491682,7.383476459003)
  );
#1061 = CARTESIAN_POINT('',(14.028275489185,6.379614274069,
    7.380699155366));
#1062 = CARTESIAN_POINT('',(13.941395119542,6.431460677401,
    7.377516786546));
#1063 = CARTESIAN_POINT('',(13.766927378634,6.535575391699,
    7.371126151918));
#1064 = CARTESIAN_POINT('',(13.605093379502,6.658854355463,
    7.363160746276));
#1065 = CARTESIAN_POINT('',(13.458802751635,6.798769712694,
    7.353296336364));
#1066 = CARTESIAN_POINT('',(13.391491682561,6.863147399853,7.34875753585
    ));
#1067 = CARTESIAN_POINT('',(13.327471289986,6.93104697286,7.343815925837
    ));
#1068 = CARTESIAN_POINT('',(13.2670250051,7.002221066074,7.33843776138)
  );
#1069 = CARTESIAN_POINT('',(13.157463501833,7.131227185489,7.32868960591
    ));
#1070 = CARTESIAN_POINT('',(13.06052002036,7.269956074932,7.317582020511
    ));
#1071 = CARTESIAN_POINT('',(12.977291682209,7.416483149118,7.30499679597
    ));
#1072 = CARTESIAN_POINT('',(12.917753491185,7.521302698888,
    7.295993834725));
#1073 = CARTESIAN_POINT('',(12.865233878869,7.630112719531,
    7.286235324404));
#1074 = CARTESIAN_POINT('',(12.820134476954,7.742206783878,
    7.275694697274));
#1075 = CARTESIAN_POINT('',(12.766125592564,7.876445268314,
    7.263071746904));
#1076 = CARTESIAN_POINT('',(12.723104145973,8.014532029163,
    7.249406010776));
#1077 = CARTESIAN_POINT('',(12.691350216843,8.155111682475,
    7.234730454333));
#1078 = CARTESIAN_POINT('',(12.671229687894,8.244188438066,
    7.225431448939));
#1079 = CARTESIAN_POINT('',(12.65563304945,8.334266074264,7.215727974914
    ));
#1080 = CARTESIAN_POINT('',(12.644631555199,8.425000000019,
    7.205639346377));
#1081 = ORIENTED_EDGE('',*,*,#1082,.T.);
#1082 = EDGE_CURVE('',#1050,#1083,#1085,.T.);
#1083 = VERTEX_POINT('',#1084);
#1084 = CARTESIAN_POINT('',(4.057313395911,8.425000000025,7.205639346384
    ));
#1085 = B_SPLINE_CURVE_WITH_KNOTS('',3,(#1086,#1087,#1088,#1089,#1090,
    #1091),.UNSPECIFIED.,.F.,.F.,(4,2,4),(2.464769917451,5.714590297288,
    11.052088076722),.UNSPECIFIED.);
#1086 = CARTESIAN_POINT('',(12.64463155518,8.425000000025,7.205639346377
    ));
#1087 = CARTESIAN_POINT('',(11.561358095234,8.425000000025,
    7.205639346378));
#1088 = CARTESIAN_POINT('',(10.478084635288,8.425000000025,
    7.205639346379));
#1089 = CARTESIAN_POINT('',(7.615645248869,8.425000000025,7.205639346382
    ));
#1090 = CARTESIAN_POINT('',(5.836479322392,8.425000000025,7.205639346383
    ));
#1091 = CARTESIAN_POINT('',(4.057313395911,8.425000000025,7.205639346385
    ));
#1092 = ORIENTED_EDGE('',*,*,#1093,.T.);
#1093 = EDGE_CURVE('',#1083,#1094,#1096,.T.);
#1094 = VERTEX_POINT('',#1095);
#1095 = CARTESIAN_POINT('',(3.908454578654,4.48579982786,7.450061775401)
  );
#1096 = B_SPLINE_CURVE_WITH_KNOTS('',3,(#1097,#1098,#1099,#1100),
  .UNSPECIFIED.,.F.,.F.,(4,4),(-4.210557733588,-0.258447367174),
  .PIECEWISE_BEZIER_KNOTS.);
#1097 = CARTESIAN_POINT('',(4.057313395915,8.425000000047,7.205639346384
    ));
#1098 = CARTESIAN_POINT('',(4.027568435093,7.116483284641,7.351132214309
    ));
#1099 = CARTESIAN_POINT('',(3.976137710728,5.801280663727,7.432690782072
    ));
#1100 = CARTESIAN_POINT('',(3.908454578501,4.48579982786,7.450061775189)
  );
#1101 = ORIENTED_EDGE('',*,*,#1102,.T.);
#1102 = EDGE_CURVE('',#1094,#995,#1103,.T.);
#1103 = B_SPLINE_CURVE_WITH_KNOTS('',3,(#1104,#1105,#1106,#1107,#1108,
    #1109),.UNSPECIFIED.,.F.,.F.,(4,2,4),(0.228233700516,5.714590297288,
    11.31977912187),.UNSPECIFIED.);
#1104 = CARTESIAN_POINT('',(3.908454578654,4.485799827664,7.450061775192
    ));
#1105 = CARTESIAN_POINT('',(5.73724011091,4.485799827664,7.450061775186)
  );
#1106 = CARTESIAN_POINT('',(7.566025643169,4.485799827649,7.45006177518)
  );
#1107 = CARTESIAN_POINT('',(11.263207450284,4.485799827649,
    7.450061775168));
#1108 = CARTESIAN_POINT('',(13.131603725142,4.485799827642,
    7.450061775162));
#1109 = CARTESIAN_POINT('',(15.000000000011,4.485799827642,
    7.450061775156));
#1110 = ORIENTED_EDGE('',*,*,#1002,.T.);
#1111 = B_SPLINE_SURFACE_WITH_KNOTS('',3,3,(
    (#1112,#1113,#1114,#1115)
    ,(#1116,#1117,#1118,#1119)
    ,(#1120,#1121,#1122,#1123)
    ,(#1124,#1125,#1126,#1127
    )),.UNSPECIFIED.,.F.,.F.,.F.,(4,4),(4,4),(2.482008704867,
    2.751657296963),(-0.230387484907,-0.133236973644),
  .PIECEWISE_BEZIER_KNOTS.);
#1112 = CARTESIAN_POINT('',(14.999999999964,8.425000000294,
    7.205639346344));
#1113 = CARTESIAN_POINT('',(14.999999999993,7.114078224717,
    7.351399630878));
#1114 = CARTESIAN_POINT('',(15.000000000018,5.797877839897,
    7.432735716518));
#1115 = CARTESIAN_POINT('',(15.000000000047,4.485799827649,
    7.450061775156));
#1116 = CARTESIAN_POINT('',(11.302818192784,8.425000000214,
    7.205639346357));
#1117 = CARTESIAN_POINT('',(11.302818192813,7.114078224637,
    7.351399630891));
#1118 = CARTESIAN_POINT('',(11.302818192838,5.797877839817,
    7.432735716531));
#1119 = CARTESIAN_POINT('',(11.302818192868,4.485799827569,
    7.450061775169));
#1120 = CARTESIAN_POINT('',(7.605636385597,8.425000000127,7.20563934637)
  );
#1121 = CARTESIAN_POINT('',(7.605636385626,7.114078224549,7.351399630904
    ));
#1122 = CARTESIAN_POINT('',(7.605636385655,5.797877839723,7.432735716544
    ));
#1123 = CARTESIAN_POINT('',(7.605636385684,4.485799827475,7.450061775183
    ));
#1124 = CARTESIAN_POINT('',(3.908454578417,8.425000000047,7.205639346383
    ));
#1125 = CARTESIAN_POINT('',(3.908454578446,7.114078224469,7.351399630917
    ));
#1126 = CARTESIAN_POINT('',(3.908454578475,5.797877839643,7.432735716557
    ));
#1127 = CARTESIAN_POINT('',(3.908454578504,4.485799827395,7.450061775196
    ));
#1128 = ADVANCED_FACE('',(#1129),#1221,.T.);
#1129 = FACE_BOUND('',#1130,.T.);
#1130 = EDGE_LOOP('',(#1131,#1132,#1133,#1134,#1135,#1143,#1150,#1151,
    #1152,#1153,#1154,#1162,#1171,#1180,#1195,#1203,#1212,#1218,#1219,
    #1220));
#1131 = ORIENTED_EDGE('',*,*,#841,.T.);
#1132 = ORIENTED_EDGE('',*,*,#739,.T.);
#1133 = ORIENTED_EDGE('',*,*,#945,.T.);
#1134 = ORIENTED_EDGE('',*,*,#1017,.T.);
#1135 = ORIENTED_EDGE('',*,*,#1136,.T.);
#1136 = EDGE_CURVE('',#1018,#1137,#1139,.T.);
#1137 = VERTEX_POINT('',#1138);
#1138 = CARTESIAN_POINT('',(15.325000000012,6.050000000017,0.2));
#1139 = LINE('',#1140,#1141);
#1140 = CARTESIAN_POINT('',(15.325000000012,6.050000000017,0.));
#1141 = VECTOR('',#1142,1.);
#1142 = DIRECTION('',(0.,0.,-1.));
#1143 = ORIENTED_EDGE('',*,*,#1144,.F.);
#1144 = EDGE_CURVE('',#1137,#1137,#1145,.T.);
#1145 = CIRCLE('',#1146,2.7);
#1146 = AXIS2_PLACEMENT_3D('',#1147,#1148,#1149);
#1147 = CARTESIAN_POINT('',(15.325000000012,8.750000000015,0.2));
#1148 = DIRECTION('',(0.,-3.1E-16,-1.));
#1149 = DIRECTION('',(0.,1.,-3.1E-16));
#1150 = ORIENTED_EDGE('',*,*,#1136,.F.);
#1151 = ORIENTED_EDGE('',*,*,#1034,.T.);
#1152 = ORIENTED_EDGE('',*,*,#976,.T.);
#1153 = ORIENTED_EDGE('',*,*,#1049,.T.);
#1154 = ORIENTED_EDGE('',*,*,#1155,.T.);
#1155 = EDGE_CURVE('',#1050,#1156,#1158,.T.);
#1156 = VERTEX_POINT('',#1157);
#1157 = CARTESIAN_POINT('',(12.644631555187,8.425000000025,4.17094187066
    ));
#1158 = LINE('',#1159,#1160);
#1159 = CARTESIAN_POINT('',(12.644631555187,8.425000000017,0.));
#1160 = VECTOR('',#1161,1.);
#1161 = DIRECTION('',(0.,0.,-1.));
#1162 = ORIENTED_EDGE('',*,*,#1163,.T.);
#1163 = EDGE_CURVE('',#1156,#1164,#1166,.T.);
#1164 = VERTEX_POINT('',#1165);
#1165 = CARTESIAN_POINT('',(12.644631555195,9.075000000026,4.17094187066
    ));
#1166 = CIRCLE('',#1167,2.7);
#1167 = AXIS2_PLACEMENT_3D('',#1168,#1169,#1170);
#1168 = CARTESIAN_POINT('',(15.325000000012,8.750000000015,4.17094187066
    ));
#1169 = DIRECTION('',(0.,0.,-1.));
#1170 = DIRECTION('',(0.,1.,0.));
#1171 = ORIENTED_EDGE('',*,*,#1172,.F.);
#1172 = EDGE_CURVE('',#1173,#1164,#1175,.T.);
#1173 = VERTEX_POINT('',#1174);
#1174 = CARTESIAN_POINT('',(12.644631555195,9.075000000026,
    7.128041213501));
#1175 = B_SPLINE_CURVE_WITH_KNOTS('',3,(#1176,#1177,#1178,#1179),
  .UNSPECIFIED.,.F.,.F.,(4,4),(-116.5570993428,-113.5999999999),
  .PIECEWISE_BEZIER_KNOTS.);
#1176 = CARTESIAN_POINT('',(12.644631555187,9.075000000019,
    7.128041213501));
#1177 = CARTESIAN_POINT('',(12.644631555187,9.075000000019,
    6.142341432554));
#1178 = CARTESIAN_POINT('',(12.644631555191,9.075000000026,
    5.156641651607));
#1179 = CARTESIAN_POINT('',(12.644631555191,9.075000000026,4.17094187066
    ));
#1180 = ORIENTED_EDGE('',*,*,#1181,.T.);
#1181 = EDGE_CURVE('',#1173,#1182,#1184,.T.);
#1182 = VERTEX_POINT('',#1183);
#1183 = CARTESIAN_POINT('',(15.000000000007,11.430368444839,
    6.756728191997));
#1184 = B_SPLINE_CURVE_WITH_KNOTS('',3,(#1185,#1186,#1187,#1188,#1189,
    #1190,#1191,#1192,#1193,#1194),.UNSPECIFIED.,.F.,.F.,(4,2,2,2,4),(
    5.086690470263E-02,1.101201130653,2.182962991448,3.002592151471,
    3.671321347582),.UNSPECIFIED.);
#1185 = CARTESIAN_POINT('',(12.644631555191,9.075000000033,
    7.128041213501));
#1186 = CARTESIAN_POINT('',(12.686406114131,9.419526798709,
    7.084082983604));
#1187 = CARTESIAN_POINT('',(12.794218099265,9.752773418433,
    7.036915891515));
#1188 = CARTESIAN_POINT('',(13.13505170375,10.369213273305,6.94287665782
    ));
#1189 = CARTESIAN_POINT('',(13.368627857246,10.645015058632,
    6.897001687589));
#1190 = CARTESIAN_POINT('',(13.862698793466,11.035919813498,
    6.829223307064));
#1191 = CARTESIAN_POINT('',(14.100251321077,11.171624808529,
    6.804621602409));
#1192 = CARTESIAN_POINT('',(14.56207761955,11.349498710326,
    6.771928066781));
#1193 = CARTESIAN_POINT('',(14.778834823206,11.403551727686,
    6.761769229355));
#1194 = CARTESIAN_POINT('',(15.000000000127,11.430368444846,
    6.756728191993));
#1195 = ORIENTED_EDGE('',*,*,#1196,.T.);
#1196 = EDGE_CURVE('',#1182,#1197,#1199,.T.);
#1197 = VERTEX_POINT('',#1198);
#1198 = CARTESIAN_POINT('',(15.000000000007,11.430368444839,
    4.17094187066));
#1199 = LINE('',#1200,#1201);
#1200 = CARTESIAN_POINT('',(15.000000000007,11.430368444839,0.));
#1201 = VECTOR('',#1202,1.);
#1202 = DIRECTION('',(0.,0.,-1.));
#1203 = ORIENTED_EDGE('',*,*,#1204,.T.);
#1204 = EDGE_CURVE('',#1197,#1205,#1207,.T.);
#1205 = VERTEX_POINT('',#1206);
#1206 = CARTESIAN_POINT('',(15.650000000009,11.430368444839,
    4.17094187066));
#1207 = CIRCLE('',#1208,2.7);
#1208 = AXIS2_PLACEMENT_3D('',#1209,#1210,#1211);
#1209 = CARTESIAN_POINT('',(15.325000000012,8.750000000015,4.17094187066
    ));
#1210 = DIRECTION('',(0.,0.,-1.));
#1211 = DIRECTION('',(0.,1.,0.));
#1212 = ORIENTED_EDGE('',*,*,#1213,.T.);
#1213 = EDGE_CURVE('',#1205,#903,#1214,.T.);
#1214 = LINE('',#1215,#1216);
#1215 = CARTESIAN_POINT('',(15.650000000009,11.430368444839,0.));
#1216 = VECTOR('',#1217,1.);
#1217 = DIRECTION('',(0.,0.,1.));
#1218 = ORIENTED_EDGE('',*,*,#911,.T.);
#1219 = ORIENTED_EDGE('',*,*,#806,.F.);
#1220 = ORIENTED_EDGE('',*,*,#865,.T.);
#1221 = CYLINDRICAL_SURFACE('',#1222,2.7);
#1222 = AXIS2_PLACEMENT_3D('',#1223,#1224,#1225);
#1223 = CARTESIAN_POINT('',(15.325000000012,8.750000000015,0.));
#1224 = DIRECTION('',(0.,0.,1.));
#1225 = DIRECTION('',(0.,1.,0.));
#1226 = ADVANCED_FACE('',(#1227),#1256,.F.);
#1227 = FACE_BOUND('',#1228,.F.);
#1228 = EDGE_LOOP('',(#1229,#1240,#1248,#1255));
#1229 = ORIENTED_EDGE('',*,*,#1230,.F.);
#1230 = EDGE_CURVE('',#1231,#1173,#1233,.T.);
#1231 = VERTEX_POINT('',#1232);
#1232 = CARTESIAN_POINT('',(7.900000000001,9.075000000019,7.128041213506
    ));
#1233 = B_SPLINE_CURVE_WITH_KNOTS('',3,(#1234,#1235,#1236,#1237,#1238,
    #1239),.UNSPECIFIED.,.F.,.F.,(4,2,4),(4.302618245601,5.701309122898,
    9.047249800809),.UNSPECIFIED.);
#1234 = CARTESIAN_POINT('',(7.899999999987,9.075000000033,7.128041213504
    ));
#1235 = CARTESIAN_POINT('',(8.36623029242,9.075000000033,7.128041213503)
  );
#1236 = CARTESIAN_POINT('',(8.83246058485,9.075000000033,7.128041213503)
  );
#1237 = CARTESIAN_POINT('',(10.414004436585,9.075000000033,
    7.128041213502));
#1238 = CARTESIAN_POINT('',(11.52931799589,9.075000000033,7.128041213501
    ));
#1239 = CARTESIAN_POINT('',(12.644631555195,9.075000000033,
    7.128041213501));
#1240 = ORIENTED_EDGE('',*,*,#1241,.T.);
#1241 = EDGE_CURVE('',#1231,#1242,#1244,.T.);
#1242 = VERTEX_POINT('',#1243);
#1243 = CARTESIAN_POINT('',(7.900000000001,9.075000000019,4.17094187066)
  );
#1244 = LINE('',#1245,#1246);
#1245 = CARTESIAN_POINT('',(7.900000000001,9.075000000019,6.07094187066)
  );
#1246 = VECTOR('',#1247,1.);
#1247 = DIRECTION('',(0.,0.,-1.));
#1248 = ORIENTED_EDGE('',*,*,#1249,.T.);
#1249 = EDGE_CURVE('',#1242,#1164,#1250,.T.);
#1250 = B_SPLINE_CURVE_WITH_KNOTS('',3,(#1251,#1252,#1253,#1254),
  .UNSPECIFIED.,.F.,.F.,(4,4),(-28.375,-23.63036844481),
  .PIECEWISE_BEZIER_KNOTS.);
#1251 = CARTESIAN_POINT('',(7.899999999998,9.075000000033,4.17094187066)
  );
#1252 = CARTESIAN_POINT('',(9.481543851729,9.075000000033,4.17094187066)
  );
#1253 = CARTESIAN_POINT('',(11.06308770346,9.075000000033,4.17094187066)
  );
#1254 = CARTESIAN_POINT('',(12.644631555191,9.075000000033,4.17094187066
    ));
#1255 = ORIENTED_EDGE('',*,*,#1172,.F.);
#1256 = B_SPLINE_SURFACE_WITH_KNOTS('',1,1,(
    (#1257,#1258,#1259,#1260)
    ,(#1261,#1262,#1263,#1264)
    ,(#1265,#1266,#1267,#1268
    )),.UNSPECIFIED.,.F.,.F.,.F.,(2,1,2),(2,1,1,2),(-48.99999999999,
    2.025E-13,18.),(-113.9999999999,0.,3.,39.650002000038),
  .UNSPECIFIED.);
#1257 = CARTESIAN_POINT('',(-30.72499999999,9.075000000048,
    -109.4290581293));
#1258 = CARTESIAN_POINT('',(-30.72499999999,9.075000000048,4.57094187066
    ));
#1259 = CARTESIAN_POINT('',(-30.72499999999,9.075000000048,7.57094187066
    ));
#1260 = CARTESIAN_POINT('',(-30.72499999999,9.075000000048,
    44.220943870698));
#1261 = CARTESIAN_POINT('',(18.275000000002,9.075000000026,
    -109.4290581293));
#1262 = CARTESIAN_POINT('',(18.275000000002,9.075000000026,4.57094187066
    ));
#1263 = CARTESIAN_POINT('',(18.275000000002,9.075000000026,7.57094187066
    ));
#1264 = CARTESIAN_POINT('',(18.275000000002,9.075000000026,
    44.220943870698));
#1265 = CARTESIAN_POINT('',(36.275000000001,9.075000000019,
    -109.4290581293));
#1266 = CARTESIAN_POINT('',(36.275000000001,9.075000000019,4.57094187066
    ));
#1267 = CARTESIAN_POINT('',(36.275000000001,9.075000000019,7.57094187066
    ));
#1268 = CARTESIAN_POINT('',(36.275000000001,9.075000000019,
    44.220943870698));
#1269 = ADVANCED_FACE('',(#1270),#1295,.T.);
#1270 = FACE_BOUND('',#1271,.T.);
#1271 = EDGE_LOOP('',(#1272,#1273,#1274,#1289));
#1272 = ORIENTED_EDGE('',*,*,#1155,.F.);
#1273 = ORIENTED_EDGE('',*,*,#1082,.T.);
#1274 = ORIENTED_EDGE('',*,*,#1275,.F.);
#1275 = EDGE_CURVE('',#1276,#1083,#1278,.T.);
#1276 = VERTEX_POINT('',#1277);
#1277 = CARTESIAN_POINT('',(2.84487389875,8.425000000025,4.17094187066)
  );
#1278 = B_SPLINE_CURVE_WITH_KNOTS('',3,(#1279,#1280,#1281,#1282,#1283,
    #1284,#1285,#1286,#1287,#1288),.UNSPECIFIED.,.F.,.F.,(4,3,3,4),(
    -3.749825371612,-3.318075695333,-0.915203776332,-0.485364014094),
  .UNSPECIFIED.);
#1279 = CARTESIAN_POINT('',(2.845042679097,8.42506017394,4.170996338727)
  );
#1280 = CARTESIAN_POINT('',(2.899349742076,8.425059365997,4.304316917069
    ));
#1281 = CARTESIAN_POINT('',(2.953537402837,8.425058171884,4.437657372382
    ));
#1282 = CARTESIAN_POINT('',(3.007595313344,8.425056646787,4.571001756202
    ));
#1283 = CARTESIAN_POINT('',(3.308450744844,8.42504815897,5.313120379656)
  );
#1284 = CARTESIAN_POINT('',(3.606645345584,8.425027780671,6.058712374827
    ));
#1285 = CARTESIAN_POINT('',(3.900322201648,8.425018529435,6.805106416028
    ));
#1286 = CARTESIAN_POINT('',(3.952856832806,8.42501687452,6.938625741244)
  );
#1287 = CARTESIAN_POINT('',(4.005246917838,8.425015689977,7.072170659902
    ));
#1288 = CARTESIAN_POINT('',(4.057481856959,8.425015149705,7.205725724582
    ));
#1289 = ORIENTED_EDGE('',*,*,#1290,.T.);
#1290 = EDGE_CURVE('',#1276,#1156,#1291,.T.);
#1291 = LINE('',#1292,#1293);
#1292 = CARTESIAN_POINT('',(27.275000000002,8.425000000017,4.17094187066
    ));
#1293 = VECTOR('',#1294,1.);
#1294 = DIRECTION('',(1.,-4.0422E-13,0.));
#1295 = PLANE('',#1296);
#1296 = AXIS2_PLACEMENT_3D('',#1297,#1298,#1299);
#1297 = CARTESIAN_POINT('',(27.275000000002,8.425000000017,6.07094187066
    ));
#1298 = DIRECTION('',(-4.0422E-13,-1.,0.));
#1299 = DIRECTION('',(-0.,0.,-1.));
#1300 = ADVANCED_FACE('',(#1301),#1324,.F.);
#1301 = FACE_BOUND('',#1302,.T.);
#1302 = EDGE_LOOP('',(#1303,#1304,#1305,#1314,#1323));
#1303 = ORIENTED_EDGE('',*,*,#1163,.F.);
#1304 = ORIENTED_EDGE('',*,*,#1290,.F.);
#1305 = ORIENTED_EDGE('',*,*,#1306,.F.);
#1306 = EDGE_CURVE('',#1307,#1276,#1309,.T.);
#1307 = VERTEX_POINT('',#1308);
#1308 = CARTESIAN_POINT('',(2.869842756558,9.075000000033,4.17094187066)
  );
#1309 = B_SPLINE_CURVE_WITH_KNOTS('',3,(#1310,#1311,#1312,#1313),
  .UNSPECIFIED.,.F.,.F.,(4,4),(-6.678811013867,-6.032584740691),
  .PIECEWISE_BEZIER_KNOTS.);
#1310 = CARTESIAN_POINT('',(2.870024355139,9.075063021461,4.171001695838
    ));
#1311 = CARTESIAN_POINT('',(2.86158423387,8.858804056152,4.171000010706)
  );
#1312 = CARTESIAN_POINT('',(2.853257736093,8.642105001098,4.170998689094
    ));
#1313 = CARTESIAN_POINT('',(2.845042679095,8.425060173933,4.170996338725
    ));
#1314 = ORIENTED_EDGE('',*,*,#1315,.T.);
#1315 = EDGE_CURVE('',#1307,#1242,#1316,.T.);
#1316 = B_SPLINE_CURVE_WITH_KNOTS('',3,(#1317,#1318,#1319,#1320,#1321,
    #1322),.UNSPECIFIED.,.F.,.F.,(4,2,4),(-33.40515724341,-33.25,
    -28.37499999999),.UNSPECIFIED.);
#1317 = CARTESIAN_POINT('',(2.869842756583,9.075000000033,4.17094187066)
  );
#1318 = CARTESIAN_POINT('',(2.921561837724,9.075000000033,4.17094187066)
  );
#1319 = CARTESIAN_POINT('',(2.973280918861,9.075000000033,4.17094187066)
  );
#1320 = CARTESIAN_POINT('',(4.650000000001,9.075000000033,4.17094187066)
  );
#1321 = CARTESIAN_POINT('',(6.275000000001,9.075000000033,4.17094187066)
  );
#1322 = CARTESIAN_POINT('',(7.900000000001,9.075000000033,4.17094187066)
  );
#1323 = ORIENTED_EDGE('',*,*,#1249,.T.);
#1324 = PLANE('',#1325);
#1325 = AXIS2_PLACEMENT_3D('',#1326,#1327,#1328);
#1326 = CARTESIAN_POINT('',(27.275000000002,9.075000000019,4.17094187066
    ));
#1327 = DIRECTION('',(0.,0.,1.));
#1328 = DIRECTION('',(1.,0.,-0.));
#1329 = ADVANCED_FACE('',(#1330),#1356,.F.);
#1330 = FACE_BOUND('',#1331,.F.);
#1331 = EDGE_LOOP('',(#1332,#1333,#1334,#1343));
#1332 = ORIENTED_EDGE('',*,*,#1315,.T.);
#1333 = ORIENTED_EDGE('',*,*,#1241,.F.);
#1334 = ORIENTED_EDGE('',*,*,#1335,.F.);
#1335 = EDGE_CURVE('',#1336,#1231,#1338,.T.);
#1336 = VERTEX_POINT('',#1337);
#1337 = CARTESIAN_POINT('',(4.070262733178,9.075000000033,7.128041213507
    ));
#1338 = B_SPLINE_CURVE_WITH_KNOTS('',3,(#1339,#1340,#1341,#1342),
  .UNSPECIFIED.,.F.,.F.,(4,4),(0.472880978793,4.302618245631),
  .PIECEWISE_BEZIER_KNOTS.);
#1339 = CARTESIAN_POINT('',(4.070262733181,9.075000000033,7.128041213506
    ));
#1340 = CARTESIAN_POINT('',(5.346841822124,9.075000000033,7.128041213505
    ));
#1341 = CARTESIAN_POINT('',(6.623420911063,9.075000000026,7.128041213504
    ));
#1342 = CARTESIAN_POINT('',(7.900000000012,9.075000000026,7.128041213504
    ));
#1343 = ORIENTED_EDGE('',*,*,#1344,.T.);
#1344 = EDGE_CURVE('',#1336,#1307,#1345,.T.);
#1345 = B_SPLINE_CURVE_WITH_KNOTS('',3,(#1346,#1347,#1348,#1349,#1350,
    #1351,#1352,#1353,#1354,#1355),.UNSPECIFIED.,.F.,.F.,(4,3,3,4),(
    -2.75443537606,-0.394261353786,0.,0.432378536782),.UNSPECIFIED.);
#1346 = CARTESIAN_POINT('',(4.07045637666,9.075017100581,7.128139625138)
  );
#1347 = CARTESIAN_POINT('',(3.779116063374,9.075018984221,6.39632090817)
  );
#1348 = CARTESIAN_POINT('',(3.483229735304,9.075041982176,5.664594429041
    ));
#1349 = CARTESIAN_POINT('',(3.184740610085,9.075053693426,4.935913019609
    ));
#1350 = CARTESIAN_POINT('',(3.134878724695,9.075055649762,4.81418855512)
  );
#1351 = CARTESIAN_POINT('',(3.084944228506,9.07505739135,4.692549001152)
  );
#1352 = CARTESIAN_POINT('',(3.034946203127,9.075058959255,4.57100809038)
  );
#1353 = CARTESIAN_POINT('',(2.980114369248,9.075060678745,4.437716605801
    ));
#1354 = CARTESIAN_POINT('',(2.925136736426,9.075062054903,4.304375099433
    ));
#1355 = CARTESIAN_POINT('',(2.870024355143,9.075063021466,4.171001695838
    ));
#1356 = B_SPLINE_SURFACE_WITH_KNOTS('',1,1,(
    (#1357,#1358,#1359,#1360)
    ,(#1361,#1362,#1363,#1364)
    ,(#1365,#1366,#1367,#1368
    )),.UNSPECIFIED.,.F.,.F.,.F.,(2,1,2),(2,1,1,2),(-48.49999999999,
    2.025E-13,18.),(-113.9999999999,0.,3.,39.650002000038),
  .UNSPECIFIED.);
#1357 = CARTESIAN_POINT('',(-30.22499999999,9.075000000048,
    -109.4290581293));
#1358 = CARTESIAN_POINT('',(-30.22499999999,9.075000000048,4.57094187066
    ));
#1359 = CARTESIAN_POINT('',(-30.22499999999,9.075000000048,7.57094187066
    ));
#1360 = CARTESIAN_POINT('',(-30.22499999999,9.075000000048,
    44.220943870698));
#1361 = CARTESIAN_POINT('',(18.275000000002,9.075000000026,
    -109.4290581293));
#1362 = CARTESIAN_POINT('',(18.275000000002,9.075000000026,4.57094187066
    ));
#1363 = CARTESIAN_POINT('',(18.275000000002,9.075000000026,7.57094187066
    ));
#1364 = CARTESIAN_POINT('',(18.275000000002,9.075000000026,
    44.220943870698));
#1365 = CARTESIAN_POINT('',(36.275000000001,9.075000000019,
    -109.4290581293));
#1366 = CARTESIAN_POINT('',(36.275000000001,9.075000000019,4.57094187066
    ));
#1367 = CARTESIAN_POINT('',(36.275000000001,9.075000000019,7.57094187066
    ));
#1368 = CARTESIAN_POINT('',(36.275000000001,9.075000000019,
    44.220943870698));
#1369 = ADVANCED_FACE('',(#1370),#1442,.F.);
#1370 = FACE_BOUND('',#1371,.F.);
#1371 = EDGE_LOOP('',(#1372,#1390,#1401,#1422,#1438,#1439,#1440,#1441));
#1372 = ORIENTED_EDGE('',*,*,#1373,.F.);
#1373 = EDGE_CURVE('',#1374,#1336,#1376,.T.);
#1374 = VERTEX_POINT('',#1375);
#1375 = CARTESIAN_POINT('',(3.911740951888,16.003724730181,
    5.617876111763));
#1376 = B_SPLINE_CURVE_WITH_KNOTS('',3,(#1377,#1378,#1379,#1380,#1381,
    #1382,#1383,#1384,#1385,#1386,#1387,#1388,#1389),.UNSPECIFIED.,.F.,
  .F.,(4,3,3,3,4),(0.24389425858,3.092009157583,3.691265337734,
    5.968397794943,7.346491843854),.UNSPECIFIED.);
#1377 = CARTESIAN_POINT('',(3.911740951886,16.003724730188,
    5.617876111763));
#1378 = CARTESIAN_POINT('',(3.978804996962,15.099671056112,
    5.899809998495));
#1379 = CARTESIAN_POINT('',(4.023598258231,14.184149658438,
    6.150248606295));
#1380 = CARTESIAN_POINT('',(4.050955033754,13.260449923974,
    6.368442524448));
#1381 = CARTESIAN_POINT('',(4.056711022323,13.0660993468,6.414351505848)
  );
#1382 = CARTESIAN_POINT('',(4.061695096762,12.871386578931,
    6.458832887859));
#1383 = CARTESIAN_POINT('',(4.06595228671,12.676342055307,6.501879486631
    ));
#1384 = CARTESIAN_POINT('',(4.08212931794,11.935186178179,6.665453623845
    ));
#1385 = CARTESIAN_POINT('',(4.087830126813,11.189050868462,
    6.808356271414));
#1386 = CARTESIAN_POINT('',(4.08484121688,10.439443537068,6.930166797506
    ));
#1387 = CARTESIAN_POINT('',(4.08303236339,9.985789908292,7.003885109574)
  );
#1388 = CARTESIAN_POINT('',(4.078040874782,9.530864388785,7.069877402504
    ));
#1389 = CARTESIAN_POINT('',(4.070262733174,9.075000000024,7.128041213507
    ));
#1390 = ORIENTED_EDGE('',*,*,#1391,.T.);
#1391 = EDGE_CURVE('',#1374,#1392,#1394,.T.);
#1392 = VERTEX_POINT('',#1393);
#1393 = CARTESIAN_POINT('',(1.145222764128,16.495225203064,-2.E-15));
#1394 = B_SPLINE_CURVE_WITH_KNOTS('',3,(#1395,#1396,#1397,#1398,#1399,
    #1400),.UNSPECIFIED.,.F.,.F.,(4,2,4),(0.869087042843,3.769286815133,
    7.128623378409),.UNSPECIFIED.);
#1395 = CARTESIAN_POINT('',(3.911740951888,16.003724730181,
    5.617876111764));
#1396 = CARTESIAN_POINT('',(3.486721968624,16.079830614908,
    4.747981868831));
#1397 = CARTESIAN_POINT('',(3.057938171623,16.156267553692,
    3.874303660581));
#1398 = CARTESIAN_POINT('',(2.139972585108,16.31937681212,2.009956305831
    ));
#1399 = CARTESIAN_POINT('',(1.641174392396,16.407672565598,
    1.000731225455));
#1400 = CARTESIAN_POINT('',(1.14522276412,16.495225203064,-3.5083E-12));
#1401 = ORIENTED_EDGE('',*,*,#1402,.F.);
#1402 = EDGE_CURVE('',#1403,#1392,#1405,.T.);
#1403 = VERTEX_POINT('',#1404);
#1404 = CARTESIAN_POINT('',(1.085932308037,1.121540904911,-2.E-15));
#1405 = B_SPLINE_CURVE_WITH_KNOTS('',3,(#1406,#1407,#1408,#1409,#1410,
    #1411,#1412,#1413,#1414,#1415,#1416,#1417,#1418,#1419,#1420,#1421),
  .UNSPECIFIED.,.F.,.F.,(4,3,3,3,3,4),(0.23753315251,4.490013901568,
    7.88578798698,11.33554384694,14.648732432432,15.440286174797),
  .UNSPECIFIED.);
#1406 = CARTESIAN_POINT('',(1.085932308026,1.121540904916,-1.93843E-12)
  );
#1407 = CARTESIAN_POINT('',(1.089587371255,2.540962701618,
    4.1829837824E-07));
#1408 = CARTESIAN_POINT('',(1.093666706519,3.977176725406,
    1.958129694425E-05));
#1409 = CARTESIAN_POINT('',(1.098200801659,5.41176181195,
    3.032056550098E-05));
#1410 = CARTESIAN_POINT('',(1.101821455976,6.557334748708,
    3.889629623634E-05));
#1411 = CARTESIAN_POINT('',(1.10573184862,7.701866530117,
    4.102715400169E-05));
#1412 = CARTESIAN_POINT('',(1.109961648549,8.835969005316,
    4.124015915567E-05));
#1413 = CARTESIAN_POINT('',(1.114258688606,9.988100039058,
    4.145655040181E-05));
#1414 = CARTESIAN_POINT('',(1.118986066867,11.156584894449,
    4.105851419787E-05));
#1415 = CARTESIAN_POINT('',(1.12421993561,12.327616672929,
    3.400193648589E-05));
#1416 = CARTESIAN_POINT('',(1.129246608475,13.45229020903,
    2.722471117575E-05));
#1417 = CARTESIAN_POINT('',(1.134739795745,14.579309761603,
    1.206808931126E-05));
#1418 = CARTESIAN_POINT('',(1.140789959461,15.696422335858,
    3.52226699668E-06));
#1419 = CARTESIAN_POINT('',(1.142235403814,15.963311652894,
    1.4805849553E-06));
#1420 = CARTESIAN_POINT('',(1.143712770514,16.229635524064,
    -4.1045496E-09));
#1421 = CARTESIAN_POINT('',(1.145223559124,16.495226996753,
    -3.2554030255E-07));
#1422 = ORIENTED_EDGE('',*,*,#1423,.F.);
#1423 = EDGE_CURVE('',#1094,#1403,#1424,.T.);
#1424 = B_SPLINE_CURVE_WITH_KNOTS('',3,(#1425,#1426,#1427,#1428,#1429,
    #1430,#1431,#1432,#1433,#1434,#1435,#1436,#1437),.UNSPECIFIED.,.F.,
  .F.,(4,3,3,3,4),(-8.807015229296,-5.851999199066,-5.095500171918,
    -1.470310979137,-0.206412542564),.UNSPECIFIED.);
#1425 = CARTESIAN_POINT('',(3.908457629329,4.485802657346,7.450061429185
    ));
#1426 = CARTESIAN_POINT('',(3.58298274964,4.099973645746,6.595633381864)
  );
#1427 = CARTESIAN_POINT('',(3.256890237171,3.712515112338,5.737574752052
    ));
#1428 = CARTESIAN_POINT('',(2.933488091308,3.327551115639,4.885064193322
    ));
#1429 = CARTESIAN_POINT('',(2.850695508724,3.228998388341,4.666817184942
    ));
#1430 = CARTESIAN_POINT('',(2.768079245733,3.130609065207,4.448933549978
    ));
#1431 = CARTESIAN_POINT('',(2.685694790941,3.032452007203,4.231566756638
    ));
#1432 = CARTESIAN_POINT('',(2.2909034899,2.562077435522,3.189931907408)
  );
#1433 = CARTESIAN_POINT('',(1.893592203881,2.087694411412,2.139474580635
    ));
#1434 = CARTESIAN_POINT('',(1.498361940149,1.615036414987,1.092815479475
    ));
#1435 = CARTESIAN_POINT('',(1.360567500783,1.45024730442,0.727904648279)
  );
#1436 = CARTESIAN_POINT('',(1.223025997422,1.285667992383,0.36345506357)
  );
#1437 = CARTESIAN_POINT('',(1.085932308028,1.121540904914,3.73377E-12));
#1438 = ORIENTED_EDGE('',*,*,#1093,.F.);
#1439 = ORIENTED_EDGE('',*,*,#1275,.F.);
#1440 = ORIENTED_EDGE('',*,*,#1306,.F.);
#1441 = ORIENTED_EDGE('',*,*,#1344,.F.);
#1442 = B_SPLINE_SURFACE_WITH_KNOTS('',3,3,(
    (#1443,#1444,#1445,#1446)
    ,(#1447,#1448,#1449,#1450)
    ,(#1451,#1452,#1453,#1454)
    ,(#1455,#1456,#1457,#1458
    )),.UNSPECIFIED.,.F.,.F.,.F.,(4,4),(4,4),(6.59712396197E-02,
    0.931825699096),(-6.490449034709E-02,0.944692651749),
  .PIECEWISE_BEZIER_KNOTS.);
#1443 = CARTESIAN_POINT('',(4.122123363599,4.467919236282,8.057533220251
    ));
#1444 = CARTESIAN_POINT('',(3.110327911316,3.357714319274,5.369353439326
    ));
#1445 = CARTESIAN_POINT('',(2.098081371874,2.24130391104,2.683982340502)
  );
#1446 = CARTESIAN_POINT('',(1.085932308026,1.121540904911,-1.87272E-12)
  );
#1447 = CARTESIAN_POINT('',(4.109013071607,8.373920273596,7.34512570026)
  );
#1448 = CARTESIAN_POINT('',(3.097915472274,7.672095392147,4.872547445875
    ));
#1449 = CARTESIAN_POINT('',(2.085991331816,6.962854380428,2.402541913203
    ));
#1450 = CARTESIAN_POINT('',(1.074245984317,6.249827528074,
    -6.619441914103E-02));
#1451 = CARTESIAN_POINT('',(4.091747611361,12.278475004612,
    6.624349992334));
#1452 = CARTESIAN_POINT('',(3.081598699762,11.985794897344,
    4.368332564025));
#1453 = CARTESIAN_POINT('',(2.070355677468,11.684112413895,
    2.114546130412));
#1454 = CARTESIAN_POINT('',(1.059250467115,11.378073692889,
    -0.138297229534));
#1455 = CARTESIAN_POINT('',(4.059800369192,16.179998214764,
    5.886034198613));
#1456 = CARTESIAN_POINT('',(3.053611479183,16.298294602129,
    3.849873493354));
#1457 = CARTESIAN_POINT('',(2.044913047212,16.404850379964,
    1.814507695051));
#1458 = CARTESIAN_POINT('',(1.035737194561,16.506248513928,
    -0.220818829069));
#1459 = ADVANCED_FACE('',(#1460),#1478,.T.);
#1460 = FACE_BOUND('',#1461,.T.);
#1461 = EDGE_LOOP('',(#1462,#1463,#1471,#1477));
#1462 = ORIENTED_EDGE('',*,*,#710,.F.);
#1463 = ORIENTED_EDGE('',*,*,#1464,.T.);
#1464 = EDGE_CURVE('',#702,#1465,#1467,.T.);
#1465 = VERTEX_POINT('',#1466);
#1466 = CARTESIAN_POINT('',(27.600000000006,16.130315073147,
    4.17094187066));
#1467 = LINE('',#1468,#1469);
#1468 = CARTESIAN_POINT('',(27.600000000006,8.912500000013,4.17094187066
    ));
#1469 = VECTOR('',#1470,1.);
#1470 = DIRECTION('',(2.0211E-13,1.,0.));
#1471 = ORIENTED_EDGE('',*,*,#1472,.F.);
#1472 = EDGE_CURVE('',#167,#1465,#1473,.T.);
#1473 = LINE('',#1474,#1475);
#1474 = CARTESIAN_POINT('',(27.600000000006,15.948930516104,
    6.244176844566));
#1475 = VECTOR('',#1476,1.);
#1476 = DIRECTION('',(1.762E-14,8.715574274948E-02,-0.996194698092));
#1477 = ORIENTED_EDGE('',*,*,#177,.T.);
#1478 = PLANE('',#1479);
#1479 = AXIS2_PLACEMENT_3D('',#1480,#1481,#1482);
#1480 = CARTESIAN_POINT('',(27.600000000006,8.750000000015,6.07094187066
    ));
#1481 = DIRECTION('',(1.,-2.0211E-13,0.));
#1482 = DIRECTION('',(0.,0.,-1.));
#1483 = ADVANCED_FACE('',(#1484),#1503,.F.);
#1484 = FACE_BOUND('',#1485,.T.);
#1485 = EDGE_LOOP('',(#1486,#1487,#1496,#1502));
#1486 = ORIENTED_EDGE('',*,*,#701,.F.);
#1487 = ORIENTED_EDGE('',*,*,#1488,.T.);
#1488 = EDGE_CURVE('',#693,#1489,#1491,.T.);
#1489 = VERTEX_POINT('',#1490);
#1490 = CARTESIAN_POINT('',(26.950000000004,16.130315073155,
    4.17094187066));
#1491 = B_SPLINE_CURVE_WITH_KNOTS('',3,(#1492,#1493,#1494,#1495),
  .UNSPECIFIED.,.F.,.F.,(4,4),(-9.019631555173,-4.319684926857),
  .PIECEWISE_BEZIER_KNOTS.);
#1492 = CARTESIAN_POINT('',(26.950000000004,11.430368444831,
    4.17094187066));
#1493 = CARTESIAN_POINT('',(26.950000000004,12.997017320937,
    4.17094187066));
#1494 = CARTESIAN_POINT('',(26.950000000004,14.563666197049,
    4.17094187066));
#1495 = CARTESIAN_POINT('',(26.950000000004,16.130315073155,
    4.17094187066));
#1496 = ORIENTED_EDGE('',*,*,#1497,.F.);
#1497 = EDGE_CURVE('',#1465,#1489,#1498,.T.);
#1498 = LINE('',#1499,#1500);
#1499 = CARTESIAN_POINT('',(39.53750000001,16.130315073147,4.17094187066
    ));
#1500 = VECTOR('',#1501,1.);
#1501 = DIRECTION('',(-1.,-0.,0.));
#1502 = ORIENTED_EDGE('',*,*,#1464,.F.);
#1503 = PLANE('',#1504);
#1504 = AXIS2_PLACEMENT_3D('',#1505,#1506,#1507);
#1505 = CARTESIAN_POINT('',(27.275000000002,9.075000000019,4.17094187066
    ));
#1506 = DIRECTION('',(0.,0.,1.));
#1507 = DIRECTION('',(1.,0.,-0.));
#1508 = ADVANCED_FACE('',(#1509),#1524,.F.);
#1509 = FACE_BOUND('',#1510,.F.);
#1510 = EDGE_LOOP('',(#1511,#1512,#1522,#1523));
#1511 = ORIENTED_EDGE('',*,*,#1488,.T.);
#1512 = ORIENTED_EDGE('',*,*,#1513,.T.);
#1513 = EDGE_CURVE('',#1489,#883,#1514,.T.);
#1514 = B_SPLINE_CURVE_WITH_KNOTS('',3,(#1515,#1516,#1517,#1518,#1519,
    #1520,#1521),.UNSPECIFIED.,.F.,.F.,(4,3,4),(-0.401527935021,0.,
    1.050933359911),.UNSPECIFIED.);
#1515 = CARTESIAN_POINT('',(26.950000000004,16.130315073147,
    4.170941870656));
#1516 = CARTESIAN_POINT('',(26.950000000004,16.118649918011,
    4.30427520399));
#1517 = CARTESIAN_POINT('',(26.950000000004,16.106984762875,
    4.437608537325));
#1518 = CARTESIAN_POINT('',(26.950000000004,16.095319607739,
    4.57094187066));
#1519 = CARTESIAN_POINT('',(26.950000000004,16.064787981879,
    4.919919951056));
#1520 = CARTESIAN_POINT('',(26.950000000001,16.034256356019,
    5.268898031455));
#1521 = CARTESIAN_POINT('',(26.950000000001,16.003724730159,
    5.617876111851));
#1522 = ORIENTED_EDGE('',*,*,#882,.F.);
#1523 = ORIENTED_EDGE('',*,*,#692,.F.);
#1524 = B_SPLINE_SURFACE_WITH_KNOTS('',1,1,(
    (#1525,#1526,#1527,#1528)
    ,(#1529,#1530,#1531,#1532)
    ,(#1533,#1534,#1535,#1536)
    ,(#1537,#1538,#1539,#1540
    )),.UNSPECIFIED.,.F.,.F.,.F.,(2,1,1,2),(2,1,1,2),(-66.20000000002,
    -3.43547E-12,18.000000000003,20.700000000005),(-1.,0.,3.,10.5),
  .UNSPECIFIED.);
#1525 = CARTESIAN_POINT('',(26.949999999986,-66.44999999998,
    3.57094187066));
#1526 = CARTESIAN_POINT('',(26.949999999986,-66.44999999998,
    4.57094187066));
#1527 = CARTESIAN_POINT('',(26.949999999986,-66.44999999998,
    7.57094187066));
#1528 = CARTESIAN_POINT('',(26.949999999986,-66.44999999998,
    15.070941870659));
#1529 = CARTESIAN_POINT('',(26.950000000001,-0.249999999985,
    3.57094187066));
#1530 = CARTESIAN_POINT('',(26.950000000001,-0.249999999985,
    4.57094187066));
#1531 = CARTESIAN_POINT('',(26.950000000001,-0.249999999985,
    7.57094187066));
#1532 = CARTESIAN_POINT('',(26.950000000001,-0.249999999985,
    15.070941870659));
#1533 = CARTESIAN_POINT('',(26.950000000004,17.750000000015,
    3.57094187066));
#1534 = CARTESIAN_POINT('',(26.950000000004,17.750000000015,
    4.57094187066));
#1535 = CARTESIAN_POINT('',(26.950000000004,17.750000000015,
    7.57094187066));
#1536 = CARTESIAN_POINT('',(26.950000000004,17.750000000015,
    15.070941870659));
#1537 = CARTESIAN_POINT('',(26.950000000004,20.450000000012,
    3.57094187066));
#1538 = CARTESIAN_POINT('',(26.950000000004,20.450000000012,
    4.57094187066));
#1539 = CARTESIAN_POINT('',(26.950000000004,20.450000000012,
    7.57094187066));
#1540 = CARTESIAN_POINT('',(26.950000000004,20.450000000012,
    15.070941870659));
#1541 = ADVANCED_FACE('',(#1542),#1568,.F.);
#1542 = FACE_BOUND('',#1543,.F.);
#1543 = EDGE_LOOP('',(#1544,#1552,#1560,#1567));
#1544 = ORIENTED_EDGE('',*,*,#1545,.F.);
#1545 = EDGE_CURVE('',#1546,#1197,#1548,.T.);
#1546 = VERTEX_POINT('',#1547);
#1547 = CARTESIAN_POINT('',(15.000000000007,16.130315073147,
    4.17094187066));
#1548 = LINE('',#1549,#1550);
#1549 = CARTESIAN_POINT('',(15.000000000007,8.912500000013,4.17094187066
    ));
#1550 = VECTOR('',#1551,1.);
#1551 = DIRECTION('',(0.,-1.,0.));
#1552 = ORIENTED_EDGE('',*,*,#1553,.T.);
#1553 = EDGE_CURVE('',#1546,#1554,#1556,.T.);
#1554 = VERTEX_POINT('',#1555);
#1555 = CARTESIAN_POINT('',(15.000000000007,16.003724730181,
    5.617876111803));
#1556 = LINE('',#1557,#1558);
#1557 = CARTESIAN_POINT('',(15.000000000007,15.948930516104,
    6.244176844566));
#1558 = VECTOR('',#1559,1.);
#1559 = DIRECTION('',(0.,-8.715574274948E-02,0.996194698092));
#1560 = ORIENTED_EDGE('',*,*,#1561,.F.);
#1561 = EDGE_CURVE('',#1182,#1554,#1562,.T.);
#1562 = B_SPLINE_CURVE_WITH_KNOTS('',3,(#1563,#1564,#1565,#1566),
  .UNSPECIFIED.,.F.,.F.,(4,4),(0.304964960224,0.420848107892),
  .PIECEWISE_BEZIER_KNOTS.);
#1563 = CARTESIAN_POINT('',(15.000000000124,11.430304936032,
    6.756498859523));
#1564 = CARTESIAN_POINT('',(15.000000000091,12.977651018889,
    6.46546967186));
#1565 = CARTESIAN_POINT('',(15.000000000058,14.507276842312,
    6.084551245608));
#1566 = CARTESIAN_POINT('',(15.000000000025,16.003724730428,
    5.617876111723));
#1567 = ORIENTED_EDGE('',*,*,#1196,.T.);
#1568 = PLANE('',#1569);
#1569 = AXIS2_PLACEMENT_3D('',#1570,#1571,#1572);
#1570 = CARTESIAN_POINT('',(15.000000000007,8.750000000015,6.07094187066
    ));
#1571 = DIRECTION('',(1.,0.,0.));
#1572 = DIRECTION('',(0.,-1.,0.));
#1573 = ADVANCED_FACE('',(#1574),#1592,.T.);
#1574 = FACE_BOUND('',#1575,.T.);
#1575 = EDGE_LOOP('',(#1576,#1577,#1585,#1591));
#1576 = ORIENTED_EDGE('',*,*,#1213,.F.);
#1577 = ORIENTED_EDGE('',*,*,#1578,.F.);
#1578 = EDGE_CURVE('',#1579,#1205,#1581,.T.);
#1579 = VERTEX_POINT('',#1580);
#1580 = CARTESIAN_POINT('',(15.650000000009,16.130315073147,
    4.17094187066));
#1581 = LINE('',#1582,#1583);
#1582 = CARTESIAN_POINT('',(15.650000000009,8.912500000013,4.17094187066
    ));
#1583 = VECTOR('',#1584,1.);
#1584 = DIRECTION('',(0.,-1.,0.));
#1585 = ORIENTED_EDGE('',*,*,#1586,.F.);
#1586 = EDGE_CURVE('',#892,#1579,#1587,.T.);
#1587 = LINE('',#1588,#1589);
#1588 = CARTESIAN_POINT('',(15.650000000009,15.948930516104,
    6.244176844566));
#1589 = VECTOR('',#1590,1.);
#1590 = DIRECTION('',(0.,8.715574274948E-02,-0.996194698092));
#1591 = ORIENTED_EDGE('',*,*,#902,.T.);
#1592 = PLANE('',#1593);
#1593 = AXIS2_PLACEMENT_3D('',#1594,#1595,#1596);
#1594 = CARTESIAN_POINT('',(15.650000000009,8.750000000015,6.07094187066
    ));
#1595 = DIRECTION('',(1.,0.,0.));
#1596 = DIRECTION('',(0.,-1.,0.));
#1597 = ADVANCED_FACE('',(#1598),#1609,.F.);
#1598 = FACE_BOUND('',#1599,.T.);
#1599 = EDGE_LOOP('',(#1600,#1601,#1602,#1608));
#1600 = ORIENTED_EDGE('',*,*,#1204,.F.);
#1601 = ORIENTED_EDGE('',*,*,#1545,.F.);
#1602 = ORIENTED_EDGE('',*,*,#1603,.F.);
#1603 = EDGE_CURVE('',#1579,#1546,#1604,.T.);
#1604 = LINE('',#1605,#1606);
#1605 = CARTESIAN_POINT('',(39.53750000001,16.130315073147,4.17094187066
    ));
#1606 = VECTOR('',#1607,1.);
#1607 = DIRECTION('',(-1.,-0.,0.));
#1608 = ORIENTED_EDGE('',*,*,#1578,.T.);
#1609 = PLANE('',#1610);
#1610 = AXIS2_PLACEMENT_3D('',#1611,#1612,#1613);
#1611 = CARTESIAN_POINT('',(27.275000000002,9.075000000019,4.17094187066
    ));
#1612 = DIRECTION('',(0.,0.,1.));
#1613 = DIRECTION('',(1.,0.,-0.));
#1614 = ADVANCED_FACE('',(#1615),#1685,.T.);
#1615 = FACE_BOUND('',#1616,.T.);
#1616 = EDGE_LOOP('',(#1617,#1618,#1619,#1620,#1621,#1622,#1631,#1632,
    #1640,#1651,#1660,#1668,#1676,#1682,#1683,#1684));
#1617 = ORIENTED_EDGE('',*,*,#1513,.T.);
#1618 = ORIENTED_EDGE('',*,*,#891,.T.);
#1619 = ORIENTED_EDGE('',*,*,#1586,.T.);
#1620 = ORIENTED_EDGE('',*,*,#1603,.T.);
#1621 = ORIENTED_EDGE('',*,*,#1553,.T.);
#1622 = ORIENTED_EDGE('',*,*,#1623,.T.);
#1623 = EDGE_CURVE('',#1554,#1374,#1624,.T.);
#1624 = B_SPLINE_CURVE_WITH_KNOTS('',3,(#1625,#1626,#1627,#1628,#1629,
    #1630),.UNSPECIFIED.,.F.,.F.,(4,2,4),(0.,5.701309122895,
    11.088259048157),.UNSPECIFIED.);
#1625 = CARTESIAN_POINT('',(15.000000000022,16.003724730173,
    5.617876111803));
#1626 = CARTESIAN_POINT('',(13.099563625725,16.003724730173,
    5.617876111796));
#1627 = CARTESIAN_POINT('',(11.199127251424,16.003724730173,
    5.617876111789));
#1628 = CARTESIAN_POINT('',(7.50304090204,16.003724730173,5.617876111776
    ));
#1629 = CARTESIAN_POINT('',(5.707390926949,16.003724730181,
    5.617876111769));
#1630 = CARTESIAN_POINT('',(3.911740951862,16.003724730181,
    5.617876111763));
#1631 = ORIENTED_EDGE('',*,*,#1391,.T.);
#1632 = ORIENTED_EDGE('',*,*,#1633,.T.);
#1633 = EDGE_CURVE('',#1392,#1634,#1636,.T.);
#1634 = VERTEX_POINT('',#1635);
#1635 = CARTESIAN_POINT('',(53.404777235904,16.495225203064,4.E-15));
#1636 = LINE('',#1637,#1638);
#1637 = CARTESIAN_POINT('',(30.275000000009,16.495225203064,8.9E-16));
#1638 = VECTOR('',#1639,1.);
#1639 = DIRECTION('',(1.,-0.,1.E-16));
#1640 = ORIENTED_EDGE('',*,*,#1641,.F.);
#1641 = EDGE_CURVE('',#1642,#1634,#1644,.T.);
#1642 = VERTEX_POINT('',#1643);
#1643 = CARTESIAN_POINT('',(50.63825904805,16.003724730159,
    5.617876111928));
#1644 = B_SPLINE_CURVE_WITH_KNOTS('',3,(#1645,#1646,#1647,#1648,#1649,
    #1650),.UNSPECIFIED.,.F.,.F.,(4,2,4),(-6.647326541779,
    -3.769376722592,-0.398545949485),.UNSPECIFIED.);
#1645 = CARTESIAN_POINT('',(50.638259048053,16.003724730166,
    5.617876111926));
#1646 = CARTESIAN_POINT('',(51.060811940413,16.07938902513,
    4.753029263027));
#1647 = CARTESIAN_POINT('',(51.487020454559,16.155368799402,
    3.884576469202));
#1648 = CARTESIAN_POINT('',(52.404910625089,16.318471058941,
    2.020309112002));
#1649 = CARTESIAN_POINT('',(52.906294831577,16.407225795985,
    1.005837825516));
#1650 = CARTESIAN_POINT('',(53.404777235894,16.495225203064,6.58318E-12)
  );
#1651 = ORIENTED_EDGE('',*,*,#1652,.T.);
#1652 = EDGE_CURVE('',#1642,#1653,#1655,.T.);
#1653 = VERTEX_POINT('',#1654);
#1654 = CARTESIAN_POINT('',(39.550000000003,16.003724730086,
    5.617876112067));
#1655 = B_SPLINE_CURVE_WITH_KNOTS('',3,(#1656,#1657,#1658,#1659),
  .UNSPECIFIED.,.F.,.F.,(4,4),(0.314359197684,11.402618245855),
  .PIECEWISE_BEZIER_KNOTS.);
#1656 = CARTESIAN_POINT('',(50.638259048046,16.003724730166,
    5.617876111928));
#1657 = CARTESIAN_POINT('',(46.942172698658,16.003724730086,
    5.617876111941));
#1658 = CARTESIAN_POINT('',(43.246086349263,16.003724729999,
    5.617876111954));
#1659 = CARTESIAN_POINT('',(39.549999999876,16.003724729919,
    5.617876111967));
#1660 = ORIENTED_EDGE('',*,*,#1661,.F.);
#1661 = EDGE_CURVE('',#1662,#1653,#1664,.T.);
#1662 = VERTEX_POINT('',#1663);
#1663 = CARTESIAN_POINT('',(39.550000000006,16.13031507314,4.17094187066
    ));
#1664 = LINE('',#1665,#1666);
#1665 = CARTESIAN_POINT('',(39.550000000006,15.948930516097,
    6.244176844566));
#1666 = VECTOR('',#1667,1.);
#1667 = DIRECTION('',(0.,-8.715574274948E-02,0.996194698092));
#1668 = ORIENTED_EDGE('',*,*,#1669,.T.);
#1669 = EDGE_CURVE('',#1662,#1670,#1672,.T.);
#1670 = VERTEX_POINT('',#1671);
#1671 = CARTESIAN_POINT('',(38.900000000005,16.13031507314,4.17094187066
    ));
#1672 = LINE('',#1673,#1674);
#1673 = CARTESIAN_POINT('',(39.53750000001,16.130315073147,4.17094187066
    ));
#1674 = VECTOR('',#1675,1.);
#1675 = DIRECTION('',(-1.,-0.,0.));
#1676 = ORIENTED_EDGE('',*,*,#1677,.F.);
#1677 = EDGE_CURVE('',#158,#1670,#1678,.T.);
#1678 = LINE('',#1679,#1680);
#1679 = CARTESIAN_POINT('',(38.900000000005,15.948930516097,
    6.244176844566));
#1680 = VECTOR('',#1681,1.);
#1681 = DIRECTION('',(0.,8.715574274948E-02,-0.996194698092));
#1682 = ORIENTED_EDGE('',*,*,#166,.T.);
#1683 = ORIENTED_EDGE('',*,*,#1472,.T.);
#1684 = ORIENTED_EDGE('',*,*,#1497,.T.);
#1685 = PLANE('',#1686);
#1686 = AXIS2_PLACEMENT_3D('',#1687,#1688,#1689);
#1687 = CARTESIAN_POINT('',(51.800000000017,15.988573512564,
    5.791055321569));
#1688 = DIRECTION('',(0.,-0.996194698092,-8.715574274948E-02));
#1689 = DIRECTION('',(0.,-8.715574274948E-02,0.996194698092));
#1690 = ADVANCED_FACE('',(#1691),#1797,.T.);
#1691 = FACE_BOUND('',#1692,.T.);
#1692 = EDGE_LOOP('',(#1693,#1710,#1719,#1734,#1750,#1751,#1772,#1790));
#1693 = ORIENTED_EDGE('',*,*,#1694,.F.);
#1694 = EDGE_CURVE('',#1695,#1697,#1699,.T.);
#1695 = VERTEX_POINT('',#1696);
#1696 = CARTESIAN_POINT('',(51.705126101268,8.42500000001,4.17094187066)
  );
#1697 = VERTEX_POINT('',#1698);
#1698 = CARTESIAN_POINT('',(50.492686604128,8.42500000001,7.205639346338
    ));
#1699 = B_SPLINE_CURVE_WITH_KNOTS('',3,(#1700,#1701,#1702,#1703,#1704,
    #1705,#1706,#1707,#1708,#1709),.UNSPECIFIED.,.F.,.F.,(4,3,3,4),(
    -0.377640640734,5.395113401059E-02,2.302717619339,2.885165877924),
  .UNSPECIFIED.);
#1700 = CARTESIAN_POINT('',(51.704957322041,8.425060171599,
    4.170996339616));
#1701 = CARTESIAN_POINT('',(51.650650256332,8.425059363616,
    4.304316924764));
#1702 = CARTESIAN_POINT('',(51.596462595617,8.425058169465,
    4.437657380089));
#1703 = CARTESIAN_POINT('',(51.542404687911,8.425056644354,4.57100175708
    ));
#1704 = CARTESIAN_POINT('',(51.260741277646,8.42504869791,5.265779515905
    ));
#1705 = CARTESIAN_POINT('',(50.981373380774,8.425030917305,
    5.963691413793));
#1706 = CARTESIAN_POINT('',(50.70582788443,8.425020527695,6.662547053321
    ));
#1707 = CARTESIAN_POINT('',(50.634459427298,8.425017836705,
    6.843556176724));
#1708 = CARTESIAN_POINT('',(50.563347361868,8.425015881461,
    7.024628534175));
#1709 = CARTESIAN_POINT('',(50.49251814458,8.425015149174,7.205725723945
    ));
#1710 = ORIENTED_EDGE('',*,*,#1711,.T.);
#1711 = EDGE_CURVE('',#1695,#1712,#1714,.T.);
#1712 = VERTEX_POINT('',#1713);
#1713 = CARTESIAN_POINT('',(51.680157243463,9.075000000012,
    4.170941870658));
#1714 = B_SPLINE_CURVE_WITH_KNOTS('',3,(#1715,#1716,#1717,#1718),
  .UNSPECIFIED.,.F.,.F.,(4,4),(-8.225640208624,-7.579376795477),
  .PIECEWISE_BEZIER_KNOTS.);
#1715 = CARTESIAN_POINT('',(51.704957322043,8.425060171598,
    4.170996339611));
#1716 = CARTESIAN_POINT('',(51.696743452794,8.642070422917,
    4.170998986552));
#1717 = CARTESIAN_POINT('',(51.688416876899,8.85876999348,4.171000543076
    ));
#1718 = CARTESIAN_POINT('',(51.679975646086,9.075063018958,
    4.171001696736));
#1719 = ORIENTED_EDGE('',*,*,#1720,.F.);
#1720 = EDGE_CURVE('',#1721,#1712,#1723,.T.);
#1721 = VERTEX_POINT('',#1722);
#1722 = CARTESIAN_POINT('',(50.479737266854,9.075000000019,
    7.128041213475));
#1723 = B_SPLINE_CURVE_WITH_KNOTS('',3,(#1724,#1725,#1726,#1727,#1728,
    #1729,#1730,#1731,#1732,#1733),.UNSPECIFIED.,.F.,.F.,(4,3,3,4),(
    0.588343457646,2.918959359017,3.343335256345,3.776028123294),
  .UNSPECIFIED.);
#1724 = CARTESIAN_POINT('',(50.47954362499,9.075017100106,7.128139624423
    ));
#1725 = CARTESIAN_POINT('',(50.767228925789,9.075018958763,
    6.405501946744));
#1726 = CARTESIAN_POINT('',(51.059302989471,9.07504164265,5.683064097579
    ));
#1727 = CARTESIAN_POINT('',(51.353892102962,9.075053278293,
    4.963667758876));
#1728 = CARTESIAN_POINT('',(51.407533082287,9.075055396997,
    4.832674716826));
#1729 = CARTESIAN_POINT('',(51.46125742778,9.075057269657,4.70178245313)
  );
#1730 = CARTESIAN_POINT('',(51.515053798223,9.075058956687,4.57100809126
    ));
#1731 = CARTESIAN_POINT('',(51.569904476372,9.075060676779,
    4.437670797796));
#1732 = CARTESIAN_POINT('',(51.62488219259,9.075062052698,4.304329294694
    ));
#1733 = CARTESIAN_POINT('',(51.679975646085,9.075063018968,
    4.171001696735));
#1734 = ORIENTED_EDGE('',*,*,#1735,.T.);
#1735 = EDGE_CURVE('',#1721,#1642,#1736,.T.);
#1736 = B_SPLINE_CURVE_WITH_KNOTS('',3,(#1737,#1738,#1739,#1740,#1741,
    #1742,#1743,#1744,#1745,#1746,#1747,#1748,#1749),.UNSPECIFIED.,.F.,
  .F.,(4,3,3,3,4),(5.054242810016E-02,2.328787660109,3.70162809752,
    6.551371359503,7.157148185444),.UNSPECIFIED.);
#1737 = CARTESIAN_POINT('',(50.479737266855,9.075000000015,
    7.128041213476));
#1738 = CARTESIAN_POINT('',(50.46688583246,9.828202744656,7.031939953633
    ));
#1739 = CARTESIAN_POINT('',(50.461642085483,10.578842742255,
    6.914470200713));
#1740 = CARTESIAN_POINT('',(50.465791541966,11.325417229702,
    6.776083711028));
#1741 = CARTESIAN_POINT('',(50.468291949549,11.775293139244,
    6.692693843088));
#1742 = CARTESIAN_POINT('',(50.474203130908,12.223692798255,
    6.601707855323));
#1743 = CARTESIAN_POINT('',(50.483915767264,12.670286019066,
    6.503215577756));
#1744 = CARTESIAN_POINT('',(50.504077264354,13.597324527589,
    6.298765241652));
#1745 = CARTESIAN_POINT('',(50.540648687076,14.516878446289,
    6.061905861839));
#1746 = CARTESIAN_POINT('',(50.59846340934,15.425666493225,
    5.793394521925));
#1747 = CARTESIAN_POINT('',(50.610753224852,15.61884976902,
    5.736316416191));
#1748 = CARTESIAN_POINT('',(50.624002962071,15.811546431448,
    5.677807923777));
#1749 = CARTESIAN_POINT('',(50.638259048053,16.003724730162,
    5.617876111928));
#1750 = ORIENTED_EDGE('',*,*,#1641,.T.);
#1751 = ORIENTED_EDGE('',*,*,#1752,.T.);
#1752 = EDGE_CURVE('',#1634,#1753,#1755,.T.);
#1753 = VERTEX_POINT('',#1754);
#1754 = CARTESIAN_POINT('',(53.464067691981,1.121540904911,4.E-15));
#1755 = B_SPLINE_CURVE_WITH_KNOTS('',3,(#1756,#1757,#1758,#1759,#1760,
    #1761,#1762,#1763,#1764,#1765,#1766,#1767,#1768,#1769,#1770,#1771),
  .UNSPECIFIED.,.F.,.F.,(4,3,3,3,3,4),(0.243037704302,3.539112854826,
    7.045298212764,7.813628140809,11.720021249933,15.519594600312),
  .UNSPECIFIED.);
#1756 = CARTESIAN_POINT('',(53.404776440915,16.495226996719,
    -3.2553469331E-07));
#1757 = CARTESIAN_POINT('',(53.411037025721,15.394638481174,
    9.9624715404E-07));
#1758 = CARTESIAN_POINT('',(53.416725952616,14.28150409644,
    1.850706261291E-05));
#1759 = CARTESIAN_POINT('',(53.421938089392,13.167713310298,
    2.782991845093E-05));
#1760 = CARTESIAN_POINT('',(53.427482476827,11.982923289489,
    3.774706509981E-05));
#1761 = CARTESIAN_POINT('',(53.432486743168,10.797394305241,
    4.080644149892E-05));
#1762 = CARTESIAN_POINT('',(53.437034868382,9.625424914952,
    4.119528982879E-05));
#1763 = CARTESIAN_POINT('',(53.438031524395,9.368604734219,
    4.128050032933E-05));
#1764 = CARTESIAN_POINT('',(53.439006189714,9.112435519524,
    4.127628242585E-05));
#1765 = CARTESIAN_POINT('',(53.439959620755,8.857067386644,
    4.124349570019E-05));
#1766 = CARTESIAN_POINT('',(53.444807116953,7.558708093491,
    4.107679929443E-05));
#1767 = CARTESIAN_POINT('',(53.449236043858,6.246635764444,
    3.760419023362E-05));
#1768 = CARTESIAN_POINT('',(53.453289316823,4.934947224366,
    2.657354875718E-05));
#1769 = CARTESIAN_POINT('',(53.45723175362,3.659126619103,
    1.58445385883E-05));
#1770 = CARTESIAN_POINT('',(53.460817658094,2.383671638572,
    3.7441772892E-07));
#1771 = CARTESIAN_POINT('',(53.464067691991,1.121540904919,2.1288E-12));
#1772 = ORIENTED_EDGE('',*,*,#1773,.T.);
#1773 = EDGE_CURVE('',#1753,#1774,#1776,.T.);
#1774 = VERTEX_POINT('',#1775);
#1775 = CARTESIAN_POINT('',(50.641545421582,4.485799827598,
    7.450061775042));
#1776 = B_SPLINE_CURVE_WITH_KNOTS('',3,(#1777,#1778,#1779,#1780,#1781,
    #1782,#1783,#1784,#1785,#1786,#1787,#1788,#1789),.UNSPECIFIED.,.F.,
  .F.,(4,3,3,3,4),(-10.01938498634,-6.389748143227,-5.088400849806,
    -2.137924550784,-1.405345252753),.UNSPECIFIED.);
#1777 = CARTESIAN_POINT('',(53.464067691992,1.121540904911,1.6875E-13));
#1778 = CARTESIAN_POINT('',(53.070999133951,1.592118346451,
    1.042081210154));
#1779 = CARTESIAN_POINT('',(52.674221665353,2.066448300307,
    2.092414543937));
#1780 = CARTESIAN_POINT('',(52.278336049596,2.538797873488,
    3.138395251322));
#1781 = CARTESIAN_POINT('',(52.136397696852,2.708151135309,
    3.513414632423));
#1782 = CARTESIAN_POINT('',(51.994574024883,2.877249608199,
    3.887873975164));
#1783 = CARTESIAN_POINT('',(51.853077137552,3.045829435794,4.26119081236
    ));
#1784 = CARTESIAN_POINT('',(51.532268684217,3.428041615684,5.10759244991
    ));
#1785 = CARTESIAN_POINT('',(51.207921978127,3.813804283398,
    5.961892149457));
#1786 = CARTESIAN_POINT('',(50.883323812389,4.199024730728,6.81498091834
    ));
#1787 = CARTESIAN_POINT('',(50.80272872458,4.294671838616,7.026795929927
    ));
#1788 = CARTESIAN_POINT('',(50.722118139502,4.39028539534,7.238536053171
    ));
#1789 = CARTESIAN_POINT('',(50.641542371197,4.485802656496,
    7.450061429082));
#1790 = ORIENTED_EDGE('',*,*,#1791,.T.);
#1791 = EDGE_CURVE('',#1774,#1697,#1792,.T.);
#1792 = B_SPLINE_CURVE_WITH_KNOTS('',3,(#1793,#1794,#1795,#1796),
  .UNSPECIFIED.,.F.,.F.,(4,4),(-4.024814592469,-7.407258431697E-02),
  .PIECEWISE_BEZIER_KNOTS.);
#1793 = CARTESIAN_POINT('',(50.641545421586,4.485799827598,
    7.450061775041));
#1794 = CARTESIAN_POINT('',(50.573862288944,5.801280671265,
    7.432690781863));
#1795 = CARTESIAN_POINT('',(50.522431564856,7.11648328921,7.351132213716
    ));
#1796 = CARTESIAN_POINT('',(50.492686604124,8.425000000025,
    7.205639346335));
#1797 = B_SPLINE_SURFACE_WITH_KNOTS('',3,3,(
    (#1798,#1799,#1800,#1801)
    ,(#1802,#1803,#1804,#1805)
    ,(#1806,#1807,#1808,#1809)
    ,(#1810,#1811,#1812,#1813
    )),.UNSPECIFIED.,.F.,.F.,.F.,(4,4),(4,4),(6.597123961949E-02,
    0.931825699096),(-6.48958209447E-02,0.944692651749),
  .PIECEWISE_BEZIER_KNOTS.);
#1798 = CARTESIAN_POINT('',(50.42790270126,4.467890636311,8.057463970119
    ));
#1799 = CARTESIAN_POINT('',(51.439689474366,3.357695142651,
    5.369307322767));
#1800 = CARTESIAN_POINT('',(52.45192731946,2.241294295636,2.683959293169
    ));
#1801 = CARTESIAN_POINT('',(53.464067691992,1.121540904911,1.7053E-13));
#1802 = CARTESIAN_POINT('',(50.441012977248,8.373902193489,
    7.345062003178));
#1803 = CARTESIAN_POINT('',(51.452101908097,7.672083206955,
    4.872505028497));
#1804 = CARTESIAN_POINT('',(52.464017356051,6.962848257674,
    2.402520714185));
#1805 = CARTESIAN_POINT('',(53.475754015701,6.249827528074,
    -6.619441913917E-02));
#1806 = CARTESIAN_POINT('',(50.458278413738,12.278467464443,
    6.624291873961));
#1807 = CARTESIAN_POINT('',(51.468418669221,11.985789709819,
    4.368293860409));
#1808 = CARTESIAN_POINT('',(52.479653004903,11.684109785943,
    2.114526785266));
#1809 = CARTESIAN_POINT('',(53.490749532903,11.378073692889,
    -0.138297229532));
#1810 = CARTESIAN_POINT('',(50.490225551235,16.180001262197,
    5.885981745127));
#1811 = CARTESIAN_POINT('',(51.496405849401,16.29829642149,
    3.849838540183));
#1812 = CARTESIAN_POINT('',(52.505095618591,16.404851250678,
    1.81449021772));
#1813 = CARTESIAN_POINT('',(53.514262805456,16.506248513935,
    -0.220818829068));
#1814 = ADVANCED_FACE('',(#1815),#1867,.T.);
#1815 = FACE_BOUND('',#1816,.T.);
#1816 = EDGE_LOOP('',(#1817,#1818,#1819,#1827,#1835,#1843,#1852,#1853,
    #1859,#1860,#1861,#1862,#1863,#1864,#1865,#1866));
#1817 = ORIENTED_EDGE('',*,*,#581,.T.);
#1818 = ORIENTED_EDGE('',*,*,#246,.T.);
#1819 = ORIENTED_EDGE('',*,*,#1820,.F.);
#1820 = EDGE_CURVE('',#1821,#247,#1823,.T.);
#1821 = VERTEX_POINT('',#1822);
#1822 = CARTESIAN_POINT('',(38.900000000005,3.005032455454,4.17094187066
    ));
#1823 = LINE('',#1824,#1825);
#1824 = CARTESIAN_POINT('',(38.900000000005,4.618881649047,
    7.744767923939));
#1825 = VECTOR('',#1826,1.);
#1826 = DIRECTION('',(0.,0.411557753061,0.911383682044));
#1827 = ORIENTED_EDGE('',*,*,#1828,.T.);
#1828 = EDGE_CURVE('',#1821,#1829,#1831,.T.);
#1829 = VERTEX_POINT('',#1830);
#1830 = CARTESIAN_POINT('',(39.550000000006,3.005032455454,4.17094187066
    ));
#1831 = LINE('',#1832,#1833);
#1832 = CARTESIAN_POINT('',(33.53750000001,3.005032455461,4.17094187066)
  );
#1833 = VECTOR('',#1834,1.);
#1834 = DIRECTION('',(1.,-3.E-17,0.));
#1835 = ORIENTED_EDGE('',*,*,#1836,.F.);
#1836 = EDGE_CURVE('',#1837,#1829,#1839,.T.);
#1837 = VERTEX_POINT('',#1838);
#1838 = CARTESIAN_POINT('',(39.550000000006,4.485799827606,
    7.450061775077));
#1839 = LINE('',#1840,#1841);
#1840 = CARTESIAN_POINT('',(39.550000000006,4.618881649047,
    7.744767923939));
#1841 = VECTOR('',#1842,1.);
#1842 = DIRECTION('',(0.,-0.411557753061,-0.911383682044));
#1843 = ORIENTED_EDGE('',*,*,#1844,.T.);
#1844 = EDGE_CURVE('',#1837,#1774,#1845,.T.);
#1845 = B_SPLINE_CURVE_WITH_KNOTS('',3,(#1846,#1847,#1848,#1849,#1850,
    #1851),.UNSPECIFIED.,.F.,.F.,(4,2,4),(0.109401472582,5.714590297252,
    11.200946894181),.UNSPECIFIED.);
#1846 = CARTESIAN_POINT('',(39.550000000006,4.485799827613,
    7.450061775077));
#1847 = CARTESIAN_POINT('',(41.418396274898,4.485799827613,
    7.450061775071));
#1848 = CARTESIAN_POINT('',(43.286792549785,4.485799827598,
    7.450061775065));
#1849 = CARTESIAN_POINT('',(46.983974356983,4.485799827598,
    7.450061775053));
#1850 = CARTESIAN_POINT('',(48.812759889297,4.485799827591,
    7.450061775047));
#1851 = CARTESIAN_POINT('',(50.641545421611,4.485799827591,
    7.450061775041));
#1852 = ORIENTED_EDGE('',*,*,#1773,.F.);
#1853 = ORIENTED_EDGE('',*,*,#1854,.T.);
#1854 = EDGE_CURVE('',#1753,#1403,#1855,.T.);
#1855 = LINE('',#1856,#1857);
#1856 = CARTESIAN_POINT('',(24.275000000009,1.121540904911,0.));
#1857 = VECTOR('',#1858,1.);
#1858 = DIRECTION('',(-1.,-2.E-17,-1.E-16));
#1859 = ORIENTED_EDGE('',*,*,#1423,.F.);
#1860 = ORIENTED_EDGE('',*,*,#1102,.T.);
#1861 = ORIENTED_EDGE('',*,*,#994,.T.);
#1862 = ORIENTED_EDGE('',*,*,#1027,.T.);
#1863 = ORIENTED_EDGE('',*,*,#954,.T.);
#1864 = ORIENTED_EDGE('',*,*,#765,.T.);
#1865 = ORIENTED_EDGE('',*,*,#478,.T.);
#1866 = ORIENTED_EDGE('',*,*,#552,.T.);
#1867 = PLANE('',#1868);
#1868 = AXIS2_PLACEMENT_3D('',#1869,#1870,#1871);
#1869 = CARTESIAN_POINT('',(39.800000000017,4.546984141576,
    7.585552808675));
#1870 = DIRECTION('',(2.E-17,0.911383682044,-0.411557753061));
#1871 = DIRECTION('',(1.54074395551E-33,-0.411557753061,-0.911383682044)
  );
#1872 = ADVANCED_FACE('',(#1873),#1894,.F.);
#1873 = FACE_BOUND('',#1874,.F.);
#1874 = EDGE_LOOP('',(#1875,#1876,#1883,#1884,#1885));
#1875 = ORIENTED_EDGE('',*,*,#393,.T.);
#1876 = ORIENTED_EDGE('',*,*,#1877,.T.);
#1877 = EDGE_CURVE('',#394,#1837,#1878,.T.);
#1878 = B_SPLINE_CURVE_WITH_KNOTS('',3,(#1879,#1880,#1881,#1882),
  .UNSPECIFIED.,.F.,.F.,(4,4),(2.437742356978,4.022639142283),
  .PIECEWISE_BEZIER_KNOTS.);
#1879 = CARTESIAN_POINT('',(39.550000000006,6.069634254796,
    7.398102593585));
#1880 = CARTESIAN_POINT('',(39.550000000017,5.541430403522,
    7.425785588722));
#1881 = CARTESIAN_POINT('',(39.550000000032,5.013281985775,
    7.443096345653));
#1882 = CARTESIAN_POINT('',(39.550000000043,4.48579982762,7.450061775077
    ));
#1883 = ORIENTED_EDGE('',*,*,#1844,.T.);
#1884 = ORIENTED_EDGE('',*,*,#1791,.T.);
#1885 = ORIENTED_EDGE('',*,*,#1886,.T.);
#1886 = EDGE_CURVE('',#1697,#386,#1887,.T.);
#1887 = B_SPLINE_CURVE_WITH_KNOTS('',3,(#1888,#1889,#1890,#1891,#1892,
    #1893),.UNSPECIFIED.,.F.,.F.,(4,2,4),(0.377092517716,5.714590297252,
    8.964410677023),.UNSPECIFIED.);
#1888 = CARTESIAN_POINT('',(50.492686604131,8.42500000001,7.205639346337
    ));
#1889 = CARTESIAN_POINT('',(48.713520677618,8.42500000001,7.205639346339
    ));
#1890 = CARTESIAN_POINT('',(46.934354751105,8.42500000001,7.205639346341
    ));
#1891 = CARTESIAN_POINT('',(44.071915364671,8.42500000001,7.205639346344
    ));
#1892 = CARTESIAN_POINT('',(42.988641904747,8.42500000001,7.205639346345
    ));
#1893 = CARTESIAN_POINT('',(41.905368444823,8.42500000001,7.205639346346
    ));
#1894 = B_SPLINE_SURFACE_WITH_KNOTS('',3,3,(
    (#1895,#1896,#1897,#1898)
    ,(#1899,#1900,#1901,#1902)
    ,(#1903,#1904,#1905,#1906)
    ,(#1907,#1908,#1909,#1910
    )),.UNSPECIFIED.,.F.,.F.,.F.,(4,4),(4,4),(1.615520566579,
    1.885169158676),(-0.230387484886,-0.133236973623),
  .PIECEWISE_BEZIER_KNOTS.);
#1895 = CARTESIAN_POINT('',(50.641545421528,8.425000000214,
    7.205639346315));
#1896 = CARTESIAN_POINT('',(50.641545421557,7.114078224637,
    7.351399630819));
#1897 = CARTESIAN_POINT('',(50.641545421578,5.79787783981,7.43273571643)
  );
#1898 = CARTESIAN_POINT('',(50.641545421608,4.485799827577,
    7.450061775041));
#1899 = CARTESIAN_POINT('',(46.944363614326,8.425000000134,
    7.205639346328));
#1900 = CARTESIAN_POINT('',(46.944363614355,7.114078224557,
    7.351399630833));
#1901 = CARTESIAN_POINT('',(46.944363614377,5.79787783973,7.432735716443
    ));
#1902 = CARTESIAN_POINT('',(46.944363614406,4.485799827497,
    7.450061775054));
#1903 = CARTESIAN_POINT('',(43.247181807124,8.425000000047,
    7.205639346341));
#1904 = CARTESIAN_POINT('',(43.247181807154,7.114078224469,
    7.351399630846));
#1905 = CARTESIAN_POINT('',(43.247181807179,5.79787783965,7.432735716457
    ));
#1906 = CARTESIAN_POINT('',(43.247181807208,4.485799827416,
    7.450061775067));
#1907 = CARTESIAN_POINT('',(39.549999999923,8.424999999967,
    7.205639346354));
#1908 = CARTESIAN_POINT('',(39.549999999952,7.114078224389,
    7.351399630859));
#1909 = CARTESIAN_POINT('',(39.549999999977,5.79787783957,7.43273571647)
  );
#1910 = CARTESIAN_POINT('',(39.550000000006,4.485799827336,7.45006177508
    ));
#1911 = ADVANCED_FACE('',(#1912),#1920,.F.);
#1912 = FACE_BOUND('',#1913,.F.);
#1913 = EDGE_LOOP('',(#1914,#1915,#1916,#1917,#1918,#1919));
#1914 = ORIENTED_EDGE('',*,*,#1230,.T.);
#1915 = ORIENTED_EDGE('',*,*,#1181,.T.);
#1916 = ORIENTED_EDGE('',*,*,#1561,.T.);
#1917 = ORIENTED_EDGE('',*,*,#1623,.T.);
#1918 = ORIENTED_EDGE('',*,*,#1373,.T.);
#1919 = ORIENTED_EDGE('',*,*,#1335,.T.);
#1920 = B_SPLINE_SURFACE_WITH_KNOTS('',3,3,(
    (#1921,#1922,#1923,#1924)
    ,(#1925,#1926,#1927,#1928)
    ,(#1929,#1930,#1931,#1932)
    ,(#1933,#1934,#1935,#1936
    )),.UNSPECIFIED.,.F.,.F.,.F.,(4,4),(4,4),(2.482008704861,
    2.751577401332),(-0.420848107892,-0.246456117107),
  .PIECEWISE_BEZIER_KNOTS.);
#1921 = CARTESIAN_POINT('',(15.000000000025,16.003724730428,
    5.617876111723));
#1922 = CARTESIAN_POINT('',(15.000000000076,13.751727511102,
    6.320173273009));
#1923 = CARTESIAN_POINT('',(15.000000000124,11.424591906049,
    6.828256402666));
#1924 = CARTESIAN_POINT('',(15.000000000178,9.075000000077,
    7.128041213493));
#1925 = CARTESIAN_POINT('',(11.303913650638,16.003724730348,
    5.617876111736));
#1926 = CARTESIAN_POINT('',(11.303913650689,13.751727511022,
    6.320173273022));
#1927 = CARTESIAN_POINT('',(11.303913650736,11.424591905969,
    6.828256402679));
#1928 = CARTESIAN_POINT('',(11.303913650791,9.074999999997,
    7.128041213507));
#1929 = CARTESIAN_POINT('',(7.60782730125,16.003724730268,5.61787611175)
  );
#1930 = CARTESIAN_POINT('',(7.607827301301,13.751727510935,
    6.320173273036));
#1931 = CARTESIAN_POINT('',(7.607827301352,11.424591905874,
    6.828256402692));
#1932 = CARTESIAN_POINT('',(7.607827301406,9.074999999903,7.12804121352)
  );
#1933 = CARTESIAN_POINT('',(3.911740951862,16.003724730188,
    5.617876111763));
#1934 = CARTESIAN_POINT('',(3.911740951913,13.751727510862,
    6.320173273049));
#1935 = CARTESIAN_POINT('',(3.911740951964,11.424591905794,
    6.828256402705));
#1936 = CARTESIAN_POINT('',(3.911740952019,9.074999999822,7.128041213533
    ));
#1937 = ADVANCED_FACE('',(#1938),#1968,.F.);
#1938 = FACE_BOUND('',#1939,.F.);
#1939 = EDGE_LOOP('',(#1940,#1941,#1952,#1959,#1960,#1961));
#1940 = ORIENTED_EDGE('',*,*,#347,.T.);
#1941 = ORIENTED_EDGE('',*,*,#1942,.T.);
#1942 = EDGE_CURVE('',#348,#1943,#1945,.T.);
#1943 = VERTEX_POINT('',#1944);
#1944 = CARTESIAN_POINT('',(46.650000000009,9.075000000019,
    7.128041213479));
#1945 = B_SPLINE_CURVE_WITH_KNOTS('',3,(#1946,#1947,#1948,#1949,#1950,
    #1951),.UNSPECIFIED.,.F.,.F.,(4,2,4),(2.355368444827,5.701309122924,
    7.100000000006),.UNSPECIFIED.);
#1946 = CARTESIAN_POINT('',(41.905368444855,9.075000000019,
    7.128041213482));
#1947 = CARTESIAN_POINT('',(43.020682004222,9.075000000019,
    7.128041213481));
#1948 = CARTESIAN_POINT('',(44.135995563589,9.075000000019,7.12804121348
    ));
#1949 = CARTESIAN_POINT('',(45.717539415316,9.075000000019,
    7.128041213479));
#1950 = CARTESIAN_POINT('',(46.183769707677,9.075000000019,
    7.128041213479));
#1951 = CARTESIAN_POINT('',(46.650000000038,9.075000000019,
    7.128041213479));
#1952 = ORIENTED_EDGE('',*,*,#1953,.T.);
#1953 = EDGE_CURVE('',#1943,#1721,#1954,.T.);
#1954 = B_SPLINE_CURVE_WITH_KNOTS('',3,(#1955,#1956,#1957,#1958),
  .UNSPECIFIED.,.F.,.F.,(4,4),(7.099999999975,10.929737266801),
  .PIECEWISE_BEZIER_KNOTS.);
#1955 = CARTESIAN_POINT('',(46.650000000005,9.075000000012,
    7.128041213478));
#1956 = CARTESIAN_POINT('',(47.926579088944,9.075000000012,
    7.128041213478));
#1957 = CARTESIAN_POINT('',(49.20315817789,9.075000000012,7.128041213477
    ));
#1958 = CARTESIAN_POINT('',(50.479737266836,9.075000000012,
    7.128041213477));
#1959 = ORIENTED_EDGE('',*,*,#1735,.T.);
#1960 = ORIENTED_EDGE('',*,*,#1652,.T.);
#1961 = ORIENTED_EDGE('',*,*,#1962,.T.);
#1962 = EDGE_CURVE('',#1653,#340,#1963,.T.);
#1963 = B_SPLINE_CURVE_WITH_KNOTS('',3,(#1964,#1965,#1966,#1967),
  .UNSPECIFIED.,.F.,.F.,(4,4),(-0.420848107871,-0.30496496021),
  .PIECEWISE_BEZIER_KNOTS.);
#1964 = CARTESIAN_POINT('',(39.549999999876,16.003724730173,
    5.617876111887));
#1965 = CARTESIAN_POINT('',(39.549999999912,14.50727684213,
    6.084551245713));
#1966 = CARTESIAN_POINT('',(39.549999999945,12.977651018795,
    6.465469671916));
#1967 = CARTESIAN_POINT('',(39.549999999977,11.430304936024,
    6.75649885954));
#1968 = B_SPLINE_SURFACE_WITH_KNOTS('',3,3,(
    (#1969,#1970,#1971,#1972)
    ,(#1973,#1974,#1975,#1976)
    ,(#1977,#1978,#1979,#1980)
    ,(#1981,#1982,#1983,#1984
    )),.UNSPECIFIED.,.F.,.F.,.F.,(4,4),(4,4),(1.615600462202,
    1.885169158673),(-0.420848107871,-0.246456117086),
  .PIECEWISE_BEZIER_KNOTS.);
#1969 = CARTESIAN_POINT('',(50.638259048053,16.003724730421,
    5.617876111847));
#1970 = CARTESIAN_POINT('',(50.638259048104,13.751727511066,
    6.320173273089));
#1971 = CARTESIAN_POINT('',(50.638259048155,11.42459190599,
    6.828256402698));
#1972 = CARTESIAN_POINT('',(50.63825904821,9.075000000012,7.128041213476
    ));
#1973 = CARTESIAN_POINT('',(46.942172698662,16.003724730341,
    5.61787611186));
#1974 = CARTESIAN_POINT('',(46.942172698713,13.751727510986,
    6.320173273102));
#1975 = CARTESIAN_POINT('',(46.942172698764,11.42459190591,
    6.828256402711));
#1976 = CARTESIAN_POINT('',(46.942172698819,9.074999999932,
    7.128041213489));
#1977 = CARTESIAN_POINT('',(43.246086349267,16.003724730253,
    5.617876111873));
#1978 = CARTESIAN_POINT('',(43.246086349318,13.751727510898,
    6.320173273115));
#1979 = CARTESIAN_POINT('',(43.246086349369,11.424591905823,
    6.828256402724));
#1980 = CARTESIAN_POINT('',(43.246086349423,9.074999999844,
    7.128041213502));
#1981 = CARTESIAN_POINT('',(39.549999999876,16.003724730173,
    5.617876111887));
#1982 = CARTESIAN_POINT('',(39.549999999926,13.751727510818,
    6.320173273128));
#1983 = CARTESIAN_POINT('',(39.549999999977,11.424591905743,
    6.828256402737));
#1984 = CARTESIAN_POINT('',(39.550000000032,9.074999999764,
    7.128041213515));
#1985 = ADVANCED_FACE('',(#1986),#2021,.T.);
#1986 = FACE_BOUND('',#1987,.T.);
#1987 = EDGE_LOOP('',(#1988,#1999,#2007,#2015));
#1988 = ORIENTED_EDGE('',*,*,#1989,.T.);
#1989 = EDGE_CURVE('',#1990,#1992,#1994,.T.);
#1990 = VERTEX_POINT('',#1991);
#1991 = CARTESIAN_POINT('',(14.825000000012,8.250000000015,
    7.224712354858));
#1992 = VERTEX_POINT('',#1993);
#1993 = CARTESIAN_POINT('',(14.825000000012,6.750000000007,
    7.356732339778));
#1994 = B_SPLINE_CURVE_WITH_KNOTS('',3,(#1995,#1996,#1997,#1998),
  .UNSPECIFIED.,.F.,.F.,(4,4),(2.625561995061,4.13154196751),
  .PIECEWISE_BEZIER_KNOTS.);
#1995 = CARTESIAN_POINT('',(14.825000000012,8.250000000022,
    7.224712354857));
#1996 = CARTESIAN_POINT('',(14.825000000012,7.750876567072,
    7.278013310741));
#1997 = CARTESIAN_POINT('',(14.825000000015,7.250790127728,
    7.322028136973));
#1998 = CARTESIAN_POINT('',(14.825000000015,6.750000000022,
    7.356732339777));
#1999 = ORIENTED_EDGE('',*,*,#2000,.F.);
#2000 = EDGE_CURVE('',#2001,#1992,#2003,.T.);
#2001 = VERTEX_POINT('',#2002);
#2002 = CARTESIAN_POINT('',(14.825000000012,6.750000000015,0.2));
#2003 = LINE('',#2004,#2005);
#2004 = CARTESIAN_POINT('',(14.825000000012,6.750000000015,-2.66E-15));
#2005 = VECTOR('',#2006,1.);
#2006 = DIRECTION('',(0.,0.,1.));
#2007 = ORIENTED_EDGE('',*,*,#2008,.F.);
#2008 = EDGE_CURVE('',#2009,#2001,#2011,.T.);
#2009 = VERTEX_POINT('',#2010);
#2010 = CARTESIAN_POINT('',(14.825000000012,8.250000000015,0.2));
#2011 = LINE('',#2012,#2013);
#2012 = CARTESIAN_POINT('',(14.825000000012,4.503986245516,0.2));
#2013 = VECTOR('',#2014,1.);
#2014 = DIRECTION('',(0.,-1.,3.1E-16));
#2015 = ORIENTED_EDGE('',*,*,#2016,.T.);
#2016 = EDGE_CURVE('',#2009,#1990,#2017,.T.);
#2017 = LINE('',#2018,#2019);
#2018 = CARTESIAN_POINT('',(14.825000000012,8.250000000015,-2.66E-15));
#2019 = VECTOR('',#2020,1.);
#2020 = DIRECTION('',(0.,0.,1.));
#2021 = PLANE('',#2022);
#2022 = AXIS2_PLACEMENT_3D('',#2023,#2024,#2025);
#2023 = CARTESIAN_POINT('',(14.825000000012,9.250000000015,-3.55E-15));
#2024 = DIRECTION('',(1.,0.,0.));
#2025 = DIRECTION('',(0.,1.,-3.1E-16));
#2026 = ADVANCED_FACE('',(#2027),#2055,.T.);
#2027 = FACE_BOUND('',#2028,.T.);
#2028 = EDGE_LOOP('',(#2029,#2040,#2048,#2054));
#2029 = ORIENTED_EDGE('',*,*,#2030,.T.);
#2030 = EDGE_CURVE('',#1992,#2031,#2033,.T.);
#2031 = VERTEX_POINT('',#2032);
#2032 = CARTESIAN_POINT('',(15.825000000012,6.750000000015,
    7.356732339775));
#2033 = B_SPLINE_CURVE_WITH_KNOTS('',3,(#2034,#2035,#2036,#2037,#2038,
    #2039),.UNSPECIFIED.,.F.,.F.,(4,2,4),(1.499999999993,2.000000000084,
    2.49999999998),.UNSPECIFIED.);
#2034 = CARTESIAN_POINT('',(14.825000000026,6.750000000022,
    7.356732339777));
#2035 = CARTESIAN_POINT('',(14.991666666723,6.750000000022,
    7.356732339777));
#2036 = CARTESIAN_POINT('',(15.15833333342,6.750000000022,7.356732339777
    ));
#2037 = CARTESIAN_POINT('',(15.491666666749,6.750000000022,
    7.356732339776));
#2038 = CARTESIAN_POINT('',(15.658333333384,6.750000000022,
    7.356732339776));
#2039 = CARTESIAN_POINT('',(15.825000000015,6.750000000022,
    7.356732339775));
#2040 = ORIENTED_EDGE('',*,*,#2041,.F.);
#2041 = EDGE_CURVE('',#2042,#2031,#2044,.T.);
#2042 = VERTEX_POINT('',#2043);
#2043 = CARTESIAN_POINT('',(15.825000000012,6.750000000015,0.2));
#2044 = LINE('',#2045,#2046);
#2045 = CARTESIAN_POINT('',(15.825000000012,6.750000000015,-2.66E-15));
#2046 = VECTOR('',#2047,1.);
#2047 = DIRECTION('',(0.,0.,1.));
#2048 = ORIENTED_EDGE('',*,*,#2049,.F.);
#2049 = EDGE_CURVE('',#2001,#2042,#2050,.T.);
#2050 = LINE('',#2051,#2052);
#2051 = CARTESIAN_POINT('',(11.075000000012,6.750000000015,0.2));
#2052 = VECTOR('',#2053,1.);
#2053 = DIRECTION('',(1.,0.,0.));
#2054 = ORIENTED_EDGE('',*,*,#2000,.T.);
#2055 = PLANE('',#2056);
#2056 = AXIS2_PLACEMENT_3D('',#2057,#2058,#2059);
#2057 = CARTESIAN_POINT('',(15.825000000012,6.750000000015,-1.78E-15));
#2058 = DIRECTION('',(0.,1.,0.));
#2059 = DIRECTION('',(-1.,0.,0.));
#2060 = ADVANCED_FACE('',(#2061),#2087,.T.);
#2061 = FACE_BOUND('',#2062,.T.);
#2062 = EDGE_LOOP('',(#2063,#2072,#2080,#2086));
#2063 = ORIENTED_EDGE('',*,*,#2064,.T.);
#2064 = EDGE_CURVE('',#2031,#2065,#2067,.T.);
#2065 = VERTEX_POINT('',#2066);
#2066 = CARTESIAN_POINT('',(15.825000000012,8.250000000015,
    7.224712354857));
#2067 = B_SPLINE_CURVE_WITH_KNOTS('',3,(#2068,#2069,#2070,#2071),
  .UNSPECIFIED.,.F.,.F.,(4,4),(2.744776829648E-02,1.533427740745),
  .PIECEWISE_BEZIER_KNOTS.);
#2068 = CARTESIAN_POINT('',(15.825000000012,6.750000000015,
    7.356732339775));
#2069 = CARTESIAN_POINT('',(15.825000000012,7.25079012772,7.322028136971
    ));
#2070 = CARTESIAN_POINT('',(15.825000000012,7.750876567072,
    7.278013310739));
#2071 = CARTESIAN_POINT('',(15.825000000012,8.250000000022,
    7.224712354856));
#2072 = ORIENTED_EDGE('',*,*,#2073,.F.);
#2073 = EDGE_CURVE('',#2074,#2065,#2076,.T.);
#2074 = VERTEX_POINT('',#2075);
#2075 = CARTESIAN_POINT('',(15.825000000012,8.250000000015,0.2));
#2076 = LINE('',#2077,#2078);
#2077 = CARTESIAN_POINT('',(15.825000000012,8.250000000015,-2.66E-15));
#2078 = VECTOR('',#2079,1.);
#2079 = DIRECTION('',(0.,0.,1.));
#2080 = ORIENTED_EDGE('',*,*,#2081,.F.);
#2081 = EDGE_CURVE('',#2042,#2074,#2082,.T.);
#2082 = LINE('',#2083,#2084);
#2083 = CARTESIAN_POINT('',(15.825000000012,4.003986245516,0.2));
#2084 = VECTOR('',#2085,1.);
#2085 = DIRECTION('',(0.,1.,-3.1E-16));
#2086 = ORIENTED_EDGE('',*,*,#2041,.T.);
#2087 = PLANE('',#2088);
#2088 = AXIS2_PLACEMENT_3D('',#2089,#2090,#2091);
#2089 = CARTESIAN_POINT('',(15.825000000012,8.250000000015,-2.66E-15));
#2090 = DIRECTION('',(-1.,0.,0.));
#2091 = DIRECTION('',(0.,-1.,3.1E-16));
#2092 = ADVANCED_FACE('',(#2093),#2119,.T.);
#2093 = FACE_BOUND('',#2094,.T.);
#2094 = EDGE_LOOP('',(#2095,#2104,#2105,#2113));
#2095 = ORIENTED_EDGE('',*,*,#2096,.T.);
#2096 = EDGE_CURVE('',#2097,#1990,#2099,.T.);
#2097 = VERTEX_POINT('',#2098);
#2098 = CARTESIAN_POINT('',(13.325000000012,8.250000000015,
    7.224712354859));
#2099 = B_SPLINE_CURVE_WITH_KNOTS('',3,(#2100,#2101,#2102,#2103),
  .UNSPECIFIED.,.F.,.F.,(4,4),(0.,1.500000000011),
  .PIECEWISE_BEZIER_KNOTS.);
#2100 = CARTESIAN_POINT('',(13.325000000001,8.250000000022,
    7.224712354859));
#2101 = CARTESIAN_POINT('',(13.825000000004,8.250000000022,
    7.224712354858));
#2102 = CARTESIAN_POINT('',(14.325000000008,8.250000000022,
    7.224712354858));
#2103 = CARTESIAN_POINT('',(14.825000000012,8.250000000022,
    7.224712354857));
#2104 = ORIENTED_EDGE('',*,*,#2016,.F.);
#2105 = ORIENTED_EDGE('',*,*,#2106,.F.);
#2106 = EDGE_CURVE('',#2107,#2009,#2109,.T.);
#2107 = VERTEX_POINT('',#2108);
#2108 = CARTESIAN_POINT('',(13.325000000012,8.250000000015,0.2));
#2109 = LINE('',#2110,#2111);
#2110 = CARTESIAN_POINT('',(10.575000000012,8.250000000015,0.2));
#2111 = VECTOR('',#2112,1.);
#2112 = DIRECTION('',(1.,0.,0.));
#2113 = ORIENTED_EDGE('',*,*,#2114,.T.);
#2114 = EDGE_CURVE('',#2107,#2097,#2115,.T.);
#2115 = LINE('',#2116,#2117);
#2116 = CARTESIAN_POINT('',(13.325000000012,8.250000000015,-2.66E-15));
#2117 = VECTOR('',#2118,1.);
#2118 = DIRECTION('',(0.,0.,1.));
#2119 = PLANE('',#2120);
#2120 = AXIS2_PLACEMENT_3D('',#2121,#2122,#2123);
#2121 = CARTESIAN_POINT('',(14.825000000012,8.250000000015,-2.66E-15));
#2122 = DIRECTION('',(0.,1.,0.));
#2123 = DIRECTION('',(-1.,0.,0.));
#2124 = ADVANCED_FACE('',(#2125),#2151,.T.);
#2125 = FACE_BOUND('',#2126,.T.);
#2126 = EDGE_LOOP('',(#2127,#2136,#2144,#2150));
#2127 = ORIENTED_EDGE('',*,*,#2128,.T.);
#2128 = EDGE_CURVE('',#2065,#2129,#2131,.T.);
#2129 = VERTEX_POINT('',#2130);
#2130 = CARTESIAN_POINT('',(17.325000000012,8.250000000015,
    7.224712354855));
#2131 = B_SPLINE_CURVE_WITH_KNOTS('',3,(#2132,#2133,#2134,#2135),
  .UNSPECIFIED.,.F.,.F.,(4,4),(2.500000000009,4.000000000156),
  .PIECEWISE_BEZIER_KNOTS.);
#2132 = CARTESIAN_POINT('',(15.825000000012,8.250000000022,
    7.224712354856));
#2133 = CARTESIAN_POINT('',(16.325000000059,8.250000000022,
    7.224712354856));
#2134 = CARTESIAN_POINT('',(16.825000000106,8.250000000015,
    7.224712354856));
#2135 = CARTESIAN_POINT('',(17.325000000157,8.250000000015,
    7.224712354855));
#2136 = ORIENTED_EDGE('',*,*,#2137,.F.);
#2137 = EDGE_CURVE('',#2138,#2129,#2140,.T.);
#2138 = VERTEX_POINT('',#2139);
#2139 = CARTESIAN_POINT('',(17.325000000012,8.250000000015,0.2));
#2140 = LINE('',#2141,#2142);
#2141 = CARTESIAN_POINT('',(17.325000000012,8.250000000015,-2.66E-15));
#2142 = VECTOR('',#2143,1.);
#2143 = DIRECTION('',(0.,0.,1.));
#2144 = ORIENTED_EDGE('',*,*,#2145,.F.);
#2145 = EDGE_CURVE('',#2074,#2138,#2146,.T.);
#2146 = LINE('',#2147,#2148);
#2147 = CARTESIAN_POINT('',(10.575000000012,8.250000000015,0.2));
#2148 = VECTOR('',#2149,1.);
#2149 = DIRECTION('',(1.,0.,0.));
#2150 = ORIENTED_EDGE('',*,*,#2073,.T.);
#2151 = PLANE('',#2152);
#2152 = AXIS2_PLACEMENT_3D('',#2153,#2154,#2155);
#2153 = CARTESIAN_POINT('',(14.825000000012,8.250000000015,-2.66E-15));
#2154 = DIRECTION('',(0.,1.,0.));
#2155 = DIRECTION('',(-1.,0.,0.));
#2156 = ADVANCED_FACE('',(#2157),#2183,.T.);
#2157 = FACE_BOUND('',#2158,.T.);
#2158 = EDGE_LOOP('',(#2159,#2168,#2169,#2177));
#2159 = ORIENTED_EDGE('',*,*,#2160,.T.);
#2160 = EDGE_CURVE('',#2161,#2097,#2163,.T.);
#2161 = VERTEX_POINT('',#2162);
#2162 = CARTESIAN_POINT('',(13.325000000012,9.250000000007,
    7.105325201968));
#2163 = B_SPLINE_CURVE_WITH_KNOTS('',3,(#2164,#2165,#2166,#2167),
  .UNSPECIFIED.,.F.,.F.,(4,4),(-0.250786779282,-0.226065241578),
  .PIECEWISE_BEZIER_KNOTS.);
#2164 = CARTESIAN_POINT('',(13.324999999975,9.249998587227,
    7.105297851606));
#2165 = CARTESIAN_POINT('',(13.324999999983,8.917084148612,
    7.149245270001));
#2166 = CARTESIAN_POINT('',(13.32499999999,8.583699146053,7.18904465705)
  );
#2167 = CARTESIAN_POINT('',(13.324999999993,8.249998932915,
    7.224685126355));
#2168 = ORIENTED_EDGE('',*,*,#2114,.F.);
#2169 = ORIENTED_EDGE('',*,*,#2170,.F.);
#2170 = EDGE_CURVE('',#2171,#2107,#2173,.T.);
#2171 = VERTEX_POINT('',#2172);
#2172 = CARTESIAN_POINT('',(13.325000000012,9.250000000015,0.2));
#2173 = LINE('',#2174,#2175);
#2174 = CARTESIAN_POINT('',(13.325000000012,4.003986245516,0.2));
#2175 = VECTOR('',#2176,1.);
#2176 = DIRECTION('',(0.,-1.,3.1E-16));
#2177 = ORIENTED_EDGE('',*,*,#2178,.T.);
#2178 = EDGE_CURVE('',#2171,#2161,#2179,.T.);
#2179 = LINE('',#2180,#2181);
#2180 = CARTESIAN_POINT('',(13.325000000012,9.250000000015,-3.55E-15));
#2181 = VECTOR('',#2182,1.);
#2182 = DIRECTION('',(0.,0.,1.));
#2183 = PLANE('',#2184);
#2184 = AXIS2_PLACEMENT_3D('',#2185,#2186,#2187);
#2185 = CARTESIAN_POINT('',(13.325000000012,8.250000000015,-2.66E-15));
#2186 = DIRECTION('',(1.,0.,0.));
#2187 = DIRECTION('',(0.,1.,-3.1E-16));
#2188 = ADVANCED_FACE('',(#2189),#2215,.T.);
#2189 = FACE_BOUND('',#2190,.T.);
#2190 = EDGE_LOOP('',(#2191,#2200,#2208,#2214));
#2191 = ORIENTED_EDGE('',*,*,#2192,.T.);
#2192 = EDGE_CURVE('',#2129,#2193,#2195,.T.);
#2193 = VERTEX_POINT('',#2194);
#2194 = CARTESIAN_POINT('',(17.325000000012,9.250000000015,
    7.105325201966));
#2195 = B_SPLINE_CURVE_WITH_KNOTS('',3,(#2196,#2197,#2198,#2199),
  .UNSPECIFIED.,.F.,.F.,(4,4),(0.226065241576,0.25078677928),
  .PIECEWISE_BEZIER_KNOTS.);
#2196 = CARTESIAN_POINT('',(17.325000000161,8.249998932915,
    7.224685126351));
#2197 = CARTESIAN_POINT('',(17.325000000154,8.583699146053,
    7.189044657046));
#2198 = CARTESIAN_POINT('',(17.325000000146,8.917084148605,
    7.149245269998));
#2199 = CARTESIAN_POINT('',(17.325000000139,9.249998587227,
    7.105297851603));
#2200 = ORIENTED_EDGE('',*,*,#2201,.F.);
#2201 = EDGE_CURVE('',#2202,#2193,#2204,.T.);
#2202 = VERTEX_POINT('',#2203);
#2203 = CARTESIAN_POINT('',(17.325000000012,9.250000000015,0.2));
#2204 = LINE('',#2205,#2206);
#2205 = CARTESIAN_POINT('',(17.325000000012,9.250000000015,-3.55E-15));
#2206 = VECTOR('',#2207,1.);
#2207 = DIRECTION('',(0.,0.,1.));
#2208 = ORIENTED_EDGE('',*,*,#2209,.F.);
#2209 = EDGE_CURVE('',#2138,#2202,#2210,.T.);
#2210 = LINE('',#2211,#2212);
#2211 = CARTESIAN_POINT('',(17.325000000012,4.503986245516,0.2));
#2212 = VECTOR('',#2213,1.);
#2213 = DIRECTION('',(0.,1.,-3.1E-16));
#2214 = ORIENTED_EDGE('',*,*,#2137,.T.);
#2215 = PLANE('',#2216);
#2216 = AXIS2_PLACEMENT_3D('',#2217,#2218,#2219);
#2217 = CARTESIAN_POINT('',(17.325000000012,9.250000000015,-3.55E-15));
#2218 = DIRECTION('',(-1.,0.,0.));
#2219 = DIRECTION('',(0.,-1.,3.1E-16));
#2220 = ADVANCED_FACE('',(#2221),#2247,.T.);
#2221 = FACE_BOUND('',#2222,.T.);
#2222 = EDGE_LOOP('',(#2223,#2232,#2233,#2241));
#2223 = ORIENTED_EDGE('',*,*,#2224,.T.);
#2224 = EDGE_CURVE('',#2225,#2161,#2227,.T.);
#2225 = VERTEX_POINT('',#2226);
#2226 = CARTESIAN_POINT('',(14.825000000012,9.250000000007,
    7.105325201968));
#2227 = B_SPLINE_CURVE_WITH_KNOTS('',3,(#2228,#2229,#2230,#2231),
  .UNSPECIFIED.,.F.,.F.,(4,4),(2.500000000124,4.00000000016),
  .PIECEWISE_BEZIER_KNOTS.);
#2228 = CARTESIAN_POINT('',(14.825000000012,9.25,7.105325201968));
#2229 = CARTESIAN_POINT('',(14.324999999997,9.250000000007,
    7.105325201968));
#2230 = CARTESIAN_POINT('',(13.82499999999,9.250000000015,7.105325201968
    ));
#2231 = CARTESIAN_POINT('',(13.324999999975,9.250000000015,
    7.105325201968));
#2232 = ORIENTED_EDGE('',*,*,#2178,.F.);
#2233 = ORIENTED_EDGE('',*,*,#2234,.F.);
#2234 = EDGE_CURVE('',#2235,#2171,#2237,.T.);
#2235 = VERTEX_POINT('',#2236);
#2236 = CARTESIAN_POINT('',(14.825000000012,9.250000000015,0.2));
#2237 = LINE('',#2238,#2239);
#2238 = CARTESIAN_POINT('',(9.825000000012,9.250000000015,0.2));
#2239 = VECTOR('',#2240,1.);
#2240 = DIRECTION('',(-1.,0.,0.));
#2241 = ORIENTED_EDGE('',*,*,#2242,.T.);
#2242 = EDGE_CURVE('',#2235,#2225,#2243,.T.);
#2243 = LINE('',#2244,#2245);
#2244 = CARTESIAN_POINT('',(14.825000000012,9.250000000015,-3.55E-15));
#2245 = VECTOR('',#2246,1.);
#2246 = DIRECTION('',(0.,0.,1.));
#2247 = PLANE('',#2248);
#2248 = AXIS2_PLACEMENT_3D('',#2249,#2250,#2251);
#2249 = CARTESIAN_POINT('',(13.325000000012,9.250000000015,-3.55E-15));
#2250 = DIRECTION('',(0.,-1.,0.));
#2251 = DIRECTION('',(1.,0.,0.));
#2252 = ADVANCED_FACE('',(#2253),#2279,.T.);
#2253 = FACE_BOUND('',#2254,.T.);
#2254 = EDGE_LOOP('',(#2255,#2264,#2272,#2278));
#2255 = ORIENTED_EDGE('',*,*,#2256,.T.);
#2256 = EDGE_CURVE('',#2193,#2257,#2259,.T.);
#2257 = VERTEX_POINT('',#2258);
#2258 = CARTESIAN_POINT('',(15.825000000012,9.250000000015,
    7.105325201966));
#2259 = B_SPLINE_CURVE_WITH_KNOTS('',3,(#2260,#2261,#2262,#2263),
  .UNSPECIFIED.,.F.,.F.,(4,4),(0.,1.500000000124),
  .PIECEWISE_BEZIER_KNOTS.);
#2260 = CARTESIAN_POINT('',(17.325000000135,9.250000000007,
    7.105325201967));
#2261 = CARTESIAN_POINT('',(16.825000000092,9.250000000007,
    7.105325201967));
#2262 = CARTESIAN_POINT('',(16.325000000048,9.25,7.105325201967));
#2263 = CARTESIAN_POINT('',(15.825000000008,9.25,7.105325201968));
#2264 = ORIENTED_EDGE('',*,*,#2265,.F.);
#2265 = EDGE_CURVE('',#2266,#2257,#2268,.T.);
#2266 = VERTEX_POINT('',#2267);
#2267 = CARTESIAN_POINT('',(15.825000000012,9.250000000015,0.2));
#2268 = LINE('',#2269,#2270);
#2269 = CARTESIAN_POINT('',(15.825000000012,9.250000000015,-3.55E-15));
#2270 = VECTOR('',#2271,1.);
#2271 = DIRECTION('',(0.,0.,1.));
#2272 = ORIENTED_EDGE('',*,*,#2273,.F.);
#2273 = EDGE_CURVE('',#2202,#2266,#2274,.T.);
#2274 = LINE('',#2275,#2276);
#2275 = CARTESIAN_POINT('',(11.075000000012,9.250000000015,0.2));
#2276 = VECTOR('',#2277,1.);
#2277 = DIRECTION('',(-1.,0.,0.));
#2278 = ORIENTED_EDGE('',*,*,#2201,.T.);
#2279 = PLANE('',#2280);
#2280 = AXIS2_PLACEMENT_3D('',#2281,#2282,#2283);
#2281 = CARTESIAN_POINT('',(15.825000000012,9.250000000015,-3.55E-15));
#2282 = DIRECTION('',(0.,-1.,0.));
#2283 = DIRECTION('',(1.,0.,0.));
#2284 = ADVANCED_FACE('',(#2285),#2311,.T.);
#2285 = FACE_BOUND('',#2286,.T.);
#2286 = EDGE_LOOP('',(#2287,#2296,#2297,#2305));
#2287 = ORIENTED_EDGE('',*,*,#2288,.T.);
#2288 = EDGE_CURVE('',#2289,#2225,#2291,.T.);
#2289 = VERTEX_POINT('',#2290);
#2290 = CARTESIAN_POINT('',(14.825000000012,10.750000000015,
    6.878620597257));
#2291 = B_SPLINE_CURVE_WITH_KNOTS('',3,(#2292,#2293,#2294,#2295),
  .UNSPECIFIED.,.F.,.F.,(4,4),(0.101177770957,1.618400735274),
  .PIECEWISE_BEZIER_KNOTS.);
#2292 = CARTESIAN_POINT('',(14.825000000008,10.750000000022,
    6.878620597256));
#2293 = CARTESIAN_POINT('',(14.825000000008,10.251449486561,
    6.963553030333));
#2294 = CARTESIAN_POINT('',(14.825000000015,9.751361642018,
    7.039134107941));
#2295 = CARTESIAN_POINT('',(14.825000000015,9.250000000007,
    7.105325201968));
#2296 = ORIENTED_EDGE('',*,*,#2242,.F.);
#2297 = ORIENTED_EDGE('',*,*,#2298,.F.);
#2298 = EDGE_CURVE('',#2299,#2235,#2301,.T.);
#2299 = VERTEX_POINT('',#2300);
#2300 = CARTESIAN_POINT('',(14.825000000012,10.750000000015,0.2));
#2301 = LINE('',#2302,#2303);
#2302 = CARTESIAN_POINT('',(14.825000000012,4.503986245516,0.2));
#2303 = VECTOR('',#2304,1.);
#2304 = DIRECTION('',(0.,-1.,3.1E-16));
#2305 = ORIENTED_EDGE('',*,*,#2306,.T.);
#2306 = EDGE_CURVE('',#2299,#2289,#2307,.T.);
#2307 = LINE('',#2308,#2309);
#2308 = CARTESIAN_POINT('',(14.825000000012,10.750000000015,-3.55E-15));
#2309 = VECTOR('',#2310,1.);
#2310 = DIRECTION('',(0.,0.,1.));
#2311 = PLANE('',#2312);
#2312 = AXIS2_PLACEMENT_3D('',#2313,#2314,#2315);
#2313 = CARTESIAN_POINT('',(14.825000000012,9.250000000015,-3.55E-15));
#2314 = DIRECTION('',(1.,0.,0.));
#2315 = DIRECTION('',(0.,1.,-3.1E-16));
#2316 = ADVANCED_FACE('',(#2317),#2343,.T.);
#2317 = FACE_BOUND('',#2318,.T.);
#2318 = EDGE_LOOP('',(#2319,#2328,#2336,#2342));
#2319 = ORIENTED_EDGE('',*,*,#2320,.T.);
#2320 = EDGE_CURVE('',#2257,#2321,#2323,.T.);
#2321 = VERTEX_POINT('',#2322);
#2322 = CARTESIAN_POINT('',(15.825000000012,10.750000000015,
    6.878620597258));
#2323 = B_SPLINE_CURVE_WITH_KNOTS('',3,(#2324,#2325,#2326,#2327),
  .UNSPECIFIED.,.F.,.F.,(4,4),(2.540589000539,4.057811964849),
  .PIECEWISE_BEZIER_KNOTS.);
#2324 = CARTESIAN_POINT('',(15.825000000012,9.250000000015,
    7.105325201966));
#2325 = CARTESIAN_POINT('',(15.825000000012,9.751361642026,
    7.039134107938));
#2326 = CARTESIAN_POINT('',(15.825000000012,10.251449486554,
    6.963553030333));
#2327 = CARTESIAN_POINT('',(15.825000000012,10.750000000015,
    6.878620597256));
#2328 = ORIENTED_EDGE('',*,*,#2329,.F.);
#2329 = EDGE_CURVE('',#2330,#2321,#2332,.T.);
#2330 = VERTEX_POINT('',#2331);
#2331 = CARTESIAN_POINT('',(15.825000000012,10.750000000015,0.2));
#2332 = LINE('',#2333,#2334);
#2333 = CARTESIAN_POINT('',(15.825000000012,10.750000000015,-3.55E-15));
#2334 = VECTOR('',#2335,1.);
#2335 = DIRECTION('',(0.,0.,1.));
#2336 = ORIENTED_EDGE('',*,*,#2337,.F.);
#2337 = EDGE_CURVE('',#2266,#2330,#2338,.T.);
#2338 = LINE('',#2339,#2340);
#2339 = CARTESIAN_POINT('',(15.825000000012,5.253986245516,0.2));
#2340 = VECTOR('',#2341,1.);
#2341 = DIRECTION('',(0.,1.,-3.1E-16));
#2342 = ORIENTED_EDGE('',*,*,#2265,.T.);
#2343 = PLANE('',#2344);
#2344 = AXIS2_PLACEMENT_3D('',#2345,#2346,#2347);
#2345 = CARTESIAN_POINT('',(15.825000000012,10.750000000015,-3.55E-15));
#2346 = DIRECTION('',(-1.,0.,0.));
#2347 = DIRECTION('',(0.,-1.,3.1E-16));
#2348 = ADVANCED_FACE('',(#2349),#2368,.T.);
#2349 = FACE_BOUND('',#2350,.T.);
#2350 = EDGE_LOOP('',(#2351,#2360,#2361,#2367));
#2351 = ORIENTED_EDGE('',*,*,#2352,.T.);
#2352 = EDGE_CURVE('',#2321,#2289,#2353,.T.);
#2353 = B_SPLINE_CURVE_WITH_KNOTS('',3,(#2354,#2355,#2356,#2357,#2358,
    #2359),.UNSPECIFIED.,.F.,.F.,(4,2,4),(1.500000000091,2.00000000008,
    2.500000000093),.UNSPECIFIED.);
#2354 = CARTESIAN_POINT('',(15.825000000012,10.750000000022,
    6.878620597256));
#2355 = CARTESIAN_POINT('',(15.658333333347,10.750000000022,
    6.878620597256));
#2356 = CARTESIAN_POINT('',(15.491666666683,10.750000000022,
    6.878620597256));
#2357 = CARTESIAN_POINT('',(15.158333333351,10.750000000022,
    6.878620597256));
#2358 = CARTESIAN_POINT('',(14.991666666683,10.750000000022,
    6.878620597256));
#2359 = CARTESIAN_POINT('',(14.825000000012,10.750000000022,
    6.878620597256));
#2360 = ORIENTED_EDGE('',*,*,#2306,.F.);
#2361 = ORIENTED_EDGE('',*,*,#2362,.F.);
#2362 = EDGE_CURVE('',#2330,#2299,#2363,.T.);
#2363 = LINE('',#2364,#2365);
#2364 = CARTESIAN_POINT('',(10.575000000012,10.750000000015,0.2));
#2365 = VECTOR('',#2366,1.);
#2366 = DIRECTION('',(-1.,0.,0.));
#2367 = ORIENTED_EDGE('',*,*,#2329,.T.);
#2368 = PLANE('',#2369);
#2369 = AXIS2_PLACEMENT_3D('',#2370,#2371,#2372);
#2370 = CARTESIAN_POINT('',(14.825000000012,10.750000000015,-3.55E-15));
#2371 = DIRECTION('',(0.,-1.,0.));
#2372 = DIRECTION('',(1.,0.,0.));
#2373 = ADVANCED_FACE('',(#2374,#2377),#2391,.T.);
#2374 = FACE_BOUND('',#2375,.T.);
#2375 = EDGE_LOOP('',(#2376));
#2376 = ORIENTED_EDGE('',*,*,#1144,.T.);
#2377 = FACE_BOUND('',#2378,.T.);
#2378 = EDGE_LOOP('',(#2379,#2380,#2381,#2382,#2383,#2384,#2385,#2386,
    #2387,#2388,#2389,#2390));
#2379 = ORIENTED_EDGE('',*,*,#2298,.T.);
#2380 = ORIENTED_EDGE('',*,*,#2234,.T.);
#2381 = ORIENTED_EDGE('',*,*,#2170,.T.);
#2382 = ORIENTED_EDGE('',*,*,#2106,.T.);
#2383 = ORIENTED_EDGE('',*,*,#2008,.T.);
#2384 = ORIENTED_EDGE('',*,*,#2049,.T.);
#2385 = ORIENTED_EDGE('',*,*,#2081,.T.);
#2386 = ORIENTED_EDGE('',*,*,#2145,.T.);
#2387 = ORIENTED_EDGE('',*,*,#2209,.T.);
#2388 = ORIENTED_EDGE('',*,*,#2273,.T.);
#2389 = ORIENTED_EDGE('',*,*,#2337,.T.);
#2390 = ORIENTED_EDGE('',*,*,#2362,.T.);
#2391 = PLANE('',#2392);
#2392 = AXIS2_PLACEMENT_3D('',#2393,#2394,#2395);
#2393 = CARTESIAN_POINT('',(6.325000000012,-0.242027508983,0.2));
#2394 = DIRECTION('',(0.,-3.1E-16,-1.));
#2395 = DIRECTION('',(0.,1.,-3.1E-16));
#2396 = ADVANCED_FACE('',(#2397,#2400),#2498,.T.);
#2397 = FACE_BOUND('',#2398,.T.);
#2398 = EDGE_LOOP('',(#2399));
#2399 = ORIENTED_EDGE('',*,*,#608,.T.);
#2400 = FACE_BOUND('',#2401,.T.);
#2401 = EDGE_LOOP('',(#2402,#2412,#2420,#2428,#2436,#2444,#2452,#2460,
    #2468,#2476,#2484,#2492));
#2402 = ORIENTED_EDGE('',*,*,#2403,.T.);
#2403 = EDGE_CURVE('',#2404,#2406,#2408,.T.);
#2404 = VERTEX_POINT('',#2405);
#2405 = CARTESIAN_POINT('',(26.775000000009,10.750000000015,0.2));
#2406 = VERTEX_POINT('',#2407);
#2407 = CARTESIAN_POINT('',(26.775000000009,9.250000000015,0.2));
#2408 = LINE('',#2409,#2410);
#2409 = CARTESIAN_POINT('',(26.775000000009,4.503986245516,0.2));
#2410 = VECTOR('',#2411,1.);
#2411 = DIRECTION('',(0.,-1.,3.1E-16));
#2412 = ORIENTED_EDGE('',*,*,#2413,.T.);
#2413 = EDGE_CURVE('',#2406,#2414,#2416,.T.);
#2414 = VERTEX_POINT('',#2415);
#2415 = CARTESIAN_POINT('',(25.275000000009,9.250000000015,0.2));
#2416 = LINE('',#2417,#2418);
#2417 = CARTESIAN_POINT('',(21.775000000009,9.250000000015,0.2));
#2418 = VECTOR('',#2419,1.);
#2419 = DIRECTION('',(-1.,0.,0.));
#2420 = ORIENTED_EDGE('',*,*,#2421,.T.);
#2421 = EDGE_CURVE('',#2414,#2422,#2424,.T.);
#2422 = VERTEX_POINT('',#2423);
#2423 = CARTESIAN_POINT('',(25.275000000009,8.250000000015,0.2));
#2424 = LINE('',#2425,#2426);
#2425 = CARTESIAN_POINT('',(25.275000000009,4.003986245516,0.2));
#2426 = VECTOR('',#2427,1.);
#2427 = DIRECTION('',(0.,-1.,3.1E-16));
#2428 = ORIENTED_EDGE('',*,*,#2429,.T.);
#2429 = EDGE_CURVE('',#2422,#2430,#2432,.T.);
#2430 = VERTEX_POINT('',#2431);
#2431 = CARTESIAN_POINT('',(26.775000000009,8.250000000015,0.2));
#2432 = LINE('',#2433,#2434);
#2433 = CARTESIAN_POINT('',(22.525000000009,8.250000000015,0.2));
#2434 = VECTOR('',#2435,1.);
#2435 = DIRECTION('',(1.,0.,0.));
#2436 = ORIENTED_EDGE('',*,*,#2437,.T.);
#2437 = EDGE_CURVE('',#2430,#2438,#2440,.T.);
#2438 = VERTEX_POINT('',#2439);
#2439 = CARTESIAN_POINT('',(26.775000000009,6.750000000015,0.2));
#2440 = LINE('',#2441,#2442);
#2441 = CARTESIAN_POINT('',(26.775000000009,4.503986245516,0.2));
#2442 = VECTOR('',#2443,1.);
#2443 = DIRECTION('',(0.,-1.,3.1E-16));
#2444 = ORIENTED_EDGE('',*,*,#2445,.T.);
#2445 = EDGE_CURVE('',#2438,#2446,#2448,.T.);
#2446 = VERTEX_POINT('',#2447);
#2447 = CARTESIAN_POINT('',(27.775000000009,6.750000000015,0.2));
#2448 = LINE('',#2449,#2450);
#2449 = CARTESIAN_POINT('',(23.025000000009,6.750000000015,0.2));
#2450 = VECTOR('',#2451,1.);
#2451 = DIRECTION('',(1.,0.,0.));
#2452 = ORIENTED_EDGE('',*,*,#2453,.T.);
#2453 = EDGE_CURVE('',#2446,#2454,#2456,.T.);
#2454 = VERTEX_POINT('',#2455);
#2455 = CARTESIAN_POINT('',(27.775000000009,8.250000000015,0.2));
#2456 = LINE('',#2457,#2458);
#2457 = CARTESIAN_POINT('',(27.775000000009,4.003986245516,0.2));
#2458 = VECTOR('',#2459,1.);
#2459 = DIRECTION('',(0.,1.,-3.1E-16));
#2460 = ORIENTED_EDGE('',*,*,#2461,.T.);
#2461 = EDGE_CURVE('',#2454,#2462,#2464,.T.);
#2462 = VERTEX_POINT('',#2463);
#2463 = CARTESIAN_POINT('',(29.275000000009,8.250000000015,0.2));
#2464 = LINE('',#2465,#2466);
#2465 = CARTESIAN_POINT('',(22.525000000009,8.250000000015,0.2));
#2466 = VECTOR('',#2467,1.);
#2467 = DIRECTION('',(1.,0.,0.));
#2468 = ORIENTED_EDGE('',*,*,#2469,.T.);
#2469 = EDGE_CURVE('',#2462,#2470,#2472,.T.);
#2470 = VERTEX_POINT('',#2471);
#2471 = CARTESIAN_POINT('',(29.275000000009,9.250000000015,0.2));
#2472 = LINE('',#2473,#2474);
#2473 = CARTESIAN_POINT('',(29.275000000009,4.503986245516,0.2));
#2474 = VECTOR('',#2475,1.);
#2475 = DIRECTION('',(0.,1.,-3.1E-16));
#2476 = ORIENTED_EDGE('',*,*,#2477,.T.);
#2477 = EDGE_CURVE('',#2470,#2478,#2480,.T.);
#2478 = VERTEX_POINT('',#2479);
#2479 = CARTESIAN_POINT('',(27.775000000009,9.250000000015,0.2));
#2480 = LINE('',#2481,#2482);
#2481 = CARTESIAN_POINT('',(23.025000000009,9.250000000015,0.2));
#2482 = VECTOR('',#2483,1.);
#2483 = DIRECTION('',(-1.,0.,0.));
#2484 = ORIENTED_EDGE('',*,*,#2485,.T.);
#2485 = EDGE_CURVE('',#2478,#2486,#2488,.T.);
#2486 = VERTEX_POINT('',#2487);
#2487 = CARTESIAN_POINT('',(27.775000000009,10.750000000015,0.2));
#2488 = LINE('',#2489,#2490);
#2489 = CARTESIAN_POINT('',(27.775000000009,5.253986245516,0.2));
#2490 = VECTOR('',#2491,1.);
#2491 = DIRECTION('',(0.,1.,-3.1E-16));
#2492 = ORIENTED_EDGE('',*,*,#2493,.T.);
#2493 = EDGE_CURVE('',#2486,#2404,#2494,.T.);
#2494 = LINE('',#2495,#2496);
#2495 = CARTESIAN_POINT('',(22.525000000009,10.750000000015,0.2));
#2496 = VECTOR('',#2497,1.);
#2497 = DIRECTION('',(-1.,0.,0.));
#2498 = PLANE('',#2499);
#2499 = AXIS2_PLACEMENT_3D('',#2500,#2501,#2502);
#2500 = CARTESIAN_POINT('',(18.275000000009,-0.242027508983,0.2));
#2501 = DIRECTION('',(0.,-3.1E-16,-1.));
#2502 = DIRECTION('',(0.,1.,-3.1E-16));
#2503 = ADVANCED_FACE('',(#2504),#2532,.T.);
#2504 = FACE_BOUND('',#2505,.T.);
#2505 = EDGE_LOOP('',(#2506,#2519,#2525,#2526));
#2506 = ORIENTED_EDGE('',*,*,#2507,.T.);
#2507 = EDGE_CURVE('',#2508,#2510,#2512,.T.);
#2508 = VERTEX_POINT('',#2509);
#2509 = CARTESIAN_POINT('',(27.775000000009,10.750000000022,
    6.878620597259));
#2510 = VERTEX_POINT('',#2511);
#2511 = CARTESIAN_POINT('',(26.775000000009,10.750000000022,
    6.87862059726));
#2512 = B_SPLINE_CURVE_WITH_KNOTS('',3,(#2513,#2514,#2515,#2516,#2517,
    #2518),.UNSPECIFIED.,.F.,.F.,(4,2,4),(1.500000000099,2.000000000073,
    2.500000000086),.UNSPECIFIED.);
#2513 = CARTESIAN_POINT('',(27.774999999994,10.750000000015,
    6.878620597261));
#2514 = CARTESIAN_POINT('',(27.608333333337,10.750000000015,
    6.878620597261));
#2515 = CARTESIAN_POINT('',(27.44166666668,10.750000000015,
    6.878620597261));
#2516 = CARTESIAN_POINT('',(27.108333333352,10.750000000015,
    6.878620597261));
#2517 = CARTESIAN_POINT('',(26.94166666668,10.750000000015,
    6.878620597261));
#2518 = CARTESIAN_POINT('',(26.775000000009,10.750000000015,
    6.878620597261));
#2519 = ORIENTED_EDGE('',*,*,#2520,.F.);
#2520 = EDGE_CURVE('',#2404,#2510,#2521,.T.);
#2521 = LINE('',#2522,#2523);
#2522 = CARTESIAN_POINT('',(26.775000000009,10.750000000015,-3.55E-15));
#2523 = VECTOR('',#2524,1.);
#2524 = DIRECTION('',(0.,0.,1.));
#2525 = ORIENTED_EDGE('',*,*,#2493,.F.);
#2526 = ORIENTED_EDGE('',*,*,#2527,.T.);
#2527 = EDGE_CURVE('',#2486,#2508,#2528,.T.);
#2528 = LINE('',#2529,#2530);
#2529 = CARTESIAN_POINT('',(27.775000000009,10.750000000015,-3.55E-15));
#2530 = VECTOR('',#2531,1.);
#2531 = DIRECTION('',(0.,0.,1.));
#2532 = PLANE('',#2533);
#2533 = AXIS2_PLACEMENT_3D('',#2534,#2535,#2536);
#2534 = CARTESIAN_POINT('',(26.775000000009,10.750000000015,-3.55E-15));
#2535 = DIRECTION('',(0.,-1.,0.));
#2536 = DIRECTION('',(1.,0.,0.));
#2537 = ADVANCED_FACE('',(#2538),#2557,.T.);
#2538 = FACE_BOUND('',#2539,.T.);
#2539 = EDGE_LOOP('',(#2540,#2549,#2550,#2551));
#2540 = ORIENTED_EDGE('',*,*,#2541,.T.);
#2541 = EDGE_CURVE('',#2542,#2508,#2544,.T.);
#2542 = VERTEX_POINT('',#2543);
#2543 = CARTESIAN_POINT('',(27.775000000009,9.250000000015,
    7.105325201958));
#2544 = B_SPLINE_CURVE_WITH_KNOTS('',3,(#2545,#2546,#2547,#2548),
  .UNSPECIFIED.,.F.,.F.,(4,4),(2.540589000531,4.057811964845),
  .PIECEWISE_BEZIER_KNOTS.);
#2545 = CARTESIAN_POINT('',(27.775000000009,9.250000000022,
    7.105325201958));
#2546 = CARTESIAN_POINT('',(27.775000000009,9.75136164204,7.039134107933
    ));
#2547 = CARTESIAN_POINT('',(27.775000000009,10.251449486568,
    6.963553030332));
#2548 = CARTESIAN_POINT('',(27.775000000009,10.750000000036,
    6.878620597257));
#2549 = ORIENTED_EDGE('',*,*,#2527,.F.);
#2550 = ORIENTED_EDGE('',*,*,#2485,.F.);
#2551 = ORIENTED_EDGE('',*,*,#2552,.T.);
#2552 = EDGE_CURVE('',#2478,#2542,#2553,.T.);
#2553 = LINE('',#2554,#2555);
#2554 = CARTESIAN_POINT('',(27.775000000009,9.250000000015,-3.55E-15));
#2555 = VECTOR('',#2556,1.);
#2556 = DIRECTION('',(0.,0.,1.));
#2557 = PLANE('',#2558);
#2558 = AXIS2_PLACEMENT_3D('',#2559,#2560,#2561);
#2559 = CARTESIAN_POINT('',(27.775000000009,10.750000000015,-3.55E-15));
#2560 = DIRECTION('',(-1.,0.,0.));
#2561 = DIRECTION('',(0.,-1.,3.1E-16));
#2562 = ADVANCED_FACE('',(#2563),#2582,.T.);
#2563 = FACE_BOUND('',#2564,.T.);
#2564 = EDGE_LOOP('',(#2565,#2574,#2580,#2581));
#2565 = ORIENTED_EDGE('',*,*,#2566,.T.);
#2566 = EDGE_CURVE('',#2510,#2567,#2569,.T.);
#2567 = VERTEX_POINT('',#2568);
#2568 = CARTESIAN_POINT('',(26.775000000009,9.250000000015,
    7.105325201959));
#2569 = B_SPLINE_CURVE_WITH_KNOTS('',3,(#2570,#2571,#2572,#2573),
  .UNSPECIFIED.,.F.,.F.,(4,4),(0.101177770942,1.61840073526),
  .PIECEWISE_BEZIER_KNOTS.);
#2570 = CARTESIAN_POINT('',(26.775000000012,10.750000000022,
    6.878620597259));
#2571 = CARTESIAN_POINT('',(26.775000000012,10.251449486554,
    6.963553030334));
#2572 = CARTESIAN_POINT('',(26.775000000005,9.751361642018,
    7.039134107936));
#2573 = CARTESIAN_POINT('',(26.775000000005,9.250000000007,7.10532520196
    ));
#2574 = ORIENTED_EDGE('',*,*,#2575,.F.);
#2575 = EDGE_CURVE('',#2406,#2567,#2576,.T.);
#2576 = LINE('',#2577,#2578);
#2577 = CARTESIAN_POINT('',(26.775000000009,9.250000000015,-3.55E-15));
#2578 = VECTOR('',#2579,1.);
#2579 = DIRECTION('',(0.,0.,1.));
#2580 = ORIENTED_EDGE('',*,*,#2403,.F.);
#2581 = ORIENTED_EDGE('',*,*,#2520,.T.);
#2582 = PLANE('',#2583);
#2583 = AXIS2_PLACEMENT_3D('',#2584,#2585,#2586);
#2584 = CARTESIAN_POINT('',(26.775000000009,9.250000000015,-3.55E-15));
#2585 = DIRECTION('',(1.,0.,0.));
#2586 = DIRECTION('',(0.,1.,-3.1E-16));
#2587 = ADVANCED_FACE('',(#2588),#2607,.T.);
#2588 = FACE_BOUND('',#2589,.T.);
#2589 = EDGE_LOOP('',(#2590,#2599,#2600,#2601));
#2590 = ORIENTED_EDGE('',*,*,#2591,.T.);
#2591 = EDGE_CURVE('',#2592,#2542,#2594,.T.);
#2592 = VERTEX_POINT('',#2593);
#2593 = CARTESIAN_POINT('',(29.275000000009,9.250000000022,
    7.105325201958));
#2594 = B_SPLINE_CURVE_WITH_KNOTS('',3,(#2595,#2596,#2597,#2598),
  .UNSPECIFIED.,.F.,.F.,(4,4),(0.,1.500000000121),
  .PIECEWISE_BEZIER_KNOTS.);
#2595 = CARTESIAN_POINT('',(29.275000000129,9.249998587227,
    7.105297851596));
#2596 = CARTESIAN_POINT('',(28.775000000089,9.249998587213,
    7.105297851597));
#2597 = CARTESIAN_POINT('',(28.275000000045,9.249998587205,
    7.105297851599));
#2598 = CARTESIAN_POINT('',(27.775000000005,9.249998587191,
    7.105297851601));
#2599 = ORIENTED_EDGE('',*,*,#2552,.F.);
#2600 = ORIENTED_EDGE('',*,*,#2477,.F.);
#2601 = ORIENTED_EDGE('',*,*,#2602,.T.);
#2602 = EDGE_CURVE('',#2470,#2592,#2603,.T.);
#2603 = LINE('',#2604,#2605);
#2604 = CARTESIAN_POINT('',(29.275000000009,9.250000000015,-3.55E-15));
#2605 = VECTOR('',#2606,1.);
#2606 = DIRECTION('',(0.,0.,1.));
#2607 = PLANE('',#2608);
#2608 = AXIS2_PLACEMENT_3D('',#2609,#2610,#2611);
#2609 = CARTESIAN_POINT('',(27.775000000009,9.250000000015,-3.55E-15));
#2610 = DIRECTION('',(0.,-1.,0.));
#2611 = DIRECTION('',(1.,0.,0.));
#2612 = ADVANCED_FACE('',(#2613),#2632,.T.);
#2613 = FACE_BOUND('',#2614,.T.);
#2614 = EDGE_LOOP('',(#2615,#2624,#2630,#2631));
#2615 = ORIENTED_EDGE('',*,*,#2616,.T.);
#2616 = EDGE_CURVE('',#2567,#2617,#2619,.T.);
#2617 = VERTEX_POINT('',#2618);
#2618 = CARTESIAN_POINT('',(25.275000000009,9.250000000015,7.10532520196
    ));
#2619 = B_SPLINE_CURVE_WITH_KNOTS('',3,(#2620,#2621,#2622,#2623),
  .UNSPECIFIED.,.F.,.F.,(4,4),(2.500000000118,4.000000000149),
  .PIECEWISE_BEZIER_KNOTS.);
#2620 = CARTESIAN_POINT('',(26.775000000009,9.249998587227,
    7.105297851597));
#2621 = CARTESIAN_POINT('',(26.274999999998,9.24999858722,7.105297851599
    ));
#2622 = CARTESIAN_POINT('',(25.77499999999,9.249998587205,7.105297851601
    ));
#2623 = CARTESIAN_POINT('',(25.27499999998,9.249998587198,7.105297851603
    ));
#2624 = ORIENTED_EDGE('',*,*,#2625,.F.);
#2625 = EDGE_CURVE('',#2414,#2617,#2626,.T.);
#2626 = LINE('',#2627,#2628);
#2627 = CARTESIAN_POINT('',(25.275000000009,9.250000000015,-3.55E-15));
#2628 = VECTOR('',#2629,1.);
#2629 = DIRECTION('',(0.,0.,1.));
#2630 = ORIENTED_EDGE('',*,*,#2413,.F.);
#2631 = ORIENTED_EDGE('',*,*,#2575,.T.);
#2632 = PLANE('',#2633);
#2633 = AXIS2_PLACEMENT_3D('',#2634,#2635,#2636);
#2634 = CARTESIAN_POINT('',(25.275000000009,9.250000000015,-3.55E-15));
#2635 = DIRECTION('',(0.,-1.,0.));
#2636 = DIRECTION('',(1.,0.,0.));
#2637 = ADVANCED_FACE('',(#2638),#2657,.T.);
#2638 = FACE_BOUND('',#2639,.T.);
#2639 = EDGE_LOOP('',(#2640,#2649,#2650,#2651));
#2640 = ORIENTED_EDGE('',*,*,#2641,.T.);
#2641 = EDGE_CURVE('',#2642,#2592,#2644,.T.);
#2642 = VERTEX_POINT('',#2643);
#2643 = CARTESIAN_POINT('',(29.275000000009,8.250000000015,
    7.224712354842));
#2644 = B_SPLINE_CURVE_WITH_KNOTS('',3,(#2645,#2646,#2647,#2648),
  .UNSPECIFIED.,.F.,.F.,(4,4),(0.22606524157,0.250786779274),
  .PIECEWISE_BEZIER_KNOTS.);
#2645 = CARTESIAN_POINT('',(29.275000000151,8.249998932908,
    7.224685126336));
#2646 = CARTESIAN_POINT('',(29.275000000143,8.583699146046,
    7.189044657034));
#2647 = CARTESIAN_POINT('',(29.275000000136,8.917084148605,
    7.149245269987));
#2648 = CARTESIAN_POINT('',(29.275000000129,9.249998587227,
    7.105297851595));
#2649 = ORIENTED_EDGE('',*,*,#2602,.F.);
#2650 = ORIENTED_EDGE('',*,*,#2469,.F.);
#2651 = ORIENTED_EDGE('',*,*,#2652,.T.);
#2652 = EDGE_CURVE('',#2462,#2642,#2653,.T.);
#2653 = LINE('',#2654,#2655);
#2654 = CARTESIAN_POINT('',(29.275000000009,8.250000000015,-2.66E-15));
#2655 = VECTOR('',#2656,1.);
#2656 = DIRECTION('',(0.,0.,1.));
#2657 = PLANE('',#2658);
#2658 = AXIS2_PLACEMENT_3D('',#2659,#2660,#2661);
#2659 = CARTESIAN_POINT('',(29.275000000009,9.250000000015,-3.55E-15));
#2660 = DIRECTION('',(-1.,0.,0.));
#2661 = DIRECTION('',(0.,-1.,3.1E-16));
#2662 = ADVANCED_FACE('',(#2663),#2682,.T.);
#2663 = FACE_BOUND('',#2664,.T.);
#2664 = EDGE_LOOP('',(#2665,#2674,#2680,#2681));
#2665 = ORIENTED_EDGE('',*,*,#2666,.T.);
#2666 = EDGE_CURVE('',#2617,#2667,#2669,.T.);
#2667 = VERTEX_POINT('',#2668);
#2668 = CARTESIAN_POINT('',(25.275000000009,8.250000000015,
    7.224712354847));
#2669 = B_SPLINE_CURVE_WITH_KNOTS('',3,(#2670,#2671,#2672,#2673),
  .UNSPECIFIED.,.F.,.F.,(4,4),(-0.250786779276,-0.226065241572),
  .PIECEWISE_BEZIER_KNOTS.);
#2670 = CARTESIAN_POINT('',(25.274999999976,9.249998587227,
    7.105297851599));
#2671 = CARTESIAN_POINT('',(25.274999999983,8.917084148612,
    7.149245269991));
#2672 = CARTESIAN_POINT('',(25.27499999999,8.583699146053,7.189044657037
    ));
#2673 = CARTESIAN_POINT('',(25.274999999998,8.249998932908,7.22468512634
    ));
#2674 = ORIENTED_EDGE('',*,*,#2675,.F.);
#2675 = EDGE_CURVE('',#2422,#2667,#2676,.T.);
#2676 = LINE('',#2677,#2678);
#2677 = CARTESIAN_POINT('',(25.275000000009,8.250000000015,-2.66E-15));
#2678 = VECTOR('',#2679,1.);
#2679 = DIRECTION('',(0.,0.,1.));
#2680 = ORIENTED_EDGE('',*,*,#2421,.F.);
#2681 = ORIENTED_EDGE('',*,*,#2625,.T.);
#2682 = PLANE('',#2683);
#2683 = AXIS2_PLACEMENT_3D('',#2684,#2685,#2686);
#2684 = CARTESIAN_POINT('',(25.275000000009,8.250000000015,-2.66E-15));
#2685 = DIRECTION('',(1.,0.,0.));
#2686 = DIRECTION('',(0.,1.,-3.1E-16));
#2687 = ADVANCED_FACE('',(#2688),#2707,.T.);
#2688 = FACE_BOUND('',#2689,.T.);
#2689 = EDGE_LOOP('',(#2690,#2699,#2700,#2701));
#2690 = ORIENTED_EDGE('',*,*,#2691,.T.);
#2691 = EDGE_CURVE('',#2692,#2642,#2694,.T.);
#2692 = VERTEX_POINT('',#2693);
#2693 = CARTESIAN_POINT('',(27.775000000009,8.250000000015,
    7.224712354843));
#2694 = B_SPLINE_CURVE_WITH_KNOTS('',3,(#2695,#2696,#2697,#2698),
  .UNSPECIFIED.,.F.,.F.,(4,4),(2.500000000005,4.000000000146),
  .PIECEWISE_BEZIER_KNOTS.);
#2695 = CARTESIAN_POINT('',(27.775000000012,8.249998932908,
    7.224685126338));
#2696 = CARTESIAN_POINT('',(28.27500000006,8.249998932923,7.224685126336
    ));
#2697 = CARTESIAN_POINT('',(28.775000000103,8.24999893293,7.224685126334
    ));
#2698 = CARTESIAN_POINT('',(29.275000000151,8.249998932944,
    7.224685126333));
#2699 = ORIENTED_EDGE('',*,*,#2652,.F.);
#2700 = ORIENTED_EDGE('',*,*,#2461,.F.);
#2701 = ORIENTED_EDGE('',*,*,#2702,.T.);
#2702 = EDGE_CURVE('',#2454,#2692,#2703,.T.);
#2703 = LINE('',#2704,#2705);
#2704 = CARTESIAN_POINT('',(27.775000000009,8.250000000015,-2.66E-15));
#2705 = VECTOR('',#2706,1.);
#2706 = DIRECTION('',(0.,0.,1.));
#2707 = PLANE('',#2708);
#2708 = AXIS2_PLACEMENT_3D('',#2709,#2710,#2711);
#2709 = CARTESIAN_POINT('',(26.775000000009,8.250000000015,-2.66E-15));
#2710 = DIRECTION('',(0.,1.,0.));
#2711 = DIRECTION('',(-1.,0.,0.));
#2712 = ADVANCED_FACE('',(#2713),#2732,.T.);
#2713 = FACE_BOUND('',#2714,.T.);
#2714 = EDGE_LOOP('',(#2715,#2724,#2730,#2731));
#2715 = ORIENTED_EDGE('',*,*,#2716,.T.);
#2716 = EDGE_CURVE('',#2667,#2717,#2719,.T.);
#2717 = VERTEX_POINT('',#2718);
#2718 = CARTESIAN_POINT('',(26.775000000009,8.250000000015,
    7.224712354844));
#2719 = B_SPLINE_CURVE_WITH_KNOTS('',3,(#2720,#2721,#2722,#2723),
  .UNSPECIFIED.,.F.,.F.,(4,4),(0.,1.500000000004),
  .PIECEWISE_BEZIER_KNOTS.);
#2720 = CARTESIAN_POINT('',(25.275000000002,8.249998932915,
    7.224685126341));
#2721 = CARTESIAN_POINT('',(25.775000000005,8.249998932923,
    7.224685126339));
#2722 = CARTESIAN_POINT('',(26.275000000005,8.249998932937,
    7.224685126337));
#2723 = CARTESIAN_POINT('',(26.775000000009,8.249998932944,
    7.224685126335));
#2724 = ORIENTED_EDGE('',*,*,#2725,.F.);
#2725 = EDGE_CURVE('',#2430,#2717,#2726,.T.);
#2726 = LINE('',#2727,#2728);
#2727 = CARTESIAN_POINT('',(26.775000000009,8.250000000015,-2.66E-15));
#2728 = VECTOR('',#2729,1.);
#2729 = DIRECTION('',(0.,0.,1.));
#2730 = ORIENTED_EDGE('',*,*,#2429,.F.);
#2731 = ORIENTED_EDGE('',*,*,#2675,.T.);
#2732 = PLANE('',#2733);
#2733 = AXIS2_PLACEMENT_3D('',#2734,#2735,#2736);
#2734 = CARTESIAN_POINT('',(26.775000000009,8.250000000015,-2.66E-15));
#2735 = DIRECTION('',(0.,1.,0.));
#2736 = DIRECTION('',(-1.,0.,0.));
#2737 = ADVANCED_FACE('',(#2738),#2757,.T.);
#2738 = FACE_BOUND('',#2739,.T.);
#2739 = EDGE_LOOP('',(#2740,#2749,#2750,#2751));
#2740 = ORIENTED_EDGE('',*,*,#2741,.T.);
#2741 = EDGE_CURVE('',#2742,#2692,#2744,.T.);
#2742 = VERTEX_POINT('',#2743);
#2743 = CARTESIAN_POINT('',(27.775000000009,6.750000000007,
    7.356732339752));
#2744 = B_SPLINE_CURVE_WITH_KNOTS('',3,(#2745,#2746,#2747,#2748),
  .UNSPECIFIED.,.F.,.F.,(4,4),(2.74477682817E-02,1.533427740723),
  .PIECEWISE_BEZIER_KNOTS.);
#2745 = CARTESIAN_POINT('',(27.775000000012,6.75,7.356732339753));
#2746 = CARTESIAN_POINT('',(27.775000000012,7.250790127706,
    7.322028136952));
#2747 = CARTESIAN_POINT('',(27.775000000009,7.750876567065,
    7.278013310723));
#2748 = CARTESIAN_POINT('',(27.775000000009,8.250000000015,
    7.224712354843));
#2749 = ORIENTED_EDGE('',*,*,#2702,.F.);
#2750 = ORIENTED_EDGE('',*,*,#2453,.F.);
#2751 = ORIENTED_EDGE('',*,*,#2752,.T.);
#2752 = EDGE_CURVE('',#2446,#2742,#2753,.T.);
#2753 = LINE('',#2754,#2755);
#2754 = CARTESIAN_POINT('',(27.775000000009,6.750000000015,-2.66E-15));
#2755 = VECTOR('',#2756,1.);
#2756 = DIRECTION('',(0.,0.,1.));
#2757 = PLANE('',#2758);
#2758 = AXIS2_PLACEMENT_3D('',#2759,#2760,#2761);
#2759 = CARTESIAN_POINT('',(27.775000000009,8.250000000015,-2.66E-15));
#2760 = DIRECTION('',(-1.,0.,0.));
#2761 = DIRECTION('',(0.,-1.,3.1E-16));
#2762 = ADVANCED_FACE('',(#2763),#2784,.T.);
#2763 = FACE_BOUND('',#2764,.T.);
#2764 = EDGE_LOOP('',(#2765,#2776,#2777,#2778));
#2765 = ORIENTED_EDGE('',*,*,#2766,.T.);
#2766 = EDGE_CURVE('',#2767,#2742,#2769,.T.);
#2767 = VERTEX_POINT('',#2768);
#2768 = CARTESIAN_POINT('',(26.775000000009,6.750000000015,
    7.356732339753));
#2769 = B_SPLINE_CURVE_WITH_KNOTS('',3,(#2770,#2771,#2772,#2773,#2774,
    #2775),.UNSPECIFIED.,.F.,.F.,(4,2,4),(1.49999999996,2.000000000076,
    2.499999999977),.UNSPECIFIED.);
#2770 = CARTESIAN_POINT('',(26.774999999987,6.750000000015,
    7.356732339753));
#2771 = CARTESIAN_POINT('',(26.941666666695,6.750000000015,
    7.356732339753));
#2772 = CARTESIAN_POINT('',(27.108333333403,6.750000000015,
    7.356732339753));
#2773 = CARTESIAN_POINT('',(27.441666666742,6.750000000015,
    7.356732339752));
#2774 = CARTESIAN_POINT('',(27.608333333377,6.750000000015,
    7.356732339752));
#2775 = CARTESIAN_POINT('',(27.775000000009,6.750000000015,
    7.356732339751));
#2776 = ORIENTED_EDGE('',*,*,#2752,.F.);
#2777 = ORIENTED_EDGE('',*,*,#2445,.F.);
#2778 = ORIENTED_EDGE('',*,*,#2779,.T.);
#2779 = EDGE_CURVE('',#2438,#2767,#2780,.T.);
#2780 = LINE('',#2781,#2782);
#2781 = CARTESIAN_POINT('',(26.775000000009,6.750000000015,-2.66E-15));
#2782 = VECTOR('',#2783,1.);
#2783 = DIRECTION('',(0.,0.,1.));
#2784 = PLANE('',#2785);
#2785 = AXIS2_PLACEMENT_3D('',#2786,#2787,#2788);
#2786 = CARTESIAN_POINT('',(27.775000000009,6.750000000015,-1.78E-15));
#2787 = DIRECTION('',(0.,1.,0.));
#2788 = DIRECTION('',(-1.,0.,0.));
#2789 = ADVANCED_FACE('',(#2790),#2802,.T.);
#2790 = FACE_BOUND('',#2791,.T.);
#2791 = EDGE_LOOP('',(#2792,#2799,#2800,#2801));
#2792 = ORIENTED_EDGE('',*,*,#2793,.T.);
#2793 = EDGE_CURVE('',#2717,#2767,#2794,.T.);
#2794 = B_SPLINE_CURVE_WITH_KNOTS('',3,(#2795,#2796,#2797,#2798),
  .UNSPECIFIED.,.F.,.F.,(4,4),(2.625561995066,4.131541967505),
  .PIECEWISE_BEZIER_KNOTS.);
#2795 = CARTESIAN_POINT('',(26.775000000005,8.250000000007,
    7.224712354844));
#2796 = CARTESIAN_POINT('',(26.775000000005,7.75087656705,7.278013310726
    ));
#2797 = CARTESIAN_POINT('',(26.775000000012,7.250790127713,
    7.322028136953));
#2798 = CARTESIAN_POINT('',(26.775000000012,6.750000000007,
    7.356732339754));
#2799 = ORIENTED_EDGE('',*,*,#2779,.F.);
#2800 = ORIENTED_EDGE('',*,*,#2437,.F.);
#2801 = ORIENTED_EDGE('',*,*,#2725,.T.);
#2802 = PLANE('',#2803);
#2803 = AXIS2_PLACEMENT_3D('',#2804,#2805,#2806);
#2804 = CARTESIAN_POINT('',(26.775000000009,9.250000000015,-3.55E-15));
#2805 = DIRECTION('',(1.,0.,0.));
#2806 = DIRECTION('',(0.,1.,-3.1E-16));
#2807 = ADVANCED_FACE('',(#2808),#2822,.F.);
#2808 = FACE_BOUND('',#2809,.F.);
#2809 = EDGE_LOOP('',(#2810,#2811,#2812,#2813,#2814,#2815,#2816,#2817,
    #2818,#2819,#2820,#2821));
#2810 = ORIENTED_EDGE('',*,*,#2566,.T.);
#2811 = ORIENTED_EDGE('',*,*,#2616,.T.);
#2812 = ORIENTED_EDGE('',*,*,#2666,.T.);
#2813 = ORIENTED_EDGE('',*,*,#2716,.T.);
#2814 = ORIENTED_EDGE('',*,*,#2793,.T.);
#2815 = ORIENTED_EDGE('',*,*,#2766,.T.);
#2816 = ORIENTED_EDGE('',*,*,#2741,.T.);
#2817 = ORIENTED_EDGE('',*,*,#2691,.T.);
#2818 = ORIENTED_EDGE('',*,*,#2641,.T.);
#2819 = ORIENTED_EDGE('',*,*,#2591,.T.);
#2820 = ORIENTED_EDGE('',*,*,#2541,.T.);
#2821 = ORIENTED_EDGE('',*,*,#2507,.T.);
#2822 = B_SPLINE_SURFACE_WITH_KNOTS('',3,3,(
    (#2823,#2824,#2825,#2826)
    ,(#2827,#2828,#2829,#2830)
    ,(#2831,#2832,#2833,#2834)
    ,(#2835,#2836,#2837,#2838
    )),.UNSPECIFIED.,.F.,.F.,.F.,(4,4),(4,4),(2.134966565478,
    2.232211298059),(-0.288008117608,-0.189063181243),
  .PIECEWISE_BEZIER_KNOTS.);
#2823 = CARTESIAN_POINT('',(29.275000000096,10.750000000473,
    6.878620597182));
#2824 = CARTESIAN_POINT('',(29.275000000125,9.424631435693,
    7.104408704693));
#2825 = CARTESIAN_POINT('',(29.275000000154,8.087977982839,
    7.264011943157));
#2826 = CARTESIAN_POINT('',(29.275000000183,6.74999999952,7.356732339783
    ));
#2827 = CARTESIAN_POINT('',(27.941666666713,10.750000000444,
    6.878620597187));
#2828 = CARTESIAN_POINT('',(27.941666666742,9.424631435664,
    7.104408704697));
#2829 = CARTESIAN_POINT('',(27.941666666771,8.08797798281,7.264011943162
    ));
#2830 = CARTESIAN_POINT('',(27.9416666668,6.749999999491,7.356732339787)
  );
#2831 = CARTESIAN_POINT('',(26.60833333333,10.750000000415,
    6.878620597192));
#2832 = CARTESIAN_POINT('',(26.608333333359,9.424631435635,
    7.104408704702));
#2833 = CARTESIAN_POINT('',(26.608333333388,8.087977982781,
    7.264011943166));
#2834 = CARTESIAN_POINT('',(26.608333333417,6.749999999462,
    7.356732339792));
#2835 = CARTESIAN_POINT('',(25.274999999947,10.750000000386,
    6.878620597196));
#2836 = CARTESIAN_POINT('',(25.274999999976,9.424631435606,
    7.104408704707));
#2837 = CARTESIAN_POINT('',(25.275000000005,8.087977982752,
    7.264011943171));
#2838 = CARTESIAN_POINT('',(25.275000000034,6.749999999432,
    7.356732339797));
#2839 = ADVANCED_FACE('',(#2840,#2843),#2941,.T.);
#2840 = FACE_BOUND('',#2841,.T.);
#2841 = EDGE_LOOP('',(#2842));
#2842 = ORIENTED_EDGE('',*,*,#435,.T.);
#2843 = FACE_BOUND('',#2844,.T.);
#2844 = EDGE_LOOP('',(#2845,#2855,#2863,#2871,#2879,#2887,#2895,#2903,
    #2911,#2919,#2927,#2935));
#2845 = ORIENTED_EDGE('',*,*,#2846,.T.);
#2846 = EDGE_CURVE('',#2847,#2849,#2851,.T.);
#2847 = VERTEX_POINT('',#2848);
#2848 = CARTESIAN_POINT('',(38.725000000006,10.750000000015,0.2));
#2849 = VERTEX_POINT('',#2850);
#2850 = CARTESIAN_POINT('',(38.725000000006,9.250000000015,0.2));
#2851 = LINE('',#2852,#2853);
#2852 = CARTESIAN_POINT('',(38.725000000006,4.503986245516,0.2));
#2853 = VECTOR('',#2854,1.);
#2854 = DIRECTION('',(0.,-1.,3.1E-16));
#2855 = ORIENTED_EDGE('',*,*,#2856,.T.);
#2856 = EDGE_CURVE('',#2849,#2857,#2859,.T.);
#2857 = VERTEX_POINT('',#2858);
#2858 = CARTESIAN_POINT('',(37.225000000006,9.250000000015,0.2));
#2859 = LINE('',#2860,#2861);
#2860 = CARTESIAN_POINT('',(33.725000000006,9.250000000015,0.2));
#2861 = VECTOR('',#2862,1.);
#2862 = DIRECTION('',(-1.,0.,0.));
#2863 = ORIENTED_EDGE('',*,*,#2864,.T.);
#2864 = EDGE_CURVE('',#2857,#2865,#2867,.T.);
#2865 = VERTEX_POINT('',#2866);
#2866 = CARTESIAN_POINT('',(37.225000000006,8.250000000015,0.2));
#2867 = LINE('',#2868,#2869);
#2868 = CARTESIAN_POINT('',(37.225000000006,4.003986245516,0.2));
#2869 = VECTOR('',#2870,1.);
#2870 = DIRECTION('',(0.,-1.,3.1E-16));
#2871 = ORIENTED_EDGE('',*,*,#2872,.T.);
#2872 = EDGE_CURVE('',#2865,#2873,#2875,.T.);
#2873 = VERTEX_POINT('',#2874);
#2874 = CARTESIAN_POINT('',(38.725000000006,8.250000000015,0.2));
#2875 = LINE('',#2876,#2877);
#2876 = CARTESIAN_POINT('',(34.475000000006,8.250000000015,0.2));
#2877 = VECTOR('',#2878,1.);
#2878 = DIRECTION('',(1.,0.,0.));
#2879 = ORIENTED_EDGE('',*,*,#2880,.T.);
#2880 = EDGE_CURVE('',#2873,#2881,#2883,.T.);
#2881 = VERTEX_POINT('',#2882);
#2882 = CARTESIAN_POINT('',(38.725000000006,6.750000000015,0.2));
#2883 = LINE('',#2884,#2885);
#2884 = CARTESIAN_POINT('',(38.725000000006,4.503986245516,0.2));
#2885 = VECTOR('',#2886,1.);
#2886 = DIRECTION('',(0.,-1.,3.1E-16));
#2887 = ORIENTED_EDGE('',*,*,#2888,.T.);
#2888 = EDGE_CURVE('',#2881,#2889,#2891,.T.);
#2889 = VERTEX_POINT('',#2890);
#2890 = CARTESIAN_POINT('',(39.725000000006,6.750000000015,0.2));
#2891 = LINE('',#2892,#2893);
#2892 = CARTESIAN_POINT('',(34.975000000006,6.750000000015,0.2));
#2893 = VECTOR('',#2894,1.);
#2894 = DIRECTION('',(1.,0.,0.));
#2895 = ORIENTED_EDGE('',*,*,#2896,.T.);
#2896 = EDGE_CURVE('',#2889,#2897,#2899,.T.);
#2897 = VERTEX_POINT('',#2898);
#2898 = CARTESIAN_POINT('',(39.725000000006,8.250000000015,0.2));
#2899 = LINE('',#2900,#2901);
#2900 = CARTESIAN_POINT('',(39.725000000006,4.003986245516,0.2));
#2901 = VECTOR('',#2902,1.);
#2902 = DIRECTION('',(0.,1.,-3.1E-16));
#2903 = ORIENTED_EDGE('',*,*,#2904,.T.);
#2904 = EDGE_CURVE('',#2897,#2905,#2907,.T.);
#2905 = VERTEX_POINT('',#2906);
#2906 = CARTESIAN_POINT('',(41.225000000006,8.250000000015,0.2));
#2907 = LINE('',#2908,#2909);
#2908 = CARTESIAN_POINT('',(34.475000000006,8.250000000015,0.2));
#2909 = VECTOR('',#2910,1.);
#2910 = DIRECTION('',(1.,0.,0.));
#2911 = ORIENTED_EDGE('',*,*,#2912,.T.);
#2912 = EDGE_CURVE('',#2905,#2913,#2915,.T.);
#2913 = VERTEX_POINT('',#2914);
#2914 = CARTESIAN_POINT('',(41.225000000006,9.250000000015,0.2));
#2915 = LINE('',#2916,#2917);
#2916 = CARTESIAN_POINT('',(41.225000000006,4.503986245516,0.2));
#2917 = VECTOR('',#2918,1.);
#2918 = DIRECTION('',(0.,1.,-3.1E-16));
#2919 = ORIENTED_EDGE('',*,*,#2920,.T.);
#2920 = EDGE_CURVE('',#2913,#2921,#2923,.T.);
#2921 = VERTEX_POINT('',#2922);
#2922 = CARTESIAN_POINT('',(39.725000000006,9.250000000015,0.2));
#2923 = LINE('',#2924,#2925);
#2924 = CARTESIAN_POINT('',(34.975000000006,9.250000000015,0.2));
#2925 = VECTOR('',#2926,1.);
#2926 = DIRECTION('',(-1.,0.,0.));
#2927 = ORIENTED_EDGE('',*,*,#2928,.T.);
#2928 = EDGE_CURVE('',#2921,#2929,#2931,.T.);
#2929 = VERTEX_POINT('',#2930);
#2930 = CARTESIAN_POINT('',(39.725000000006,10.750000000015,0.2));
#2931 = LINE('',#2932,#2933);
#2932 = CARTESIAN_POINT('',(39.725000000006,5.253986245516,0.2));
#2933 = VECTOR('',#2934,1.);
#2934 = DIRECTION('',(0.,1.,-3.1E-16));
#2935 = ORIENTED_EDGE('',*,*,#2936,.T.);
#2936 = EDGE_CURVE('',#2929,#2847,#2937,.T.);
#2937 = LINE('',#2938,#2939);
#2938 = CARTESIAN_POINT('',(34.475000000006,10.750000000015,0.2));
#2939 = VECTOR('',#2940,1.);
#2940 = DIRECTION('',(-1.,0.,0.));
#2941 = PLANE('',#2942);
#2942 = AXIS2_PLACEMENT_3D('',#2943,#2944,#2945);
#2943 = CARTESIAN_POINT('',(30.225000000006,-0.242027508983,0.2));
#2944 = DIRECTION('',(0.,-3.1E-16,-1.));
#2945 = DIRECTION('',(0.,1.,-3.1E-16));
#2946 = ADVANCED_FACE('',(#2947),#2975,.T.);
#2947 = FACE_BOUND('',#2948,.T.);
#2948 = EDGE_LOOP('',(#2949,#2962,#2968,#2969));
#2949 = ORIENTED_EDGE('',*,*,#2950,.T.);
#2950 = EDGE_CURVE('',#2951,#2953,#2955,.T.);
#2951 = VERTEX_POINT('',#2952);
#2952 = CARTESIAN_POINT('',(39.725000000006,10.750000000007,
    6.878620597264));
#2953 = VERTEX_POINT('',#2954);
#2954 = CARTESIAN_POINT('',(38.725000000006,10.750000000015,
    6.878620597262));
#2955 = B_SPLINE_CURVE_WITH_KNOTS('',3,(#2956,#2957,#2958,#2959,#2960,
    #2961),.UNSPECIFIED.,.F.,.F.,(4,2,4),(1.500000000102,2.000000000127,
    2.500000000087),.UNSPECIFIED.);
#2956 = CARTESIAN_POINT('',(39.724999999991,10.750000000015,
    6.878620597263));
#2957 = CARTESIAN_POINT('',(39.558333333316,10.750000000015,
    6.878620597263));
#2958 = CARTESIAN_POINT('',(39.391666666641,10.750000000015,
    6.878620597263));
#2959 = CARTESIAN_POINT('',(39.058333333312,10.750000000015,
    6.878620597263));
#2960 = CARTESIAN_POINT('',(38.891666666659,10.750000000015,
    6.878620597263));
#2961 = CARTESIAN_POINT('',(38.725000000006,10.750000000015,
    6.878620597263));
#2962 = ORIENTED_EDGE('',*,*,#2963,.F.);
#2963 = EDGE_CURVE('',#2847,#2953,#2964,.T.);
#2964 = LINE('',#2965,#2966);
#2965 = CARTESIAN_POINT('',(38.725000000006,10.750000000015,-3.55E-15));
#2966 = VECTOR('',#2967,1.);
#2967 = DIRECTION('',(0.,0.,1.));
#2968 = ORIENTED_EDGE('',*,*,#2936,.F.);
#2969 = ORIENTED_EDGE('',*,*,#2970,.T.);
#2970 = EDGE_CURVE('',#2929,#2951,#2971,.T.);
#2971 = LINE('',#2972,#2973);
#2972 = CARTESIAN_POINT('',(39.725000000006,10.750000000015,-3.55E-15));
#2973 = VECTOR('',#2974,1.);
#2974 = DIRECTION('',(0.,0.,1.));
#2975 = PLANE('',#2976);
#2976 = AXIS2_PLACEMENT_3D('',#2977,#2978,#2979);
#2977 = CARTESIAN_POINT('',(38.725000000006,10.750000000015,-3.55E-15));
#2978 = DIRECTION('',(0.,-1.,0.));
#2979 = DIRECTION('',(1.,0.,0.));
#2980 = ADVANCED_FACE('',(#2981),#3000,.T.);
#2981 = FACE_BOUND('',#2982,.T.);
#2982 = EDGE_LOOP('',(#2983,#2992,#2993,#2994));
#2983 = ORIENTED_EDGE('',*,*,#2984,.T.);
#2984 = EDGE_CURVE('',#2985,#2951,#2987,.T.);
#2985 = VERTEX_POINT('',#2986);
#2986 = CARTESIAN_POINT('',(39.725000000006,9.250000000022,
    7.105325201951));
#2987 = B_SPLINE_CURVE_WITH_KNOTS('',3,(#2988,#2989,#2990,#2991),
  .UNSPECIFIED.,.F.,.F.,(4,4),(2.54058900054,4.057811964827),
  .PIECEWISE_BEZIER_KNOTS.);
#2988 = CARTESIAN_POINT('',(39.725000000006,9.250000000015,
    7.105325201952));
#2989 = CARTESIAN_POINT('',(39.725000000006,9.751361642026,
    7.039134107931));
#2990 = CARTESIAN_POINT('',(39.725000000006,10.251449486554,
    6.963553030332));
#2991 = CARTESIAN_POINT('',(39.725000000006,10.750000000007,
    6.878620597263));
#2992 = ORIENTED_EDGE('',*,*,#2970,.F.);
#2993 = ORIENTED_EDGE('',*,*,#2928,.F.);
#2994 = ORIENTED_EDGE('',*,*,#2995,.T.);
#2995 = EDGE_CURVE('',#2921,#2985,#2996,.T.);
#2996 = LINE('',#2997,#2998);
#2997 = CARTESIAN_POINT('',(39.725000000006,9.250000000015,-3.55E-15));
#2998 = VECTOR('',#2999,1.);
#2999 = DIRECTION('',(0.,0.,1.));
#3000 = PLANE('',#3001);
#3001 = AXIS2_PLACEMENT_3D('',#3002,#3003,#3004);
#3002 = CARTESIAN_POINT('',(39.725000000006,10.750000000015,-3.55E-15));
#3003 = DIRECTION('',(-1.,0.,0.));
#3004 = DIRECTION('',(0.,-1.,3.1E-16));
#3005 = ADVANCED_FACE('',(#3006),#3025,.T.);
#3006 = FACE_BOUND('',#3007,.T.);
#3007 = EDGE_LOOP('',(#3008,#3017,#3023,#3024));
#3008 = ORIENTED_EDGE('',*,*,#3009,.T.);
#3009 = EDGE_CURVE('',#2953,#3010,#3012,.T.);
#3010 = VERTEX_POINT('',#3011);
#3011 = CARTESIAN_POINT('',(38.725000000006,9.250000000022,
    7.105325201953));
#3012 = B_SPLINE_CURVE_WITH_KNOTS('',3,(#3013,#3014,#3015,#3016),
  .UNSPECIFIED.,.F.,.F.,(4,4),(0.101177770949,1.61840073524),
  .PIECEWISE_BEZIER_KNOTS.);
#3013 = CARTESIAN_POINT('',(38.725000000006,10.750000000007,
    6.878620597264));
#3014 = CARTESIAN_POINT('',(38.725000000006,10.251449486546,
    6.963553030334));
#3015 = CARTESIAN_POINT('',(38.725000000006,9.75136164204,7.03913410793)
  );
#3016 = CARTESIAN_POINT('',(38.725000000006,9.250000000029,
    7.105325201951));
#3017 = ORIENTED_EDGE('',*,*,#3018,.F.);
#3018 = EDGE_CURVE('',#2849,#3010,#3019,.T.);
#3019 = LINE('',#3020,#3021);
#3020 = CARTESIAN_POINT('',(38.725000000006,9.250000000015,-3.55E-15));
#3021 = VECTOR('',#3022,1.);
#3022 = DIRECTION('',(0.,0.,1.));
#3023 = ORIENTED_EDGE('',*,*,#2846,.F.);
#3024 = ORIENTED_EDGE('',*,*,#2963,.T.);
#3025 = PLANE('',#3026);
#3026 = AXIS2_PLACEMENT_3D('',#3027,#3028,#3029);
#3027 = CARTESIAN_POINT('',(38.725000000006,9.250000000015,-3.55E-15));
#3028 = DIRECTION('',(1.,0.,0.));
#3029 = DIRECTION('',(0.,1.,-3.1E-16));
#3030 = ADVANCED_FACE('',(#3031),#3050,.T.);
#3031 = FACE_BOUND('',#3032,.T.);
#3032 = EDGE_LOOP('',(#3033,#3042,#3043,#3044));
#3033 = ORIENTED_EDGE('',*,*,#3034,.T.);
#3034 = EDGE_CURVE('',#3035,#2985,#3037,.T.);
#3035 = VERTEX_POINT('',#3036);
#3036 = CARTESIAN_POINT('',(41.225000000006,9.250000000015,
    7.105325201952));
#3037 = B_SPLINE_CURVE_WITH_KNOTS('',3,(#3038,#3039,#3040,#3041),
  .UNSPECIFIED.,.F.,.F.,(4,4),(0.,1.50000000012),
  .PIECEWISE_BEZIER_KNOTS.);
#3038 = CARTESIAN_POINT('',(41.225000000126,9.250000000015,
    7.105325201951));
#3039 = CARTESIAN_POINT('',(40.725000000086,9.250000000015,
    7.105325201951));
#3040 = CARTESIAN_POINT('',(40.225000000046,9.250000000022,
    7.105325201951));
#3041 = CARTESIAN_POINT('',(39.725000000006,9.250000000022,
    7.105325201952));
#3042 = ORIENTED_EDGE('',*,*,#2995,.F.);
#3043 = ORIENTED_EDGE('',*,*,#2920,.F.);
#3044 = ORIENTED_EDGE('',*,*,#3045,.T.);
#3045 = EDGE_CURVE('',#2913,#3035,#3046,.T.);
#3046 = LINE('',#3047,#3048);
#3047 = CARTESIAN_POINT('',(41.225000000006,9.250000000015,-3.55E-15));
#3048 = VECTOR('',#3049,1.);
#3049 = DIRECTION('',(0.,0.,1.));
#3050 = PLANE('',#3051);
#3051 = AXIS2_PLACEMENT_3D('',#3052,#3053,#3054);
#3052 = CARTESIAN_POINT('',(39.725000000006,9.250000000015,-3.55E-15));
#3053 = DIRECTION('',(0.,-1.,0.));
#3054 = DIRECTION('',(1.,0.,0.));
#3055 = ADVANCED_FACE('',(#3056),#3075,.T.);
#3056 = FACE_BOUND('',#3057,.T.);
#3057 = EDGE_LOOP('',(#3058,#3067,#3073,#3074));
#3058 = ORIENTED_EDGE('',*,*,#3059,.T.);
#3059 = EDGE_CURVE('',#3010,#3060,#3062,.T.);
#3060 = VERTEX_POINT('',#3061);
#3061 = CARTESIAN_POINT('',(37.225000000006,9.250000000015,
    7.105325201953));
#3062 = B_SPLINE_CURVE_WITH_KNOTS('',3,(#3063,#3064,#3065,#3066),
  .UNSPECIFIED.,.F.,.F.,(4,4),(2.500000000118,4.000000000255),
  .PIECEWISE_BEZIER_KNOTS.);
#3063 = CARTESIAN_POINT('',(38.72500000001,9.250000000022,7.105325201952
    ));
#3064 = CARTESIAN_POINT('',(38.224999999962,9.250000000022,
    7.105325201953));
#3065 = CARTESIAN_POINT('',(37.724999999919,9.250000000007,
    7.105325201953));
#3066 = CARTESIAN_POINT('',(37.224999999871,9.250000000007,
    7.105325201954));
#3067 = ORIENTED_EDGE('',*,*,#3068,.F.);
#3068 = EDGE_CURVE('',#2857,#3060,#3069,.T.);
#3069 = LINE('',#3070,#3071);
#3070 = CARTESIAN_POINT('',(37.225000000006,9.250000000015,-3.55E-15));
#3071 = VECTOR('',#3072,1.);
#3072 = DIRECTION('',(0.,0.,1.));
#3073 = ORIENTED_EDGE('',*,*,#2856,.F.);
#3074 = ORIENTED_EDGE('',*,*,#3018,.T.);
#3075 = PLANE('',#3076);
#3076 = AXIS2_PLACEMENT_3D('',#3077,#3078,#3079);
#3077 = CARTESIAN_POINT('',(37.225000000006,9.250000000015,-3.55E-15));
#3078 = DIRECTION('',(0.,-1.,0.));
#3079 = DIRECTION('',(1.,0.,0.));
#3080 = ADVANCED_FACE('',(#3081),#3100,.T.);
#3081 = FACE_BOUND('',#3082,.T.);
#3082 = EDGE_LOOP('',(#3083,#3092,#3093,#3094));
#3083 = ORIENTED_EDGE('',*,*,#3084,.T.);
#3084 = EDGE_CURVE('',#3085,#3035,#3087,.T.);
#3085 = VERTEX_POINT('',#3086);
#3086 = CARTESIAN_POINT('',(41.225000000006,8.250000000022,
    7.224712354827));
#3087 = B_SPLINE_CURVE_WITH_KNOTS('',3,(#3088,#3089,#3090,#3091),
  .UNSPECIFIED.,.F.,.F.,(4,4),(0.226065241563,0.250786779267),
  .PIECEWISE_BEZIER_KNOTS.);
#3088 = CARTESIAN_POINT('',(41.225000000151,8.249998932908,
    7.224685126322));
#3089 = CARTESIAN_POINT('',(41.225000000144,8.583699146046,
    7.189044657022));
#3090 = CARTESIAN_POINT('',(41.225000000137,8.917084148597,
    7.149245269979));
#3091 = CARTESIAN_POINT('',(41.225000000129,9.249998587213,7.10529785159
    ));
#3092 = ORIENTED_EDGE('',*,*,#3045,.F.);
#3093 = ORIENTED_EDGE('',*,*,#2912,.F.);
#3094 = ORIENTED_EDGE('',*,*,#3095,.T.);
#3095 = EDGE_CURVE('',#2905,#3085,#3096,.T.);
#3096 = LINE('',#3097,#3098);
#3097 = CARTESIAN_POINT('',(41.225000000006,8.250000000015,-2.66E-15));
#3098 = VECTOR('',#3099,1.);
#3099 = DIRECTION('',(0.,0.,1.));
#3100 = PLANE('',#3101);
#3101 = AXIS2_PLACEMENT_3D('',#3102,#3103,#3104);
#3102 = CARTESIAN_POINT('',(41.225000000006,9.250000000015,-3.55E-15));
#3103 = DIRECTION('',(-1.,0.,0.));
#3104 = DIRECTION('',(0.,-1.,3.1E-16));
#3105 = ADVANCED_FACE('',(#3106),#3125,.T.);
#3106 = FACE_BOUND('',#3107,.T.);
#3107 = EDGE_LOOP('',(#3108,#3117,#3123,#3124));
#3108 = ORIENTED_EDGE('',*,*,#3109,.T.);
#3109 = EDGE_CURVE('',#3060,#3110,#3112,.T.);
#3110 = VERTEX_POINT('',#3111);
#3111 = CARTESIAN_POINT('',(37.225000000006,8.250000000007,
    7.224712354832));
#3112 = B_SPLINE_CURVE_WITH_KNOTS('',3,(#3113,#3114,#3115,#3116),
  .UNSPECIFIED.,.F.,.F.,(4,4),(-0.250786779269,-0.226065241565),
  .PIECEWISE_BEZIER_KNOTS.);
#3113 = CARTESIAN_POINT('',(37.224999999871,9.249998587227,
    7.105297851591));
#3114 = CARTESIAN_POINT('',(37.224999999878,8.917084148605,
    7.149245269982));
#3115 = CARTESIAN_POINT('',(37.224999999886,8.583699146038,
    7.189044657027));
#3116 = CARTESIAN_POINT('',(37.224999999893,8.249998932894,
    7.224685126328));
#3117 = ORIENTED_EDGE('',*,*,#3118,.F.);
#3118 = EDGE_CURVE('',#2865,#3110,#3119,.T.);
#3119 = LINE('',#3120,#3121);
#3120 = CARTESIAN_POINT('',(37.225000000006,8.250000000015,-2.66E-15));
#3121 = VECTOR('',#3122,1.);
#3122 = DIRECTION('',(0.,0.,1.));
#3123 = ORIENTED_EDGE('',*,*,#2864,.F.);
#3124 = ORIENTED_EDGE('',*,*,#3068,.T.);
#3125 = PLANE('',#3126);
#3126 = AXIS2_PLACEMENT_3D('',#3127,#3128,#3129);
#3127 = CARTESIAN_POINT('',(37.225000000006,8.250000000015,-2.66E-15));
#3128 = DIRECTION('',(1.,0.,0.));
#3129 = DIRECTION('',(0.,1.,-3.1E-16));
#3130 = ADVANCED_FACE('',(#3131),#3150,.T.);
#3131 = FACE_BOUND('',#3132,.T.);
#3132 = EDGE_LOOP('',(#3133,#3142,#3143,#3144));
#3133 = ORIENTED_EDGE('',*,*,#3134,.T.);
#3134 = EDGE_CURVE('',#3135,#3085,#3137,.T.);
#3135 = VERTEX_POINT('',#3136);
#3136 = CARTESIAN_POINT('',(39.725000000006,8.250000000022,
    7.224712354829));
#3137 = B_SPLINE_CURVE_WITH_KNOTS('',3,(#3138,#3139,#3140,#3141),
  .UNSPECIFIED.,.F.,.F.,(4,4),(2.500000000111,4.000000000255),
  .PIECEWISE_BEZIER_KNOTS.);
#3138 = CARTESIAN_POINT('',(39.72500000001,8.249998932908,7.224685126323
    ));
#3139 = CARTESIAN_POINT('',(40.225000000057,8.249998932923,
    7.224685126322));
#3140 = CARTESIAN_POINT('',(40.725000000104,8.24999893293,7.22468512632)
  );
#3141 = CARTESIAN_POINT('',(41.225000000151,8.249998932944,
    7.224685126318));
#3142 = ORIENTED_EDGE('',*,*,#3095,.F.);
#3143 = ORIENTED_EDGE('',*,*,#2904,.F.);
#3144 = ORIENTED_EDGE('',*,*,#3145,.T.);
#3145 = EDGE_CURVE('',#2897,#3135,#3146,.T.);
#3146 = LINE('',#3147,#3148);
#3147 = CARTESIAN_POINT('',(39.725000000006,8.250000000015,-2.66E-15));
#3148 = VECTOR('',#3149,1.);
#3149 = DIRECTION('',(0.,0.,1.));
#3150 = PLANE('',#3151);
#3151 = AXIS2_PLACEMENT_3D('',#3152,#3153,#3154);
#3152 = CARTESIAN_POINT('',(38.725000000006,8.250000000015,-2.66E-15));
#3153 = DIRECTION('',(0.,1.,0.));
#3154 = DIRECTION('',(-1.,0.,0.));
#3155 = ADVANCED_FACE('',(#3156),#3175,.T.);
#3156 = FACE_BOUND('',#3157,.T.);
#3157 = EDGE_LOOP('',(#3158,#3167,#3173,#3174));
#3158 = ORIENTED_EDGE('',*,*,#3159,.T.);
#3159 = EDGE_CURVE('',#3110,#3160,#3162,.T.);
#3160 = VERTEX_POINT('',#3161);
#3161 = CARTESIAN_POINT('',(38.725000000006,8.250000000015,7.22471235483
    ));
#3162 = B_SPLINE_CURVE_WITH_KNOTS('',3,(#3163,#3164,#3165,#3166),
  .UNSPECIFIED.,.F.,.F.,(4,4),(0.,1.50000000011),
  .PIECEWISE_BEZIER_KNOTS.);
#3163 = CARTESIAN_POINT('',(37.224999999897,8.249998932915,
    7.224685126326));
#3164 = CARTESIAN_POINT('',(37.724999999933,8.24999893293,7.224685126324
    ));
#3165 = CARTESIAN_POINT('',(38.224999999969,8.249998932937,
    7.224685126323));
#3166 = CARTESIAN_POINT('',(38.725000000006,8.249998932952,
    7.224685126321));
#3167 = ORIENTED_EDGE('',*,*,#3168,.F.);
#3168 = EDGE_CURVE('',#2873,#3160,#3169,.T.);
#3169 = LINE('',#3170,#3171);
#3170 = CARTESIAN_POINT('',(38.725000000006,8.250000000015,-2.66E-15));
#3171 = VECTOR('',#3172,1.);
#3172 = DIRECTION('',(0.,0.,1.));
#3173 = ORIENTED_EDGE('',*,*,#2872,.F.);
#3174 = ORIENTED_EDGE('',*,*,#3118,.T.);
#3175 = PLANE('',#3176);
#3176 = AXIS2_PLACEMENT_3D('',#3177,#3178,#3179);
#3177 = CARTESIAN_POINT('',(38.725000000006,8.250000000015,-2.66E-15));
#3178 = DIRECTION('',(0.,1.,0.));
#3179 = DIRECTION('',(-1.,0.,0.));
#3180 = ADVANCED_FACE('',(#3181),#3200,.T.);
#3181 = FACE_BOUND('',#3182,.T.);
#3182 = EDGE_LOOP('',(#3183,#3192,#3193,#3194));
#3183 = ORIENTED_EDGE('',*,*,#3184,.T.);
#3184 = EDGE_CURVE('',#3185,#3135,#3187,.T.);
#3185 = VERTEX_POINT('',#3186);
#3186 = CARTESIAN_POINT('',(39.725000000006,6.750000000022,
    7.356732339727));
#3187 = B_SPLINE_CURVE_WITH_KNOTS('',3,(#3188,#3189,#3190,#3191),
  .UNSPECIFIED.,.F.,.F.,(4,4),(2.744776830357E-02,1.533427740748),
  .PIECEWISE_BEZIER_KNOTS.);
#3188 = CARTESIAN_POINT('',(39.725000000006,6.750000000036,
    7.356732339726));
#3189 = CARTESIAN_POINT('',(39.725000000006,7.25079012775,7.322028136928
    ));
#3190 = CARTESIAN_POINT('',(39.725000000006,7.750876567086,
    7.278013310704));
#3191 = CARTESIAN_POINT('',(39.725000000006,8.250000000036,
    7.224712354827));
#3192 = ORIENTED_EDGE('',*,*,#3145,.F.);
#3193 = ORIENTED_EDGE('',*,*,#2896,.F.);
#3194 = ORIENTED_EDGE('',*,*,#3195,.T.);
#3195 = EDGE_CURVE('',#2889,#3185,#3196,.T.);
#3196 = LINE('',#3197,#3198);
#3197 = CARTESIAN_POINT('',(39.725000000006,6.750000000015,-2.66E-15));
#3198 = VECTOR('',#3199,1.);
#3199 = DIRECTION('',(0.,0.,1.));
#3200 = PLANE('',#3201);
#3201 = AXIS2_PLACEMENT_3D('',#3202,#3203,#3204);
#3202 = CARTESIAN_POINT('',(39.725000000006,8.250000000015,-2.66E-15));
#3203 = DIRECTION('',(-1.,0.,0.));
#3204 = DIRECTION('',(0.,-1.,3.1E-16));
#3205 = ADVANCED_FACE('',(#3206),#3227,.T.);
#3206 = FACE_BOUND('',#3207,.T.);
#3207 = EDGE_LOOP('',(#3208,#3219,#3220,#3221));
#3208 = ORIENTED_EDGE('',*,*,#3209,.T.);
#3209 = EDGE_CURVE('',#3210,#3185,#3212,.T.);
#3210 = VERTEX_POINT('',#3211);
#3211 = CARTESIAN_POINT('',(38.725000000006,6.750000000022,
    7.356732339729));
#3212 = B_SPLINE_CURVE_WITH_KNOTS('',3,(#3213,#3214,#3215,#3216,#3217,
    #3218),.UNSPECIFIED.,.F.,.F.,(4,2,4),(1.500000000091,2.000000000127,
    2.500000000079),.UNSPECIFIED.);
#3213 = CARTESIAN_POINT('',(38.72500000002,6.750000000015,7.35673233973)
  );
#3214 = CARTESIAN_POINT('',(38.891666666699,6.750000000015,
    7.356732339729));
#3215 = CARTESIAN_POINT('',(39.058333333378,6.750000000015,
    7.356732339729));
#3216 = CARTESIAN_POINT('',(39.391666666706,6.750000000022,
    7.356732339728));
#3217 = CARTESIAN_POINT('',(39.558333333356,6.750000000015,
    7.356732339728));
#3218 = CARTESIAN_POINT('',(39.725000000006,6.750000000015,
    7.356732339728));
#3219 = ORIENTED_EDGE('',*,*,#3195,.F.);
#3220 = ORIENTED_EDGE('',*,*,#2888,.F.);
#3221 = ORIENTED_EDGE('',*,*,#3222,.T.);
#3222 = EDGE_CURVE('',#2881,#3210,#3223,.T.);
#3223 = LINE('',#3224,#3225);
#3224 = CARTESIAN_POINT('',(38.725000000006,6.750000000015,-2.66E-15));
#3225 = VECTOR('',#3226,1.);
#3226 = DIRECTION('',(0.,0.,1.));
#3227 = PLANE('',#3228);
#3228 = AXIS2_PLACEMENT_3D('',#3229,#3230,#3231);
#3229 = CARTESIAN_POINT('',(39.725000000006,6.750000000015,-1.78E-15));
#3230 = DIRECTION('',(0.,1.,0.));
#3231 = DIRECTION('',(-1.,0.,0.));
#3232 = ADVANCED_FACE('',(#3233),#3245,.T.);
#3233 = FACE_BOUND('',#3234,.T.);
#3234 = EDGE_LOOP('',(#3235,#3242,#3243,#3244));
#3235 = ORIENTED_EDGE('',*,*,#3236,.T.);
#3236 = EDGE_CURVE('',#3160,#3210,#3237,.T.);
#3237 = B_SPLINE_CURVE_WITH_KNOTS('',3,(#3238,#3239,#3240,#3241),
  .UNSPECIFIED.,.F.,.F.,(4,4),(2.625561995053,4.131541967495),
  .PIECEWISE_BEZIER_KNOTS.);
#3238 = CARTESIAN_POINT('',(38.725000000006,8.250000000022,
    7.224712354829));
#3239 = CARTESIAN_POINT('',(38.725000000006,7.750876567065,
    7.278013310707));
#3240 = CARTESIAN_POINT('',(38.72500000001,7.250790127728,7.322028136931
    ));
#3241 = CARTESIAN_POINT('',(38.72500000001,6.750000000022,7.356732339729
    ));
#3242 = ORIENTED_EDGE('',*,*,#3222,.F.);
#3243 = ORIENTED_EDGE('',*,*,#2880,.F.);
#3244 = ORIENTED_EDGE('',*,*,#3168,.T.);
#3245 = PLANE('',#3246);
#3246 = AXIS2_PLACEMENT_3D('',#3247,#3248,#3249);
#3247 = CARTESIAN_POINT('',(38.725000000006,9.250000000015,-3.55E-15));
#3248 = DIRECTION('',(1.,0.,0.));
#3249 = DIRECTION('',(0.,1.,-3.1E-16));
#3250 = ADVANCED_FACE('',(#3251),#3265,.F.);
#3251 = FACE_BOUND('',#3252,.F.);
#3252 = EDGE_LOOP('',(#3253,#3254,#3255,#3256,#3257,#3258,#3259,#3260,
    #3261,#3262,#3263,#3264));
#3253 = ORIENTED_EDGE('',*,*,#3009,.T.);
#3254 = ORIENTED_EDGE('',*,*,#3059,.T.);
#3255 = ORIENTED_EDGE('',*,*,#3109,.T.);
#3256 = ORIENTED_EDGE('',*,*,#3159,.T.);
#3257 = ORIENTED_EDGE('',*,*,#3236,.T.);
#3258 = ORIENTED_EDGE('',*,*,#3209,.T.);
#3259 = ORIENTED_EDGE('',*,*,#3184,.T.);
#3260 = ORIENTED_EDGE('',*,*,#3134,.T.);
#3261 = ORIENTED_EDGE('',*,*,#3084,.T.);
#3262 = ORIENTED_EDGE('',*,*,#3034,.T.);
#3263 = ORIENTED_EDGE('',*,*,#2984,.T.);
#3264 = ORIENTED_EDGE('',*,*,#2950,.T.);
#3265 = B_SPLINE_SURFACE_WITH_KNOTS('',3,3,(
    (#3266,#3267,#3268,#3269)
    ,(#3270,#3271,#3272,#3273)
    ,(#3274,#3275,#3276,#3277)
    ,(#3278,#3279,#3280,#3281
    )),.UNSPECIFIED.,.F.,.F.,.F.,(4,4),(4,4),(1.844447926904,
    1.941692659488),(-0.288008117601,-0.189063181237),
  .PIECEWISE_BEZIER_KNOTS.);
#3266 = CARTESIAN_POINT('',(41.225000000093,10.750000000466,
    6.878620597186));
#3267 = CARTESIAN_POINT('',(41.225000000122,9.424631435686,
    7.104408704686));
#3268 = CARTESIAN_POINT('',(41.225000000155,8.087977982839,
    7.264011943141));
#3269 = CARTESIAN_POINT('',(41.225000000184,6.749999999527,
    7.356732339758));
#3270 = CARTESIAN_POINT('',(39.891666666674,10.750000000437,
    6.878620597191));
#3271 = CARTESIAN_POINT('',(39.891666666703,9.424631435657,
    7.104408704691));
#3272 = CARTESIAN_POINT('',(39.891666666736,8.08797798281,7.264011943146
    ));
#3273 = CARTESIAN_POINT('',(39.891666666765,6.749999999498,
    7.356732339763));
#3274 = CARTESIAN_POINT('',(38.558333333258,10.750000000407,
    6.878620597195));
#3275 = CARTESIAN_POINT('',(38.558333333287,9.424631435628,
    7.104408704696));
#3276 = CARTESIAN_POINT('',(38.55833333332,8.087977982781,7.264011943151
    ));
#3277 = CARTESIAN_POINT('',(38.558333333349,6.749999999469,
    7.356732339768));
#3278 = CARTESIAN_POINT('',(37.224999999839,10.750000000378,6.8786205972
    ));
#3279 = CARTESIAN_POINT('',(37.224999999868,9.424631435599,
    7.104408704701));
#3280 = CARTESIAN_POINT('',(37.2249999999,8.087977982752,7.264011943156)
  );
#3281 = CARTESIAN_POINT('',(37.224999999929,6.74999999944,7.356732339772
    ));
#3282 = ADVANCED_FACE('',(#3283),#3321,.F.);
#3283 = FACE_BOUND('',#3284,.F.);
#3284 = EDGE_LOOP('',(#3285,#3296,#3305,#3314));
#3285 = ORIENTED_EDGE('',*,*,#3286,.F.);
#3286 = EDGE_CURVE('',#3287,#3289,#3291,.T.);
#3287 = VERTEX_POINT('',#3288);
#3288 = CARTESIAN_POINT('',(49.796577912275,3.840907994927,
    8.703269387671));
#3289 = VERTEX_POINT('',#3290);
#3290 = CARTESIAN_POINT('',(4.753422087844,3.840907995007,8.703269387834
    ));
#3291 = B_SPLINE_CURVE_WITH_KNOTS('',3,(#3292,#3293,#3294,#3295),
  .UNSPECIFIED.,.F.,.F.,(4,4),(0.,45.043155824445),
  .PIECEWISE_BEZIER_KNOTS.);
#3292 = CARTESIAN_POINT('',(49.796577912279,3.840907994934,
    8.703269387671));
#3293 = CARTESIAN_POINT('',(34.78219263746,3.840907994963,8.703269387725
    ));
#3294 = CARTESIAN_POINT('',(19.767807362645,3.840907994978,
    8.703269387779));
#3295 = CARTESIAN_POINT('',(4.753422087826,3.840907995007,8.703269387834
    ));
#3296 = ORIENTED_EDGE('',*,*,#3297,.F.);
#3297 = EDGE_CURVE('',#3298,#3287,#3300,.T.);
#3298 = VERTEX_POINT('',#3299);
#3299 = CARTESIAN_POINT('',(49.796577912275,3.613744714967,
    8.556159757934));
#3300 = CIRCLE('',#3301,0.25);
#3301 = AXIS2_PLACEMENT_3D('',#3302,#3303,#3304);
#3302 = CARTESIAN_POINT('',(49.796577912275,3.841590635471,
    8.453270319669));
#3303 = DIRECTION('',(-1.,0.,0.));
#3304 = DIRECTION('',(0.,-0.911383682043,0.411557753062));
#3305 = ORIENTED_EDGE('',*,*,#3306,.F.);
#3306 = EDGE_CURVE('',#3307,#3298,#3309,.T.);
#3307 = VERTEX_POINT('',#3308);
#3308 = CARTESIAN_POINT('',(4.75342208783,3.61374471504,8.556159758099)
  );
#3309 = B_SPLINE_CURVE_WITH_KNOTS('',3,(#3310,#3311,#3312,#3313),
  .UNSPECIFIED.,.F.,.F.,(4,4),(-45.04315582444,0.),
  .PIECEWISE_BEZIER_KNOTS.);
#3310 = CARTESIAN_POINT('',(4.753422087826,3.61374471504,8.556159758096)
  );
#3311 = CARTESIAN_POINT('',(19.767807362645,3.613744715018,
    8.556159758042));
#3312 = CARTESIAN_POINT('',(34.78219263746,3.613744714989,8.556159757988
    ));
#3313 = CARTESIAN_POINT('',(49.796577912279,3.613744714967,
    8.556159757934));
#3314 = ORIENTED_EDGE('',*,*,#3315,.F.);
#3315 = EDGE_CURVE('',#3289,#3307,#3316,.T.);
#3316 = CIRCLE('',#3317,0.25);
#3317 = AXIS2_PLACEMENT_3D('',#3318,#3319,#3320);
#3318 = CARTESIAN_POINT('',(4.753422087844,3.841590635544,8.453270319831
    ));
#3319 = DIRECTION('',(1.,-6.39462E-11,-1.7461E-13));
#3320 = DIRECTION('',(2.754016981786E-19,-2.73056215465E-03,
    0.999996272008));
#3321 = B_SPLINE_SURFACE_WITH_KNOTS('',3,3,(
    (#3322,#3323,#3324,#3325)
    ,(#3326,#3327,#3328,#3329)
    ,(#3330,#3331,#3332,#3333)
    ,(#3334,#3335,#3336,#3337)
    ,(#3338,#3339,#3340,#3341
  )),.UNSPECIFIED.,.F.,.F.,.F.,(4,1,4),(4,4),(0.,0.571428571429,1.),(0.,
    45.043155824445),.UNSPECIFIED.);
#3322 = CARTESIAN_POINT('',(49.796577912279,3.840907994934,
    8.703269387671));
#3323 = CARTESIAN_POINT('',(34.78219263746,3.840907994963,8.703269387725
    ));
#3324 = CARTESIAN_POINT('',(19.767807362645,3.840907994978,
    8.703269387779));
#3325 = CARTESIAN_POINT('',(4.753422087826,3.840907995007,8.703269387834
    ));
#3326 = CARTESIAN_POINT('',(49.796577912279,3.786436619921,8.70312064964
    ));
#3327 = CARTESIAN_POINT('',(34.78219263746,3.78643661995,8.703120649695)
  );
#3328 = CARTESIAN_POINT('',(19.767807362645,3.786436619965,
    8.703120649748));
#3329 = CARTESIAN_POINT('',(4.753422087826,3.786436619994,8.703120649803
    ));
#3330 = CARTESIAN_POINT('',(49.796577912279,3.691502381407,
    8.670519838384));
#3331 = CARTESIAN_POINT('',(34.78219263746,3.691502381429,8.670519838439
    ));
#3332 = CARTESIAN_POINT('',(19.767807362645,3.691502381465,
    8.670519838492));
#3333 = CARTESIAN_POINT('',(4.753422087826,3.691502381487,8.670519838547
    ));
#3334 = CARTESIAN_POINT('',(49.796577912279,3.630558365177,
    8.593393138482));
#3335 = CARTESIAN_POINT('',(34.78219263746,3.630558365199,8.593393138536
    ));
#3336 = CARTESIAN_POINT('',(19.767807362645,3.630558365228,8.59339313859
    ));
#3337 = CARTESIAN_POINT('',(4.753422087826,3.63055836525,8.593393138645)
  );
#3338 = CARTESIAN_POINT('',(49.796577912279,3.613744714967,
    8.556159757934));
#3339 = CARTESIAN_POINT('',(34.78219263746,3.613744714989,8.556159757988
    ));
#3340 = CARTESIAN_POINT('',(19.767807362645,3.613744715018,
    8.556159758042));
#3341 = CARTESIAN_POINT('',(4.753422087826,3.61374471504,8.556159758096)
  );
#3342 = ADVANCED_FACE('',(#3343),#3375,.F.);
#3343 = FACE_BOUND('',#3344,.F.);
#3344 = EDGE_LOOP('',(#3345,#3356,#3365,#3374));
#3345 = ORIENTED_EDGE('',*,*,#3346,.F.);
#3346 = EDGE_CURVE('',#3347,#3287,#3349,.T.);
#3347 = VERTEX_POINT('',#3348);
#3348 = CARTESIAN_POINT('',(51.303878554056,5.578128091838,
    8.671829586351));
#3349 = B_SPLINE_CURVE_WITH_KNOTS('',3,(#3350,#3351,#3352,#3353,#3354,
    #3355),.UNSPECIFIED.,.F.,.F.,(4,1,1,4),(0.,1.098759513324,
    1.83126585554,2.563772197756),.UNSPECIFIED.);
#3350 = CARTESIAN_POINT('',(51.303878554048,5.578128091838,
    8.671829586351));
#3351 = CARTESIAN_POINT('',(51.319345582284,5.210264391128,
    8.686171730545));
#3352 = CARTESIAN_POINT('',(51.162046976438,4.586193705378,
    8.701187831086));
#3353 = CARTESIAN_POINT('',(50.529156412325,3.970589311532,
    8.703875505839));
#3354 = CARTESIAN_POINT('',(50.040746693019,3.840907994927,8.70326938767
    ));
#3355 = CARTESIAN_POINT('',(49.796577912275,3.840907994927,
    8.703269387671));
#3356 = ORIENTED_EDGE('',*,*,#3357,.F.);
#3357 = EDGE_CURVE('',#3358,#3347,#3360,.T.);
#3358 = VERTEX_POINT('',#3359);
#3359 = CARTESIAN_POINT('',(51.539753775054,5.581554939257,
    8.503808903467));
#3360 = CIRCLE('',#3361,0.249999999999);
#3361 = AXIS2_PLACEMENT_3D('',#3362,#3363,#3364);
#3362 = CARTESIAN_POINT('',(51.303878554056,5.568388576714,8.4220193747)
  );
#3363 = DIRECTION('',(4.223042816748E-02,-0.998349421392,
    3.892330591415E-02));
#3364 = DIRECTION('',(0.943500883996,5.266545016819E-02,0.327158115071)
  );
#3365 = ORIENTED_EDGE('',*,*,#3366,.F.);
#3366 = EDGE_CURVE('',#3298,#3358,#3367,.T.);
#3367 = B_SPLINE_CURVE_WITH_KNOTS('',3,(#3368,#3369,#3370,#3371,#3372,
    #3373),.UNSPECIFIED.,.F.,.F.,(4,1,1,4),(-2.563772197756,
    -1.83126585554,-1.098759513324,0.),.UNSPECIFIED.);
#3368 = CARTESIAN_POINT('',(49.796577912275,3.613744714959,
    8.556159757934));
#3369 = CARTESIAN_POINT('',(50.079219409872,3.621761724251,
    8.573913211477));
#3370 = CARTESIAN_POINT('',(50.637826535367,3.784256128783,
    8.594890785065));
#3371 = CARTESIAN_POINT('',(51.355920586564,4.478078983353,
    8.588748617028));
#3372 = CARTESIAN_POINT('',(51.548161887757,5.169181266654,
    8.545943830584));
#3373 = CARTESIAN_POINT('',(51.539753775047,5.581554939257,
    8.503808903467));
#3374 = ORIENTED_EDGE('',*,*,#3297,.T.);
#3375 = B_SPLINE_SURFACE_WITH_KNOTS('',3,3,(
    (#3376,#3377,#3378,#3379,#3380,#3381)
    ,(#3382,#3383,#3384,#3385,#3386,#3387)
    ,(#3388,#3389,#3390,#3391,#3392,#3393)
    ,(#3394,#3395,#3396,#3397,#3398,#3399)
    ,(#3400,#3401,#3402,#3403,#3404,#3405
    )),.UNSPECIFIED.,.F.,.F.,.F.,(4,1,4),(4,1,1,4),(0.,0.571428571429,1.
    ),(0.,1.098759513324,1.83126585554,2.563772197756),.UNSPECIFIED.);
#3376 = CARTESIAN_POINT('',(51.303878554048,5.578128091838,
    8.671829586351));
#3377 = CARTESIAN_POINT('',(51.319345582284,5.210264391128,
    8.686171730545));
#3378 = CARTESIAN_POINT('',(51.162046976438,4.586193705378,
    8.701187831086));
#3379 = CARTESIAN_POINT('',(50.529156412325,3.970589311532,
    8.703875505839));
#3380 = CARTESIAN_POINT('',(50.040746693019,3.840907994927,8.70326938767
    ));
#3381 = CARTESIAN_POINT('',(49.796577912275,3.840907994927,
    8.703269387671));
#3382 = CARTESIAN_POINT('',(51.362663811091,5.58061094876,8.671732785574
    ));
#3383 = CARTESIAN_POINT('',(51.37335050018,5.200878067066,8.686450248595
    ));
#3384 = CARTESIAN_POINT('',(51.205697539022,4.5619215107,8.701547617683)
  );
#3385 = CARTESIAN_POINT('',(50.553601378884,3.928876437007,
    8.703795657373));
#3386 = CARTESIAN_POINT('',(50.049967038907,3.790169787397,
    8.703068722535));
#3387 = CARTESIAN_POINT('',(49.796577912275,3.786436619914,8.70312064964
    ));
#3388 = CARTESIAN_POINT('',(51.465094327734,5.583458533205,
    8.633637350206));
#3389 = CARTESIAN_POINT('',(51.467734389436,5.1837440319,8.656338330646)
  );
#3390 = CARTESIAN_POINT('',(51.281980790431,4.519134933638,
    8.678144486853));
#3391 = CARTESIAN_POINT('',(50.596366988415,3.855958698878,
    8.680947736986));
#3392 = CARTESIAN_POINT('',(50.066018332731,3.701586024523,
    8.675123201051));
#3393 = CARTESIAN_POINT('',(49.796577912272,3.6915023814,8.670519838386)
  );
#3394 = CARTESIAN_POINT('',(51.525250210489,5.58256583703,8.545473425816
    ));
#3395 = CARTESIAN_POINT('',(51.530222750647,5.172329764384,
    8.582227300241));
#3396 = CARTESIAN_POINT('',(51.337819216162,4.488027580999,8.61855470166
    ));
#3397 = CARTESIAN_POINT('',(50.627670741058,3.801978004216,
    8.623620157403));
#3398 = CARTESIAN_POINT('',(50.076368255337,3.64034708,8.607306486898));
#3399 = CARTESIAN_POINT('',(49.796577912275,3.63055836517,8.593393138482
    ));
#3400 = CARTESIAN_POINT('',(51.539753775047,5.581554939257,
    8.503808903467));
#3401 = CARTESIAN_POINT('',(51.548161887757,5.169181266654,
    8.545943830584));
#3402 = CARTESIAN_POINT('',(51.355920586564,4.478078983353,
    8.588748617028));
#3403 = CARTESIAN_POINT('',(50.637826535367,3.784256128783,
    8.594890785065));
#3404 = CARTESIAN_POINT('',(50.079219409872,3.621761724251,
    8.573913211477));
#3405 = CARTESIAN_POINT('',(49.796577912275,3.613744714959,
    8.556159757934));
#3406 = ADVANCED_FACE('',(#3407),#3439,.F.);
#3407 = FACE_BOUND('',#3408,.F.);
#3408 = EDGE_LOOP('',(#3409,#3420,#3429,#3438));
#3409 = ORIENTED_EDGE('',*,*,#3410,.F.);
#3410 = EDGE_CURVE('',#3411,#3307,#3413,.T.);
#3411 = VERTEX_POINT('',#3412);
#3412 = CARTESIAN_POINT('',(3.010246225022,5.581554939345,8.503808903592
    ));
#3413 = B_SPLINE_CURVE_WITH_KNOTS('',3,(#3414,#3415,#3416,#3417,#3418,
    #3419),.UNSPECIFIED.,.F.,.F.,(4,1,1,4),(0.,1.09875951333,
    1.831265855549,2.563772197769),.UNSPECIFIED.);
#3414 = CARTESIAN_POINT('',(3.010246225022,5.581554939345,8.503808903592
    ));
#3415 = CARTESIAN_POINT('',(3.001838112315,5.169181266749,8.545943830719
    ));
#3416 = CARTESIAN_POINT('',(3.194079413475,4.478078983549,8.588748617158
    ));
#3417 = CARTESIAN_POINT('',(3.912173464672,3.784256128973,8.594890785219
    ));
#3418 = CARTESIAN_POINT('',(4.470780590225,3.621761724331,8.573913211642
    ));
#3419 = CARTESIAN_POINT('',(4.753422087819,3.613744715032,8.556159758097
    ));
#3420 = ORIENTED_EDGE('',*,*,#3421,.F.);
#3421 = EDGE_CURVE('',#3422,#3411,#3424,.T.);
#3422 = VERTEX_POINT('',#3423);
#3423 = CARTESIAN_POINT('',(3.24612144602,5.578128091925,8.671829586476)
  );
#3424 = CIRCLE('',#3425,0.25);
#3425 = AXIS2_PLACEMENT_3D('',#3426,#3427,#3428);
#3426 = CARTESIAN_POINT('',(3.24612144602,5.568388576794,8.422019374825)
  );
#3427 = DIRECTION('',(-4.223042816732E-02,-0.998349421391,
    3.892330594213E-02));
#3428 = DIRECTION('',(-2.168404344971E-19,3.895806052356E-02,
    0.999240846603));
#3429 = ORIENTED_EDGE('',*,*,#3430,.F.);
#3430 = EDGE_CURVE('',#3289,#3422,#3431,.T.);
#3431 = B_SPLINE_CURVE_WITH_KNOTS('',3,(#3432,#3433,#3434,#3435,#3436,
    #3437),.UNSPECIFIED.,.F.,.F.,(4,1,1,4),(-2.563772197769,
    -1.831265855549,-1.09875951333,0.),.UNSPECIFIED.);
#3432 = CARTESIAN_POINT('',(4.753422087819,3.840907995007,8.703269387834
    ));
#3433 = CARTESIAN_POINT('',(4.509253307078,3.840907995007,8.703269387835
    ));
#3434 = CARTESIAN_POINT('',(4.020843587725,3.970589311706,8.703875505997
    ));
#3435 = CARTESIAN_POINT('',(3.387953023634,4.586193705538,8.701187831219
    ));
#3436 = CARTESIAN_POINT('',(3.230654417788,5.210264391222,8.686171730679
    ));
#3437 = CARTESIAN_POINT('',(3.24612144602,5.578128091933,8.671829586475)
  );
#3438 = ORIENTED_EDGE('',*,*,#3315,.T.);
#3439 = B_SPLINE_SURFACE_WITH_KNOTS('',3,3,(
    (#3440,#3441,#3442,#3443,#3444,#3445)
    ,(#3446,#3447,#3448,#3449,#3450,#3451)
    ,(#3452,#3453,#3454,#3455,#3456,#3457)
    ,(#3458,#3459,#3460,#3461,#3462,#3463)
    ,(#3464,#3465,#3466,#3467,#3468,#3469
    )),.UNSPECIFIED.,.F.,.F.,.F.,(4,1,4),(4,1,1,4),(0.,0.571428571429,1.
    ),(0.,1.09875951333,1.831265855549,2.563772197769),.UNSPECIFIED.);
#3440 = CARTESIAN_POINT('',(3.010246225022,5.581554939345,8.503808903592
    ));
#3441 = CARTESIAN_POINT('',(3.001838112315,5.169181266749,8.545943830719
    ));
#3442 = CARTESIAN_POINT('',(3.194079413475,4.478078983549,8.588748617158
    ));
#3443 = CARTESIAN_POINT('',(3.912173464672,3.784256128973,8.594890785219
    ));
#3444 = CARTESIAN_POINT('',(4.470780590225,3.621761724331,8.573913211642
    ));
#3445 = CARTESIAN_POINT('',(4.753422087819,3.613744715032,8.556159758097
    ));
#3446 = CARTESIAN_POINT('',(3.029584311102,5.582902803042,8.559361600057
    ));
#3447 = CARTESIAN_POINT('',(3.025827615744,5.173338436536,8.594256358446
    ));
#3448 = CARTESIAN_POINT('',(3.218230849336,4.491375246471,8.628404620792
    ));
#3449 = CARTESIAN_POINT('',(3.925747845267,3.807905456553,8.633103944622
    ));
#3450 = CARTESIAN_POINT('',(4.474562523181,3.646580572269,8.618397499988
    ));
#3451 = CARTESIAN_POINT('',(4.753422087819,3.636162915311,8.605804265496
    ));
#3452 = CARTESIAN_POINT('',(3.099091129137,5.583252443845,8.643742057932
    ));
#3453 = CARTESIAN_POINT('',(3.095468521526,5.186230013234,8.664370427785
    ));
#3454 = CARTESIAN_POINT('',(3.278771780606,4.525192571236,8.68438842842)
  );
#3455 = CARTESIAN_POINT('',(3.959656737952,3.866243606761,8.686948401272
    ));
#3456 = CARTESIAN_POINT('',(4.48622911617,3.714013749239,8.682437511961)
  );
#3457 = CARTESIAN_POINT('',(4.753422087822,3.704745812072,8.679096207813
    ));
#3458 = CARTESIAN_POINT('',(3.202032503239,5.579990234619,8.671756985892
    ));
#3459 = CARTESIAN_POINT('',(3.190103018173,5.203252674211,8.686434744274
    ));
#3460 = CARTESIAN_POINT('',(3.355203993251,4.567968684933,8.701526625051
    ));
#3461 = CARTESIAN_POINT('',(4.00248737977,3.939291423885,8.703890288237)
  );
#3462 = CARTESIAN_POINT('',(4.502351161711,3.802828505199,8.703151375394
    ));
#3463 = CARTESIAN_POINT('',(4.753422087819,3.800054463747,8.703157834313
    ));
#3464 = CARTESIAN_POINT('',(3.24612144602,5.578128091933,8.671829586475)
  );
#3465 = CARTESIAN_POINT('',(3.230654417788,5.210264391222,8.686171730679
    ));
#3466 = CARTESIAN_POINT('',(3.387953023634,4.586193705538,8.701187831219
    ));
#3467 = CARTESIAN_POINT('',(4.020843587725,3.970589311706,8.703875505997
    ));
#3468 = CARTESIAN_POINT('',(4.509253307078,3.840907995007,8.703269387835
    ));
#3469 = CARTESIAN_POINT('',(4.753422087819,3.840907995007,8.703269387834
    ));
#3470 = ADVANCED_FACE('',(#3471),#3517,.F.);
#3471 = FACE_BOUND('',#3472,.F.);
#3472 = EDGE_LOOP('',(#3473,#3491,#3500,#3516));
#3473 = ORIENTED_EDGE('',*,*,#3474,.F.);
#3474 = EDGE_CURVE('',#3475,#3347,#3477,.T.);
#3475 = VERTEX_POINT('',#3476);
#3476 = CARTESIAN_POINT('',(51.173512012407,15.286062317478,
    7.134706818168));
#3477 = B_SPLINE_CURVE_WITH_KNOTS('',3,(#3478,#3479,#3480,#3481,#3482,
    #3483,#3484,#3485,#3486,#3487,#3488,#3489,#3490),.UNSPECIFIED.,.F.,
  .F.,(4,1,1,1,2,1,1,2,4),(0.,0.272956510687,0.545913021375,
    1.091826042749,2.729565106873,6.841036546212,8.211527025992,
    9.582017505771,9.796998078369),.UNSPECIFIED.);
#3478 = CARTESIAN_POINT('',(51.173512012403,15.286062317478,
    7.13470681817));
#3479 = CARTESIAN_POINT('',(51.168118106045,15.198127299125,
    7.159528878262));
#3480 = CARTESIAN_POINT('',(51.159366091506,15.021985812782,
    7.208627344344));
#3481 = CARTESIAN_POINT('',(51.144783535376,14.668948435385,
    7.304544579835));
#3482 = CARTESIAN_POINT('',(51.120032966082,13.872232201087,
    7.512604441412));
#3483 = CARTESIAN_POINT('',(51.111966164142,13.158926655531,
    7.678983020967));
#3484 = CARTESIAN_POINT('',(51.109637368274,11.272936624533,
    8.079500607413));
#3485 = CARTESIAN_POINT('',(51.149622057965,9.455945654219,
    8.371739331478));
#3486 = CARTESIAN_POINT('',(51.233525448373,7.169433084258,
    8.586798723233));
#3487 = CARTESIAN_POINT('',(51.273850844918,6.252701352409,
    8.642573425692));
#3488 = CARTESIAN_POINT('',(51.297615130094,5.722062588218,
    8.666030437097));
#3489 = CARTESIAN_POINT('',(51.300852313507,5.650103394946,
    8.669023437841));
#3490 = CARTESIAN_POINT('',(51.303878554048,5.578128091838,
    8.671829586351));
#3491 = ORIENTED_EDGE('',*,*,#3492,.F.);
#3492 = EDGE_CURVE('',#3493,#3475,#3495,.T.);
#3493 = VERTEX_POINT('',#3494);
#3494 = CARTESIAN_POINT('',(51.395378628527,15.236561286707,
    7.007845656327));
#3495 = CIRCLE('',#3496,0.25);
#3496 = AXIS2_PLACEMENT_3D('',#3497,#3498,#3499);
#3497 = CARTESIAN_POINT('',(51.173512012407,15.218146904103,
    6.894108612386));
#3498 = DIRECTION('',(-5.928314013988E-02,-0.960700174305,0.271183857163
    ));
#3499 = DIRECTION('',(0.887466464482,7.365753043672E-02,0.454948175763)
  );
#3500 = ORIENTED_EDGE('',*,*,#3501,.F.);
#3501 = EDGE_CURVE('',#3358,#3493,#3502,.T.);
#3502 = B_SPLINE_CURVE_WITH_KNOTS('',3,(#3503,#3504,#3505,#3506,#3507,
    #3508,#3509,#3510,#3511,#3512,#3513,#3514,#3515),.UNSPECIFIED.,.F.,
  .F.,(4,2,1,1,2,1,1,1,4),(-9.796998078369,-9.582017505771,
    -8.211527025992,-6.841036546212,-2.729565106873,-1.091826042749,
    -0.545913021375,-0.272956510687,0.),.UNSPECIFIED.);
#3503 = CARTESIAN_POINT('',(51.539753775047,5.581554939265,
    8.503808903467));
#3504 = CARTESIAN_POINT('',(51.53684383694,5.653892278177,8.500556196921
    ));
#3505 = CARTESIAN_POINT('',(51.533585390694,5.725495553888,
    8.497624355846));
#3506 = CARTESIAN_POINT('',(51.509757218944,6.254355386358,
    8.474250474344));
#3507 = CARTESIAN_POINT('',(51.468659418297,7.166162334332,
    8.420917143296));
#3508 = CARTESIAN_POINT('',(51.382444470703,9.441645250437,
    8.213020404165));
#3509 = CARTESIAN_POINT('',(51.339205885801,11.249759597165,
    7.930312960048));
#3510 = CARTESIAN_POINT('',(51.337221541588,13.126062297728,
    7.541296733091));
#3511 = CARTESIAN_POINT('',(51.343536647157,13.83543802132,
    7.379485789062));
#3512 = CARTESIAN_POINT('',(51.366641078075,14.627146779625,
    7.17598126768));
#3513 = CARTESIAN_POINT('',(51.380842447848,14.977010758135,
    7.081573481919));
#3514 = CARTESIAN_POINT('',(51.389559003623,15.15134786709,
    7.032994305327));
#3515 = CARTESIAN_POINT('',(51.395378628524,15.236561286707,
    7.007845656329));
#3516 = ORIENTED_EDGE('',*,*,#3357,.T.);
#3517 = B_SPLINE_SURFACE_WITH_KNOTS('',3,3,(
    (#3518,#3519,#3520,#3521,#3522,#3523,#3524,#3525,#3526,#3527,#3528
      ,#3529,#3530)
    ,(#3531,#3532,#3533,#3534,#3535,#3536,#3537,#3538,#3539,#3540,#3541
      ,#3542,#3543)
    ,(#3544,#3545,#3546,#3547,#3548,#3549,#3550,#3551,#3552,#3553,#3554
      ,#3555,#3556)
    ,(#3557,#3558,#3559,#3560,#3561,#3562,#3563,#3564,#3565,#3566,#3567
      ,#3568,#3569)
    ,(#3570,#3571,#3572,#3573,#3574,#3575,#3576,#3577,#3578,#3579,#3580
      ,#3581,#3582
    )),.UNSPECIFIED.,.F.,.F.,.F.,(4,1,4),(4,1,1,1,2,1,1,2,4),(0.,
    0.571428571429,1.),(0.,0.272956510687,0.545913021375,1.091826042749,
    2.729565106873,6.841036546212,8.211527025992,9.582017505771,
    9.796998078369),.UNSPECIFIED.);
#3518 = CARTESIAN_POINT('',(51.173512012403,15.286062317478,
    7.13470681817));
#3519 = CARTESIAN_POINT('',(51.168118106045,15.198127299125,
    7.159528878262));
#3520 = CARTESIAN_POINT('',(51.159366091506,15.021985812782,
    7.208627344344));
#3521 = CARTESIAN_POINT('',(51.144783535376,14.668948435385,
    7.304544579835));
#3522 = CARTESIAN_POINT('',(51.120032966082,13.872232201087,
    7.512604441412));
#3523 = CARTESIAN_POINT('',(51.111966164142,13.158926655531,
    7.678983020967));
#3524 = CARTESIAN_POINT('',(51.109637368274,11.272936624533,
    8.079500607413));
#3525 = CARTESIAN_POINT('',(51.149622057965,9.455945654219,
    8.371739331478));
#3526 = CARTESIAN_POINT('',(51.233525448373,7.169433084258,
    8.586798723233));
#3527 = CARTESIAN_POINT('',(51.273850844918,6.252701352409,
    8.642573425692));
#3528 = CARTESIAN_POINT('',(51.297615130094,5.722062588218,
    8.666030437097));
#3529 = CARTESIAN_POINT('',(51.300852313507,5.650103394946,
    8.669023437841));
#3530 = CARTESIAN_POINT('',(51.303878554048,5.578128091838,
    8.671829586351));
#3531 = CARTESIAN_POINT('',(51.225573731615,15.28308677204,
    7.135546747121));
#3532 = CARTESIAN_POINT('',(51.220014718721,15.195583763692,
    7.160240142575));
#3533 = CARTESIAN_POINT('',(51.211238475204,15.019796655637,
    7.209228934222));
#3534 = CARTESIAN_POINT('',(51.196810981972,14.667230465457,
    7.304999432102));
#3535 = CARTESIAN_POINT('',(51.172714535911,13.87129114796,
    7.512825340884));
#3536 = CARTESIAN_POINT('',(51.165399149264,13.158506731845,
    7.679072804275));
#3537 = CARTESIAN_POINT('',(51.165015550581,11.273727876454,
    8.079331854579));
#3538 = CARTESIAN_POINT('',(51.206631565805,9.45754095108,8.371506621404
    ));
#3539 = CARTESIAN_POINT('',(51.291875001731,7.171787742205,
    8.586610791707));
#3540 = CARTESIAN_POINT('',(51.33261984407,6.255332936882,8.64242747246)
  );
#3541 = CARTESIAN_POINT('',(51.356468609851,5.724705078719,
    8.665918227657));
#3542 = CARTESIAN_POINT('',(51.359698924552,5.652722400489,
    8.668916977383));
#3543 = CARTESIAN_POINT('',(51.362663811091,5.58061094876,8.671732785574
    ));
#3544 = CARTESIAN_POINT('',(51.316438763763,15.269863256333,
    7.108564796655));
#3545 = CARTESIAN_POINT('',(51.310546933691,15.183479095758,
    7.133292134903));
#3546 = CARTESIAN_POINT('',(51.30176995373,15.00823694752,7.182049831216
    ));
#3547 = CARTESIAN_POINT('',(51.287590481068,14.656817137329,
    7.277368350637));
#3548 = CARTESIAN_POINT('',(51.264641216974,13.86249709066,
    7.483905885847));
#3549 = CARTESIAN_POINT('',(51.258624908452,13.151018432894,
    7.648917694367));
#3550 = CARTESIAN_POINT('',(51.261584410302,11.269285902032,
    8.046120635721));
#3551 = CARTESIAN_POINT('',(51.306054721015,9.455787413819,
    8.335692604058));
#3552 = CARTESIAN_POINT('',(51.393560687724,7.17303552106,8.549012875148
    ));
#3553 = CARTESIAN_POINT('',(51.435069681338,6.258057314823,
    8.604109728982));
#3554 = CARTESIAN_POINT('',(51.459011424329,5.727675594921,
    8.627716593353));
#3555 = CARTESIAN_POINT('',(51.46224948849,5.655820120177,8.630660771539
    ));
#3556 = CARTESIAN_POINT('',(51.465094327738,5.583458533212,
    8.633637350206));
#3557 = CARTESIAN_POINT('',(51.377501332328,15.247029943755,
    7.041023952733));
#3558 = CARTESIAN_POINT('',(51.371600004255,15.161548418058,
    7.066044090622));
#3559 = CARTESIAN_POINT('',(51.36286189991,14.986932951491,
    7.114659924425));
#3560 = CARTESIAN_POINT('',(51.348705061439,14.636647168445,
    7.209334971665));
#3561 = CARTESIAN_POINT('',(51.325835191201,13.844162277652,
    7.413732324313));
#3562 = CARTESIAN_POINT('',(51.319831934252,13.134172538063,
    7.576487687112));
#3563 = CARTESIAN_POINT('',(51.322695848186,11.256236747824,
    7.967918739306));
#3564 = CARTESIAN_POINT('',(51.366836597761,9.446497566525,
    8.252595895857));
#3565 = CARTESIAN_POINT('',(51.453878344844,7.168755930194,
    8.462073551465));
#3566 = CARTESIAN_POINT('',(51.49524870286,6.256008204982,8.515888015467
    ));
#3567 = CARTESIAN_POINT('',(51.519130861714,5.726617609173,8.53936273843
    ));
#3568 = CARTESIAN_POINT('',(51.522383799991,5.654947171271,
    8.542288150348));
#3569 = CARTESIAN_POINT('',(51.525250210489,5.582565837038,
    8.545473425816));
#3570 = CARTESIAN_POINT('',(51.395378628524,15.236561286707,
    7.007845656329));
#3571 = CARTESIAN_POINT('',(51.389559003623,15.15134786709,
    7.032994305327));
#3572 = CARTESIAN_POINT('',(51.380842447848,14.977010758135,
    7.081573481919));
#3573 = CARTESIAN_POINT('',(51.366641078075,14.627146779625,
    7.17598126768));
#3574 = CARTESIAN_POINT('',(51.343536647157,13.83543802132,
    7.379485789062));
#3575 = CARTESIAN_POINT('',(51.337221541588,13.126062297728,
    7.541296733091));
#3576 = CARTESIAN_POINT('',(51.339205885801,11.249759597165,
    7.930312960048));
#3577 = CARTESIAN_POINT('',(51.382444470703,9.441645250437,
    8.213020404165));
#3578 = CARTESIAN_POINT('',(51.468659418297,7.166162334332,
    8.420917143296));
#3579 = CARTESIAN_POINT('',(51.509757218944,6.254355386358,
    8.474250474344));
#3580 = CARTESIAN_POINT('',(51.533585390694,5.725495553888,
    8.497624355846));
#3581 = CARTESIAN_POINT('',(51.53684383694,5.653892278177,8.500556196921
    ));
#3582 = CARTESIAN_POINT('',(51.539753775047,5.581554939265,
    8.503808903467));
#3583 = ADVANCED_FACE('',(#3584),#3630,.F.);
#3584 = FACE_BOUND('',#3585,.F.);
#3585 = EDGE_LOOP('',(#3586,#3604,#3613,#3629));
#3586 = ORIENTED_EDGE('',*,*,#3587,.F.);
#3587 = EDGE_CURVE('',#3588,#3411,#3590,.T.);
#3588 = VERTEX_POINT('',#3589);
#3589 = CARTESIAN_POINT('',(3.154621371432,15.236561286758,
    7.007845656183));
#3590 = B_SPLINE_CURVE_WITH_KNOTS('',3,(#3591,#3592,#3593,#3594,#3595,
    #3596,#3597,#3598,#3599,#3600,#3601,#3602,#3603),.UNSPECIFIED.,.F.,
  .F.,(4,1,1,1,2,1,1,2,4),(0.,0.272956510803,0.545913021605,
    1.09182604321,2.729565108026,6.84103654737,8.211527027151,
    9.582017506932,9.796998078372),.UNSPECIFIED.);
#3591 = CARTESIAN_POINT('',(3.154621371425,15.236561286758,
    7.007845656183));
#3592 = CARTESIAN_POINT('',(3.160440996329,15.151347867104,
    7.032994305193));
#3593 = CARTESIAN_POINT('',(3.169157552118,14.977010758172,
    7.081573481805));
#3594 = CARTESIAN_POINT('',(3.18335892191,14.627146779545,7.17598126762)
  );
#3595 = CARTESIAN_POINT('',(3.206463352886,13.835438021109,
    7.379485789078));
#3596 = CARTESIAN_POINT('',(3.212778458423,13.126062297364,
    7.541296733137));
#3597 = CARTESIAN_POINT('',(3.210794114333,11.249759597435,
    7.930312959778));
#3598 = CARTESIAN_POINT('',(3.167555529268,9.441645250816,8.213020403691
    ));
#3599 = CARTESIAN_POINT('',(3.081340581608,7.16616233407,8.420917143073)
  );
#3600 = CARTESIAN_POINT('',(3.040242781037,6.254355385492,8.47425047441)
  );
#3601 = CARTESIAN_POINT('',(3.016414609338,5.725495553197,8.497624356));
#3602 = CARTESIAN_POINT('',(3.01315616311,5.653892277878,8.500556197061)
  );
#3603 = CARTESIAN_POINT('',(3.010246225018,5.581554939345,8.503808903592
    ));
#3604 = ORIENTED_EDGE('',*,*,#3605,.F.);
#3605 = EDGE_CURVE('',#3606,#3588,#3608,.T.);
#3606 = VERTEX_POINT('',#3607);
#3607 = CARTESIAN_POINT('',(3.376487987553,15.286062317529,
    7.134706818022));
#3608 = CIRCLE('',#3609,0.25);
#3609 = AXIS2_PLACEMENT_3D('',#3610,#3611,#3612);
#3610 = CARTESIAN_POINT('',(3.376487987553,15.218146904146,
    6.894108612242));
#3611 = DIRECTION('',(5.928314015849E-02,-0.960700174296,0.27118385719)
  );
#3612 = DIRECTION('',(-1.214306433184E-17,0.27166165354,0.962392823121)
  );
#3613 = ORIENTED_EDGE('',*,*,#3614,.F.);
#3614 = EDGE_CURVE('',#3422,#3606,#3615,.T.);
#3615 = B_SPLINE_CURVE_WITH_KNOTS('',3,(#3616,#3617,#3618,#3619,#3620,
    #3621,#3622,#3623,#3624,#3625,#3626,#3627,#3628),.UNSPECIFIED.,.F.,
  .F.,(4,2,1,1,2,1,1,1,4),(-9.796998078372,-9.582017506932,
    -8.211527027151,-6.84103654737,-2.729565108026,-1.09182604321,
    -0.545913021605,-0.272956510803,0.),.UNSPECIFIED.);
#3616 = CARTESIAN_POINT('',(3.246121446016,5.578128091925,8.671829586475
    ));
#3617 = CARTESIAN_POINT('',(3.249147686543,5.650103394655,8.669023437978
    ));
#3618 = CARTESIAN_POINT('',(3.252384869938,5.722062587534,8.666030437249
    ));
#3619 = CARTESIAN_POINT('',(3.276149155077,6.252701351361,8.642573425866
    ));
#3620 = CARTESIAN_POINT('',(3.316474551615,7.169433083225,8.586798723414
    ));
#3621 = CARTESIAN_POINT('',(3.400377942125,9.455945653222,8.371739331673
    ));
#3622 = CARTESIAN_POINT('',(3.440362631914,11.272936623558,
    8.079500607603));
#3623 = CARTESIAN_POINT('',(3.438033835857,13.158926654694,
    7.678983021088));
#3624 = CARTESIAN_POINT('',(3.429967033939,13.872232200607,
    7.512604441446));
#3625 = CARTESIAN_POINT('',(3.405216464602,14.668948435188,
    7.304544579773));
#3626 = CARTESIAN_POINT('',(3.390633908461,15.02198581276,7.208627344227
    ));
#3627 = CARTESIAN_POINT('',(3.381881893907,15.19812729914,7.159528878127
    ));
#3628 = CARTESIAN_POINT('',(3.376487987545,15.286062317529,
    7.134706818022));
#3629 = ORIENTED_EDGE('',*,*,#3421,.T.);
#3630 = B_SPLINE_SURFACE_WITH_KNOTS('',3,3,(
    (#3631,#3632,#3633,#3634,#3635,#3636,#3637,#3638,#3639,#3640,#3641
      ,#3642,#3643)
    ,(#3644,#3645,#3646,#3647,#3648,#3649,#3650,#3651,#3652,#3653,#3654
      ,#3655,#3656)
    ,(#3657,#3658,#3659,#3660,#3661,#3662,#3663,#3664,#3665,#3666,#3667
      ,#3668,#3669)
    ,(#3670,#3671,#3672,#3673,#3674,#3675,#3676,#3677,#3678,#3679,#3680
      ,#3681,#3682)
    ,(#3683,#3684,#3685,#3686,#3687,#3688,#3689,#3690,#3691,#3692,#3693
      ,#3694,#3695
    )),.UNSPECIFIED.,.F.,.F.,.F.,(4,1,4),(4,1,1,1,2,1,1,2,4),(0.,
    0.571428571429,1.),(0.,0.272956510803,0.545913021605,1.09182604321,
    2.729565108026,6.84103654737,8.211527027151,9.582017506932,
    9.796998078372),.UNSPECIFIED.);
#3631 = CARTESIAN_POINT('',(3.154621371425,15.236561286758,
    7.007845656183));
#3632 = CARTESIAN_POINT('',(3.160440996329,15.151347867104,
    7.032994305193));
#3633 = CARTESIAN_POINT('',(3.169157552118,14.977010758172,
    7.081573481805));
#3634 = CARTESIAN_POINT('',(3.18335892191,14.627146779545,7.17598126762)
  );
#3635 = CARTESIAN_POINT('',(3.206463352886,13.835438021109,
    7.379485789078));
#3636 = CARTESIAN_POINT('',(3.212778458423,13.126062297364,
    7.541296733137));
#3637 = CARTESIAN_POINT('',(3.210794114333,11.249759597435,
    7.930312959778));
#3638 = CARTESIAN_POINT('',(3.167555529268,9.441645250816,8.213020403691
    ));
#3639 = CARTESIAN_POINT('',(3.081340581608,7.16616233407,8.420917143073)
  );
#3640 = CARTESIAN_POINT('',(3.040242781037,6.254355385492,8.47425047441)
  );
#3641 = CARTESIAN_POINT('',(3.016414609338,5.725495553197,8.497624356));
#3642 = CARTESIAN_POINT('',(3.01315616311,5.653892277878,8.500556197061)
  );
#3643 = CARTESIAN_POINT('',(3.010246225018,5.581554939345,8.503808903592
    ));
#3644 = CARTESIAN_POINT('',(3.178457766353,15.250519496156,7.05208338472
    ));
#3645 = CARTESIAN_POINT('',(3.18438632882,15.164948601734,7.077060685585
    ));
#3646 = CARTESIAN_POINT('',(3.193131616037,14.990240349318,
    7.125688738481));
#3647 = CARTESIAN_POINT('',(3.207273610758,14.639813964641,7.22045287293
    ));
#3648 = CARTESIAN_POINT('',(3.230065294159,13.847070362885,
    7.425147836084));
#3649 = CARTESIAN_POINT('',(3.235964601536,13.136875951139,
    7.588218005163));
#3650 = CARTESIAN_POINT('',(3.232807497818,11.258395798315,
    7.980453998793));
#3651 = CARTESIAN_POINT('',(3.188366026523,9.448115005602,8.265787725949
    ));
#3652 = CARTESIAN_POINT('',(3.101048679542,7.169620461878,8.475792353966
    ));
#3653 = CARTESIAN_POINT('',(3.05958746915,6.256559143658,8.529767195907)
  );
#3654 = CARTESIAN_POINT('',(3.035687314645,5.726991626914,8.553275532779
    ));
#3655 = CARTESIAN_POINT('',(3.032436212379,5.655298802005,8.55619880163)
  );
#3656 = CARTESIAN_POINT('',(3.029584311098,5.582902803042,8.559361600057
    ));
#3657 = CARTESIAN_POINT('',(3.246293327087,15.272703934425,
    7.115844881596));
#3658 = CARTESIAN_POINT('',(3.252126546126,15.186069516269,
    7.140521220787));
#3659 = CARTESIAN_POINT('',(3.260917295222,15.010801474607,
    7.189325995517));
#3660 = CARTESIAN_POINT('',(3.275122570594,14.659158160233,7.28472879953
    ));
#3661 = CARTESIAN_POINT('',(3.298226452283,13.864602877569,
    7.491566318416));
#3662 = CARTESIAN_POINT('',(3.304410577977,13.152880001755,
    7.656887666669));
#3663 = CARTESIAN_POINT('',(3.301874125224,11.270614432375,
    8.054862013127));
#3664 = CARTESIAN_POINT('',(3.257776283419,9.456561883861,8.345162184034
    ));
#3665 = CARTESIAN_POINT('',(3.170534911296,7.173217452488,8.558960919791
    ));
#3666 = CARTESIAN_POINT('',(3.129134065435,6.257870628775,8.614297090781
    ));
#3667 = CARTESIAN_POINT('',(3.105185970733,5.727476179942,8.63784406135)
  );
#3668 = CARTESIAN_POINT('',(3.101955519651,5.655561704902,8.640818137626
    ));
#3669 = CARTESIAN_POINT('',(3.099091129134,5.583252443845,8.643742057932
    ));
#3670 = CARTESIAN_POINT('',(3.337441698135,15.283830658445,
    7.135336764736));
#3671 = CARTESIAN_POINT('',(3.342959434398,15.196219647565,
    7.160062326361));
#3672 = CARTESIAN_POINT('',(3.351729620688,15.020343944903,
    7.209078536637));
#3673 = CARTESIAN_POINT('',(3.366195879655,14.667659957748,
    7.304885718973));
#3674 = CARTESIAN_POINT('',(3.390455856563,13.87152641076,7.512770116051
    ));
#3675 = CARTESIAN_POINT('',(3.397959097016,13.15861171193,7.679050358569
    ));
#3676 = CARTESIAN_POINT('',(3.398828995181,11.273530062499,
    8.079374042979));
#3677 = CARTESIAN_POINT('',(3.357620811246,9.457142125866,8.371564799116
    ));
#3678 = CARTESIAN_POINT('',(3.272712386595,7.171199076685,8.586657774769
    ));
#3679 = CARTESIAN_POINT('',(3.232072405714,6.254675039716,8.642463960941
    ));
#3680 = CARTESIAN_POINT('',(3.208244760121,5.724044455412,8.665946280168
    ));
#3681 = CARTESIAN_POINT('',(3.205012728256,5.652067648807,8.668943592635
    ));
#3682 = CARTESIAN_POINT('',(3.202032503235,5.579990234619,8.671756985893
    ));
#3683 = CARTESIAN_POINT('',(3.376487987545,15.286062317529,
    7.134706818022));
#3684 = CARTESIAN_POINT('',(3.381881893907,15.19812729914,7.159528878127
    ));
#3685 = CARTESIAN_POINT('',(3.390633908461,15.02198581276,7.208627344227
    ));
#3686 = CARTESIAN_POINT('',(3.405216464602,14.668948435188,
    7.304544579773));
#3687 = CARTESIAN_POINT('',(3.429967033939,13.872232200607,
    7.512604441446));
#3688 = CARTESIAN_POINT('',(3.438033835857,13.158926654694,
    7.678983021088));
#3689 = CARTESIAN_POINT('',(3.440362631914,11.272936623558,
    8.079500607603));
#3690 = CARTESIAN_POINT('',(3.400377942125,9.455945653222,8.371739331673
    ));
#3691 = CARTESIAN_POINT('',(3.316474551615,7.169433083225,8.586798723414
    ));
#3692 = CARTESIAN_POINT('',(3.276149155077,6.252701351361,8.642573425866
    ));
#3693 = CARTESIAN_POINT('',(3.252384869938,5.722062587534,8.666030437249
    ));
#3694 = CARTESIAN_POINT('',(3.249147686543,5.650103394655,8.669023437978
    ));
#3695 = CARTESIAN_POINT('',(3.246121446016,5.578128091925,8.671829586475
    ));
#3696 = ADVANCED_FACE('',(#3697),#3731,.F.);
#3697 = FACE_BOUND('',#3698,.F.);
#3698 = EDGE_LOOP('',(#3699,#3711,#3720,#3730));
#3699 = ORIENTED_EDGE('',*,*,#3700,.F.);
#3700 = EDGE_CURVE('',#3701,#3475,#3703,.T.);
#3701 = VERTEX_POINT('',#3702);
#3702 = CARTESIAN_POINT('',(49.677241176105,17.02027984264,
    6.604371051369));
#3703 = B_SPLINE_CURVE_WITH_KNOTS('',3,(#3704,#3705,#3706,#3707,#3708,
    #3709,#3710),.UNSPECIFIED.,.F.,.F.,(4,1,1,1,4),(0.,0.375345999945,
    1.126037999834,1.876729999724,2.627421999613),.UNSPECIFIED.);
#3704 = CARTESIAN_POINT('',(49.677241176105,17.02027984264,
    6.604371051369));
#3705 = CARTESIAN_POINT('',(49.802356509437,17.02027984264,6.60437105137
    ));
#3706 = CARTESIAN_POINT('',(50.178722429209,16.973297669989,
    6.619845107992));
#3707 = CARTESIAN_POINT('',(50.732601825861,16.652728065259,
    6.72492516648));
#3708 = CARTESIAN_POINT('',(51.124088910514,16.015813093501,
    6.923819665986));
#3709 = CARTESIAN_POINT('',(51.188346472081,15.527903461429,
    7.066440551554));
#3710 = CARTESIAN_POINT('',(51.173512012407,15.286062317493,
    7.134706818166));
#3711 = ORIENTED_EDGE('',*,*,#3712,.F.);
#3712 = EDGE_CURVE('',#3713,#3701,#3715,.T.);
#3713 = VERTEX_POINT('',#3714);
#3714 = CARTESIAN_POINT('',(49.677241176105,17.191058705001,
    6.388728235802));
#3715 = CIRCLE('',#3716,0.25);
#3716 = AXIS2_PLACEMENT_3D('',#3717,#3718,#3719);
#3717 = CARTESIAN_POINT('',(49.677241176105,16.942010030478,
    6.366939300114));
#3718 = DIRECTION('',(1.,0.,0.));
#3719 = DIRECTION('',(-0.,0.996194698091,8.715574275201E-02));
#3720 = ORIENTED_EDGE('',*,*,#3721,.F.);
#3721 = EDGE_CURVE('',#3493,#3713,#3722,.T.);
#3722 = B_SPLINE_CURVE_WITH_KNOTS('',3,(#3723,#3724,#3725,#3726,#3727,
    #3728,#3729),.UNSPECIFIED.,.F.,.F.,(4,1,1,1,4),(-2.627421999613,
    -1.876729999724,-1.126037999834,-0.375345999945,0.),.UNSPECIFIED.);
#3723 = CARTESIAN_POINT('',(51.395378628524,15.236561286722,
    7.007845656323));
#3724 = CARTESIAN_POINT('',(51.403740727706,15.50929320971,
    6.947377576697));
#3725 = CARTESIAN_POINT('',(51.317773430594,16.051079692421,
    6.810619155117));
#3726 = CARTESIAN_POINT('',(50.875966216521,16.75601101017,
    6.599418839062));
#3727 = CARTESIAN_POINT('',(50.256070155116,17.127250129604,
    6.459582823527));
#3728 = CARTESIAN_POINT('',(49.822690905567,17.189712125444,
    6.404119710544));
#3729 = CARTESIAN_POINT('',(49.677241176101,17.191058705001,
    6.388728235801));
#3730 = ORIENTED_EDGE('',*,*,#3492,.T.);
#3731 = B_SPLINE_SURFACE_WITH_KNOTS('',3,3,(
    (#3732,#3733,#3734,#3735,#3736,#3737,#3738)
    ,(#3739,#3740,#3741,#3742,#3743,#3744,#3745)
    ,(#3746,#3747,#3748,#3749,#3750,#3751,#3752)
    ,(#3753,#3754,#3755,#3756,#3757,#3758,#3759)
    ,(#3760,#3761,#3762,#3763,#3764,#3765,#3766
  )),.UNSPECIFIED.,.F.,.F.,.F.,(4,1,4),(4,1,1,1,4),(0.,0.571428571429,1.
    ),(0.,0.375345999945,1.126037999834,1.876729999724,2.627421999613),
  .UNSPECIFIED.);
#3732 = CARTESIAN_POINT('',(49.677241176105,17.02027984264,
    6.604371051369));
#3733 = CARTESIAN_POINT('',(49.802356509437,17.02027984264,6.60437105137
    ));
#3734 = CARTESIAN_POINT('',(50.178722429209,16.973297669989,
    6.619845107992));
#3735 = CARTESIAN_POINT('',(50.732601825861,16.652728065259,
    6.72492516648));
#3736 = CARTESIAN_POINT('',(51.124088910514,16.015813093501,
    6.923819665986));
#3737 = CARTESIAN_POINT('',(51.188346472081,15.527903461429,
    7.066440551554));
#3738 = CARTESIAN_POINT('',(51.173512012407,15.286062317493,
    7.134706818166));
#3739 = CARTESIAN_POINT('',(49.677241176105,17.072971434536,
    6.587001171483));
#3740 = CARTESIAN_POINT('',(49.807274286381,17.070141887627,
    6.587879231386));
#3741 = CARTESIAN_POINT('',(50.196236047348,17.014414350167,
    6.606222331445));
#3742 = CARTESIAN_POINT('',(50.763619430622,16.680891100841,
    6.715849393593));
#3743 = CARTESIAN_POINT('',(51.166631560034,16.029994992263,
    6.919507378371));
#3744 = CARTESIAN_POINT('',(51.237397657765,15.53143126754,
    7.065412063231));
#3745 = CARTESIAN_POINT('',(51.225573731619,15.283086772055,
    7.135546747116));
#3746 = CARTESIAN_POINT('',(49.677241176105,17.154349025586,
    6.52480119474));
#3747 = CARTESIAN_POINT('',(49.815832012187,17.147910244377,
    6.530825933536));
#3748 = CARTESIAN_POINT('',(50.226823586479,17.079682552678,
    6.561954383719));
#3749 = CARTESIAN_POINT('',(50.817877164791,16.724736978169,
    6.682872867176));
#3750 = CARTESIAN_POINT('',(51.241029039778,16.048929753633,
    6.892560515438));
#3751 = CARTESIAN_POINT('',(51.323121267975,15.530476621127,
    7.039186504456));
#3752 = CARTESIAN_POINT('',(51.316438763766,15.269863256348,
    7.108564796649));
#3753 = CARTESIAN_POINT('',(49.677241176101,17.187432103776,
    6.430180477502));
#3754 = CARTESIAN_POINT('',(49.821242057122,17.183705145377,
    6.44315846899));
#3755 = CARTESIAN_POINT('',(50.248989636701,17.117372299624,
    6.491919431558));
#3756 = CARTESIAN_POINT('',(50.860851778642,16.749534384267,
    6.626276515518));
#3757 = CARTESIAN_POINT('',(51.298241037246,16.052504789666,
    6.83751400832));
#3758 = CARTESIAN_POINT('',(51.384408774924,15.516915855085,
    6.977684636691));
#3759 = CARTESIAN_POINT('',(51.377501332328,15.24702994377,
    7.041023952727));
#3760 = CARTESIAN_POINT('',(49.677241176101,17.191058705001,
    6.388728235801));
#3761 = CARTESIAN_POINT('',(49.822690905567,17.189712125444,
    6.404119710544));
#3762 = CARTESIAN_POINT('',(50.256070155116,17.127250129604,
    6.459582823527));
#3763 = CARTESIAN_POINT('',(50.875966216521,16.75601101017,
    6.599418839062));
#3764 = CARTESIAN_POINT('',(51.317773430594,16.051079692421,
    6.810619155117));
#3765 = CARTESIAN_POINT('',(51.403740727706,15.50929320971,
    6.947377576697));
#3766 = CARTESIAN_POINT('',(51.395378628524,15.236561286722,
    7.007845656323));
#3767 = ADVANCED_FACE('',(#3768),#3802,.F.);
#3768 = FACE_BOUND('',#3769,.F.);
#3769 = EDGE_LOOP('',(#3770,#3782,#3791,#3801));
#3770 = ORIENTED_EDGE('',*,*,#3771,.F.);
#3771 = EDGE_CURVE('',#3772,#3588,#3774,.T.);
#3772 = VERTEX_POINT('',#3773);
#3773 = CARTESIAN_POINT('',(4.872758823782,17.191058705015,
    6.388728235627));
#3774 = B_SPLINE_CURVE_WITH_KNOTS('',3,(#3775,#3776,#3777,#3778,#3779,
    #3780,#3781),.UNSPECIFIED.,.F.,.F.,(4,1,1,1,4),(0.,0.750691999835,
    1.126037999753,1.876729999588,2.627421999424),.UNSPECIFIED.);
#3775 = CARTESIAN_POINT('',(4.872758823782,17.191058705015,
    6.388728235626));
#3776 = CARTESIAN_POINT('',(4.581859364869,17.188365545902,
    6.419511185109));
#3777 = CARTESIAN_POINT('',(4.156538110208,17.064335340197,
    6.485385949349));
#3778 = CARTESIAN_POINT('',(3.601457833454,16.63794170702,6.634874023896
    ));
#3779 = CARTESIAN_POINT('',(3.23193939948,16.0512926913,6.810464689737)
  );
#3780 = CARTESIAN_POINT('',(3.146259272253,15.509293209849,
    6.947377576521));
#3781 = CARTESIAN_POINT('',(3.154621371421,15.236561286904,
    7.007845656149));
#3782 = ORIENTED_EDGE('',*,*,#3783,.F.);
#3783 = EDGE_CURVE('',#3784,#3772,#3786,.T.);
#3784 = VERTEX_POINT('',#3785);
#3785 = CARTESIAN_POINT('',(4.872758823782,17.020279842662,
    6.604371051192));
#3786 = CIRCLE('',#3787,0.25);
#3787 = AXIS2_PLACEMENT_3D('',#3788,#3789,#3790);
#3788 = CARTESIAN_POINT('',(4.872758823782,16.942010030492,
    6.366939299939));
#3789 = DIRECTION('',(-1.,0.,0.));
#3790 = DIRECTION('',(0.,0.313079248666,0.949727005015));
#3791 = ORIENTED_EDGE('',*,*,#3792,.F.);
#3792 = EDGE_CURVE('',#3606,#3784,#3793,.T.);
#3793 = B_SPLINE_CURVE_WITH_KNOTS('',3,(#3794,#3795,#3796,#3797,#3798,
    #3799,#3800),.UNSPECIFIED.,.F.,.F.,(4,1,1,1,4),(-2.627421999424,
    -1.876729999588,-1.126037999753,-0.750691999835,0.),.UNSPECIFIED.);
#3794 = CARTESIAN_POINT('',(3.376487987542,15.286062317668,
    7.134706817988));
#3795 = CARTESIAN_POINT('',(3.361653527878,15.527903461567,
    7.066440551376));
#3796 = CARTESIAN_POINT('',(3.425628247118,16.01616827766,6.923686907046
    ));
#3797 = CARTESIAN_POINT('',(3.752899787378,16.545483544003,
    6.758484717884));
#3798 = CARTESIAN_POINT('',(4.248368566452,16.920614651513,
    6.637483989002));
#3799 = CARTESIAN_POINT('',(4.622528157135,17.020279842662,6.60437105119
    ));
#3800 = CARTESIAN_POINT('',(4.872758823782,17.020279842662,
    6.604371051191));
#3801 = ORIENTED_EDGE('',*,*,#3605,.T.);
#3802 = B_SPLINE_SURFACE_WITH_KNOTS('',3,3,(
    (#3803,#3804,#3805,#3806,#3807,#3808,#3809)
    ,(#3810,#3811,#3812,#3813,#3814,#3815,#3816)
    ,(#3817,#3818,#3819,#3820,#3821,#3822,#3823)
    ,(#3824,#3825,#3826,#3827,#3828,#3829,#3830)
    ,(#3831,#3832,#3833,#3834,#3835,#3836,#3837
  )),.UNSPECIFIED.,.F.,.F.,.F.,(4,1,4),(4,1,1,1,4),(0.,0.571428571429,1.
    ),(0.,0.750691999835,1.126037999753,1.876729999588,2.627421999424),
  .UNSPECIFIED.);
#3803 = CARTESIAN_POINT('',(4.872758823782,17.191058705015,
    6.388728235626));
#3804 = CARTESIAN_POINT('',(4.581859364869,17.188365545902,
    6.419511185109));
#3805 = CARTESIAN_POINT('',(4.156538110208,17.064335340197,
    6.485385949349));
#3806 = CARTESIAN_POINT('',(3.601457833454,16.63794170702,6.634874023896
    ));
#3807 = CARTESIAN_POINT('',(3.23193939948,16.0512926913,6.810464689737)
  );
#3808 = CARTESIAN_POINT('',(3.146259272253,15.509293209849,
    6.947377576521));
#3809 = CARTESIAN_POINT('',(3.154621371421,15.236561286904,
    7.007845656149));
#3810 = CARTESIAN_POINT('',(4.872758823782,17.186223236713,
    6.443997891226));
#3811 = CARTESIAN_POINT('',(4.585700520282,17.177099826113,
    6.468302176458));
#3812 = CARTESIAN_POINT('',(4.168530394778,17.051919999438,
    6.526564501593));
#3813 = CARTESIAN_POINT('',(3.622403055891,16.630888937638,
    6.670721240909));
#3814 = CARTESIAN_POINT('',(3.258040711666,16.053202846262,
    6.846248416764));
#3815 = CARTESIAN_POINT('',(3.1720640973,15.519461598713,6.987751134964)
  );
#3816 = CARTESIAN_POINT('',(3.178457766349,15.250519496294,
    7.052083384686));
#3817 = CARTESIAN_POINT('',(4.872758823778,17.144322523418,
    6.537461679162));
#3818 = CARTESIAN_POINT('',(4.597969985134,17.132026610474,
    6.547165612329));
#3819 = CARTESIAN_POINT('',(4.197415623468,17.012091960132,
    6.591348446726));
#3820 = CARTESIAN_POINT('',(3.670449724439,16.606270356417,
    6.724843055444));
#3821 = CARTESIAN_POINT('',(3.319245891049,16.047301626517,
    6.898569232201));
#3822 = CARTESIAN_POINT('',(3.238944003282,15.531475788492,
    7.045849773283));
#3823 = CARTESIAN_POINT('',(3.246293327076,15.272703934563,
    7.115844881561));
#3824 = CARTESIAN_POINT('',(4.872758823782,17.059798536582,
    6.591343641276));
#3825 = CARTESIAN_POINT('',(4.615166509418,17.055612724536,
    6.592698305004));
#3826 = CARTESIAN_POINT('',(4.233084279116,16.949494748565,
    6.628040220477));
#3827 = CARTESIAN_POINT('',(3.728166813835,16.564965681886,
    6.752316582072));
#3828 = CARTESIAN_POINT('',(3.393715383678,16.026832201555,
    6.920511445303));
#3829 = CARTESIAN_POINT('',(3.324845732735,15.530547193623,
    7.065697510467));
#3830 = CARTESIAN_POINT('',(3.337441698131,15.283830658591,
    7.135336764701));
#3831 = CARTESIAN_POINT('',(4.872758823782,17.020279842662,
    6.604371051191));
#3832 = CARTESIAN_POINT('',(4.622528157135,17.020279842662,6.60437105119
    ));
#3833 = CARTESIAN_POINT('',(4.248368566452,16.920614651513,
    6.637483989002));
#3834 = CARTESIAN_POINT('',(3.752899787378,16.545483544003,
    6.758484717884));
#3835 = CARTESIAN_POINT('',(3.425628247118,16.01616827766,6.923686907046
    ));
#3836 = CARTESIAN_POINT('',(3.361653527878,15.527903461567,
    7.066440551376));
#3837 = CARTESIAN_POINT('',(3.376487987542,15.286062317668,
    7.134706817988));
#3838 = ADVANCED_FACE('',(#3839),#3857,.F.);
#3839 = FACE_BOUND('',#3840,.F.);
#3840 = EDGE_LOOP('',(#3841,#3848,#3849,#3856));
#3841 = ORIENTED_EDGE('',*,*,#3842,.F.);
#3842 = EDGE_CURVE('',#3784,#3701,#3843,.T.);
#3843 = B_SPLINE_CURVE_WITH_KNOTS('',3,(#3844,#3845,#3846,#3847),
  .UNSPECIFIED.,.F.,.F.,(4,4),(0.,44.804482352294),
  .PIECEWISE_BEZIER_KNOTS.);
#3844 = CARTESIAN_POINT('',(4.872758823814,17.020279842654,
    6.604371051193));
#3845 = CARTESIAN_POINT('',(19.807586274619,17.020279842647,
    6.604371051252));
#3846 = CARTESIAN_POINT('',(34.742413725369,17.020279842647,
    6.604371051311));
#3847 = CARTESIAN_POINT('',(49.677241176101,17.02027984264,6.60437105137
    ));
#3848 = ORIENTED_EDGE('',*,*,#3783,.T.);
#3849 = ORIENTED_EDGE('',*,*,#3850,.F.);
#3850 = EDGE_CURVE('',#3713,#3772,#3851,.T.);
#3851 = B_SPLINE_CURVE_WITH_KNOTS('',3,(#3852,#3853,#3854,#3855),
  .UNSPECIFIED.,.F.,.F.,(4,4),(-44.80448235229,0.),
  .PIECEWISE_BEZIER_KNOTS.);
#3852 = CARTESIAN_POINT('',(49.677241176101,17.191058705001,
    6.388728235802));
#3853 = CARTESIAN_POINT('',(34.742413725369,17.191058705008,
    6.388728235743));
#3854 = CARTESIAN_POINT('',(19.807586274619,17.191058705008,
    6.388728235685));
#3855 = CARTESIAN_POINT('',(4.872758823814,17.191058705015,
    6.388728235626));
#3856 = ORIENTED_EDGE('',*,*,#3712,.T.);
#3857 = B_SPLINE_SURFACE_WITH_KNOTS('',3,3,(
    (#3858,#3859,#3860,#3861)
    ,(#3862,#3863,#3864,#3865)
    ,(#3866,#3867,#3868,#3869)
    ,(#3870,#3871,#3872,#3873)
    ,(#3874,#3875,#3876,#3877
  )),.UNSPECIFIED.,.F.,.F.,.F.,(4,1,4),(4,4),(0.,0.571428571429,1.),(0.,
    44.804482352294),.UNSPECIFIED.);
#3858 = CARTESIAN_POINT('',(4.872758823814,17.020279842654,
    6.604371051193));
#3859 = CARTESIAN_POINT('',(19.807586274619,17.020279842647,
    6.604371051252));
#3860 = CARTESIAN_POINT('',(34.742413725369,17.020279842647,
    6.604371051311));
#3861 = CARTESIAN_POINT('',(49.677241176101,17.02027984264,6.60437105137
    ));
#3862 = CARTESIAN_POINT('',(4.872758823814,17.072971434551,
    6.587001171307));
#3863 = CARTESIAN_POINT('',(19.807586274619,17.072971434543,
    6.587001171366));
#3864 = CARTESIAN_POINT('',(34.742413725369,17.072971434543,
    6.587001171425));
#3865 = CARTESIAN_POINT('',(49.677241176101,17.072971434536,
    6.587001171484));
#3866 = CARTESIAN_POINT('',(4.872758823814,17.154349025594,
    6.524801194563));
#3867 = CARTESIAN_POINT('',(19.807586274619,17.154349025586,
    6.524801194622));
#3868 = CARTESIAN_POINT('',(34.742413725369,17.154349025579,
    6.52480119468));
#3869 = CARTESIAN_POINT('',(49.677241176101,17.154349025572,
    6.524801194739));
#3870 = CARTESIAN_POINT('',(4.872758823814,17.18743210379,6.430180477327
    ));
#3871 = CARTESIAN_POINT('',(19.807586274619,17.187432103783,
    6.430180477386));
#3872 = CARTESIAN_POINT('',(34.742413725369,17.187432103783,
    6.430180477444));
#3873 = CARTESIAN_POINT('',(49.677241176101,17.187432103776,
    6.430180477503));
#3874 = CARTESIAN_POINT('',(4.872758823814,17.191058705015,
    6.388728235626));
#3875 = CARTESIAN_POINT('',(19.807586274619,17.191058705008,
    6.388728235685));
#3876 = CARTESIAN_POINT('',(34.742413725369,17.191058705008,
    6.388728235743));
#3877 = CARTESIAN_POINT('',(49.677241176101,17.191058705001,
    6.388728235802));
#3878 = ADVANCED_FACE('',(#3879),#3905,.F.);
#3879 = FACE_BOUND('',#3880,.F.);
#3880 = EDGE_LOOP('',(#3881,#3889,#3898,#3904));
#3881 = ORIENTED_EDGE('',*,*,#3882,.T.);
#3882 = EDGE_CURVE('',#3713,#3883,#3885,.T.);
#3883 = VERTEX_POINT('',#3884);
#3884 = CARTESIAN_POINT('',(54.550000000017,17.75,0.));
#3885 = LINE('',#3886,#3887);
#3886 = CARTESIAN_POINT('',(50.050000000017,17.233816885178,
    5.900000000004));
#3887 = VECTOR('',#3888,1.);
#3888 = DIRECTION('',(0.604987123112,6.939647502999E-02,-0.793205339192)
  );
#3889 = ORIENTED_EDGE('',*,*,#3890,.F.);
#3890 = EDGE_CURVE('',#3891,#3883,#3893,.T.);
#3891 = VERTEX_POINT('',#3892);
#3892 = CARTESIAN_POINT('',(54.800000000017,17.5,0.));
#3893 = CIRCLE('',#3894,0.25);
#3894 = AXIS2_PLACEMENT_3D('',#3895,#3896,#3897);
#3895 = CARTESIAN_POINT('',(54.550000000017,17.5,0.));
#3896 = DIRECTION('',(0.,0.,1.));
#3897 = DIRECTION('',(7.11E-15,1.,-0.));
#3898 = ORIENTED_EDGE('',*,*,#3899,.F.);
#3899 = EDGE_CURVE('',#3493,#3891,#3900,.T.);
#3900 = LINE('',#3901,#3902);
#3901 = CARTESIAN_POINT('',(51.800000000017,15.505559091907,
    6.175000000004));
#3902 = VECTOR('',#3903,1.);
#3903 = DIRECTION('',(0.41963821319,0.278981206329,-0.863755322152));
#3904 = ORIENTED_EDGE('',*,*,#3721,.T.);
#3905 = B_SPLINE_SURFACE_WITH_KNOTS('',3,3,(
    (#3906,#3907,#3908,#3909)
    ,(#3910,#3911,#3912,#3913)
    ,(#3914,#3915,#3916,#3917)
    ,(#3918,#3919,#3920,#3921)
    ,(#3922,#3923,#3924,#3925)
    ,(#3926,#3927,#3928,#3929)
    ,(#3930,#3931,#3932,#3933
    )),.UNSPECIFIED.,.F.,.F.,.F.,(4,1,1,1,4),(4,4),(0.,0.285714285714,
    0.571428571429,0.857142857143,1.),(-0.134873790497,1.),
  .UNSPECIFIED.);
#3906 = CARTESIAN_POINT('',(51.395378628524,15.236561286707,
    7.007845656326));
#3907 = CARTESIAN_POINT('',(52.530252419023,15.991040857807,
    4.671897104217));
#3908 = CARTESIAN_POINT('',(53.665126209518,16.7455204289,2.335948552109
    ));
#3909 = CARTESIAN_POINT('',(54.800000000017,17.5,0.));
#3910 = CARTESIAN_POINT('',(51.395378628524,15.52493496173,
    6.961157057763));
#3911 = CARTESIAN_POINT('',(52.530172878287,16.195773831394,
    4.640768168521));
#3912 = CARTESIAN_POINT('',(53.665205750254,16.86656104288,
    2.320388889242));
#3913 = CARTESIAN_POINT('',(54.800000000017,17.537399912544,0.));
#3914 = CARTESIAN_POINT('',(51.261962586777,16.101464463543,
    6.867815130945));
#3915 = CARTESIAN_POINT('',(52.435573826107,16.605012915796,
    4.578547244412));
#3916 = CARTESIAN_POINT('',(53.609304384365,17.108623032073,
    2.289267886533));
#3917 = CARTESIAN_POINT('',(54.782915623695,17.612171484325,-2.66E-15));
#3918 = CARTESIAN_POINT('',(50.701873318871,16.795283449821,
    6.755483670307));
#3919 = CARTESIAN_POINT('',(52.038283429159,17.097603187263,
    4.503650321122));
#3920 = CARTESIAN_POINT('',(53.374784184423,17.399834889089,
    2.251833349185));
#3921 = CARTESIAN_POINT('',(54.711194294712,17.702154626531,-4.4E-16));
#3922 = CARTESIAN_POINT('',(50.027269593538,17.115895751573,
    6.703575537397));
#3923 = CARTESIAN_POINT('',(51.559775375445,17.325144968781,
    4.469056078375));
#3924 = CARTESIAN_POINT('',(53.092303219433,17.534486431046,
    2.234519459023));
#3925 = CARTESIAN_POINT('',(54.62480900134,17.743735648255,-1.33E-15));
#3926 = CARTESIAN_POINT('',(49.589100440586,17.164197311889,
    6.69575536394));
#3927 = CARTESIAN_POINT('',(51.248973385871,17.35951800982,
    4.463827024556));
#3928 = CARTESIAN_POINT('',(52.908827011004,17.554679302069,
    2.231928339383));
#3929 = CARTESIAN_POINT('',(54.568699956289,17.75,0.));
#3930 = CARTESIAN_POINT('',(49.443067942779,17.164197311889,
    6.69575536394));
#3931 = CARTESIAN_POINT('',(51.145378628524,17.359464874593,
    4.463836909293));
#3932 = CARTESIAN_POINT('',(52.847689314272,17.554732437297,
    2.231918454647));
#3933 = CARTESIAN_POINT('',(54.550000000017,17.75,0.));
#3934 = ADVANCED_FACE('',(#3935),#3953,.F.);
#3935 = FACE_BOUND('',#3936,.F.);
#3936 = EDGE_LOOP('',(#3937,#3938,#3946,#3952));
#3937 = ORIENTED_EDGE('',*,*,#3899,.T.);
#3938 = ORIENTED_EDGE('',*,*,#3939,.F.);
#3939 = EDGE_CURVE('',#3940,#3891,#3942,.T.);
#3940 = VERTEX_POINT('',#3941);
#3941 = CARTESIAN_POINT('',(54.800000000017,0.,0.));
#3942 = LINE('',#3943,#3944);
#3943 = CARTESIAN_POINT('',(54.800000000017,17.5,0.));
#3944 = VECTOR('',#3945,1.);
#3945 = DIRECTION('',(-0.,1.,0.));
#3946 = ORIENTED_EDGE('',*,*,#3947,.F.);
#3947 = EDGE_CURVE('',#3358,#3940,#3948,.T.);
#3948 = LINE('',#3949,#3950);
#3949 = CARTESIAN_POINT('',(51.800000000017,5.136012332296,7.825));
#3950 = VECTOR('',#3951,1.);
#3951 = DIRECTION('',(0.305219238612,-0.522536591189,-0.796113514048));
#3952 = ORIENTED_EDGE('',*,*,#3501,.T.);
#3953 = B_SPLINE_SURFACE_WITH_KNOTS('',3,3,(
    (#3954,#3955,#3956,#3957)
    ,(#3958,#3959,#3960,#3961)
    ,(#3962,#3963,#3964,#3965)
    ,(#3966,#3967,#3968,#3969
    )),.UNSPECIFIED.,.F.,.F.,.F.,(4,4),(4,4),(-7.327E-14,1.000000000003)
  ,(-0.154144108924,1.),.PIECEWISE_BEZIER_KNOTS.);
#3954 = CARTESIAN_POINT('',(51.337567673247,5.927698376683,
    9.031177652328));
#3955 = CARTESIAN_POINT('',(52.491711782171,3.951798917791,
    6.020785101552));
#3956 = CARTESIAN_POINT('',(53.645855891093,1.975899458892,
    3.010392550776));
#3957 = CARTESIAN_POINT('',(54.800000000017,0.,0.));
#3958 = CARTESIAN_POINT('',(51.337567673247,6.951921734952,
    8.864992830696));
#3959 = CARTESIAN_POINT('',(52.491711782171,4.678247721269,
    5.909995220464));
#3960 = CARTESIAN_POINT('',(53.645855891093,2.404573707579,
    2.954997610232));
#3961 = CARTESIAN_POINT('',(54.800000000017,0.130899693897,0.));
#3962 = CARTESIAN_POINT('',(51.337567673247,14.173904417112,
    7.293024694229));
#3963 = CARTESIAN_POINT('',(52.491711782171,15.238969713486,
    4.862016462819));
#3964 = CARTESIAN_POINT('',(53.645855891093,16.304035009838,
    2.43100823141));
#3965 = CARTESIAN_POINT('',(54.800000000017,17.369100306212,0.));
#3966 = CARTESIAN_POINT('',(51.337567673247,15.198127775337,
    7.126839872606));
#3967 = CARTESIAN_POINT('',(52.491711782171,15.965418516891,
    4.751226581738));
#3968 = CARTESIAN_POINT('',(53.645855891093,16.732709258445,
    2.375613290869));
#3969 = CARTESIAN_POINT('',(54.800000000017,17.5,0.));
#3970 = ADVANCED_FACE('',(#3971),#3990,.F.);
#3971 = FACE_BOUND('',#3972,.F.);
#3972 = EDGE_LOOP('',(#3973,#3974,#3983,#3989));
#3973 = ORIENTED_EDGE('',*,*,#3947,.T.);
#3974 = ORIENTED_EDGE('',*,*,#3975,.F.);
#3975 = EDGE_CURVE('',#3976,#3940,#3978,.T.);
#3976 = VERTEX_POINT('',#3977);
#3977 = CARTESIAN_POINT('',(54.550000000017,-0.25,0.));
#3978 = CIRCLE('',#3979,0.25);
#3979 = AXIS2_PLACEMENT_3D('',#3980,#3981,#3982);
#3980 = CARTESIAN_POINT('',(54.550000000017,0.,0.));
#3981 = DIRECTION('',(0.,0.,1.));
#3982 = DIRECTION('',(1.,-7.11E-15,0.));
#3983 = ORIENTED_EDGE('',*,*,#3984,.F.);
#3984 = EDGE_CURVE('',#3298,#3976,#3985,.T.);
#3985 = LINE('',#3986,#3987);
#3986 = CARTESIAN_POINT('',(50.050000000017,3.407754539025,8.1));
#3987 = VECTOR('',#3988,1.);
#3988 = DIRECTION('',(0.451721702092,-0.36717491249,-0.813099063766));
#3989 = ORIENTED_EDGE('',*,*,#3366,.T.);
#3990 = B_SPLINE_SURFACE_WITH_KNOTS('',3,3,(
    (#3991,#3992,#3993,#3994)
    ,(#3995,#3996,#3997,#3998)
    ,(#3999,#4000,#4001,#4002)
    ,(#4003,#4004,#4005,#4006)
    ,(#4007,#4008,#4009,#4010)
    ,(#4011,#4012,#4013,#4014)
    ,(#4015,#4016,#4017,#4018
    )),.UNSPECIFIED.,.F.,.F.,.F.,(4,1,1,1,4),(4,4),(0.,0.285714285714,
    0.571428571429,0.857142857143,1.),(-8.674874165701E-02,1.),
  .UNSPECIFIED.);
#3991 = CARTESIAN_POINT('',(49.659630662561,3.725060142569,
    8.802664807422));
#3992 = CARTESIAN_POINT('',(51.289753775047,2.400040095046,
    5.868443204948));
#3993 = CARTESIAN_POINT('',(52.919876887532,1.075020047523,
    2.934221602474));
#3994 = CARTESIAN_POINT('',(54.550000000017,-0.25,0.));
#3995 = CARTESIAN_POINT('',(49.940896422468,3.725060142569,
    8.802664807422));
#3996 = CARTESIAN_POINT('',(51.489747650885,2.400115158765,
    5.868429240859));
#3997 = CARTESIAN_POINT('',(53.038548684144,1.074944983804,
    2.934235566563));
#3998 = CARTESIAN_POINT('',(54.587399912562,-0.25,0.));
#3999 = CARTESIAN_POINT('',(50.503215463697,3.85192836629,8.782241740386
    ));
#4000 = CARTESIAN_POINT('',(51.88951416473,2.490351237553,5.854820844378
    ));
#4001 = CARTESIAN_POINT('',(53.275872783332,1.12866150515,2.927420896008
    ));
#4002 = CARTESIAN_POINT('',(54.662171484364,-0.232915623586,-8.9E-16));
#4003 = CARTESIAN_POINT('',(51.17993300526,4.384529462281,8.696504370008
    ));
#4004 = CARTESIAN_POINT('',(52.370702059827,2.869316724435,
    5.797664275467));
#4005 = CARTESIAN_POINT('',(53.561385572004,1.354018443213,
    2.898840094542));
#4006 = CARTESIAN_POINT('',(54.752154626571,-0.161194294633,0.));
#4007 = CARTESIAN_POINT('',(51.492642765177,5.02602485269,8.593237350284
    ));
#4008 = CARTESIAN_POINT('',(52.592977182048,3.325753841549,
    5.728823609107));
#4009 = CARTESIAN_POINT('',(53.693401231416,1.625462009848,
    2.864413741177));
#4010 = CARTESIAN_POINT('',(54.793735648287,-7.480900129303E-02,-4.4E-16
    ));
#4011 = CARTESIAN_POINT('',(51.539753775047,5.442689453193,
    8.526163272808));
#4012 = CARTESIAN_POINT('',(52.626554147075,3.622220239144,
    5.684109979147));
#4013 = CARTESIAN_POINT('',(53.71319962799,1.801769257778,2.842053293661
    ));
#4014 = CARTESIAN_POINT('',(54.800000000017,-1.869995627203E-02,0.));
#4015 = CARTESIAN_POINT('',(51.539753775047,5.581554939257,
    8.503808903466));
#4016 = CARTESIAN_POINT('',(52.626502516705,3.721036626172,
    5.669205935644));
#4017 = CARTESIAN_POINT('',(53.713251258359,1.860518313086,
    2.834602967822));
#4018 = CARTESIAN_POINT('',(54.800000000017,0.,0.));
#4019 = ADVANCED_FACE('',(#4020),#4038,.F.);
#4020 = FACE_BOUND('',#4021,.T.);
#4021 = EDGE_LOOP('',(#4022,#4023,#4031,#4037));
#4022 = ORIENTED_EDGE('',*,*,#3306,.F.);
#4023 = ORIENTED_EDGE('',*,*,#4024,.T.);
#4024 = EDGE_CURVE('',#3307,#4025,#4027,.T.);
#4025 = VERTEX_POINT('',#4026);
#4026 = CARTESIAN_POINT('',(0.,-0.25,0.));
#4027 = LINE('',#4028,#4029);
#4028 = CARTESIAN_POINT('',(4.5,3.407754539025,8.1));
#4029 = VECTOR('',#4030,1.);
#4030 = DIRECTION('',(-0.451721702092,-0.36717491249,-0.813099063766));
#4031 = ORIENTED_EDGE('',*,*,#4032,.F.);
#4032 = EDGE_CURVE('',#3976,#4025,#4033,.T.);
#4033 = LINE('',#4034,#4035);
#4034 = CARTESIAN_POINT('',(37.050000000017,-0.25,0.));
#4035 = VECTOR('',#4036,1.);
#4036 = DIRECTION('',(-1.,-0.,1.E-16));
#4037 = ORIENTED_EDGE('',*,*,#3984,.F.);
#4038 = PLANE('',#4039);
#4039 = AXIS2_PLACEMENT_3D('',#4040,#4041,#4042);
#4040 = CARTESIAN_POINT('',(4.5,3.407754539025,8.1));
#4041 = DIRECTION('',(4.E-17,0.911383682044,-0.41155775306));
#4042 = DIRECTION('',(0.,-0.41155775306,-0.911383682044));
#4043 = ADVANCED_FACE('',(#4044),#4054,.T.);
#4044 = FACE_BOUND('',#4045,.T.);
#4045 = EDGE_LOOP('',(#4046,#4047,#4048,#4049,#4050,#4051,#4052,#4053));
#4046 = ORIENTED_EDGE('',*,*,#3286,.F.);
#4047 = ORIENTED_EDGE('',*,*,#3346,.F.);
#4048 = ORIENTED_EDGE('',*,*,#3474,.F.);
#4049 = ORIENTED_EDGE('',*,*,#3700,.F.);
#4050 = ORIENTED_EDGE('',*,*,#3842,.F.);
#4051 = ORIENTED_EDGE('',*,*,#3792,.F.);
#4052 = ORIENTED_EDGE('',*,*,#3614,.F.);
#4053 = ORIENTED_EDGE('',*,*,#3430,.F.);
#4054 = B_SPLINE_SURFACE_WITH_KNOTS('',3,3,(
    (#4055,#4056,#4057,#4058,#4059,#4060,#4061)
    ,(#4062,#4063,#4064,#4065,#4066,#4067,#4068)
    ,(#4069,#4070,#4071,#4072,#4073,#4074,#4075)
    ,(#4076,#4077,#4078,#4079,#4080,#4081,#4082
  )),.UNSPECIFIED.,.F.,.F.,.F.,(4,4),(4,1,1,1,4),(-1.33742E-12,
    4.862236628849),(-0.574482017917,-0.492413158214,-0.328275438809,
    -0.164137719405,4.392E-14),.UNSPECIFIED.);
#4055 = CARTESIAN_POINT('',(117.0932913932,22.299262654727,
    4.453880405602));
#4056 = CARTESIAN_POINT('',(117.09329139323,21.28789256014,
    4.948939790511));
#4057 = CARTESIAN_POINT('',(117.09329139329,18.176083909013,
    6.320241256367));
#4058 = CARTESIAN_POINT('',(117.09329139342,12.665361332482,
    7.979280330894));
#4059 = CARTESIAN_POINT('',(117.09329139358,5.79046558452,8.852921357461
    ));
#4060 = CARTESIAN_POINT('',(117.09329139368,1.221395734727,
    8.675062525644));
#4061 = CARTESIAN_POINT('',(117.09329139372,-1.014672403653,
    8.407084295599));
#4062 = CARTESIAN_POINT('',(50.426624726533,22.299262653243,
    4.453880405839));
#4063 = CARTESIAN_POINT('',(50.426624726562,21.287892558656,
    4.948939790748));
#4064 = CARTESIAN_POINT('',(50.426624726635,18.176083907529,
    6.320241256604));
#4065 = CARTESIAN_POINT('',(50.426624726751,12.665361331004,
    7.97928033113));
#4066 = CARTESIAN_POINT('',(50.426624726911,5.790465583043,
    8.852921357697));
#4067 = CARTESIAN_POINT('',(50.426624727013,1.221395733242,
    8.675062525881));
#4068 = CARTESIAN_POINT('',(50.426624727072,-1.014672405137,
    8.407084295835));
#4069 = CARTESIAN_POINT('',(-16.24004194013,22.299262651752,
    4.453880406075));
#4070 = CARTESIAN_POINT('',(-16.2400419401,21.287892557164,
    4.948939790984));
#4071 = CARTESIAN_POINT('',(-16.24004194003,18.176083906052,
    6.32024125684));
#4072 = CARTESIAN_POINT('',(-16.2400419399,12.665361329506,
    7.979280331367));
#4073 = CARTESIAN_POINT('',(-16.24004193976,5.790465581551,
    8.852921357934));
#4074 = CARTESIAN_POINT('',(-16.24004193964,1.221395731751,
    8.675062526117));
#4075 = CARTESIAN_POINT('',(-16.2400419396,-1.014672406629,
    8.407084296071));
#4076 = CARTESIAN_POINT('',(-82.90670860679,22.299262650267,
    4.453880406312));
#4077 = CARTESIAN_POINT('',(-82.90670860676,21.28789255568,4.94893979122
    ));
#4078 = CARTESIAN_POINT('',(-82.9067086067,18.17608390456,6.320241257077
    ));
#4079 = CARTESIAN_POINT('',(-82.90670860657,12.665361328029,
    7.979280331603));
#4080 = CARTESIAN_POINT('',(-82.90670860641,5.790465580067,8.85292135817
    ));
#4081 = CARTESIAN_POINT('',(-82.90670860631,1.221395730267,
    8.675062526354));
#4082 = CARTESIAN_POINT('',(-82.90670860627,-1.014672408113,
    8.407084296308));
#4083 = ADVANCED_FACE('',(#4084),#4098,.F.);
#4084 = FACE_BOUND('',#4085,.F.);
#4085 = EDGE_LOOP('',(#4086,#4087,#4088,#4089,#4090,#4091,#4092,#4093,
    #4094,#4095,#4096,#4097));
#4086 = ORIENTED_EDGE('',*,*,#2030,.T.);
#4087 = ORIENTED_EDGE('',*,*,#2064,.T.);
#4088 = ORIENTED_EDGE('',*,*,#2128,.T.);
#4089 = ORIENTED_EDGE('',*,*,#2192,.T.);
#4090 = ORIENTED_EDGE('',*,*,#2256,.T.);
#4091 = ORIENTED_EDGE('',*,*,#2320,.T.);
#4092 = ORIENTED_EDGE('',*,*,#2352,.T.);
#4093 = ORIENTED_EDGE('',*,*,#2288,.T.);
#4094 = ORIENTED_EDGE('',*,*,#2224,.T.);
#4095 = ORIENTED_EDGE('',*,*,#2160,.T.);
#4096 = ORIENTED_EDGE('',*,*,#2096,.T.);
#4097 = ORIENTED_EDGE('',*,*,#1989,.T.);
#4098 = B_SPLINE_SURFACE_WITH_KNOTS('',3,3,(
    (#4099,#4100,#4101,#4102)
    ,(#4103,#4104,#4105,#4106)
    ,(#4107,#4108,#4109,#4110)
    ,(#4111,#4112,#4113,#4114
    )),.UNSPECIFIED.,.F.,.F.,.F.,(4,4),(4,4),(2.425485204052,
    2.522729936633),(-0.288008117615,-0.18906318125),
  .PIECEWISE_BEZIER_KNOTS.);
#4099 = CARTESIAN_POINT('',(17.325000000103,10.750000000473,
    6.878620597179));
#4100 = CARTESIAN_POINT('',(17.325000000132,9.424631435693,
    7.104408704698));
#4101 = CARTESIAN_POINT('',(17.325000000164,8.087977982854,
    7.264011943171));
#4102 = CARTESIAN_POINT('',(17.325000000194,6.749999999534,
    7.356732339806));
#4103 = CARTESIAN_POINT('',(15.991666666716,10.750000000444,
    6.878620597184));
#4104 = CARTESIAN_POINT('',(15.991666666745,9.424631435664,
    7.104408704703));
#4105 = CARTESIAN_POINT('',(15.991666666778,8.087977982825,
    7.264011943176));
#4106 = CARTESIAN_POINT('',(15.991666666807,6.749999999505,7.35673233981
    ));
#4107 = CARTESIAN_POINT('',(14.658333333329,10.750000000415,
    6.878620597188));
#4108 = CARTESIAN_POINT('',(14.658333333358,9.424631435635,
    7.104408704707));
#4109 = CARTESIAN_POINT('',(14.658333333391,8.087977982796,7.26401194318
    ));
#4110 = CARTESIAN_POINT('',(14.65833333342,6.749999999476,7.356732339815
    ));
#4111 = CARTESIAN_POINT('',(13.324999999943,10.750000000386,
    6.878620597193));
#4112 = CARTESIAN_POINT('',(13.324999999972,9.424631435606,
    7.104408704712));
#4113 = CARTESIAN_POINT('',(13.325000000004,8.087977982766,
    7.264011943185));
#4114 = CARTESIAN_POINT('',(13.325000000033,6.749999999447,7.35673233982
    ));
#4115 = ADVANCED_FACE('',(#4116),#4135,.T.);
#4116 = FACE_BOUND('',#4117,.T.);
#4117 = EDGE_LOOP('',(#4118,#4119,#4127,#4134));
#4118 = ORIENTED_EDGE('',*,*,#3410,.F.);
#4119 = ORIENTED_EDGE('',*,*,#4120,.T.);
#4120 = EDGE_CURVE('',#3411,#4121,#4123,.T.);
#4121 = VERTEX_POINT('',#4122);
#4122 = CARTESIAN_POINT('',(-0.25,0.,0.));
#4123 = LINE('',#4124,#4125);
#4124 = CARTESIAN_POINT('',(2.75,5.136012332296,7.825));
#4125 = VECTOR('',#4126,1.);
#4126 = DIRECTION('',(-0.305219238612,-0.522536591189,-0.796113514048));
#4127 = ORIENTED_EDGE('',*,*,#4128,.F.);
#4128 = EDGE_CURVE('',#4025,#4121,#4129,.T.);
#4129 = CIRCLE('',#4130,0.25);
#4130 = AXIS2_PLACEMENT_3D('',#4131,#4132,#4133);
#4131 = CARTESIAN_POINT('',(0.,0.,0.));
#4132 = DIRECTION('',(0.,0.,-1.));
#4133 = DIRECTION('',(-1.,-7.11E-15,-0.));
#4134 = ORIENTED_EDGE('',*,*,#4024,.F.);
#4135 = B_SPLINE_SURFACE_WITH_KNOTS('',3,3,(
    (#4136,#4137,#4138,#4139)
    ,(#4140,#4141,#4142,#4143)
    ,(#4144,#4145,#4146,#4147)
    ,(#4148,#4149,#4150,#4151)
    ,(#4152,#4153,#4154,#4155)
    ,(#4156,#4157,#4158,#4159)
    ,(#4160,#4161,#4162,#4163
    )),.UNSPECIFIED.,.F.,.F.,.F.,(4,1,1,1,4),(4,4),(-1.0384860365E-07,
    0.285714211538,0.571428526924,0.714285684618,1.000000000004),(
    -8.674874167315E-02,1.),.UNSPECIFIED.);
#4136 = CARTESIAN_POINT('',(4.890369644221,3.725060142635,8.802664807553
    ));
#4137 = CARTESIAN_POINT('',(3.260246443075,2.40004009509,5.868443205035)
  );
#4138 = CARTESIAN_POINT('',(1.630123241928,1.075020047545,2.934221602518
    ));
#4139 = CARTESIAN_POINT('',(4.078174243E-08,-0.25,0.));
#4140 = CARTESIAN_POINT('',(4.609103855102,3.725060097328,8.802664814846
    ));
#4141 = CARTESIAN_POINT('',(3.060202595694,2.400097265643,5.868432568473
    ));
#4142 = CARTESIAN_POINT('',(1.511501383764,1.074962825587,2.934232246372
    ));
#4143 = CARTESIAN_POINT('',(-3.739987564404E-02,-0.250000006097,0.));
#4144 = CARTESIAN_POINT('',(4.046627201053,3.851814642578,8.78226004761)
  );
#4145 = CARTESIAN_POINT('',(2.660404377155,2.490261884668,5.854834617855
    ));
#4146 = CARTESIAN_POINT('',(1.27403041867,1.128621820011,2.927425429756)
  );
#4147 = CARTESIAN_POINT('',(-0.112192405228,-0.232930937898,4.4E-16));
#4148 = CARTESIAN_POINT('',(3.483374557374,4.295871206872,8.710776450581
    ));
#4149 = CARTESIAN_POINT('',(2.259956716771,2.806257221862,5.80717422515)
  );
#4150 = CARTESIAN_POINT('',(1.036329722436,1.316480759051,2.903602225432
    ));
#4151 = CARTESIAN_POINT('',(-0.187088118168,-0.173133225959,-4.4E-16));
#4152 = CARTESIAN_POINT('',(3.106974529546,4.887770742767,8.615493301301
    ));
#4153 = CARTESIAN_POINT('',(1.992291442704,3.227380256409,5.743660594071
    ));
#4154 = CARTESIAN_POINT('',(0.877545051022,1.566963858138,2.87183270723)
  );
#4155 = CARTESIAN_POINT('',(-0.23713803582,-9.342662822019E-02,-4.4E-16)
  );
#4156 = CARTESIAN_POINT('',(3.010246225018,5.303823938375,8.548517646918
    ));
#4157 = CARTESIAN_POINT('',(1.923662115296,3.523478739815,5.699000090676
    ));
#4158 = CARTESIAN_POINT('',(0.836584109722,1.742945282131,2.849517556242
    ));
#4159 = CARTESIAN_POINT('',(-0.25,-3.739991642942E-02,0.));
#4160 = CARTESIAN_POINT('',(3.010246225018,5.581554939352,8.503808903591
    ));
#4161 = CARTESIAN_POINT('',(1.923497483345,3.72103662623,5.669205935727)
  );
#4162 = CARTESIAN_POINT('',(0.836748741673,1.860518313122,2.834602967864
    ));
#4163 = CARTESIAN_POINT('',(-0.25,0.,0.));
#4164 = ADVANCED_FACE('',(#4165),#4183,.T.);
#4165 = FACE_BOUND('',#4166,.T.);
#4166 = EDGE_LOOP('',(#4167,#4168,#4176,#4182));
#4167 = ORIENTED_EDGE('',*,*,#3587,.F.);
#4168 = ORIENTED_EDGE('',*,*,#4169,.T.);
#4169 = EDGE_CURVE('',#3588,#4170,#4172,.T.);
#4170 = VERTEX_POINT('',#4171);
#4171 = CARTESIAN_POINT('',(-0.25,17.5,0.));
#4172 = LINE('',#4173,#4174);
#4173 = CARTESIAN_POINT('',(2.75,15.505559091907,6.175000000004));
#4174 = VECTOR('',#4175,1.);
#4175 = DIRECTION('',(-0.41963821319,0.278981206329,-0.863755322152));
#4176 = ORIENTED_EDGE('',*,*,#4177,.F.);
#4177 = EDGE_CURVE('',#4121,#4170,#4178,.T.);
#4178 = LINE('',#4179,#4180);
#4179 = CARTESIAN_POINT('',(-0.25,17.5,0.));
#4180 = VECTOR('',#4181,1.);
#4181 = DIRECTION('',(0.,1.,0.));
#4182 = ORIENTED_EDGE('',*,*,#4120,.F.);
#4183 = B_SPLINE_SURFACE_WITH_KNOTS('',3,3,(
    (#4184,#4185,#4186,#4187)
    ,(#4188,#4189,#4190,#4191)
    ,(#4192,#4193,#4194,#4195)
    ,(#4196,#4197,#4198,#4199
    )),.UNSPECIFIED.,.F.,.F.,.F.,(4,4),(4,4),(-2.6382E-13,1.000000000003
    ),(-0.154144108915,1.),.PIECEWISE_BEZIER_KNOTS.);
#4184 = CARTESIAN_POINT('',(3.212432326742,5.927698376632,9.031177652259
    ));
#4185 = CARTESIAN_POINT('',(2.058288217828,3.951798917755,6.020785101506
    ));
#4186 = CARTESIAN_POINT('',(0.904144108914,1.975899458877,3.010392550753
    ));
#4187 = CARTESIAN_POINT('',(-0.25,0.,0.));
#4188 = CARTESIAN_POINT('',(3.212432326742,6.951921734886,8.864992830629
    ));
#4189 = CARTESIAN_POINT('',(2.058288217828,4.678247721218,5.909995220419
    ));
#4190 = CARTESIAN_POINT('',(0.904144108914,2.404573707558,2.95499761021)
  );
#4191 = CARTESIAN_POINT('',(-0.25,0.13089969389,0.));
#4192 = CARTESIAN_POINT('',(3.212432326742,14.173904417141,
    7.293024694173));
#4193 = CARTESIAN_POINT('',(2.058288217828,15.2389697135,4.862016462782)
  );
#4194 = CARTESIAN_POINT('',(0.904144108914,16.30403500986,2.431008231391
    ));
#4195 = CARTESIAN_POINT('',(-0.25,17.36910030622,0.));
#4196 = CARTESIAN_POINT('',(3.212432326742,15.198127775358,
    7.126839872552));
#4197 = CARTESIAN_POINT('',(2.058288217828,15.965418516906,
    4.751226581701));
#4198 = CARTESIAN_POINT('',(0.904144108914,16.732709258453,
    2.375613290851));
#4199 = CARTESIAN_POINT('',(-0.25,17.5,0.));
#4200 = ADVANCED_FACE('',(#4201),#4220,.T.);
#4201 = FACE_BOUND('',#4202,.T.);
#4202 = EDGE_LOOP('',(#4203,#4204,#4212,#4219));
#4203 = ORIENTED_EDGE('',*,*,#3771,.F.);
#4204 = ORIENTED_EDGE('',*,*,#4205,.T.);
#4205 = EDGE_CURVE('',#3772,#4206,#4208,.T.);
#4206 = VERTEX_POINT('',#4207);
#4207 = CARTESIAN_POINT('',(0.,17.75,0.));
#4208 = LINE('',#4209,#4210);
#4209 = CARTESIAN_POINT('',(4.5,17.233816885178,5.900000000004));
#4210 = VECTOR('',#4211,1.);
#4211 = DIRECTION('',(-0.604987123112,6.939647502999E-02,-0.793205339192
    ));
#4212 = ORIENTED_EDGE('',*,*,#4213,.F.);
#4213 = EDGE_CURVE('',#4170,#4206,#4214,.T.);
#4214 = CIRCLE('',#4215,0.25);
#4215 = AXIS2_PLACEMENT_3D('',#4216,#4217,#4218);
#4216 = CARTESIAN_POINT('',(0.,17.5,0.));
#4217 = DIRECTION('',(0.,0.,-1.));
#4218 = DIRECTION('',(-7.11E-15,1.,0.));
#4219 = ORIENTED_EDGE('',*,*,#4169,.F.);
#4220 = B_SPLINE_SURFACE_WITH_KNOTS('',3,3,(
    (#4221,#4222,#4223,#4224)
    ,(#4225,#4226,#4227,#4228)
    ,(#4229,#4230,#4231,#4232)
    ,(#4233,#4234,#4235,#4236)
    ,(#4237,#4238,#4239,#4240)
    ,(#4241,#4242,#4243,#4244)
    ,(#4245,#4246,#4247,#4248
    )),.UNSPECIFIED.,.F.,.F.,.F.,(4,1,1,1,4),(4,4),(-2.582E-14,
    0.285714314663,0.571428629327,0.85714294399,1.000000101322),(
    -0.134873790475,1.),.UNSPECIFIED.);
#4221 = CARTESIAN_POINT('',(3.154621371425,15.236561286758,
    7.007845656187));
#4222 = CARTESIAN_POINT('',(2.019747580951,15.991040857836,
    4.671897104125));
#4223 = CARTESIAN_POINT('',(0.884873790474,16.745520428922,
    2.335948552062));
#4224 = CARTESIAN_POINT('',(-0.25,17.5,0.));
#4225 = CARTESIAN_POINT('',(3.154621371425,15.524934990994,
    6.961157052895));
#4226 = CARTESIAN_POINT('',(2.019827121716,16.195773852181,
    4.640768165274));
#4227 = CARTESIAN_POINT('',(0.884794249709,16.866561055147,
    2.320388887621));
#4228 = CARTESIAN_POINT('',(-0.25,17.537399916335,0.));
#4229 = CARTESIAN_POINT('',(3.288037440689,16.101464551139,
    6.867815116634));
#4230 = CARTESIAN_POINT('',(2.114426193402,16.605012977969,
    4.578547234874));
#4231 = CARTESIAN_POINT('',(0.940695627123,17.108623068874,
    2.289267881761));
#4232 = CARTESIAN_POINT('',(-0.232915620163,17.612171495704,-4.4E-16));
#4233 = CARTESIAN_POINT('',(3.848126816094,16.795283573571,
    6.755483650142));
#4234 = CARTESIAN_POINT('',(2.511716666606,17.097603275128,
    4.503650307676));
#4235 = CARTESIAN_POINT('',(1.175215872077,17.399834941032,
    2.251833342466));
#4236 = CARTESIAN_POINT('',(-0.161194277411,17.702154642589,0.));
#4237 = CARTESIAN_POINT('',(4.5227306501,17.11589583366,6.703575523977)
  );
#4238 = CARTESIAN_POINT('',(2.990224797388,17.32514502704,4.46905606943)
  );
#4239 = CARTESIAN_POINT('',(1.457696882586,17.534486465527,
    2.234519454547));
#4240 = CARTESIAN_POINT('',(-7.480897012647E-02,17.743735658907,-8.9E-16
    ));
#4241 = CARTESIAN_POINT('',(4.960899855261,17.164197334852,
    6.695755360091));
#4242 = CARTESIAN_POINT('',(3.301026824007,17.359518026155,
    4.463827021987));
#4243 = CARTESIAN_POINT('',(1.641173112876,17.554679311674,
    2.231928338105));
#4244 = CARTESIAN_POINT('',(-1.869991837884E-02,17.750000002976,0.));
#4245 = CARTESIAN_POINT('',(5.10693236786,17.164197311904,6.695755363807
    ));
#4246 = CARTESIAN_POINT('',(3.404621591835,17.3594648746,4.463836909205)
  );
#4247 = CARTESIAN_POINT('',(1.702310815814,17.554732437304,
    2.231918454602));
#4248 = CARTESIAN_POINT('',(3.978857421E-08,17.75,0.));
#4249 = ADVANCED_FACE('',(#4250),#4261,.F.);
#4250 = FACE_BOUND('',#4251,.T.);
#4251 = EDGE_LOOP('',(#4252,#4253,#4254,#4260));
#4252 = ORIENTED_EDGE('',*,*,#3850,.F.);
#4253 = ORIENTED_EDGE('',*,*,#3882,.T.);
#4254 = ORIENTED_EDGE('',*,*,#4255,.F.);
#4255 = EDGE_CURVE('',#4206,#3883,#4256,.T.);
#4256 = LINE('',#4257,#4258);
#4257 = CARTESIAN_POINT('',(54.550000000017,17.75,-1.78E-15));
#4258 = VECTOR('',#4259,1.);
#4259 = DIRECTION('',(1.,0.,-1.E-16));
#4260 = ORIENTED_EDGE('',*,*,#4205,.F.);
#4261 = PLANE('',#4262);
#4262 = AXIS2_PLACEMENT_3D('',#4263,#4264,#4265);
#4263 = CARTESIAN_POINT('',(13.,17.233816885178,5.900000000004));
#4264 = DIRECTION('',(1.E-17,-0.996194698091,-8.715574275073E-02));
#4265 = DIRECTION('',(1.925929944387E-34,-8.715574275073E-02,
    0.996194698091));
#4266 = ADVANCED_FACE('',(#4267,#4277),#4283,.T.);
#4267 = FACE_BOUND('',#4268,.T.);
#4268 = EDGE_LOOP('',(#4269,#4270,#4271,#4272,#4273,#4274,#4275,#4276));
#4269 = ORIENTED_EDGE('',*,*,#4032,.T.);
#4270 = ORIENTED_EDGE('',*,*,#4128,.T.);
#4271 = ORIENTED_EDGE('',*,*,#4177,.T.);
#4272 = ORIENTED_EDGE('',*,*,#4213,.T.);
#4273 = ORIENTED_EDGE('',*,*,#4255,.T.);
#4274 = ORIENTED_EDGE('',*,*,#3890,.F.);
#4275 = ORIENTED_EDGE('',*,*,#3939,.F.);
#4276 = ORIENTED_EDGE('',*,*,#3975,.F.);
#4277 = FACE_BOUND('',#4278,.T.);
#4278 = EDGE_LOOP('',(#4279,#4280,#4281,#4282));
#4279 = ORIENTED_EDGE('',*,*,#1854,.F.);
#4280 = ORIENTED_EDGE('',*,*,#1752,.F.);
#4281 = ORIENTED_EDGE('',*,*,#1633,.F.);
#4282 = ORIENTED_EDGE('',*,*,#1402,.F.);
#4283 = PLANE('',#4284);
#4284 = AXIS2_PLACEMENT_3D('',#4285,#4286,#4287);
#4285 = CARTESIAN_POINT('',(8.75,8.75,-1.78E-15));
#4286 = DIRECTION('',(1.E-16,0.,-1.));
#4287 = DIRECTION('',(-1.,0.,-1.E-16));
#4288 = ADVANCED_FACE('',(#4289),#4300,.F.);
#4289 = FACE_BOUND('',#4290,.T.);
#4290 = EDGE_LOOP('',(#4291,#4292,#4298,#4299));
#4291 = ORIENTED_EDGE('',*,*,#452,.T.);
#4292 = ORIENTED_EDGE('',*,*,#4293,.F.);
#4293 = EDGE_CURVE('',#1821,#444,#4294,.T.);
#4294 = LINE('',#4295,#4296);
#4295 = CARTESIAN_POINT('',(38.900000000005,8.912500000013,4.17094187066
    ));
#4296 = VECTOR('',#4297,1.);
#4297 = DIRECTION('',(0.,1.,0.));
#4298 = ORIENTED_EDGE('',*,*,#1820,.T.);
#4299 = ORIENTED_EDGE('',*,*,#257,.T.);
#4300 = PLANE('',#4301);
#4301 = AXIS2_PLACEMENT_3D('',#4302,#4303,#4304);
#4302 = CARTESIAN_POINT('',(38.900000000005,8.750000000015,6.07094187066
    ));
#4303 = DIRECTION('',(1.,0.,0.));
#4304 = DIRECTION('',(0.,-1.,0.));
#4305 = ADVANCED_FACE('',(#4306),#4317,.T.);
#4306 = FACE_BOUND('',#4307,.T.);
#4307 = EDGE_LOOP('',(#4308,#4309,#4310,#4311));
#4308 = ORIENTED_EDGE('',*,*,#410,.T.);
#4309 = ORIENTED_EDGE('',*,*,#1877,.T.);
#4310 = ORIENTED_EDGE('',*,*,#1836,.T.);
#4311 = ORIENTED_EDGE('',*,*,#4312,.T.);
#4312 = EDGE_CURVE('',#1829,#411,#4313,.T.);
#4313 = LINE('',#4314,#4315);
#4314 = CARTESIAN_POINT('',(39.550000000006,8.912500000013,4.17094187066
    ));
#4315 = VECTOR('',#4316,1.);
#4316 = DIRECTION('',(0.,1.,0.));
#4317 = PLANE('',#4318);
#4318 = AXIS2_PLACEMENT_3D('',#4319,#4320,#4321);
#4319 = CARTESIAN_POINT('',(39.550000000006,8.750000000015,6.07094187066
    ));
#4320 = DIRECTION('',(1.,0.,0.));
#4321 = DIRECTION('',(0.,-1.,0.));
#4322 = ADVANCED_FACE('',(#4323),#4330,.F.);
#4323 = FACE_BOUND('',#4324,.T.);
#4324 = EDGE_LOOP('',(#4325,#4326,#4327,#4328,#4329));
#4325 = ORIENTED_EDGE('',*,*,#443,.F.);
#4326 = ORIENTED_EDGE('',*,*,#418,.F.);
#4327 = ORIENTED_EDGE('',*,*,#4312,.F.);
#4328 = ORIENTED_EDGE('',*,*,#1828,.F.);
#4329 = ORIENTED_EDGE('',*,*,#4293,.T.);
#4330 = PLANE('',#4331);
#4331 = AXIS2_PLACEMENT_3D('',#4332,#4333,#4334);
#4332 = CARTESIAN_POINT('',(27.275000000002,9.075000000019,4.17094187066
    ));
#4333 = DIRECTION('',(0.,0.,1.));
#4334 = DIRECTION('',(1.,0.,-0.));
#4335 = ADVANCED_FACE('',(#4336),#4357,.F.);
#4336 = FACE_BOUND('',#4337,.F.);
#4337 = EDGE_LOOP('',(#4338,#4339,#4347,#4356));
#4338 = ORIENTED_EDGE('',*,*,#1953,.F.);
#4339 = ORIENTED_EDGE('',*,*,#4340,.F.);
#4340 = EDGE_CURVE('',#4341,#1943,#4343,.T.);
#4341 = VERTEX_POINT('',#4342);
#4342 = CARTESIAN_POINT('',(46.650000000009,9.075000000012,4.17094187066
    ));
#4343 = LINE('',#4344,#4345);
#4344 = CARTESIAN_POINT('',(46.650000000009,9.075000000012,6.07094187066
    ));
#4345 = VECTOR('',#4346,1.);
#4346 = DIRECTION('',(0.,0.,1.));
#4347 = ORIENTED_EDGE('',*,*,#4348,.T.);
#4348 = EDGE_CURVE('',#4341,#1712,#4349,.T.);
#4349 = B_SPLINE_CURVE_WITH_KNOTS('',3,(#4350,#4351,#4352,#4353,#4354,
    #4355),.UNSPECIFIED.,.F.,.F.,(4,2,4),(-38.12499999997,-33.25,
    -33.09484275653),.UNSPECIFIED.);
#4350 = CARTESIAN_POINT('',(46.650000000027,9.075000000012,4.17094187066
    ));
#4351 = CARTESIAN_POINT('',(48.275000000016,9.075000000012,4.17094187066
    ));
#4352 = CARTESIAN_POINT('',(49.900000000009,9.075000000012,4.17094187066
    ));
#4353 = CARTESIAN_POINT('',(51.576719081153,9.075000000012,4.17094187066
    ));
#4354 = CARTESIAN_POINT('',(51.628438162308,9.075000000012,4.17094187066
    ));
#4355 = CARTESIAN_POINT('',(51.680157243463,9.075000000012,4.17094187066
    ));
#4356 = ORIENTED_EDGE('',*,*,#1720,.F.);
#4357 = B_SPLINE_SURFACE_WITH_KNOTS('',1,1,(
    (#4358,#4359,#4360,#4361)
    ,(#4362,#4363,#4364,#4365)
    ,(#4366,#4367,#4368,#4369
    )),.UNSPECIFIED.,.F.,.F.,.F.,(2,1,2),(2,1,1,2),(2.025E-13,18.,
    66.499999999999),(-1.,0.,3.,10.5),.UNSPECIFIED.);
#4358 = CARTESIAN_POINT('',(18.275000000002,9.075000000026,3.57094187066
    ));
#4359 = CARTESIAN_POINT('',(18.275000000002,9.075000000026,4.57094187066
    ));
#4360 = CARTESIAN_POINT('',(18.275000000002,9.075000000026,7.57094187066
    ));
#4361 = CARTESIAN_POINT('',(18.275000000002,9.075000000026,
    15.070941870659));
#4362 = CARTESIAN_POINT('',(36.275000000001,9.075000000019,3.57094187066
    ));
#4363 = CARTESIAN_POINT('',(36.275000000001,9.075000000019,4.57094187066
    ));
#4364 = CARTESIAN_POINT('',(36.275000000001,9.075000000019,7.57094187066
    ));
#4365 = CARTESIAN_POINT('',(36.275000000001,9.075000000019,
    15.070941870659));
#4366 = CARTESIAN_POINT('',(84.775000000001,9.074999999997,3.57094187066
    ));
#4367 = CARTESIAN_POINT('',(84.775000000001,9.074999999997,4.57094187066
    ));
#4368 = CARTESIAN_POINT('',(84.775000000001,9.074999999997,7.57094187066
    ));
#4369 = CARTESIAN_POINT('',(84.775000000001,9.074999999997,
    15.070941870659));
#4370 = ADVANCED_FACE('',(#4371),#4382,.T.);
#4371 = FACE_BOUND('',#4372,.T.);
#4372 = EDGE_LOOP('',(#4373,#4374,#4380,#4381));
#4373 = ORIENTED_EDGE('',*,*,#385,.T.);
#4374 = ORIENTED_EDGE('',*,*,#4375,.T.);
#4375 = EDGE_CURVE('',#377,#1695,#4376,.T.);
#4376 = LINE('',#4377,#4378);
#4377 = CARTESIAN_POINT('',(27.275000000002,8.425000000017,4.17094187066
    ));
#4378 = VECTOR('',#4379,1.);
#4379 = DIRECTION('',(1.,-4.0422E-13,0.));
#4380 = ORIENTED_EDGE('',*,*,#1694,.T.);
#4381 = ORIENTED_EDGE('',*,*,#1886,.T.);
#4382 = PLANE('',#4383);
#4383 = AXIS2_PLACEMENT_3D('',#4384,#4385,#4386);
#4384 = CARTESIAN_POINT('',(27.275000000002,8.425000000017,6.07094187066
    ));
#4385 = DIRECTION('',(-4.0422E-13,-1.,0.));
#4386 = DIRECTION('',(-0.,0.,-1.));
#4387 = ADVANCED_FACE('',(#4388),#4401,.F.);
#4388 = FACE_BOUND('',#4389,.T.);
#4389 = EDGE_LOOP('',(#4390,#4391,#4398,#4399,#4400));
#4390 = ORIENTED_EDGE('',*,*,#376,.F.);
#4391 = ORIENTED_EDGE('',*,*,#4392,.T.);
#4392 = EDGE_CURVE('',#363,#4341,#4393,.T.);
#4393 = B_SPLINE_CURVE_WITH_KNOTS('',3,(#4394,#4395,#4396,#4397),
  .UNSPECIFIED.,.F.,.F.,(4,4),(-43.36963155518,-38.62500000001),
  .PIECEWISE_BEZIER_KNOTS.);
#4394 = CARTESIAN_POINT('',(41.905368444812,9.075000000012,4.17094187066
    ));
#4395 = CARTESIAN_POINT('',(43.486912296539,9.075000000012,4.17094187066
    ));
#4396 = CARTESIAN_POINT('',(45.068456148263,9.075000000019,4.17094187066
    ));
#4397 = CARTESIAN_POINT('',(46.649999999987,9.075000000019,4.17094187066
    ));
#4398 = ORIENTED_EDGE('',*,*,#4348,.T.);
#4399 = ORIENTED_EDGE('',*,*,#1711,.F.);
#4400 = ORIENTED_EDGE('',*,*,#4375,.F.);
#4401 = PLANE('',#4402);
#4402 = AXIS2_PLACEMENT_3D('',#4403,#4404,#4405);
#4403 = CARTESIAN_POINT('',(27.275000000002,9.075000000019,4.17094187066
    ));
#4404 = DIRECTION('',(0.,0.,1.));
#4405 = DIRECTION('',(1.,0.,-0.));
#4406 = ADVANCED_FACE('',(#4407),#4413,.F.);
#4407 = FACE_BOUND('',#4408,.F.);
#4408 = EDGE_LOOP('',(#4409,#4410,#4411,#4412));
#4409 = ORIENTED_EDGE('',*,*,#4392,.T.);
#4410 = ORIENTED_EDGE('',*,*,#4340,.T.);
#4411 = ORIENTED_EDGE('',*,*,#1942,.F.);
#4412 = ORIENTED_EDGE('',*,*,#362,.F.);
#4413 = B_SPLINE_SURFACE_WITH_KNOTS('',1,1,(
    (#4414,#4415,#4416,#4417)
    ,(#4418,#4419,#4420,#4421)
    ,(#4422,#4423,#4424,#4425
    )),.UNSPECIFIED.,.F.,.F.,.F.,(2,1,2),(2,1,1,2),(2.025E-13,18.,
    66.999999999999),(-1.5,0.,3.,10.5),.UNSPECIFIED.);
#4414 = CARTESIAN_POINT('',(18.275000000002,9.075000000026,3.07094187066
    ));
#4415 = CARTESIAN_POINT('',(18.275000000002,9.075000000026,4.57094187066
    ));
#4416 = CARTESIAN_POINT('',(18.275000000002,9.075000000026,7.57094187066
    ));
#4417 = CARTESIAN_POINT('',(18.275000000002,9.075000000026,
    15.070941870659));
#4418 = CARTESIAN_POINT('',(36.275000000001,9.075000000019,3.07094187066
    ));
#4419 = CARTESIAN_POINT('',(36.275000000001,9.075000000019,4.57094187066
    ));
#4420 = CARTESIAN_POINT('',(36.275000000001,9.075000000019,7.57094187066
    ));
#4421 = CARTESIAN_POINT('',(36.275000000001,9.075000000019,
    15.070941870659));
#4422 = CARTESIAN_POINT('',(85.275000000001,9.074999999997,3.07094187066
    ));
#4423 = CARTESIAN_POINT('',(85.275000000001,9.074999999997,4.57094187066
    ));
#4424 = CARTESIAN_POINT('',(85.275000000001,9.074999999997,7.57094187066
    ));
#4425 = CARTESIAN_POINT('',(85.275000000001,9.074999999997,
    15.070941870659));
#4426 = ADVANCED_FACE('',(#4427),#4443,.F.);
#4427 = FACE_BOUND('',#4428,.T.);
#4428 = EDGE_LOOP('',(#4429,#4430,#4436,#4437));
#4429 = ORIENTED_EDGE('',*,*,#330,.F.);
#4430 = ORIENTED_EDGE('',*,*,#4431,.T.);
#4431 = EDGE_CURVE('',#323,#1670,#4432,.T.);
#4432 = LINE('',#4433,#4434);
#4433 = CARTESIAN_POINT('',(38.900000000005,8.912500000013,4.17094187066
    ));
#4434 = VECTOR('',#4435,1.);
#4435 = DIRECTION('',(0.,1.,0.));
#4436 = ORIENTED_EDGE('',*,*,#1669,.F.);
#4437 = ORIENTED_EDGE('',*,*,#4438,.F.);
#4438 = EDGE_CURVE('',#331,#1662,#4439,.T.);
#4439 = LINE('',#4440,#4441);
#4440 = CARTESIAN_POINT('',(39.550000000006,8.912500000013,4.17094187066
    ));
#4441 = VECTOR('',#4442,1.);
#4442 = DIRECTION('',(0.,1.,0.));
#4443 = PLANE('',#4444);
#4444 = AXIS2_PLACEMENT_3D('',#4445,#4446,#4447);
#4445 = CARTESIAN_POINT('',(27.275000000002,9.075000000019,4.17094187066
    ));
#4446 = DIRECTION('',(0.,0.,1.));
#4447 = DIRECTION('',(1.,0.,-0.));
#4448 = ADVANCED_FACE('',(#4449),#4455,.F.);
#4449 = FACE_BOUND('',#4450,.F.);
#4450 = EDGE_LOOP('',(#4451,#4452,#4453,#4454));
#4451 = ORIENTED_EDGE('',*,*,#4431,.T.);
#4452 = ORIENTED_EDGE('',*,*,#1677,.F.);
#4453 = ORIENTED_EDGE('',*,*,#157,.F.);
#4454 = ORIENTED_EDGE('',*,*,#322,.F.);
#4455 = PLANE('',#4456);
#4456 = AXIS2_PLACEMENT_3D('',#4457,#4458,#4459);
#4457 = CARTESIAN_POINT('',(38.900000000005,8.750000000015,6.07094187066
    ));
#4458 = DIRECTION('',(1.,0.,0.));
#4459 = DIRECTION('',(0.,-1.,0.));
#4460 = ADVANCED_FACE('',(#4461),#4467,.T.);
#4461 = FACE_BOUND('',#4462,.T.);
#4462 = EDGE_LOOP('',(#4463,#4464,#4465,#4466));
#4463 = ORIENTED_EDGE('',*,*,#339,.T.);
#4464 = ORIENTED_EDGE('',*,*,#4438,.T.);
#4465 = ORIENTED_EDGE('',*,*,#1661,.T.);
#4466 = ORIENTED_EDGE('',*,*,#1962,.T.);
#4467 = PLANE('',#4468);
#4468 = AXIS2_PLACEMENT_3D('',#4469,#4470,#4471);
#4469 = CARTESIAN_POINT('',(39.550000000006,8.750000000015,6.07094187066
    ));
#4470 = DIRECTION('',(1.,0.,0.));
#4471 = DIRECTION('',(0.,-1.,0.));
#4472 = ( GEOMETRIC_REPRESENTATION_CONTEXT(3) 
GLOBAL_UNCERTAINTY_ASSIGNED_CONTEXT((#4476)) 
GLOBAL_UNIT_ASSIGNED_CONTEXT((#4473,#4474,#4475)) REPRESENTATION_CONTEXT
('Context #1','3D Context with UNIT and UNCERTAINTY') );
#4473 = ( LENGTH_UNIT() NAMED_UNIT(*) SI_UNIT(.MILLI.,.METRE.) );
#4474 = ( NAMED_UNIT(*) PLANE_ANGLE_UNIT() SI_UNIT($,.RADIAN.) );
#4475 = ( NAMED_UNIT(*) SI_UNIT($,.STERADIAN.) SOLID_ANGLE_UNIT() );
#4476 = UNCERTAINTY_MEASURE_WITH_UNIT(LENGTH_MEASURE(2.E-04),#4473,
  'distance_accuracy_value','confusion accuracy');
#4477 = PRODUCT_RELATED_PRODUCT_CATEGORY('part',$,(#7));
#4478 = MECHANICAL_DESIGN_GEOMETRIC_PRESENTATION_REPRESENTATION('',(
    #4479),#4472);
#4479 = STYLED_ITEM('color',(#4480),#15);
#4480 = PRESENTATION_STYLE_ASSIGNMENT((#4481,#4487));
#4481 = SURFACE_STYLE_USAGE(.BOTH.,#4482);
#4482 = SURFACE_SIDE_STYLE('',(#4483));
#4483 = SURFACE_STYLE_FILL_AREA(#4484);
#4484 = FILL_AREA_STYLE('',(#4485));
#4485 = FILL_AREA_STYLE_COLOUR('',#4486);
#4486 = DRAUGHTING_PRE_DEFINED_COLOUR('white');
#4487 = CURVE_STYLE('',#4488,POSITIVE_LENGTH_MEASURE(0.1),#4489);
#4488 = DRAUGHTING_PRE_DEFINED_CURVE_FONT('continuous');
#4489 = COLOUR_RGB('',9.803921802644E-02,9.803921802644E-02,
  9.803921802644E-02);
ENDSEC;
END-ISO-10303-21;
