ISO-10303-21;
HEADER;
FILE_DESCRIPTION(('FreeCAD Model'),'2;1');
FILE_NAME('Open CASCADE Shape Model','2026-09-14T23:51:05',('Author'),(
    ''),'Open CASCADE STEP processor 7.9','FreeCAD','Unknown');
FILE_SCHEMA(('AUTOMOTIVE_DESIGN { 1 0 10303 214 1 1 1 1 }'));
ENDSEC;
DATA;
#1 = APPLICATION_PROTOCOL_DEFINITION('international standard',
  'automotive_design',2000,#2);
#2 = APPLICATION_CONTEXT(
  'core data for automotive mechanical design processes');
#3 = SHAPE_DEFINITION_REPRESENTATION(#4,#10);
#4 = PRODUCT_DEFINITION_SHAPE('','',#5);
#5 = PRODUCT_DEFINITION('design','',#6,#9);
#6 = PRODUCT_DEFINITION_FORMATION('','',#7);
#7 = PRODUCT('Product026','Product026','',(#8));
#8 = PRODUCT_CONTEXT('',#2,'mechanical');
#9 = PRODUCT_DEFINITION_CONTEXT('part definition',#2,'design');
#10 = ADVANCED_BREP_SHAPE_REPRESENTATION('',(#11,#15),#4173);
#11 = AXIS2_PLACEMENT_3D('',#12,#13,#14);
#12 = CARTESIAN_POINT('',(0.,0.,0.));
#13 = DIRECTION('',(0.,0.,1.));
#14 = DIRECTION('',(1.,0.,-0.));
#15 = MANIFOLD_SOLID_BREP('',#16);
#16 = CLOSED_SHELL('',(#17,#60,#92,#126,#329,#380,#446,#554,#784,#923,
    #963,#1003,#1080,#1157,#1231,#1306,#1349,#1388,#1524,#1660,#1796,
    #1850,#1932,#1982,#2052,#2109,#2162,#2222,#2264,#2297,#2343,#2399,
    #2435,#2484,#2508,#2550,#2585,#2626,#2638,#2669,#2693,#2717,#2741,
    #2765,#2789,#2813,#2837,#2861,#2885,#2909,#2926,#2949,#3056,#3078,
    #3095,#3112,#3129,#3146,#3163,#3180,#3197,#3214,#3231,#3248,#3260,
    #3375,#3504,#3526,#3543,#3560,#3577,#3594,#3611,#3628,#3645,#3662,
    #3679,#3696,#3708,#3725,#3743,#3755,#3779,#3797,#3809,#3826,#3844,
    #3856,#3873,#3890,#3902,#3919,#3945,#3957,#3981,#3998,#4010,#4033,
    #4052,#4063,#4080,#4106,#4118,#4144,#4161));
#17 = ADVANCED_FACE('',(#18),#55,.T.);
#18 = FACE_BOUND('',#19,.T.);
#19 = EDGE_LOOP('',(#20,#30,#38,#46));
#20 = ORIENTED_EDGE('',*,*,#21,.F.);
#21 = EDGE_CURVE('',#22,#24,#26,.T.);
#22 = VERTEX_POINT('',#23);
#23 = CARTESIAN_POINT('',(207.24510753241,207.18840964616,4.63039454832)
  );
#24 = VERTEX_POINT('',#25);
#25 = CARTESIAN_POINT('',(207.24510753241,207.18840964617,7.685841923507
    ));
#26 = LINE('',#27,#28);
#27 = CARTESIAN_POINT('',(207.24510753241,207.18840964616,9.509993E-11)
  );
#28 = VECTOR('',#29,1.);
#29 = DIRECTION('',(0.,0.,1.));
#30 = ORIENTED_EDGE('',*,*,#31,.T.);
#31 = EDGE_CURVE('',#22,#32,#34,.T.);
#32 = VERTEX_POINT('',#33);
#33 = CARTESIAN_POINT('',(207.24510753241,211.85944630285,4.63039454832)
  );
#34 = LINE('',#35,#36);
#35 = CARTESIAN_POINT('',(207.24510753241,204.50804120132,4.63039454832)
  );
#36 = VECTOR('',#37,1.);
#37 = DIRECTION('',(0.,1.,0.));
#38 = ORIENTED_EDGE('',*,*,#39,.F.);
#39 = EDGE_CURVE('',#40,#32,#42,.T.);
#40 = VERTEX_POINT('',#41);
#41 = CARTESIAN_POINT('',(207.24510753242,211.58638094707,7.838912478676
    ));
#42 = LINE('',#43,#44);
#43 = CARTESIAN_POINT('',(207.24510753241,211.75260079893,5.885829219313
    ));
#44 = VECTOR('',#45,1.);
#45 = DIRECTION('',(0.,8.479983040192E-02,-0.996398007206));
#46 = ORIENTED_EDGE('',*,*,#47,.T.);
#47 = EDGE_CURVE('',#40,#24,#48,.T.);
#48 = B_SPLINE_CURVE_WITH_KNOTS('',3,(#49,#50,#51,#52,#53,#54),
  .UNSPECIFIED.,.F.,.F.,(4,2,4),(4.70811381612E-02,3.426141510867,
    4.447715428621),.UNSPECIFIED.);
#49 = CARTESIAN_POINT('',(207.24510753241,211.58638094708,7.838912478676
    ));
#50 = CARTESIAN_POINT('',(207.24510753241,210.46070908841,7.799733683601
    ));
#51 = CARTESIAN_POINT('',(207.24510753241,209.33503722974,7.760554888526
    ));
#52 = CARTESIAN_POINT('',(207.24510753241,207.86904679611,7.709531370136
    ));
#53 = CARTESIAN_POINT('',(207.24510753241,207.52872822115,7.697686646822
    ));
#54 = CARTESIAN_POINT('',(207.24510753241,207.18840964618,7.685841923507
    ));
#55 = PLANE('',#56);
#56 = AXIS2_PLACEMENT_3D('',#57,#58,#59);
#57 = CARTESIAN_POINT('',(207.24510753241,204.50804120132,6.13039454832)
  );
#58 = DIRECTION('',(1.,0.,0.));
#59 = DIRECTION('',(0.,-1.,0.));
#60 = ADVANCED_FACE('',(#61),#87,.F.);
#61 = FACE_BOUND('',#62,.T.);
#62 = EDGE_LOOP('',(#63,#72,#80,#86));
#63 = ORIENTED_EDGE('',*,*,#64,.F.);
#64 = EDGE_CURVE('',#65,#22,#67,.T.);
#65 = VERTEX_POINT('',#66);
#66 = CARTESIAN_POINT('',(206.59510753241,207.18840964616,4.63039454832)
  );
#67 = CIRCLE('',#68,2.7);
#68 = AXIS2_PLACEMENT_3D('',#69,#70,#71);
#69 = CARTESIAN_POINT('',(206.92010753241,204.50804120134,4.63039454832)
  );
#70 = DIRECTION('',(0.,0.,-1.));
#71 = DIRECTION('',(0.,1.,0.));
#72 = ORIENTED_EDGE('',*,*,#73,.F.);
#73 = EDGE_CURVE('',#74,#65,#76,.T.);
#74 = VERTEX_POINT('',#75);
#75 = CARTESIAN_POINT('',(206.59510753241,211.85944630285,4.63039454832)
  );
#76 = LINE('',#77,#78);
#77 = CARTESIAN_POINT('',(206.59510753241,204.50804120132,4.63039454832)
  );
#78 = VECTOR('',#79,1.);
#79 = DIRECTION('',(0.,-1.,0.));
#80 = ORIENTED_EDGE('',*,*,#81,.F.);
#81 = EDGE_CURVE('',#32,#74,#82,.T.);
#82 = LINE('',#83,#84);
#83 = CARTESIAN_POINT('',(199.91894302383,211.85944630285,4.63039454832)
  );
#84 = VECTOR('',#85,1.);
#85 = DIRECTION('',(-1.,3.0598E-13,0.));
#86 = ORIENTED_EDGE('',*,*,#31,.F.);
#87 = PLANE('',#88);
#88 = AXIS2_PLACEMENT_3D('',#89,#90,#91);
#89 = CARTESIAN_POINT('',(194.97010753241,204.83304120133,4.63039454832)
  );
#90 = DIRECTION('',(0.,0.,1.));
#91 = DIRECTION('',(1.,0.,-0.));
#92 = ADVANCED_FACE('',(#93),#121,.F.);
#93 = FACE_BOUND('',#94,.T.);
#94 = EDGE_LOOP('',(#95,#103,#114,#120));
#95 = ORIENTED_EDGE('',*,*,#96,.F.);
#96 = EDGE_CURVE('',#97,#65,#99,.T.);
#97 = VERTEX_POINT('',#98);
#98 = CARTESIAN_POINT('',(206.59510753241,207.18840964616,7.647460421725
    ));
#99 = LINE('',#100,#101);
#100 = CARTESIAN_POINT('',(206.59510753241,207.18840964616,9.509993E-11)
  );
#101 = VECTOR('',#102,1.);
#102 = DIRECTION('',(0.,0.,-1.));
#103 = ORIENTED_EDGE('',*,*,#104,.T.);
#104 = EDGE_CURVE('',#97,#105,#107,.T.);
#105 = VERTEX_POINT('',#106);
#106 = CARTESIAN_POINT('',(206.59510753241,211.58963781069,
    7.800644331151));
#107 = B_SPLINE_CURVE_WITH_KNOTS('',3,(#108,#109,#110,#111,#112,#113),
  .UNSPECIFIED.,.F.,.F.,(4,2,4),(2.421414365435,3.44485448485,
    6.825307491537),.UNSPECIFIED.);
#108 = CARTESIAN_POINT('',(206.59510753241,207.18840964613,
    7.647460421725));
#109 = CARTESIAN_POINT('',(206.59510753241,207.52934991188,
    7.659326782848));
#110 = CARTESIAN_POINT('',(206.59510753241,207.87029017764,
    7.671193143972));
#111 = CARTESIAN_POINT('',(206.59510753241,209.33736623247,
    7.722254447113));
#112 = CARTESIAN_POINT('',(206.59510753241,210.46350202155,
    7.761449389131));
#113 = CARTESIAN_POINT('',(206.59510753241,211.58963781064,
    7.800644331149));
#114 = ORIENTED_EDGE('',*,*,#115,.F.);
#115 = EDGE_CURVE('',#74,#105,#116,.T.);
#116 = LINE('',#117,#118);
#117 = CARTESIAN_POINT('',(206.59510753241,211.75260079893,
    5.885829219313));
#118 = VECTOR('',#119,1.);
#119 = DIRECTION('',(0.,-8.479983040192E-02,0.996398007206));
#120 = ORIENTED_EDGE('',*,*,#73,.T.);
#121 = PLANE('',#122);
#122 = AXIS2_PLACEMENT_3D('',#123,#124,#125);
#123 = CARTESIAN_POINT('',(206.59510753241,204.50804120132,6.13039454832
    ));
#124 = DIRECTION('',(1.,0.,0.));
#125 = DIRECTION('',(0.,-1.,0.));
#126 = ADVANCED_FACE('',(#127),#324,.T.);
#127 = FACE_BOUND('',#128,.T.);
#128 = EDGE_LOOP('',(#129,#130,#131,#132,#149,#160,#169,#177,#201,#209,
    #218,#226,#233,#234,#243,#251,#268,#276,#285,#296));
#129 = ORIENTED_EDGE('',*,*,#96,.T.);
#130 = ORIENTED_EDGE('',*,*,#64,.T.);
#131 = ORIENTED_EDGE('',*,*,#21,.T.);
#132 = ORIENTED_EDGE('',*,*,#133,.T.);
#133 = EDGE_CURVE('',#24,#134,#136,.T.);
#134 = VERTEX_POINT('',#135);
#135 = CARTESIAN_POINT('',(209.60047597723,204.83304120133,
    7.760489690533));
#136 = B_SPLINE_CURVE_WITH_KNOTS('',3,(#137,#138,#139,#140,#141,#142,
    #143,#144,#145,#146,#147,#148),.UNSPECIFIED.,.F.,.F.,(4,2,2,2,2,4),(
    4.07738268652E-02,1.072674752186,2.084880927964,2.960241624281,
    3.359069517124,3.641001084168),.UNSPECIFIED.);
#137 = CARTESIAN_POINT('',(207.24510753241,207.18840964616,
    7.685841923506));
#138 = CARTESIAN_POINT('',(207.58579535062,207.14710057123,
    7.705069624887));
#139 = CARTESIAN_POINT('',(207.91575704925,207.04117962028,
    7.722286939862));
#140 = CARTESIAN_POINT('',(208.51283536376,206.71413750193,
    7.749998643686));
#141 = CARTESIAN_POINT('',(208.77566713524,206.49818897064,
    7.760349305571));
#142 = CARTESIAN_POINT('',(209.17902695409,206.01548434226,7.77150996805
    ));
#143 = CARTESIAN_POINT('',(209.32858702924,205.76277277698,
    7.773335253915));
#144 = CARTESIAN_POINT('',(209.4832055659,205.36722636505,7.770626595344
    ));
#145 = CARTESIAN_POINT('',(209.52238918842,205.24002206636,
    7.769018538869));
#146 = CARTESIAN_POINT('',(209.57300771498,205.0188722557,7.764971160469
    ));
#147 = CARTESIAN_POINT('',(209.5891714118,204.92627320281,7.762916810231
    ));
#148 = CARTESIAN_POINT('',(209.60047597723,204.83304120133,
    7.760489690534));
#149 = ORIENTED_EDGE('',*,*,#150,.F.);
#150 = EDGE_CURVE('',#151,#134,#153,.T.);
#151 = VERTEX_POINT('',#152);
#152 = CARTESIAN_POINT('',(209.60047597723,204.83304120133,4.63039454832
    ));
#153 = B_SPLINE_CURVE_WITH_KNOTS('',3,(#154,#155,#156,#157,#158,#159),
  .UNSPECIFIED.,.F.,.F.,(4,2,4),(-3.53386449156,-1.76693224578,
    -0.403769349346),.UNSPECIFIED.);
#154 = CARTESIAN_POINT('',(209.60047597723,204.83304120133,4.63039454832
    ));
#155 = CARTESIAN_POINT('',(209.60047597723,204.83304120133,5.21937196358
    ));
#156 = CARTESIAN_POINT('',(209.60047597723,204.83304120133,5.80834937884
    ));
#157 = CARTESIAN_POINT('',(209.60047597723,204.83304120133,
    6.851714426244));
#158 = CARTESIAN_POINT('',(209.60047597723,204.83304120133,
    7.306102058389));
#159 = CARTESIAN_POINT('',(209.60047597723,204.83304120133,
    7.760489690533));
#160 = ORIENTED_EDGE('',*,*,#161,.F.);
#161 = EDGE_CURVE('',#162,#151,#164,.T.);
#162 = VERTEX_POINT('',#163);
#163 = CARTESIAN_POINT('',(209.60047597723,204.18304120133,4.63039454832
    ));
#164 = CIRCLE('',#165,2.7);
#165 = AXIS2_PLACEMENT_3D('',#166,#167,#168);
#166 = CARTESIAN_POINT('',(206.92010753241,204.50804120134,4.63039454832
    ));
#167 = DIRECTION('',(0.,-0.,1.));
#168 = DIRECTION('',(0.,1.,0.));
#169 = ORIENTED_EDGE('',*,*,#170,.F.);
#170 = EDGE_CURVE('',#171,#162,#173,.T.);
#171 = VERTEX_POINT('',#172);
#172 = CARTESIAN_POINT('',(209.60047597723,204.18304120133,
    7.737866563942));
#173 = LINE('',#174,#175);
#174 = CARTESIAN_POINT('',(209.60047597723,204.18304120133,9.509993E-11)
  );
#175 = VECTOR('',#176,1.);
#176 = DIRECTION('',(0.,0.,-1.));
#177 = ORIENTED_EDGE('',*,*,#178,.T.);
#178 = EDGE_CURVE('',#171,#179,#181,.T.);
#179 = VERTEX_POINT('',#180);
#180 = CARTESIAN_POINT('',(207.24510753241,201.82767275651,
    7.499262495022));
#181 = B_SPLINE_CURVE_WITH_KNOTS('',3,(#182,#183,#184,#185,#186,#187,
    #188,#189,#190,#191,#192,#193,#194,#195,#196,#197,#198,#199,#200),
  .UNSPECIFIED.,.F.,.F.,(4,3,3,3,3,3,4),(5.982069754353E-02,
    0.670997495295,1.418547432278,1.598470664071,2.570118606056,
    3.147295523015,3.663908712856),.UNSPECIFIED.);
#182 = CARTESIAN_POINT('',(209.60047597723,204.18304120133,
    7.737866563904));
#183 = CARTESIAN_POINT('',(209.57599180305,203.98111319966,
    7.729067247677));
#184 = CARTESIAN_POINT('',(209.52876815346,203.78260335853,
    7.718742792826));
#185 = CARTESIAN_POINT('',(209.45970726357,203.59128975982,
    7.707136408957));
#186 = CARTESIAN_POINT('',(209.37523667492,203.35728796336,
    7.692940268723));
#187 = CARTESIAN_POINT('',(209.25895841223,203.1364368662,7.676971259641
    ));
#188 = CARTESIAN_POINT('',(209.11443419547,202.93485022091,
    7.659848709562));
#189 = CARTESIAN_POINT('',(209.07964954382,202.8863315616,7.655727587488
    ));
#190 = CARTESIAN_POINT('',(209.04322861831,202.83892885923,7.65153988508
    ));
#191 = CARTESIAN_POINT('',(209.00522104478,202.79272734068,
    7.647294645314));
#192 = CARTESIAN_POINT('',(208.79996694701,202.54322309395,
    7.624368876133));
#193 = CARTESIAN_POINT('',(208.55161232867,202.33260449772,7.60012268676
    ));
#194 = CARTESIAN_POINT('',(208.27201281447,202.1708736617,7.576110551684
    ));
#195 = CARTESIAN_POINT('',(208.10592551205,202.07480254244,
    7.561846897644));
#196 = CARTESIAN_POINT('',(207.93004844812,201.99669637771,
    7.547772085514));
#197 = CARTESIAN_POINT('',(207.74735810838,201.93789402956,
    7.534189179619));
#198 = CARTESIAN_POINT('',(207.58383764085,201.88526186809,
    7.522031541041));
#199 = CARTESIAN_POINT('',(207.41565852241,201.84835239433,
    7.510327534863));
#200 = CARTESIAN_POINT('',(207.24510753242,201.82767275651,
    7.499262495022));
#201 = ORIENTED_EDGE('',*,*,#202,.F.);
#202 = EDGE_CURVE('',#203,#179,#205,.T.);
#203 = VERTEX_POINT('',#204);
#204 = CARTESIAN_POINT('',(207.24510753241,201.82767275651,4.63039454832
    ));
#205 = LINE('',#206,#207);
#206 = CARTESIAN_POINT('',(207.24510753241,201.82767275651,9.509993E-11)
  );
#207 = VECTOR('',#208,1.);
#208 = DIRECTION('',(0.,0.,1.));
#209 = ORIENTED_EDGE('',*,*,#210,.F.);
#210 = EDGE_CURVE('',#211,#203,#213,.T.);
#211 = VERTEX_POINT('',#212);
#212 = CARTESIAN_POINT('',(206.92010753241,201.80804120134,4.63039454832
    ));
#213 = CIRCLE('',#214,2.7);
#214 = AXIS2_PLACEMENT_3D('',#215,#216,#217);
#215 = CARTESIAN_POINT('',(206.92010753241,204.50804120134,4.63039454832
    ));
#216 = DIRECTION('',(0.,-0.,1.));
#217 = DIRECTION('',(0.,1.,0.));
#218 = ORIENTED_EDGE('',*,*,#219,.T.);
#219 = EDGE_CURVE('',#211,#220,#222,.T.);
#220 = VERTEX_POINT('',#221);
#221 = CARTESIAN_POINT('',(206.92010753241,201.80804120134,
    0.200000000095));
#222 = LINE('',#223,#224);
#223 = CARTESIAN_POINT('',(206.92010753241,201.80804120134,9.509993E-11)
  );
#224 = VECTOR('',#225,1.);
#225 = DIRECTION('',(0.,0.,-1.));
#226 = ORIENTED_EDGE('',*,*,#227,.F.);
#227 = EDGE_CURVE('',#220,#220,#228,.T.);
#228 = CIRCLE('',#229,2.7);
#229 = AXIS2_PLACEMENT_3D('',#230,#231,#232);
#230 = CARTESIAN_POINT('',(206.92010753241,204.50804120134,
    0.200000000095));
#231 = DIRECTION('',(0.,-3.1E-16,-1.));
#232 = DIRECTION('',(0.,1.,-3.1E-16));
#233 = ORIENTED_EDGE('',*,*,#219,.F.);
#234 = ORIENTED_EDGE('',*,*,#235,.F.);
#235 = EDGE_CURVE('',#236,#211,#238,.T.);
#236 = VERTEX_POINT('',#237);
#237 = CARTESIAN_POINT('',(206.59510753241,201.82767275651,4.63039454832
    ));
#238 = CIRCLE('',#239,2.7);
#239 = AXIS2_PLACEMENT_3D('',#240,#241,#242);
#240 = CARTESIAN_POINT('',(206.92010753241,204.50804120134,4.63039454832
    ));
#241 = DIRECTION('',(0.,-0.,1.));
#242 = DIRECTION('',(0.,1.,0.));
#243 = ORIENTED_EDGE('',*,*,#244,.F.);
#244 = EDGE_CURVE('',#245,#236,#247,.T.);
#245 = VERTEX_POINT('',#246);
#246 = CARTESIAN_POINT('',(206.59510753241,201.82767275651,
    7.460880993562));
#247 = LINE('',#248,#249);
#248 = CARTESIAN_POINT('',(206.59510753241,201.82767275651,9.509993E-11)
  );
#249 = VECTOR('',#250,1.);
#250 = DIRECTION('',(0.,0.,-1.));
#251 = ORIENTED_EDGE('',*,*,#252,.T.);
#252 = EDGE_CURVE('',#245,#253,#255,.T.);
#253 = VERTEX_POINT('',#254);
#254 = CARTESIAN_POINT('',(204.23973908759,204.18304120133,
    7.421290101531));
#255 = B_SPLINE_CURVE_WITH_KNOTS('',3,(#256,#257,#258,#259,#260,#261,
    #262,#263,#264,#265,#266,#267),.UNSPECIFIED.,.F.,.F.,(4,2,2,2,2,4),(
    0.136920244869,0.533602458182,1.315252260041,2.392263035266,
    3.095322672716,3.734988295573),.UNSPECIFIED.);
#256 = CARTESIAN_POINT('',(206.59510753241,201.82767275651,
    7.460880993562));
#257 = CARTESIAN_POINT('',(206.46414662033,201.84355202733,
    7.453911371246));
#258 = CARTESIAN_POINT('',(206.33443774376,201.86901856645,7.44747535253
    ));
#259 = CARTESIAN_POINT('',(205.95598023941,201.9726495536,7.430070804565
    ));
#260 = CARTESIAN_POINT('',(205.71610649742,202.07735819022,
    7.420872931849));
#261 = CARTESIAN_POINT('',(205.19008504084,202.40427912704,
    7.404900486771));
#262 = CARTESIAN_POINT('',(204.92603717903,202.65262821504,7.400508191)
  );
#263 = CARTESIAN_POINT('',(204.58263757956,203.13649042449,
    7.400812051873));
#264 = CARTESIAN_POINT('',(204.47247226461,203.34443278094,
    7.402876985317));
#265 = CARTESIAN_POINT('',(204.31599891208,203.7636847185,7.41018719059)
  );
#266 = CARTESIAN_POINT('',(204.26538914799,203.97149777821,
    7.415101934827));
#267 = CARTESIAN_POINT('',(204.23973908759,204.18304120133,
    7.421290101531));
#268 = ORIENTED_EDGE('',*,*,#269,.F.);
#269 = EDGE_CURVE('',#270,#253,#272,.T.);
#270 = VERTEX_POINT('',#271);
#271 = CARTESIAN_POINT('',(204.23973908759,204.18304120133,4.63039454832
    ));
#272 = LINE('',#273,#274);
#273 = CARTESIAN_POINT('',(204.23973908759,204.18304120133,9.509993E-11)
  );
#274 = VECTOR('',#275,1.);
#275 = DIRECTION('',(0.,0.,1.));
#276 = ORIENTED_EDGE('',*,*,#277,.F.);
#277 = EDGE_CURVE('',#278,#270,#280,.T.);
#278 = VERTEX_POINT('',#279);
#279 = CARTESIAN_POINT('',(204.23973908759,204.83304120133,4.63039454832
    ));
#280 = CIRCLE('',#281,2.7);
#281 = AXIS2_PLACEMENT_3D('',#282,#283,#284);
#282 = CARTESIAN_POINT('',(206.92010753241,204.50804120134,4.63039454832
    ));
#283 = DIRECTION('',(0.,-0.,1.));
#284 = DIRECTION('',(0.,1.,0.));
#285 = ORIENTED_EDGE('',*,*,#286,.F.);
#286 = EDGE_CURVE('',#287,#278,#289,.T.);
#287 = VERTEX_POINT('',#288);
#288 = CARTESIAN_POINT('',(204.23973908758,204.83304120133,
    7.443913227801));
#289 = B_SPLINE_CURVE_WITH_KNOTS('',3,(#290,#291,#292,#293,#294,#295),
  .UNSPECIFIED.,.F.,.F.,(4,2,4),(-2.813518679481,-1.667995069702,0.),
  .UNSPECIFIED.);
#290 = CARTESIAN_POINT('',(204.23973908758,204.83304120133,
    7.443913227801));
#291 = CARTESIAN_POINT('',(204.23973908758,204.83304120133,
    7.062072024541));
#292 = CARTESIAN_POINT('',(204.23973908758,204.83304120133,
    6.680230821281));
#293 = CARTESIAN_POINT('',(204.23973908758,204.83304120133,
    5.742391261454));
#294 = CARTESIAN_POINT('',(204.23973908758,204.83304120133,
    5.186392904887));
#295 = CARTESIAN_POINT('',(204.23973908758,204.83304120133,4.63039454832
    ));
#296 = ORIENTED_EDGE('',*,*,#297,.T.);
#297 = EDGE_CURVE('',#287,#97,#298,.T.);
#298 = B_SPLINE_CURVE_WITH_KNOTS('',3,(#299,#300,#301,#302,#303,#304,
    #305,#306,#307,#308,#309,#310,#311,#312,#313,#314,#315,#316,#317,
    #318,#319,#320,#321,#322,#323),.UNSPECIFIED.,.F.,.F.,(4,3,3,3,3,3,3,
    3,4),(6.078862560056E-02,0.723201749036,1.073807192252,
    2.034370669605,2.144262332371,2.895312937429,2.986166023001,
    3.412572900472,3.664937321575),.UNSPECIFIED.);
#299 = CARTESIAN_POINT('',(204.23973908439,204.83304120355,
    7.443913163789));
#300 = CARTESIAN_POINT('',(204.26626806843,205.05183403192,
    7.452743016939));
#301 = CARTESIAN_POINT('',(204.31943937363,205.26615983263,
    7.462637923856));
#302 = CARTESIAN_POINT('',(204.39778581912,205.47131154526,
    7.473426995172));
#303 = CARTESIAN_POINT('',(204.43925343091,205.57989530453,
    7.479137490626));
#304 = CARTESIAN_POINT('',(204.48777361215,205.68590897617,
    7.485099427346));
#305 = CARTESIAN_POINT('',(204.54312839799,205.78865441789,
    7.491293239181));
#306 = CARTESIAN_POINT('',(204.69478544434,206.07014896223,
    7.508262597737));
#307 = CARTESIAN_POINT('',(204.89507590698,206.32216241853,
    7.526670320216));
#308 = CARTESIAN_POINT('',(205.1343770159,206.53317484358,7.546030642116
    ));
#309 = CARTESIAN_POINT('',(205.16175386021,206.55731536817,
    7.548245527458));
#310 = CARTESIAN_POINT('',(205.18964127323,206.5809192645,7.550472930877
    ));
#311 = CARTESIAN_POINT('',(205.21802484155,206.60396928259,
    7.552712150148));
#312 = CARTESIAN_POINT('',(205.41201131536,206.76150379971,
    7.568016013476));
#313 = CARTESIAN_POINT('',(205.62680848826,206.89124636991,
    7.583689159404));
#314 = CARTESIAN_POINT('',(205.85619516096,206.98959119933,
    7.599449080622));
#315 = CARTESIAN_POINT('',(205.88394360675,207.00148777613,
    7.601355526687));
#316 = CARTESIAN_POINT('',(205.91190554742,207.01292490398,
    7.603263178605));
#317 = CARTESIAN_POINT('',(205.94006997333,207.02389620206,7.60517147922
    ));
#318 = CARTESIAN_POINT('',(206.07225596166,207.07538853089,
    7.614127834432));
#319 = CARTESIAN_POINT('',(206.20829814048,207.11638435497,
    7.623058279573));
#320 = CARTESIAN_POINT('',(206.3469328994,207.14650113856,7.631899270088
    ));
#321 = CARTESIAN_POINT('',(206.42898242125,207.16432543971,
    7.637131717204));
#322 = CARTESIAN_POINT('',(206.51179762495,207.17830815338,7.64232358207
    ));
#323 = CARTESIAN_POINT('',(206.59510753242,207.18840964616,
    7.647460421726));
#324 = CYLINDRICAL_SURFACE('',#325,2.7);
#325 = AXIS2_PLACEMENT_3D('',#326,#327,#328);
#326 = CARTESIAN_POINT('',(206.92010753241,204.50804120134,9.509993E-11)
  );
#327 = DIRECTION('',(0.,0.,1.));
#328 = DIRECTION('',(0.,1.,0.));
#329 = ADVANCED_FACE('',(#330),#363,.F.);
#330 = FACE_BOUND('',#331,.F.);
#331 = EDGE_LOOP('',(#332,#333,#342,#353,#362));
#332 = ORIENTED_EDGE('',*,*,#133,.T.);
#333 = ORIENTED_EDGE('',*,*,#334,.T.);
#334 = EDGE_CURVE('',#134,#335,#337,.T.);
#335 = VERTEX_POINT('',#336);
#336 = CARTESIAN_POINT('',(209.76165919777,204.83304120133,
    7.772214662792));
#337 = B_SPLINE_CURVE_WITH_KNOTS('',3,(#338,#339,#340,#341),
  .UNSPECIFIED.,.F.,.F.,(4,4),(2.401087178194,2.562696045508),
  .PIECEWISE_BEZIER_KNOTS.);
#338 = CARTESIAN_POINT('',(209.60047597723,204.83304120133,
    7.760489690533));
#339 = CARTESIAN_POINT('',(209.65420529396,204.83304120133,
    7.764376612603));
#340 = CARTESIAN_POINT('',(209.70793304272,204.83304120133,
    7.768284936884));
#341 = CARTESIAN_POINT('',(209.76165919777,204.83304120133,
    7.772214662792));
#342 = ORIENTED_EDGE('',*,*,#343,.T.);
#343 = EDGE_CURVE('',#335,#344,#346,.T.);
#344 = VERTEX_POINT('',#345);
#345 = CARTESIAN_POINT('',(209.68742447466,211.57255511025,
    8.001366061297));
#346 = B_SPLINE_CURVE_WITH_KNOTS('',3,(#347,#348,#349,#350,#351,#352),
  .UNSPECIFIED.,.F.,.F.,(4,2,4),(5.3632057438E-02,3.423682918211,
    6.797449143159),.UNSPECIFIED.);
#347 = CARTESIAN_POINT('',(209.76165919777,204.83304120132,
    7.772214662792));
#348 = CARTESIAN_POINT('',(209.74929428117,205.95567477083,
    7.810383296189));
#349 = CARTESIAN_POINT('',(209.73692900434,207.07830829858,7.84855304155
    ));
#350 = CARTESIAN_POINT('',(209.71218409746,209.32481293497,
    7.924936838508));
#351 = CARTESIAN_POINT('',(209.69980446662,210.44868404353,7.96315089256
    ));
#352 = CARTESIAN_POINT('',(209.68742447466,211.57255511022,
    8.001366061296));
#353 = ORIENTED_EDGE('',*,*,#354,.T.);
#354 = EDGE_CURVE('',#344,#40,#355,.T.);
#355 = B_SPLINE_CURVE_WITH_KNOTS('',3,(#356,#357,#358,#359,#360,#361),
  .UNSPECIFIED.,.F.,.F.,(4,2,4),(0.221886294247,1.354936595279,
    2.669649197414),.UNSPECIFIED.);
#356 = CARTESIAN_POINT('',(209.68742447466,211.57255511025,
    8.001366061298));
#357 = CARTESIAN_POINT('',(209.31073793593,211.57488126291,
    7.974033767583));
#358 = CARTESIAN_POINT('',(208.93397354558,211.57711814835,
    7.947750363676));
#359 = CARTESIAN_POINT('',(208.11988897875,211.58175767594,
    7.893235914473));
#360 = CARTESIAN_POINT('',(207.68254016142,211.58412942002,
    7.865367921532));
#361 = CARTESIAN_POINT('',(207.24510753241,211.58638094707,
    7.838912478676));
#362 = ORIENTED_EDGE('',*,*,#47,.T.);
#363 = B_SPLINE_SURFACE_WITH_KNOTS('',3,3,(
    (#364,#365,#366,#367)
    ,(#368,#369,#370,#371)
    ,(#372,#373,#374,#375)
    ,(#376,#377,#378,#379
    )),.UNSPECIFIED.,.F.,.F.,.F.,(4,4),(4,4),(7.030456307586E-02,
    0.103809876128),(0.160383561006,0.172823041345),
  .PIECEWISE_BEZIER_KNOTS.);
#364 = CARTESIAN_POINT('',(207.24510745054,211.58638094725,
    7.838912473716));
#365 = CARTESIAN_POINT('',(208.08445113504,211.58461109155,
    7.889763818436));
#366 = CARTESIAN_POINT('',(208.92333389654,211.58266023153,
    7.945815717637));
#367 = CARTESIAN_POINT('',(209.76165907215,211.58052866296,
    8.007059673725));
#368 = CARTESIAN_POINT('',(207.24510749241,209.33708259715,
    7.760626074723));
#369 = CARTESIAN_POINT('',(208.08445117691,209.33531274144,
    7.811477419443));
#370 = CARTESIAN_POINT('',(208.92333393841,209.33336188142,
    7.867529318645));
#371 = CARTESIAN_POINT('',(209.76165911402,209.33123031285,
    7.928773274732));
#372 = CARTESIAN_POINT('',(207.24510753429,207.08778424704,7.68233967573
    ));
#373 = CARTESIAN_POINT('',(208.08445121879,207.08601439133,
    7.733191020451));
#374 = CARTESIAN_POINT('',(208.92333398029,207.08406353132,
    7.789242919652));
#375 = CARTESIAN_POINT('',(209.7616591559,207.08193196274,7.850486875739
    ));
#376 = CARTESIAN_POINT('',(207.24510757616,204.83848589693,
    7.604053276738));
#377 = CARTESIAN_POINT('',(208.08445126066,204.83671604123,
    7.654904621458));
#378 = CARTESIAN_POINT('',(208.92333402216,204.83476518121,
    7.710956520659));
#379 = CARTESIAN_POINT('',(209.76165919777,204.83263361264,
    7.772200476746));
#380 = ADVANCED_FACE('',(#381),#441,.F.);
#381 = FACE_BOUND('',#382,.T.);
#382 = EDGE_LOOP('',(#383,#393,#401,#407,#408,#416,#424,#432));
#383 = ORIENTED_EDGE('',*,*,#384,.F.);
#384 = EDGE_CURVE('',#385,#387,#389,.T.);
#385 = VERTEX_POINT('',#386);
#386 = CARTESIAN_POINT('',(210.77946728351,204.18304120132,4.63039454832
    ));
#387 = VERTEX_POINT('',#388);
#388 = CARTESIAN_POINT('',(209.7688183909,204.18304120132,7.750115312914
    ));
#389 = LINE('',#390,#391);
#390 = CARTESIAN_POINT('',(209.57113143687,204.18304120132,
    8.360345136452));
#391 = VECTOR('',#392,1.);
#392 = DIRECTION('',(-0.308186704245,1.2458E-13,0.951325893333));
#393 = ORIENTED_EDGE('',*,*,#394,.F.);
#394 = EDGE_CURVE('',#395,#385,#397,.T.);
#395 = VERTEX_POINT('',#396);
#396 = CARTESIAN_POINT('',(210.77946728351,204.83304120133,4.63039454832
    ));
#397 = LINE('',#398,#399);
#398 = CARTESIAN_POINT('',(210.77946728351,204.96100052312,4.63039454832
    ));
#399 = VECTOR('',#400,1.);
#400 = DIRECTION('',(-1.1067E-13,-1.,0.));
#401 = ORIENTED_EDGE('',*,*,#402,.F.);
#402 = EDGE_CURVE('',#335,#395,#403,.T.);
#403 = LINE('',#404,#405);
#404 = CARTESIAN_POINT('',(210.30413246388,204.83304120133,
    6.097681474365));
#405 = VECTOR('',#406,1.);
#406 = DIRECTION('',(0.308186704245,-3.411E-14,-0.951325893333));
#407 = ORIENTED_EDGE('',*,*,#343,.T.);
#408 = ORIENTED_EDGE('',*,*,#409,.T.);
#409 = EDGE_CURVE('',#344,#410,#412,.T.);
#410 = VERTEX_POINT('',#411);
#411 = CARTESIAN_POINT('',(212.27950638175,212.25352243462,9.51E-11));
#412 = LINE('',#413,#414);
#413 = CARTESIAN_POINT('',(210.1217631166,211.68666046397,6.660628155141
    ));
#414 = VECTOR('',#415,1.);
#415 = DIRECTION('',(0.30718153766,8.069983792692E-02,-0.948223095626));
#416 = ORIENTED_EDGE('',*,*,#417,.T.);
#417 = EDGE_CURVE('',#410,#418,#420,.T.);
#418 = VERTEX_POINT('',#419);
#419 = CARTESIAN_POINT('',(212.27950638175,196.83658455803,9.51E-11));
#420 = LINE('',#421,#422);
#421 = CARTESIAN_POINT('',(212.27950638175,204.79850052311,9.509993E-11)
  );
#422 = VECTOR('',#423,1.);
#423 = DIRECTION('',(-1.1067E-13,-1.,-1.E-17));
#424 = ORIENTED_EDGE('',*,*,#425,.F.);
#425 = EDGE_CURVE('',#426,#418,#428,.T.);
#426 = VERTEX_POINT('',#427);
#427 = CARTESIAN_POINT('',(209.81962084773,199.57035630096,
    7.593295787749));
#428 = LINE('',#429,#430);
#429 = CARTESIAN_POINT('',(209.60159866508,199.81265329974,
    8.266297396238));
#430 = VECTOR('',#431,1.);
#431 = DIRECTION('',(0.291559846988,-0.324022423013,-0.900001291671));
#432 = ORIENTED_EDGE('',*,*,#433,.T.);
#433 = EDGE_CURVE('',#426,#387,#434,.T.);
#434 = B_SPLINE_CURVE_WITH_KNOTS('',3,(#435,#436,#437,#438,#439,#440),
  .UNSPECIFIED.,.F.,.F.,(4,2,4),(0.309335213158,2.491009913987,
    4.924964665682),.UNSPECIFIED.);
#435 = CARTESIAN_POINT('',(209.81962084772,199.57035630097,
    7.593295787749));
#436 = CARTESIAN_POINT('',(209.8116168825,200.29711730336,7.618002821691
    ));
#437 = CARTESIAN_POINT('',(209.80361276648,201.02387828825,
    7.642710321569));
#438 = CARTESIAN_POINT('',(209.78667865115,202.56143992597,
    7.694983382601));
#439 = CARTESIAN_POINT('',(209.77774861491,203.37224057452,
    7.722549057749));
#440 = CARTESIAN_POINT('',(209.7688183909,204.1830412013,7.750115312914)
  );
#441 = PLANE('',#442);
#442 = AXIS2_PLACEMENT_3D('',#443,#444,#445);
#443 = CARTESIAN_POINT('',(210.30413246388,205.0889598449,6.097681474365
    ));
#444 = DIRECTION('',(0.951325893333,-1.0528E-13,0.308186704245));
#445 = DIRECTION('',(1.106669209241E-13,1.,-9.974817766633E-19));
#446 = ADVANCED_FACE('',(#447),#549,.F.);
#447 = FACE_BOUND('',#448,.T.);
#448 = EDGE_LOOP('',(#449,#450,#461,#469,#477,#485,#496,#504,#512,#520,
    #531,#539,#545,#546,#547,#548));
#449 = ORIENTED_EDGE('',*,*,#115,.T.);
#450 = ORIENTED_EDGE('',*,*,#451,.T.);
#451 = EDGE_CURVE('',#105,#452,#454,.T.);
#452 = VERTEX_POINT('',#453);
#453 = CARTESIAN_POINT('',(195.29510753241,211.61795592439,
    7.467906495211));
#454 = B_SPLINE_CURVE_WITH_KNOTS('',3,(#455,#456,#457,#458,#459,#460),
  .UNSPECIFIED.,.F.,.F.,(4,2,4),(0.136239927619,5.776321080396,
    11.44225071842),.UNSPECIFIED.);
#455 = CARTESIAN_POINT('',(206.59510753241,211.58963781069,
    7.800644331151));
#456 = CARTESIAN_POINT('',(204.71816948272,211.59878602554,
    7.693152806738));
#457 = CARTESIAN_POINT('',(202.83955569673,211.60572267787,
    7.611647141824));
#458 = CARTESIAN_POINT('',(199.0725369057,211.61518540164,7.500460137543
    ));
#459 = CARTESIAN_POINT('',(197.18375593036,211.61769204528,
    7.471007074807));
#460 = CARTESIAN_POINT('',(195.29510753241,211.61795592439,
    7.467906495211));
#461 = ORIENTED_EDGE('',*,*,#462,.F.);
#462 = EDGE_CURVE('',#463,#452,#465,.T.);
#463 = VERTEX_POINT('',#464);
#464 = CARTESIAN_POINT('',(195.29510753241,211.85944630285,4.63039454832
    ));
#465 = LINE('',#466,#467);
#466 = CARTESIAN_POINT('',(195.29510753241,211.75260079894,
    5.885829219314));
#467 = VECTOR('',#468,1.);
#468 = DIRECTION('',(-1.714E-14,-8.479983040192E-02,0.996398007206));
#469 = ORIENTED_EDGE('',*,*,#470,.F.);
#470 = EDGE_CURVE('',#471,#463,#473,.T.);
#471 = VERTEX_POINT('',#472);
#472 = CARTESIAN_POINT('',(194.64510753241,211.85944630285,4.63039454832
    ));
#473 = LINE('',#474,#475);
#474 = CARTESIAN_POINT('',(199.91894302383,211.85944630286,4.63039454832
    ));
#475 = VECTOR('',#476,1.);
#476 = DIRECTION('',(1.,-3.0598E-13,0.));
#477 = ORIENTED_EDGE('',*,*,#478,.F.);
#478 = EDGE_CURVE('',#479,#471,#481,.T.);
#479 = VERTEX_POINT('',#480);
#480 = CARTESIAN_POINT('',(194.64510753241,211.61795817993,
    7.467879992601));
#481 = LINE('',#482,#483);
#482 = CARTESIAN_POINT('',(194.64510753241,211.82536090474,
    5.030897976101));
#483 = VECTOR('',#484,1.);
#484 = DIRECTION('',(2.595E-14,8.479983040192E-02,-0.996398007206));
#485 = ORIENTED_EDGE('',*,*,#486,.T.);
#486 = EDGE_CURVE('',#479,#487,#489,.T.);
#487 = VERTEX_POINT('',#488);
#488 = CARTESIAN_POINT('',(183.34510753241,211.5896634456,7.800343121011
    ));
#489 = B_SPLINE_CURVE_WITH_KNOTS('',3,(#490,#491,#492,#493,#494,#495),
  .UNSPECIFIED.,.F.,.F.,(4,2,4),(0.112701300176,5.781285189062,
    11.424021147078),.UNSPECIFIED.);
#490 = CARTESIAN_POINT('',(194.64510753241,211.61795817993,
    7.467879992602));
#491 = CARTESIAN_POINT('',(192.75562864005,211.61770726019,
    7.470828299619));
#492 = CARTESIAN_POINT('',(190.86735310304,211.6152092659,7.500179732565
    ));
#493 = CARTESIAN_POINT('',(187.10049662707,211.60575286367,
    7.611292458723));
#494 = CARTESIAN_POINT('',(185.22196321154,211.59881491756,
    7.692813325474));
#495 = CARTESIAN_POINT('',(183.34510753242,211.5896634456,7.80034312101)
  );
#496 = ORIENTED_EDGE('',*,*,#497,.F.);
#497 = EDGE_CURVE('',#498,#487,#500,.T.);
#498 = VERTEX_POINT('',#499);
#499 = CARTESIAN_POINT('',(183.34510753241,211.85944630286,4.63039454832
    ));
#500 = LINE('',#501,#502);
#501 = CARTESIAN_POINT('',(183.34510753241,211.75260079894,
    5.885829219314));
#502 = VECTOR('',#503,1.);
#503 = DIRECTION('',(0.,-8.479983040192E-02,0.996398007206));
#504 = ORIENTED_EDGE('',*,*,#505,.F.);
#505 = EDGE_CURVE('',#506,#498,#508,.T.);
#506 = VERTEX_POINT('',#507);
#507 = CARTESIAN_POINT('',(182.69510753241,211.85944630286,4.63039454832
    ));
#508 = LINE('',#509,#510);
#509 = CARTESIAN_POINT('',(199.91894302383,211.85944630286,4.63039454832
    ));
#510 = VECTOR('',#511,1.);
#511 = DIRECTION('',(1.,-3.0598E-13,0.));
#512 = ORIENTED_EDGE('',*,*,#513,.F.);
#513 = EDGE_CURVE('',#514,#506,#516,.T.);
#514 = VERTEX_POINT('',#515);
#515 = CARTESIAN_POINT('',(182.69510753241,211.58640523189,
    7.838627132177));
#516 = LINE('',#517,#518);
#517 = CARTESIAN_POINT('',(182.69510753241,211.75260079894,
    5.885829219314));
#518 = VECTOR('',#519,1.);
#519 = DIRECTION('',(0.,8.479983040192E-02,-0.996398007206));
#520 = ORIENTED_EDGE('',*,*,#521,.T.);
#521 = EDGE_CURVE('',#514,#522,#524,.T.);
#522 = VERTEX_POINT('',#523);
#523 = CARTESIAN_POINT('',(180.38847498562,211.57340755083,
    7.991349884535));
#524 = B_SPLINE_CURVE_WITH_KNOTS('',3,(#525,#526,#527,#528,#529,#530),
  .UNSPECIFIED.,.F.,.F.,(4,2,4),(4.052397858615E-02,1.255286907147,
    2.352252045981),.UNSPECIFIED.);
#525 = CARTESIAN_POINT('',(182.69510753241,211.58640523189,
    7.838627132177));
#526 = CARTESIAN_POINT('',(182.2909309169,211.5843239894,7.863081731396)
  );
#527 = CARTESIAN_POINT('',(181.88682608986,211.58214002793,
    7.888743278547));
#528 = CARTESIAN_POINT('',(181.11796059275,211.57778851002,7.93987361399
    ));
#529 = CARTESIAN_POINT('',(180.75318158583,211.5756398823,7.96511998975)
  );
#530 = CARTESIAN_POINT('',(180.38847498562,211.57340755083,
    7.991349884536));
#531 = ORIENTED_EDGE('',*,*,#532,.T.);
#532 = EDGE_CURVE('',#522,#533,#535,.T.);
#533 = VERTEX_POINT('',#534);
#534 = CARTESIAN_POINT('',(177.65606311439,212.25352243463,9.51E-11));
#535 = LINE('',#536,#537);
#536 = CARTESIAN_POINT('',(181.03780933089,211.41178405717,
    9.890425935137));
#537 = VECTOR('',#538,1.);
#538 = DIRECTION('',(-0.322487783801,8.026928294157E-02,-0.943164074546)
  );
#539 = ORIENTED_EDGE('',*,*,#540,.T.);
#540 = EDGE_CURVE('',#533,#410,#541,.T.);
#541 = LINE('',#542,#543);
#542 = CARTESIAN_POINT('',(204.68144302383,212.25352243462,9.509993E-11)
  );
#543 = VECTOR('',#544,1.);
#544 = DIRECTION('',(1.,-3.0598E-13,-3.E-17));
#545 = ORIENTED_EDGE('',*,*,#409,.F.);
#546 = ORIENTED_EDGE('',*,*,#354,.T.);
#547 = ORIENTED_EDGE('',*,*,#39,.T.);
#548 = ORIENTED_EDGE('',*,*,#81,.T.);
#549 = PLANE('',#550);
#550 = AXIS2_PLACEMENT_3D('',#551,#552,#553);
#551 = CARTESIAN_POINT('',(204.86777851525,211.82536090474,
    5.030897976101));
#552 = DIRECTION('',(3.0488E-13,0.996398007206,8.479983040192E-02));
#553 = DIRECTION('',(-1.,3.05982130055E-13,1.812812742933E-19));
#554 = ADVANCED_FACE('',(#555),#779,.T.);
#555 = FACE_BOUND('',#556,.T.);
#556 = EDGE_LOOP('',(#557,#567,#576,#587,#596,#613,#621,#630,#638,#662,
    #673,#682,#690,#707,#715,#724,#732,#739,#740,#749,#757,#772));
#557 = ORIENTED_EDGE('',*,*,#558,.F.);
#558 = EDGE_CURVE('',#559,#561,#563,.T.);
#559 = VERTEX_POINT('',#560);
#560 = CARTESIAN_POINT('',(180.33973908759,204.18304120133,4.63039454832
    ));
#561 = VERTEX_POINT('',#562);
#562 = CARTESIAN_POINT('',(180.33973908759,204.18304120133,
    7.590587772984));
#563 = LINE('',#564,#565);
#564 = CARTESIAN_POINT('',(180.33973908759,204.18304120133,9.509993E-11)
  );
#565 = VECTOR('',#566,1.);
#566 = DIRECTION('',(0.,0.,1.));
#567 = ORIENTED_EDGE('',*,*,#568,.F.);
#568 = EDGE_CURVE('',#569,#559,#571,.T.);
#569 = VERTEX_POINT('',#570);
#570 = CARTESIAN_POINT('',(180.33973908759,204.83304120134,4.63039454832
    ));
#571 = CIRCLE('',#572,2.7);
#572 = AXIS2_PLACEMENT_3D('',#573,#574,#575);
#573 = CARTESIAN_POINT('',(183.02010753241,204.50804120134,4.63039454832
    ));
#574 = DIRECTION('',(0.,-0.,1.));
#575 = DIRECTION('',(0.,1.,0.));
#576 = ORIENTED_EDGE('',*,*,#577,.F.);
#577 = EDGE_CURVE('',#578,#569,#580,.T.);
#578 = VERTEX_POINT('',#579);
#579 = CARTESIAN_POINT('',(180.33973908758,204.83304120133,
    7.613262191587));
#580 = B_SPLINE_CURVE_WITH_KNOTS('',3,(#581,#582,#583,#584,#585,#586),
  .UNSPECIFIED.,.F.,.F.,(4,2,4),(-2.982867643267,-1.759010998784,0.),
  .UNSPECIFIED.);
#581 = CARTESIAN_POINT('',(180.33973908758,204.83304120133,
    7.613262191587));
#582 = CARTESIAN_POINT('',(180.33973908758,204.83304120133,
    7.205309976759));
#583 = CARTESIAN_POINT('',(180.33973908758,204.83304120133,
    6.797357761931));
#584 = CARTESIAN_POINT('',(180.33973908758,204.83304120133,
    5.803068547509));
#585 = CARTESIAN_POINT('',(180.33973908758,204.83304120133,
    5.216731547914));
#586 = CARTESIAN_POINT('',(180.33973908758,204.83304120133,4.63039454832
    ));
#587 = ORIENTED_EDGE('',*,*,#588,.T.);
#588 = EDGE_CURVE('',#578,#589,#591,.T.);
#589 = VERTEX_POINT('',#590);
#590 = CARTESIAN_POINT('',(180.3886446267,205.11252691324,7.766467941243
    ));
#591 = ELLIPSE('',#592,8.368110360807,2.7);
#592 = AXIS2_PLACEMENT_3D('',#593,#594,#595);
#593 = CARTESIAN_POINT('',(183.02010753241,204.50804120134,
    15.464339087054));
#594 = DIRECTION('',(0.946450232904,1.125535424974E-02,-0.322653488492)
  );
#595 = DIRECTION('',(0.322630675456,3.836781288488E-03,0.946517155874));
#596 = ORIENTED_EDGE('',*,*,#597,.T.);
#597 = EDGE_CURVE('',#589,#598,#600,.T.);
#598 = VERTEX_POINT('',#599);
#599 = CARTESIAN_POINT('',(182.69510753241,207.18840964616,
    7.685555741714));
#600 = B_SPLINE_CURVE_WITH_KNOTS('',3,(#601,#602,#603,#604,#605,#606,
    #607,#608,#609,#610,#611,#612),.UNSPECIFIED.,.F.,.F.,(4,2,2,2,2,4),(
    0.419312848114,0.455068825123,1.177309257169,2.017685615741,
    2.966442131745,3.733485577217),.UNSPECIFIED.);
#601 = CARTESIAN_POINT('',(180.3886446267,205.11252691324,7.766467941243
    ));
#602 = CARTESIAN_POINT('',(180.39131188891,205.12413810838,
    7.766679669745));
#603 = CARTESIAN_POINT('',(180.39405634707,205.13573315287,
    7.766885320768));
#604 = CARTESIAN_POINT('',(180.45387059456,205.38117950488,7.77111591641
    ));
#605 = CARTESIAN_POINT('',(180.541885884,205.60639221655,7.772627632079)
  );
#606 = CARTESIAN_POINT('',(180.79439248081,206.0619590561,7.770608296495
    ));
#607 = CARTESIAN_POINT('',(180.96747151616,206.28430221397,
    7.766227972901));
#608 = CARTESIAN_POINT('',(181.40201515792,206.69246918793,
    7.750779518652));
#609 = CARTESIAN_POINT('',(181.66860158532,206.86669458972,
    7.739054521854));
#610 = CARTESIAN_POINT('',(182.19399695913,207.09121417117,
    7.713067994488));
#611 = CARTESIAN_POINT('',(182.44180672826,207.15769642034,
    7.699858069073));
#612 = CARTESIAN_POINT('',(182.69510753241,207.18840964616,
    7.685555741714));
#613 = ORIENTED_EDGE('',*,*,#614,.F.);
#614 = EDGE_CURVE('',#615,#598,#617,.T.);
#615 = VERTEX_POINT('',#616);
#616 = CARTESIAN_POINT('',(182.69510753241,207.18840964616,4.63039454832
    ));
#617 = LINE('',#618,#619);
#618 = CARTESIAN_POINT('',(182.69510753241,207.18840964616,9.509993E-11)
  );
#619 = VECTOR('',#620,1.);
#620 = DIRECTION('',(0.,0.,1.));
#621 = ORIENTED_EDGE('',*,*,#622,.F.);
#622 = EDGE_CURVE('',#623,#615,#625,.T.);
#623 = VERTEX_POINT('',#624);
#624 = CARTESIAN_POINT('',(183.34510753241,207.18840964616,4.63039454832
    ));
#625 = CIRCLE('',#626,2.7);
#626 = AXIS2_PLACEMENT_3D('',#627,#628,#629);
#627 = CARTESIAN_POINT('',(183.02010753241,204.50804120134,4.63039454832
    ));
#628 = DIRECTION('',(0.,-0.,1.));
#629 = DIRECTION('',(0.,1.,0.));
#630 = ORIENTED_EDGE('',*,*,#631,.F.);
#631 = EDGE_CURVE('',#632,#623,#634,.T.);
#632 = VERTEX_POINT('',#633);
#633 = CARTESIAN_POINT('',(183.34510753241,207.18840964616,
    7.647158328782));
#634 = LINE('',#635,#636);
#635 = CARTESIAN_POINT('',(183.34510753241,207.18840964616,9.509993E-11)
  );
#636 = VECTOR('',#637,1.);
#637 = DIRECTION('',(0.,0.,-1.));
#638 = ORIENTED_EDGE('',*,*,#639,.T.);
#639 = EDGE_CURVE('',#632,#640,#642,.T.);
#640 = VERTEX_POINT('',#641);
#641 = CARTESIAN_POINT('',(185.70047597723,204.83304120133,
    7.443572571283));
#642 = B_SPLINE_CURVE_WITH_KNOTS('',3,(#643,#644,#645,#646,#647,#648,
    #649,#650,#651,#652,#653,#654,#655,#656,#657,#658,#659,#660,#661),
  .UNSPECIFIED.,.F.,.F.,(4,3,3,3,3,3,4),(0.136992737556,0.698491294154,
    1.430918775428,1.609892090759,2.587829066281,3.206615090237,
    3.739261627617),.UNSPECIFIED.);
#643 = CARTESIAN_POINT('',(183.34510753241,207.18840964616,
    7.647158328782));
#644 = CARTESIAN_POINT('',(183.53032593355,207.16595149934,
    7.635733615051));
#645 = CARTESIAN_POINT('',(183.71283089575,207.12434148011,
    7.624055775234));
#646 = CARTESIAN_POINT('',(183.8896743085,207.06418157756,7.612277195535
    ));
#647 = CARTESIAN_POINT('',(184.12035161968,206.98570806053,
    7.596913032108));
#648 = CARTESIAN_POINT('',(184.33909792542,206.87645363156,
    7.581531130873));
#649 = CARTESIAN_POINT('',(184.54005002877,206.7395819726,7.566409501263
    ));
#650 = CARTESIAN_POINT('',(184.58915395383,206.70613651184,
    7.562714434852));
#651 = CARTESIAN_POINT('',(184.63719537252,206.67104203415,
    7.559034657942));
#652 = CARTESIAN_POINT('',(184.68408871535,206.63434471444,
    7.555373791687));
#653 = CARTESIAN_POINT('',(184.94032095739,206.43382506839,
    7.535370270681));
#654 = CARTESIAN_POINT('',(185.15826020335,206.18859126539,
    7.516242685189));
#655 = CARTESIAN_POINT('',(185.32732445093,205.91044988139,
    7.498506611555));
#656 = CARTESIAN_POINT('',(185.43429923169,205.7344569438,7.487284176205
    ));
#657 = CARTESIAN_POINT('',(185.5208054623,205.54676950331,7.476712366981
    ));
#658 = CARTESIAN_POINT('',(185.58513143058,205.35104322981,
    7.466917267784));
#659 = CARTESIAN_POINT('',(185.64050275908,205.18256346844,
    7.458485717202));
#660 = CARTESIAN_POINT('',(185.67913381158,205.00905634535,
    7.450676193858));
#661 = CARTESIAN_POINT('',(185.70047598062,204.83304120259,
    7.443572534806));
#662 = ORIENTED_EDGE('',*,*,#663,.F.);
#663 = EDGE_CURVE('',#664,#640,#666,.T.);
#664 = VERTEX_POINT('',#665);
#665 = CARTESIAN_POINT('',(185.70047597723,204.83304120134,4.63039454832
    ));
#666 = B_SPLINE_CURVE_WITH_KNOTS('',3,(#667,#668,#669,#670,#671,#672),
  .UNSPECIFIED.,.F.,.F.,(4,2,4),(-3.335688580538,-1.667844290269,
    -0.522510557574),.UNSPECIFIED.);
#667 = CARTESIAN_POINT('',(185.70047597723,204.83304120133,4.63039454832
    ));
#668 = CARTESIAN_POINT('',(185.70047597723,204.83304120133,
    5.186342645076));
#669 = CARTESIAN_POINT('',(185.70047597723,204.83304120133,
    5.742290741832));
#670 = CARTESIAN_POINT('',(185.70047597723,204.83304120133,
    6.680016749487));
#671 = CARTESIAN_POINT('',(185.70047597723,204.83304120133,
    7.061794660385));
#672 = CARTESIAN_POINT('',(185.70047597723,204.83304120133,
    7.443572571283));
#673 = ORIENTED_EDGE('',*,*,#674,.F.);
#674 = EDGE_CURVE('',#675,#664,#677,.T.);
#675 = VERTEX_POINT('',#676);
#676 = CARTESIAN_POINT('',(185.70047597723,204.18304120133,4.63039454832
    ));
#677 = CIRCLE('',#678,2.7);
#678 = AXIS2_PLACEMENT_3D('',#679,#680,#681);
#679 = CARTESIAN_POINT('',(183.02010753241,204.50804120134,4.63039454832
    ));
#680 = DIRECTION('',(0.,-0.,1.));
#681 = DIRECTION('',(0.,1.,0.));
#682 = ORIENTED_EDGE('',*,*,#683,.F.);
#683 = EDGE_CURVE('',#684,#675,#686,.T.);
#684 = VERTEX_POINT('',#685);
#685 = CARTESIAN_POINT('',(185.70047597723,204.18304120133,
    7.420949446122));
#686 = LINE('',#687,#688);
#687 = CARTESIAN_POINT('',(185.70047597723,204.18304120133,9.509993E-11)
  );
#688 = VECTOR('',#689,1.);
#689 = DIRECTION('',(0.,0.,-1.));
#690 = ORIENTED_EDGE('',*,*,#691,.T.);
#691 = EDGE_CURVE('',#684,#692,#694,.T.);
#692 = VERTEX_POINT('',#693);
#693 = CARTESIAN_POINT('',(183.34510753241,201.82767275651,
    7.460578912085));
#694 = B_SPLINE_CURVE_WITH_KNOTS('',3,(#695,#696,#697,#698,#699,#700,
    #701,#702,#703,#704,#705,#706),.UNSPECIFIED.,.F.,.F.,(4,2,2,2,2,4),(
    1.403629173108E-02,1.06977096335,2.098311092378,2.986475563313,
    3.396862245311,3.6138232796),.UNSPECIFIED.);
#695 = CARTESIAN_POINT('',(185.70047597723,204.18304120131,
    7.420949446122));
#696 = CARTESIAN_POINT('',(185.65814495201,203.83392506525,
    7.410737314873));
#697 = CARTESIAN_POINT('',(185.54799381722,203.49629946803,
    7.404015740404));
#698 = CARTESIAN_POINT('',(185.20865759504,202.89008516792,
    7.399003013824));
#699 = CARTESIAN_POINT('',(184.98575716988,202.62556238196,
    7.400564490473));
#700 = CARTESIAN_POINT('',(184.48933802702,202.22353223156,
    7.411718549234));
#701 = CARTESIAN_POINT('',(184.2303046583,202.07638769606,7.420120041294
    ));
#702 = CARTESIAN_POINT('',(183.82440078215,201.92699546705,7.43702288887
    ));
#703 = CARTESIAN_POINT('',(183.69274733291,201.88960169631,
    7.443013169078));
#704 = CARTESIAN_POINT('',(183.48807380683,201.84792359099,
    7.453106803889));
#705 = CARTESIAN_POINT('',(183.41676611782,201.83636150238,
    7.456763660109));
#706 = CARTESIAN_POINT('',(183.34510753241,201.82767275651,
    7.460578912085));
#707 = ORIENTED_EDGE('',*,*,#708,.F.);
#708 = EDGE_CURVE('',#709,#692,#711,.T.);
#709 = VERTEX_POINT('',#710);
#710 = CARTESIAN_POINT('',(183.34510753241,201.82767275651,4.63039454832
    ));
#711 = LINE('',#712,#713);
#712 = CARTESIAN_POINT('',(183.34510753241,201.82767275651,9.509993E-11)
  );
#713 = VECTOR('',#714,1.);
#714 = DIRECTION('',(0.,0.,1.));
#715 = ORIENTED_EDGE('',*,*,#716,.F.);
#716 = EDGE_CURVE('',#717,#709,#719,.T.);
#717 = VERTEX_POINT('',#718);
#718 = CARTESIAN_POINT('',(183.02010753241,201.80804120134,4.63039454832
    ));
#719 = CIRCLE('',#720,2.7);
#720 = AXIS2_PLACEMENT_3D('',#721,#722,#723);
#721 = CARTESIAN_POINT('',(183.02010753241,204.50804120134,4.63039454832
    ));
#722 = DIRECTION('',(0.,-0.,1.));
#723 = DIRECTION('',(0.,1.,0.));
#724 = ORIENTED_EDGE('',*,*,#725,.T.);
#725 = EDGE_CURVE('',#717,#726,#728,.T.);
#726 = VERTEX_POINT('',#727);
#727 = CARTESIAN_POINT('',(183.02010753241,201.80804120134,
    0.200000000095));
#728 = LINE('',#729,#730);
#729 = CARTESIAN_POINT('',(183.02010753241,201.80804120134,9.509993E-11)
  );
#730 = VECTOR('',#731,1.);
#731 = DIRECTION('',(0.,0.,-1.));
#732 = ORIENTED_EDGE('',*,*,#733,.F.);
#733 = EDGE_CURVE('',#726,#726,#734,.T.);
#734 = CIRCLE('',#735,2.7);
#735 = AXIS2_PLACEMENT_3D('',#736,#737,#738);
#736 = CARTESIAN_POINT('',(183.02010753241,204.50804120134,
    0.200000000095));
#737 = DIRECTION('',(0.,-3.1E-16,-1.));
#738 = DIRECTION('',(0.,1.,-3.1E-16));
#739 = ORIENTED_EDGE('',*,*,#725,.F.);
#740 = ORIENTED_EDGE('',*,*,#741,.F.);
#741 = EDGE_CURVE('',#742,#717,#744,.T.);
#742 = VERTEX_POINT('',#743);
#743 = CARTESIAN_POINT('',(182.69510753241,201.82767275651,4.63039454832
    ));
#744 = CIRCLE('',#745,2.7);
#745 = AXIS2_PLACEMENT_3D('',#746,#747,#748);
#746 = CARTESIAN_POINT('',(183.02010753241,204.50804120134,4.63039454832
    ));
#747 = DIRECTION('',(0.,-0.,1.));
#748 = DIRECTION('',(0.,1.,0.));
#749 = ORIENTED_EDGE('',*,*,#750,.F.);
#750 = EDGE_CURVE('',#751,#742,#753,.T.);
#751 = VERTEX_POINT('',#752);
#752 = CARTESIAN_POINT('',(182.69510753241,201.82767275651,
    7.498976325338));
#753 = LINE('',#754,#755);
#754 = CARTESIAN_POINT('',(182.69510753241,201.82767275651,9.509993E-11)
  );
#755 = VECTOR('',#756,1.);
#756 = DIRECTION('',(0.,0.,-1.));
#757 = ORIENTED_EDGE('',*,*,#758,.T.);
#758 = EDGE_CURVE('',#751,#759,#761,.T.);
#759 = VERTEX_POINT('',#760);
#760 = CARTESIAN_POINT('',(180.38867637387,203.90341730344,
    7.724382824081));
#761 = B_SPLINE_CURVE_WITH_KNOTS('',3,(#762,#763,#764,#765,#766,#767,
    #768,#769,#770,#771),.UNSPECIFIED.,.F.,.F.,(4,2,2,2,4),(
    3.671897773246E-02,1.076441714682,2.126852438337,2.9680401251,
    3.358454395718),.UNSPECIFIED.);
#762 = CARTESIAN_POINT('',(182.69510753241,201.82767275651,
    7.498976325339));
#763 = CARTESIAN_POINT('',(182.35198550109,201.86927698461,7.52124635549
    ));
#764 = CARTESIAN_POINT('',(182.02002531877,201.9763823624,7.546021401162
    ));
#765 = CARTESIAN_POINT('',(181.41144853764,202.31164738287,
    7.597572802586));
#766 = CARTESIAN_POINT('',(181.14113803061,202.53789896618,
    7.623865976429));
#767 = CARTESIAN_POINT('',(180.74543576617,203.02679185302,
    7.668377419764));
#768 = CARTESIAN_POINT('',(180.60424620833,203.27031437381,
    7.686888187507));
#769 = CARTESIAN_POINT('',(180.45598244046,203.65238901861,
    7.710796641968));
#770 = CARTESIAN_POINT('',(180.41777854218,203.77675947081,
    7.717875308292));
#771 = CARTESIAN_POINT('',(180.38867637387,203.90341730344,7.72438282408
    ));
#772 = ORIENTED_EDGE('',*,*,#773,.T.);
#773 = EDGE_CURVE('',#759,#561,#774,.T.);
#774 = ELLIPSE('',#775,8.368110360807,2.7);
#775 = AXIS2_PLACEMENT_3D('',#776,#777,#778);
#776 = CARTESIAN_POINT('',(183.02010753241,204.50804120134,
    15.464339087054));
#777 = DIRECTION('',(0.946450232904,1.125535424974E-02,-0.322653488492)
  );
#778 = DIRECTION('',(0.322630675456,3.836781288488E-03,0.946517155874));
#779 = CYLINDRICAL_SURFACE('',#780,2.7);
#780 = AXIS2_PLACEMENT_3D('',#781,#782,#783);
#781 = CARTESIAN_POINT('',(183.02010753241,204.50804120134,9.509993E-11)
  );
#782 = DIRECTION('',(0.,0.,1.));
#783 = DIRECTION('',(0.,1.,0.));
#784 = ADVANCED_FACE('',(#785),#918,.F.);
#785 = FACE_BOUND('',#786,.T.);
#786 = EDGE_LOOP('',(#787,#797,#805,#813,#824,#832,#840,#848,#859,#867,
    #875,#883,#892,#893,#901,#909));
#787 = ORIENTED_EDGE('',*,*,#788,.F.);
#788 = EDGE_CURVE('',#789,#791,#793,.T.);
#789 = VERTEX_POINT('',#790);
#790 = CARTESIAN_POINT('',(182.69510753241,198.50363956663,4.63039454832
    ));
#791 = VERTEX_POINT('',#792);
#792 = CARTESIAN_POINT('',(182.69510753241,199.50732367369,7.4182170218)
  );
#793 = LINE('',#794,#795);
#794 = CARTESIAN_POINT('',(182.69510753241,199.78166723233,
    8.180230819612));
#795 = VECTOR('',#796,1.);
#796 = DIRECTION('',(0.,0.338739789867,0.940880095847));
#797 = ORIENTED_EDGE('',*,*,#798,.F.);
#798 = EDGE_CURVE('',#799,#789,#801,.T.);
#799 = VERTEX_POINT('',#800);
#800 = CARTESIAN_POINT('',(183.34510753241,198.50363956663,4.63039454832
    ));
#801 = LINE('',#802,#803);
#802 = CARTESIAN_POINT('',(201.90678476498,198.50363956663,4.63039454832
    ));
#803 = VECTOR('',#804,1.);
#804 = DIRECTION('',(-1.,2.E-17,0.));
#805 = ORIENTED_EDGE('',*,*,#806,.F.);
#806 = EDGE_CURVE('',#807,#799,#809,.T.);
#807 = VERTEX_POINT('',#808);
#808 = CARTESIAN_POINT('',(183.34510753241,199.49332424713,
    7.379332361058));
#809 = LINE('',#810,#811);
#810 = CARTESIAN_POINT('',(183.34510753241,199.78166723233,
    8.180230819612));
#811 = VECTOR('',#812,1.);
#812 = DIRECTION('',(0.,-0.338739789867,-0.940880095847));
#813 = ORIENTED_EDGE('',*,*,#814,.T.);
#814 = EDGE_CURVE('',#807,#815,#817,.T.);
#815 = VERTEX_POINT('',#816);
#816 = CARTESIAN_POINT('',(194.64510753241,199.37175147823,
    7.041653110271));
#817 = B_SPLINE_CURVE_WITH_KNOTS('',3,(#818,#819,#820,#821,#822,#823),
  .UNSPECIFIED.,.F.,.F.,(4,2,4),(0.136271992913,5.764422242541,
    11.44290523937),.UNSPECIFIED.);
#818 = CARTESIAN_POINT('',(183.34510753241,199.49332424713,
    7.379332361058));
#819 = CARTESIAN_POINT('',(185.21758575573,199.45409522074,
    7.270370227857));
#820 = CARTESIAN_POINT('',(187.09191245941,199.42432890158,
    7.187691611216));
#821 = CARTESIAN_POINT('',(190.8588736805,199.38361121636,7.074594594802
    ));
#822 = CARTESIAN_POINT('',(192.75135516514,199.37283203345,
    7.044654449155));
#823 = CARTESIAN_POINT('',(194.64510753242,199.37175147823,
    7.041653110271));
#824 = ORIENTED_EDGE('',*,*,#825,.F.);
#825 = EDGE_CURVE('',#826,#815,#828,.T.);
#826 = VERTEX_POINT('',#827);
#827 = CARTESIAN_POINT('',(194.64510753241,198.50363956663,4.63039454832
    ));
#828 = LINE('',#829,#830);
#829 = CARTESIAN_POINT('',(194.64510753241,199.89265167365,
    8.488500042504));
#830 = VECTOR('',#831,1.);
#831 = DIRECTION('',(0.,0.338739789867,0.940880095847));
#832 = ORIENTED_EDGE('',*,*,#833,.F.);
#833 = EDGE_CURVE('',#834,#826,#836,.T.);
#834 = VERTEX_POINT('',#835);
#835 = CARTESIAN_POINT('',(195.29510753241,198.50363956663,4.63039454832
    ));
#836 = LINE('',#837,#838);
#837 = CARTESIAN_POINT('',(201.90678476498,198.50363956663,4.63039454832
    ));
#838 = VECTOR('',#839,1.);
#839 = DIRECTION('',(-1.,2.E-17,0.));
#840 = ORIENTED_EDGE('',*,*,#841,.F.);
#841 = EDGE_CURVE('',#842,#834,#844,.T.);
#842 = VERTEX_POINT('',#843);
#843 = CARTESIAN_POINT('',(195.29510753241,199.37176116924,
    7.041680027946));
#844 = LINE('',#845,#846);
#845 = CARTESIAN_POINT('',(195.29510753241,199.78166723233,
    8.180230819612));
#846 = VECTOR('',#847,1.);
#847 = DIRECTION('',(-6.846E-14,-0.338739789867,-0.940880095847));
#848 = ORIENTED_EDGE('',*,*,#849,.T.);
#849 = EDGE_CURVE('',#842,#850,#852,.T.);
#850 = VERTEX_POINT('',#851);
#851 = CARTESIAN_POINT('',(206.59510753241,199.49343438207,
    7.379638270767));
#852 = B_SPLINE_CURVE_WITH_KNOTS('',3,(#853,#854,#855,#856,#857,#858),
  .UNSPECIFIED.,.F.,.F.,(4,2,4),(0.112652776531,5.778110498832,
    11.419792298738),.UNSPECIFIED.);
#853 = CARTESIAN_POINT('',(195.29510753242,199.37176116925,
    7.041680027946));
#854 = CARTESIAN_POINT('',(197.18359531918,199.37289487006,
    7.044828983463));
#855 = CARTESIAN_POINT('',(199.07215213281,199.38366328305,
    7.074739214706));
#856 = CARTESIAN_POINT('',(202.83928715144,199.42431805797,
    7.187661492115));
#857 = CARTESIAN_POINT('',(204.71812489075,199.45412670895,7.27045768915
    ));
#858 = CARTESIAN_POINT('',(206.59510753242,199.49343438209,
    7.379638270768));
#859 = ORIENTED_EDGE('',*,*,#860,.F.);
#860 = EDGE_CURVE('',#861,#850,#863,.T.);
#861 = VERTEX_POINT('',#862);
#862 = CARTESIAN_POINT('',(206.59510753241,198.50363956663,4.63039454832
    ));
#863 = LINE('',#864,#865);
#864 = CARTESIAN_POINT('',(206.59510753241,199.78166723233,
    8.180230819612));
#865 = VECTOR('',#866,1.);
#866 = DIRECTION('',(0.,0.338739789867,0.940880095847));
#867 = ORIENTED_EDGE('',*,*,#868,.F.);
#868 = EDGE_CURVE('',#869,#861,#871,.T.);
#869 = VERTEX_POINT('',#870);
#870 = CARTESIAN_POINT('',(207.24510753241,198.50363956663,4.63039454832
    ));
#871 = LINE('',#872,#873);
#872 = CARTESIAN_POINT('',(201.90678476498,198.50363956663,4.63039454832
    ));
#873 = VECTOR('',#874,1.);
#874 = DIRECTION('',(-1.,2.E-17,0.));
#875 = ORIENTED_EDGE('',*,*,#876,.F.);
#876 = EDGE_CURVE('',#877,#869,#879,.T.);
#877 = VERTEX_POINT('',#878);
#878 = CARTESIAN_POINT('',(207.24510753241,199.50742800723,
    7.418506817551));
#879 = LINE('',#880,#881);
#880 = CARTESIAN_POINT('',(207.24510753241,199.78166723233,
    8.180230819612));
#881 = VECTOR('',#882,1.);
#882 = DIRECTION('',(0.,-0.338739789867,-0.940880095847));
#883 = ORIENTED_EDGE('',*,*,#884,.T.);
#884 = EDGE_CURVE('',#877,#426,#885,.T.);
#885 = B_SPLINE_CURVE_WITH_KNOTS('',3,(#886,#887,#888,#889,#890,#891),
  .UNSPECIFIED.,.F.,.F.,(4,2,4),(3.64558152166E-02,1.386292990151,
    2.617679365728),.UNSPECIFIED.);
#886 = CARTESIAN_POINT('',(207.24510753241,199.50742800725,
    7.418506817551));
#887 = CARTESIAN_POINT('',(207.69409746543,199.5173576417,7.446087266352
    ));
#888 = CARTESIAN_POINT('',(208.14298424859,199.52783113392,
    7.475178328768));
#889 = CARTESIAN_POINT('',(209.00114136813,199.54889852716,
    7.533694899789));
#890 = CARTESIAN_POINT('',(209.4104344417,199.55940128383,7.56286724679)
  );
#891 = CARTESIAN_POINT('',(209.81962084773,199.57035630097,
    7.593295787749));
#892 = ORIENTED_EDGE('',*,*,#425,.T.);
#893 = ORIENTED_EDGE('',*,*,#894,.T.);
#894 = EDGE_CURVE('',#418,#895,#897,.T.);
#895 = VERTEX_POINT('',#896);
#896 = CARTESIAN_POINT('',(177.83940407751,196.83658455803,9.5102E-11));
#897 = LINE('',#898,#899);
#898 = CARTESIAN_POINT('',(206.66928476498,196.83658455803,9.509815E-11)
  );
#899 = VECTOR('',#900,1.);
#900 = DIRECTION('',(-1.,3.E-17,3.E-17));
#901 = ORIENTED_EDGE('',*,*,#902,.T.);
#902 = EDGE_CURVE('',#895,#903,#905,.T.);
#903 = VERTEX_POINT('',#904);
#904 = CARTESIAN_POINT('',(180.38879033447,199.56316195662,
    7.573312852212));
#905 = LINE('',#906,#907);
#906 = CARTESIAN_POINT('',(181.89748962689,201.17672105571,
    12.05511772195));
#907 = VECTOR('',#908,1.);
#908 = DIRECTION('',(0.301943307514,0.322929409256,0.896965348096));
#909 = ORIENTED_EDGE('',*,*,#910,.T.);
#910 = EDGE_CURVE('',#903,#791,#911,.T.);
#911 = B_SPLINE_CURVE_WITH_KNOTS('',3,(#912,#913,#914,#915,#916,#917),
  .UNSPECIFIED.,.F.,.F.,(4,2,4),(0.167578986294,1.257778442572,
    2.479791326964),.UNSPECIFIED.);
#912 = CARTESIAN_POINT('',(180.38879033447,199.56316195662,
    7.573312852213));
#913 = CARTESIAN_POINT('',(180.75110015685,199.55363363501,
    7.546847085786));
#914 = CARTESIAN_POINT('',(181.11349204248,199.54445996916,7.5213664075)
  );
#915 = CARTESIAN_POINT('',(181.88224909371,199.52575610202,
    7.469414741836));
#916 = CARTESIAN_POINT('',(182.28863592787,199.51631683515,
    7.443196332989));
#917 = CARTESIAN_POINT('',(182.69510753242,199.50732367369,7.4182170218)
  );
#918 = PLANE('',#919);
#919 = AXIS2_PLACEMENT_3D('',#920,#921,#922);
#920 = CARTESIAN_POINT('',(208.84346199755,199.89265167365,
    8.488500042504));
#921 = DIRECTION('',(-2.E-17,-0.940880095847,0.338739789867));
#922 = DIRECTION('',(7.703719777549E-34,-0.338739789867,-0.940880095847)
  );
#923 = ADVANCED_FACE('',(#924),#946,.F.);
#924 = FACE_BOUND('',#925,.F.);
#925 = EDGE_LOOP('',(#926,#927,#936,#937));
#926 = ORIENTED_EDGE('',*,*,#521,.T.);
#927 = ORIENTED_EDGE('',*,*,#928,.T.);
#928 = EDGE_CURVE('',#522,#589,#929,.T.);
#929 = B_SPLINE_CURVE_WITH_KNOTS('',3,(#930,#931,#932,#933,#934,#935),
  .UNSPECIFIED.,.F.,.F.,(4,2,4),(4.776095881304E-02,3.463281137339,
    6.512554113265),.UNSPECIFIED.);
#930 = CARTESIAN_POINT('',(180.38847498562,211.57340755083,
    7.991349884535));
#931 = CARTESIAN_POINT('',(180.3885048609,210.43558985317,7.951746203645
    ));
#932 = CARTESIAN_POINT('',(180.38853473618,209.29777215551,
    7.912142522761));
#933 = CARTESIAN_POINT('',(180.3885912832,207.14414527632,7.837181874998
    ));
#934 = CARTESIAN_POINT('',(180.38861795495,206.1283360948,7.801824908119
    ));
#935 = CARTESIAN_POINT('',(180.38864462671,205.11252691328,
    7.766467941244));
#936 = ORIENTED_EDGE('',*,*,#597,.T.);
#937 = ORIENTED_EDGE('',*,*,#938,.T.);
#938 = EDGE_CURVE('',#598,#514,#939,.T.);
#939 = B_SPLINE_CURVE_WITH_KNOTS('',3,(#940,#941,#942,#943,#944,#945),
  .UNSPECIFIED.,.F.,.F.,(4,2,4),(2.48582026344,3.463281154381,
    6.886478853169),.UNSPECIFIED.);
#940 = CARTESIAN_POINT('',(182.69510753241,207.18840964613,
    7.685555741713));
#941 = CARTESIAN_POINT('',(182.69510753241,207.514032777,7.696888992153)
  );
#942 = CARTESIAN_POINT('',(182.69510753241,207.83965590787,
    7.708222242594));
#943 = CARTESIAN_POINT('',(182.69510753241,209.30565443648,
    7.759246039416));
#944 = CARTESIAN_POINT('',(182.69510753241,210.44602983421,
    7.798936585797));
#945 = CARTESIAN_POINT('',(182.69510753241,211.58640523194,
    7.838627132179));
#946 = B_SPLINE_SURFACE_WITH_KNOTS('',3,3,(
    (#947,#948,#949,#950)
    ,(#951,#952,#953,#954)
    ,(#955,#956,#957,#958)
    ,(#959,#960,#961,#962
    )),.UNSPECIFIED.,.F.,.F.,.F.,(4,4),(4,4),(7.030448962647E-02,
    0.102422790587),(2.790345158887E-02,3.930811393534E-02),
  .PIECEWISE_BEZIER_KNOTS.);
#947 = CARTESIAN_POINT('',(180.38847498547,211.58108040809,
    7.991616936866));
#948 = CARTESIAN_POINT('',(181.15689475168,211.58300727926,
    7.936255136928));
#949 = CARTESIAN_POINT('',(181.92579711128,211.58478232799,
    7.885255448039));
#950 = CARTESIAN_POINT('',(182.69510753242,211.58640523193,
    7.838627132178));
#951 = CARTESIAN_POINT('',(180.38847502561,209.42489576811,7.91657134275
    ));
#952 = CARTESIAN_POINT('',(181.15689479182,209.42682263928,
    7.861209542812));
#953 = CARTESIAN_POINT('',(181.92579715142,209.42859768802,
    7.810209853923));
#954 = CARTESIAN_POINT('',(182.69510757256,209.43022059195,
    7.763581538062));
#955 = CARTESIAN_POINT('',(180.38847506576,207.26871112814,
    7.841525748634));
#956 = CARTESIAN_POINT('',(181.15689483196,207.2706379993,7.786163948696
    ));
#957 = CARTESIAN_POINT('',(181.92579719156,207.27241304804,
    7.735164259807));
#958 = CARTESIAN_POINT('',(182.6951076127,207.27403595198,7.688535943946
    ));
#959 = CARTESIAN_POINT('',(180.3884751059,205.11252648816,7.766480154518
    ));
#960 = CARTESIAN_POINT('',(181.1568948721,205.11445335932,7.71111835458)
  );
#961 = CARTESIAN_POINT('',(181.92579723171,205.11622840806,
    7.660118665691));
#962 = CARTESIAN_POINT('',(182.69510765284,205.117851312,7.613490349831)
  );
#963 = ADVANCED_FACE('',(#964),#986,.F.);
#964 = FACE_BOUND('',#965,.F.);
#965 = EDGE_LOOP('',(#966,#967,#976,#977));
#966 = ORIENTED_EDGE('',*,*,#758,.T.);
#967 = ORIENTED_EDGE('',*,*,#968,.T.);
#968 = EDGE_CURVE('',#759,#903,#969,.T.);
#969 = B_SPLINE_CURVE_WITH_KNOTS('',3,(#970,#971,#972,#973,#974,#975),
  .UNSPECIFIED.,.F.,.F.,(4,2,4),(0.373804213595,2.509117000588,
    4.716687889749),.UNSPECIFIED.);
#970 = CARTESIAN_POINT('',(180.38867637388,203.90341730344,7.72438282408
    ));
#971 = CARTESIAN_POINT('',(180.38869505129,203.19207714086,7.69962341944
    ));
#972 = CARTESIAN_POINT('',(180.3887137287,202.48073697827,7.674864014803
    ));
#973 = CARTESIAN_POINT('',(180.38875171557,201.03398519602,
    7.624507357515));
#974 = CARTESIAN_POINT('',(180.38877102502,200.29857357635,
    7.598910104863));
#975 = CARTESIAN_POINT('',(180.38879033447,199.56316195667,
    7.573312852214));
#976 = ORIENTED_EDGE('',*,*,#910,.T.);
#977 = ORIENTED_EDGE('',*,*,#978,.T.);
#978 = EDGE_CURVE('',#791,#751,#979,.T.);
#979 = B_SPLINE_CURVE_WITH_KNOTS('',3,(#980,#981,#982,#983,#984,#985),
  .UNSPECIFIED.,.F.,.F.,(4,2,4),(0.240346774934,2.509117006612,
    2.562100838412),.UNSPECIFIED.);
#980 = CARTESIAN_POINT('',(182.69510753241,199.5073236737,7.4182170218)
  );
#981 = CARTESIAN_POINT('',(182.69510753241,200.2631227782,7.444522464264
    ));
#982 = CARTESIAN_POINT('',(182.69510753241,201.0189218827,7.470827906729
    ));
#983 = CARTESIAN_POINT('',(182.69510753241,201.79237157698,
    7.497747674575));
#984 = CARTESIAN_POINT('',(182.69510753241,201.81002216674,
    7.498361999957));
#985 = CARTESIAN_POINT('',(182.69510753241,201.82767275651,
    7.498976325338));
#986 = B_SPLINE_SURFACE_WITH_KNOTS('',3,3,(
    (#987,#988,#989,#990)
    ,(#991,#992,#993,#994)
    ,(#995,#996,#997,#998)
    ,(#999,#1000,#1001,#1002
    )),.UNSPECIFIED.,.F.,.F.,.F.,(4,4),(4,4),(0.108426381093,
    0.130280734952),(2.790444719756E-02,3.930811303757E-02),
  .PIECEWISE_BEZIER_KNOTS.);
#987 = CARTESIAN_POINT('',(180.38867637385,203.90341730344,
    7.724382824082));
#988 = CARTESIAN_POINT('',(181.157029082,203.90534397974,7.669026623043)
  );
#989 = CARTESIAN_POINT('',(181.92586429272,203.90711886011,
    7.618031771596));
#990 = CARTESIAN_POINT('',(182.69510749367,203.90874162227,
    7.571407529295));
#991 = CARTESIAN_POINT('',(180.38867640116,202.43627798728,
    7.673319320711));
#992 = CARTESIAN_POINT('',(181.15702910931,202.43820466358,
    7.617963119672));
#993 = CARTESIAN_POINT('',(181.92586432003,202.43997954395,
    7.566968268225));
#994 = CARTESIAN_POINT('',(182.69510752099,202.44160230611,
    7.520344025924));
#995 = CARTESIAN_POINT('',(180.38867642848,200.96913867111,7.62225581734
    ));
#996 = CARTESIAN_POINT('',(181.15702913663,200.97106534741,
    7.566899616301));
#997 = CARTESIAN_POINT('',(181.92586434735,200.97284022778,
    7.515904764854));
#998 = CARTESIAN_POINT('',(182.6951075483,200.97446298994,7.469280522553
    ));
#999 = CARTESIAN_POINT('',(180.38867645579,199.50199935495,
    7.571192313969));
#1000 = CARTESIAN_POINT('',(181.15702916394,199.50392603124,
    7.51583611293));
#1001 = CARTESIAN_POINT('',(181.92586437466,199.50570091162,
    7.464841261483));
#1002 = CARTESIAN_POINT('',(182.69510757561,199.50732367378,
    7.418217019182));
#1003 = ADVANCED_FACE('',(#1004),#1055,.F.);
#1004 = FACE_BOUND('',#1005,.F.);
#1005 = EDGE_LOOP('',(#1006,#1007,#1016,#1017,#1028,#1045));
#1006 = ORIENTED_EDGE('',*,*,#691,.T.);
#1007 = ORIENTED_EDGE('',*,*,#1008,.T.);
#1008 = EDGE_CURVE('',#692,#807,#1009,.T.);
#1009 = B_SPLINE_CURVE_WITH_KNOTS('',3,(#1010,#1011,#1012,#1013,#1014,
    #1015),.UNSPECIFIED.,.F.,.F.,(4,2,4),(2.366501262437,2.537706170326,
    4.702263229143),.UNSPECIFIED.);
#1010 = CARTESIAN_POINT('',(183.34510753241,201.82767275646,
    7.460578912083));
#1011 = CARTESIAN_POINT('',(183.34510753241,201.77063898801,
    7.458593862738));
#1012 = CARTESIAN_POINT('',(183.34510753241,201.71360521955,
    7.456608813394));
#1013 = CARTESIAN_POINT('',(183.34510753241,200.93548904977,
    7.429526629718));
#1014 = CARTESIAN_POINT('',(183.34510753241,200.21440664846,
    7.404429495388));
#1015 = CARTESIAN_POINT('',(183.34510753241,199.49332424713,
    7.379332361057));
#1016 = ORIENTED_EDGE('',*,*,#814,.T.);
#1017 = ORIENTED_EDGE('',*,*,#1018,.T.);
#1018 = EDGE_CURVE('',#815,#1019,#1021,.T.);
#1019 = VERTEX_POINT('',#1020);
#1020 = CARTESIAN_POINT('',(194.64510753241,201.82767275651,7.1271309807
    ));
#1021 = B_SPLINE_CURVE_WITH_KNOTS('',3,(#1022,#1023,#1024,#1025,#1026,
    #1027),.UNSPECIFIED.,.F.,.F.,(4,2,4),(0.239903950956,2.537706170316,
    2.697312299495),.UNSPECIFIED.);
#1022 = CARTESIAN_POINT('',(194.64510753241,199.37175147823,
    7.041653110271));
#1023 = CARTESIAN_POINT('',(194.64510753241,200.13722205581,
    7.068295167338));
#1024 = CARTESIAN_POINT('',(194.64510753241,200.90269263341,
    7.094937224406));
#1025 = CARTESIAN_POINT('',(194.64510753241,201.72133305951,
    7.123429847882));
#1026 = CARTESIAN_POINT('',(194.64510753241,201.77450290801,
    7.125280414291));
#1027 = CARTESIAN_POINT('',(194.64510753241,201.82767275651,7.1271309807
    ));
#1028 = ORIENTED_EDGE('',*,*,#1029,.T.);
#1029 = EDGE_CURVE('',#1019,#1030,#1032,.T.);
#1030 = VERTEX_POINT('',#1031);
#1031 = CARTESIAN_POINT('',(192.28973908759,204.18304120133,
    7.22651220405));
#1032 = B_SPLINE_CURVE_WITH_KNOTS('',3,(#1033,#1034,#1035,#1036,#1037,
    #1038,#1039,#1040,#1041,#1042,#1043,#1044),.UNSPECIFIED.,.F.,.F.,(4,
    2,2,2,2,4),(0.113323313068,0.540255222584,1.347908306895,
    2.428046109345,3.102063485147,3.711406747056),.UNSPECIFIED.);
#1033 = CARTESIAN_POINT('',(194.64510753241,201.82767275651,7.1271309807
    ));
#1034 = CARTESIAN_POINT('',(194.50395202564,201.84478814219,
    7.127947587352));
#1035 = CARTESIAN_POINT('',(194.36431435505,201.87303389403,
    7.129297783979));
#1036 = CARTESIAN_POINT('',(193.96869088584,201.98621040254,
    7.134672632351));
#1037 = CARTESIAN_POINT('',(193.72243157969,202.09853129113,
    7.139980465608));
#1038 = CARTESIAN_POINT('',(193.19525781989,202.44177371941,
    7.15574474575));
#1039 = CARTESIAN_POINT('',(192.93596534026,202.69648269447,
    7.167165266732));
#1040 = CARTESIAN_POINT('',(192.60837535556,203.18039715283,
    7.187616456983));
#1041 = CARTESIAN_POINT('',(192.50619143088,203.38130784368,
    7.19584910092));
#1042 = CARTESIAN_POINT('',(192.36123461903,203.78348426798,
    7.211661786763));
#1043 = CARTESIAN_POINT('',(192.31416728351,203.98157484585,
    7.219177378113));
#1044 = CARTESIAN_POINT('',(192.28973908758,204.18304120133,
    7.226512204051));
#1045 = ORIENTED_EDGE('',*,*,#1046,.T.);
#1046 = EDGE_CURVE('',#1030,#684,#1047,.T.);
#1047 = B_SPLINE_CURVE_WITH_KNOTS('',3,(#1048,#1049,#1050,#1051,#1052,
    #1053,#1054),.UNSPECIFIED.,.F.,.F.,(4,3,4),(2.468706789799,
    5.781284253681,9.064359570344),.UNSPECIFIED.);
#1048 = CARTESIAN_POINT('',(192.28973908727,204.18304120121,
    7.226512207125));
#1049 = CARTESIAN_POINT('',(191.18609142421,204.18304120562,7.2410973309
    ));
#1050 = CARTESIAN_POINT('',(190.08276460906,204.18304120271,
    7.264716430378));
#1051 = CARTESIAN_POINT('',(188.97962022542,204.18304120321,
    7.297352773672));
#1052 = CARTESIAN_POINT('',(187.88630123361,204.1830412037,
    7.329698434381));
#1053 = CARTESIAN_POINT('',(186.79318186114,204.18304120345,
    7.370902739337));
#1054 = CARTESIAN_POINT('',(185.70047598061,204.18304120259,
    7.420949409646));
#1055 = B_SPLINE_SURFACE_WITH_KNOTS('',3,3,(
    (#1056,#1057,#1058,#1059,#1060,#1061)
    ,(#1062,#1063,#1064,#1065,#1066,#1067)
    ,(#1068,#1069,#1070,#1071,#1072,#1073)
    ,(#1074,#1075,#1076,#1077,#1078,#1079
    )),.UNSPECIFIED.,.F.,.F.,.F.,(4,4),(4,2,4),(0.107092020102,
    0.131018075646),(4.251962199291E-02,8.949341283375E-02,
    9.824844780567E-02),.UNSPECIFIED.);
#1056 = CARTESIAN_POINT('',(183.34510744518,204.17881374866,
    7.542409927259));
#1057 = CARTESIAN_POINT('',(186.5146834898,204.18514516937,
    7.360499383219));
#1058 = CARTESIAN_POINT('',(189.69082615496,204.18889396829,
    7.252791858911));
#1059 = CARTESIAN_POINT('',(193.4605540764,204.19025064391,
    7.213814329927));
#1060 = CARTESIAN_POINT('',(194.05282535438,204.19037327526,
    7.21029124437));
#1061 = CARTESIAN_POINT('',(194.64510748843,204.19040550864,
    7.209365442366));
#1062 = CARTESIAN_POINT('',(183.34510747508,202.57259573852,
    7.486505816536));
#1063 = CARTESIAN_POINT('',(186.5146835197,202.57892715922,
    7.304595272497));
#1064 = CARTESIAN_POINT('',(189.69082618486,202.58267595814,
    7.196887748189));
#1065 = CARTESIAN_POINT('',(193.4605541063,202.58403263377,
    7.157910219205));
#1066 = CARTESIAN_POINT('',(194.05282538428,202.58415526511,
    7.154387133647));
#1067 = CARTESIAN_POINT('',(194.64510751833,202.5841874985,
    7.153461331644));
#1068 = CARTESIAN_POINT('',(183.34510750498,200.96637772837,
    7.430601705814));
#1069 = CARTESIAN_POINT('',(186.5146835496,200.97270914908,
    7.248691161775));
#1070 = CARTESIAN_POINT('',(189.69082621476,200.97645794801,
    7.140983637467));
#1071 = CARTESIAN_POINT('',(193.4605541362,200.97781462362,
    7.102006108483));
#1072 = CARTESIAN_POINT('',(194.05282541419,200.97793725498,
    7.098483022925));
#1073 = CARTESIAN_POINT('',(194.64510754823,200.97796948836,
    7.097557220922));
#1074 = CARTESIAN_POINT('',(183.34510753488,199.36015971823,
    7.374697595092));
#1075 = CARTESIAN_POINT('',(186.5146835795,199.36649113894,
    7.192787051053));
#1076 = CARTESIAN_POINT('',(189.69082624466,199.37023993786,
    7.085079526745));
#1077 = CARTESIAN_POINT('',(193.4605541661,199.37159661348,7.04610199776
    ));
#1078 = CARTESIAN_POINT('',(194.05282544409,199.37171924483,
    7.042578912203));
#1079 = CARTESIAN_POINT('',(194.64510757813,199.37175147822,7.0416531102
    ));
#1080 = ADVANCED_FACE('',(#1081),#1132,.F.);
#1081 = FACE_BOUND('',#1082,.F.);
#1082 = EDGE_LOOP('',(#1083,#1084,#1093,#1094,#1106,#1123));
#1083 = ORIENTED_EDGE('',*,*,#486,.T.);
#1084 = ORIENTED_EDGE('',*,*,#1085,.T.);
#1085 = EDGE_CURVE('',#487,#632,#1086,.T.);
#1086 = B_SPLINE_CURVE_WITH_KNOTS('',3,(#1087,#1088,#1089,#1090,#1091,
    #1092),.UNSPECIFIED.,.F.,.F.,(4,2,4),(6.438597138614E-02,
    3.444857955419,4.468304747621),.UNSPECIFIED.);
#1087 = CARTESIAN_POINT('',(183.34510753241,211.5896634456,
    7.800343121011));
#1088 = CARTESIAN_POINT('',(183.34510753241,210.46352133448,
    7.761147961365));
#1089 = CARTESIAN_POINT('',(183.34510753241,209.33737922336,
    7.721952801718));
#1090 = CARTESIAN_POINT('',(183.34510753241,207.87029462355,
    7.670891204309));
#1091 = CARTESIAN_POINT('',(183.34510753241,207.52935213485,
    7.659024766545));
#1092 = CARTESIAN_POINT('',(183.34510753241,207.18840964616,
    7.647158328782));
#1093 = ORIENTED_EDGE('',*,*,#639,.T.);
#1094 = ORIENTED_EDGE('',*,*,#1095,.T.);
#1095 = EDGE_CURVE('',#640,#1096,#1098,.T.);
#1096 = VERTEX_POINT('',#1097);
#1097 = CARTESIAN_POINT('',(192.28973908758,204.83304120133,
    7.249135329606));
#1098 = B_SPLINE_CURVE_WITH_KNOTS('',3,(#1099,#1100,#1101,#1102,#1103,
    #1104,#1105),.UNSPECIFIED.,.F.,.F.,(4,3,4),(2.494677159442,
    5.776012278602,9.086946135099),.UNSPECIFIED.);
#1099 = CARTESIAN_POINT('',(185.70047598061,204.8330412026,
    7.443572534807));
#1100 = CARTESIAN_POINT('',(186.79316325544,204.83304120346,
    7.393526716717));
#1101 = CARTESIAN_POINT('',(187.88626400753,204.83304120371,
    7.352322962889));
#1102 = CARTESIAN_POINT('',(188.97956437521,204.83304120322,
    7.319977551356));
#1103 = CARTESIAN_POINT('',(190.08272736027,204.83304120273,
    7.287340353204));
#1104 = CARTESIAN_POINT('',(191.18607279269,204.83304120563,
    7.263720702612));
#1105 = CARTESIAN_POINT('',(192.28973908727,204.83304120122,
    7.24913533268));
#1106 = ORIENTED_EDGE('',*,*,#1107,.T.);
#1107 = EDGE_CURVE('',#1096,#1108,#1110,.T.);
#1108 = VERTEX_POINT('',#1109);
#1109 = CARTESIAN_POINT('',(194.64510753241,207.18840964615,
    7.313710402975));
#1110 = B_SPLINE_CURVE_WITH_KNOTS('',3,(#1111,#1112,#1113,#1114,#1115,
    #1116,#1117,#1118,#1119,#1120,#1121,#1122),.UNSPECIFIED.,.F.,.F.,(4,
    2,2,2,2,4),(5.397971731381E-02,1.07277362879,2.139921286943,
    3.056973702438,3.425138456583,3.653631162416),.UNSPECIFIED.);
#1111 = CARTESIAN_POINT('',(192.28973908758,204.83304120133,
    7.249135329606));
#1112 = CARTESIAN_POINT('',(192.33055598994,205.16966993084,
    7.260312217024));
#1113 = CARTESIAN_POINT('',(192.43445349348,205.49582215597,
    7.270277929189));
#1114 = CARTESIAN_POINT('',(192.7655918918,206.10696684474,
    7.287674718838));
#1115 = CARTESIAN_POINT('',(192.99512453098,206.38312558843,
    7.294805790555));
#1116 = CARTESIAN_POINT('',(193.50918926248,206.79914031324,
    7.304989306904));
#1117 = CARTESIAN_POINT('',(193.77772220048,206.94969041695,
    7.308413680107));
#1118 = CARTESIAN_POINT('',(194.18136129415,207.09317920326,
    7.311620113061));
#1119 = CARTESIAN_POINT('',(194.29965722614,207.12635287951,
    7.312350389071));
#1120 = CARTESIAN_POINT('',(194.49436218212,207.16688813077,
    7.313239681004));
#1121 = CARTESIAN_POINT('',(194.56953247379,207.17924602012,
    7.313509739952));
#1122 = CARTESIAN_POINT('',(194.64510753241,207.18840964615,
    7.313710402975));
#1123 = ORIENTED_EDGE('',*,*,#1124,.T.);
#1124 = EDGE_CURVE('',#1108,#479,#1125,.T.);
#1125 = B_SPLINE_CURVE_WITH_KNOTS('',3,(#1126,#1127,#1128,#1129,#1130,
    #1131),.UNSPECIFIED.,.F.,.F.,(4,2,4),(2.40981238462,3.44485795542,
    6.842043027946),.UNSPECIFIED.);
#1126 = CARTESIAN_POINT('',(194.64510753241,207.18840964612,
    7.313710402974));
#1127 = CARTESIAN_POINT('',(194.64510753241,207.53321605472,
    7.325711324086));
#1128 = CARTESIAN_POINT('',(194.64510753241,207.87802246331,
    7.337712245197));
#1129 = CARTESIAN_POINT('',(194.64510753241,209.35453864124,
    7.389102108406));
#1130 = CARTESIAN_POINT('',(194.64510753241,210.48624841059,
    7.428491050504));
#1131 = CARTESIAN_POINT('',(194.64510753241,211.61795817993,
    7.467879992601));
#1132 = B_SPLINE_SURFACE_WITH_KNOTS('',3,3,(
    (#1133,#1134,#1135,#1136,#1137,#1138)
    ,(#1139,#1140,#1141,#1142,#1143,#1144)
    ,(#1145,#1146,#1147,#1148,#1149,#1150)
    ,(#1151,#1152,#1153,#1154,#1155,#1156
    )),.UNSPECIFIED.,.F.,.F.,.F.,(4,4),(4,2,4),(7.021200409664E-02,
    0.10389813796),(4.251962270062E-02,8.949341283375E-02,
    9.824844870374E-02),.UNSPECIFIED.);
#1133 = CARTESIAN_POINT('',(183.34510745017,211.60636642021,
    7.800924469556));
#1134 = CARTESIAN_POINT('',(186.51468344723,211.61269784074,
    7.619013930494));
#1135 = CARTESIAN_POINT('',(189.69082606456,211.61644663958,
    7.511306408936));
#1136 = CARTESIAN_POINT('',(193.46055399887,211.61780331521,
    7.472328879819));
#1137 = CARTESIAN_POINT('',(194.05282533761,211.61792594655,
    7.468805794167));
#1138 = CARTESIAN_POINT('',(194.64510753241,211.61795817993,
    7.467879992601));
#1139 = CARTESIAN_POINT('',(183.34510749227,209.34492910122,
    7.722215576073));
#1140 = CARTESIAN_POINT('',(186.51468348933,209.35126052176,
    7.54030503701));
#1141 = CARTESIAN_POINT('',(189.69082610666,209.35500932059,
    7.432597515452));
#1142 = CARTESIAN_POINT('',(193.46055404096,209.35636599622,
    7.393619986335));
#1143 = CARTESIAN_POINT('',(194.05282537971,209.35648862757,
    7.390096900683));
#1144 = CARTESIAN_POINT('',(194.64510757451,209.35652086094,
    7.389171099118));
#1145 = CARTESIAN_POINT('',(183.34510753437,207.08349178225,
    7.643506682589));
#1146 = CARTESIAN_POINT('',(186.51468353143,207.08982320278,
    7.461596143526));
#1147 = CARTESIAN_POINT('',(189.69082614877,207.09357200162,
    7.353888621969));
#1148 = CARTESIAN_POINT('',(193.46055408307,207.09492867723,
    7.314911092852));
#1149 = CARTESIAN_POINT('',(194.05282542181,207.09505130859,7.3113880072
    ));
#1150 = CARTESIAN_POINT('',(194.64510761661,207.09508354196,
    7.310462205634));
#1151 = CARTESIAN_POINT('',(183.34510757647,204.82205446326,
    7.564797789106));
#1152 = CARTESIAN_POINT('',(186.51468357353,204.82838588379,
    7.382887250043));
#1153 = CARTESIAN_POINT('',(189.69082619086,204.83213468264,
    7.275179728485));
#1154 = CARTESIAN_POINT('',(193.46055412517,204.83349135825,
    7.236202199368));
#1155 = CARTESIAN_POINT('',(194.05282546391,204.8336139896,
    7.232679113716));
#1156 = CARTESIAN_POINT('',(194.64510765871,204.83364622297,
    7.23175331215));
#1157 = ADVANCED_FACE('',(#1158),#1214,.F.);
#1158 = FACE_BOUND('',#1159,.F.);
#1159 = EDGE_LOOP('',(#1160,#1161,#1172,#1196,#1212,#1213));
#1160 = ORIENTED_EDGE('',*,*,#451,.T.);
#1161 = ORIENTED_EDGE('',*,*,#1162,.T.);
#1162 = EDGE_CURVE('',#452,#1163,#1165,.T.);
#1163 = VERTEX_POINT('',#1164);
#1164 = CARTESIAN_POINT('',(195.29510753241,207.18840964616,
    7.313736983824));
#1165 = B_SPLINE_CURVE_WITH_KNOTS('',3,(#1166,#1167,#1168,#1169,#1170,
    #1171),.UNSPECIFIED.,.F.,.F.,(4,2,4),(4.76741592512E-02,
    3.444854484842,4.479902545641),.UNSPECIFIED.);
#1166 = CARTESIAN_POINT('',(195.29510753241,211.61795592439,
    7.467906495211));
#1167 = CARTESIAN_POINT('',(195.29510753241,210.4862477364,
    7.428517608084));
#1168 = CARTESIAN_POINT('',(195.29510753241,209.35453954842,
    7.389128720958));
#1169 = CARTESIAN_POINT('',(195.29510753241,207.87802412235,
    7.337738883829));
#1170 = CARTESIAN_POINT('',(195.29510753241,207.53321688426,
    7.325737933827));
#1171 = CARTESIAN_POINT('',(195.29510753241,207.18840964617,
    7.313736983824));
#1172 = ORIENTED_EDGE('',*,*,#1173,.T.);
#1173 = EDGE_CURVE('',#1163,#1174,#1176,.T.);
#1174 = VERTEX_POINT('',#1175);
#1175 = CARTESIAN_POINT('',(197.65047597723,204.83304120133,
    7.249333607484));
#1176 = B_SPLINE_CURVE_WITH_KNOTS('',3,(#1177,#1178,#1179,#1180,#1181,
    #1182,#1183,#1184,#1185,#1186,#1187,#1188,#1189,#1190,#1191,#1192,
    #1193,#1194,#1195),.UNSPECIFIED.,.F.,.F.,(4,3,3,3,3,3,4),(
    0.113292019718,0.698619731837,1.436302329704,1.615428001627,
    2.590322537766,3.189134046769,3.710416923547),.UNSPECIFIED.);
#1177 = CARTESIAN_POINT('',(195.29510753241,207.18840964615,
    7.313736983824));
#1178 = CARTESIAN_POINT('',(195.48857777988,207.16495093973,
    7.313239067396));
#1179 = CARTESIAN_POINT('',(195.6790512674,207.12060017563,
    7.312289429408));
#1180 = CARTESIAN_POINT('',(195.86317356762,207.05606652636,
    7.310863094779));
#1181 = CARTESIAN_POINT('',(196.09522103915,206.97473542132,
    7.309065499682));
#1182 = CARTESIAN_POINT('',(196.31480259909,206.86218088961,
    7.306529394476));
#1183 = CARTESIAN_POINT('',(196.51593516658,206.72172961021,
    7.303184718273));
#1184 = CARTESIAN_POINT('',(196.56477460836,206.68762492906,
    7.302372556817));
#1185 = CARTESIAN_POINT('',(196.61252625818,206.65187539193,
    7.301512471029));
#1186 = CARTESIAN_POINT('',(196.65910447007,206.61452864309,
    7.300603033357));
#1187 = CARTESIAN_POINT('',(196.91260718577,206.41126832309,
    7.295653403262));
#1188 = CARTESIAN_POINT('',(197.12732611998,206.16392499137,
    7.289317766065));
#1189 = CARTESIAN_POINT('',(197.29293875153,205.88443326637,
    7.28149633167));
#1190 = CARTESIAN_POINT('',(197.39466334444,205.71276047982,
    7.27669215567));
#1191 = CARTESIAN_POINT('',(197.47703638273,205.53035058369,
    7.271365826329));
#1192 = CARTESIAN_POINT('',(197.53855613746,205.34055050837,
    7.26554253716));
#1193 = CARTESIAN_POINT('',(197.59211087758,205.17532400915,
    7.26047319416));
#1194 = CARTESIAN_POINT('',(197.62958141319,205.00536455175,
    7.255053860823));
#1195 = CARTESIAN_POINT('',(197.65047597301,204.83304120354,
    7.249333543668));
#1196 = ORIENTED_EDGE('',*,*,#1197,.T.);
#1197 = EDGE_CURVE('',#1174,#287,#1198,.T.);
#1198 = B_SPLINE_CURVE_WITH_KNOTS('',3,(#1199,#1200,#1201,#1202,#1203,
    #1204,#1205,#1206,#1207,#1208,#1209,#1210,#1211),.UNSPECIFIED.,.F.,
  .F.,(4,3,3,3,4),(2.468025218943,4.627251627796,5.686995305088,
    6.702859224139,9.060217357109),.UNSPECIFIED.);
#1199 = CARTESIAN_POINT('',(197.650475973,204.83304120353,7.249333543668
    ));
#1200 = CARTESIAN_POINT('',(198.37018971985,204.83304120454,
    7.258887357592));
#1201 = CARTESIAN_POINT('',(199.08985651692,204.83304120552,
    7.272274516508));
#1202 = CARTESIAN_POINT('',(199.8094155917,204.83304120602,
    7.289490320406));
#1203 = CARTESIAN_POINT('',(200.16257363794,204.83304120627,
    7.29793979993));
#1204 = CARTESIAN_POINT('',(200.51570573543,204.83304120641,
    7.30731153294));
#1205 = CARTESIAN_POINT('',(200.86880469755,204.83304120643,
    7.317604962629));
#1206 = CARTESIAN_POINT('',(201.20728324019,204.83304120645,
    7.327472182456));
#1207 = CARTESIAN_POINT('',(201.54573927538,204.83304120636,
    7.338186573329));
#1208 = CARTESIAN_POINT('',(201.88417231429,204.83304120618,
    7.349747992345));
#1209 = CARTESIAN_POINT('',(202.66952147549,204.83304120575,
    7.376576787655));
#1210 = CARTESIAN_POINT('',(203.45473682747,204.8330412047,
    7.407966483413));
#1211 = CARTESIAN_POINT('',(204.23973908439,204.83304120356,
    7.44391316379));
#1212 = ORIENTED_EDGE('',*,*,#297,.T.);
#1213 = ORIENTED_EDGE('',*,*,#104,.T.);
#1214 = B_SPLINE_SURFACE_WITH_KNOTS('',3,3,(
    (#1215,#1216,#1217,#1218)
    ,(#1219,#1220,#1221,#1222)
    ,(#1223,#1224,#1225,#1226)
    ,(#1227,#1228,#1229,#1230
    )),.UNSPECIFIED.,.F.,.F.,.F.,(4,4),(4,4),(7.021201076793E-02,
    0.10389810423),(0.101451172525,0.157172903221),
  .PIECEWISE_BEZIER_KNOTS.);
#1215 = CARTESIAN_POINT('',(195.29510744995,211.61795592439,
    7.467906495075));
#1216 = CARTESIAN_POINT('',(199.06472995041,211.61774022624,
    7.474105877772));
#1217 = CARTESIAN_POINT('',(202.83429272602,211.61386431995,
    7.585469123445));
#1218 = CARTESIAN_POINT('',(206.59510753211,211.60635500722,
    7.801226169979));
#1219 = CARTESIAN_POINT('',(195.29510749204,209.3565213176,
    7.389197695989));
#1220 = CARTESIAN_POINT('',(199.06472999251,209.35630561945,
    7.395397078686));
#1221 = CARTESIAN_POINT('',(202.83429276811,209.35242971316,
    7.506760324359));
#1222 = CARTESIAN_POINT('',(206.5951075742,209.34492040042,
    7.722517370893));
#1223 = CARTESIAN_POINT('',(195.29510753415,207.0950867108,
    7.310488896903));
#1224 = CARTESIAN_POINT('',(199.06473003461,207.09487101265,7.3166882796
    ));
#1225 = CARTESIAN_POINT('',(202.83429281022,207.09099510637,
    7.428051525272));
#1226 = CARTESIAN_POINT('',(206.59510761631,207.08348579363,
    7.643808571807));
#1227 = CARTESIAN_POINT('',(195.29510757625,204.83365210401,
    7.231780097816));
#1228 = CARTESIAN_POINT('',(199.06473007671,204.83343640586,
    7.237979480514));
#1229 = CARTESIAN_POINT('',(202.83429285232,204.82956049958,
    7.349342726186));
#1230 = CARTESIAN_POINT('',(206.59510765841,204.82205118684,
    7.56509977272));
#1231 = ADVANCED_FACE('',(#1232),#1289,.F.);
#1232 = FACE_BOUND('',#1233,.F.);
#1233 = EDGE_LOOP('',(#1234,#1253,#1262,#1263,#1272,#1273));
#1234 = ORIENTED_EDGE('',*,*,#1235,.T.);
#1235 = EDGE_CURVE('',#1236,#1238,#1240,.T.);
#1236 = VERTEX_POINT('',#1237);
#1237 = CARTESIAN_POINT('',(197.65047597723,204.18304120132,
    7.226710481608));
#1238 = VERTEX_POINT('',#1239);
#1239 = CARTESIAN_POINT('',(195.29510753241,201.82767275651,
    7.127157561228));
#1240 = B_SPLINE_CURVE_WITH_KNOTS('',3,(#1241,#1242,#1243,#1244,#1245,
    #1246,#1247,#1248,#1249,#1250,#1251,#1252),.UNSPECIFIED.,.F.,.F.,(4,
    2,2,2,2,4),(2.085054931469E-02,1.072529982135,2.10319637302,
    2.977746249373,3.384016693608,3.620714491766),.UNSPECIFIED.);
#1241 = CARTESIAN_POINT('',(197.65047597723,204.18304120131,
    7.226710481608));
#1242 = CARTESIAN_POINT('',(197.60832225801,203.83538735882,
    7.214050886317));
#1243 = CARTESIAN_POINT('',(197.4989209013,203.49916369002,7.20088129015
    ));
#1244 = CARTESIAN_POINT('',(197.16111917305,202.89331415484,
    7.175847685641));
#1245 = CARTESIAN_POINT('',(196.93823049868,202.62803513825,
    7.164210317006));
#1246 = CARTESIAN_POINT('',(196.445336534,202.22799522362,7.146125278524
    ));
#1247 = CARTESIAN_POINT('',(196.19081280947,202.08217365225,
    7.139287560899));
#1248 = CARTESIAN_POINT('',(195.79110550149,201.93232848766,
    7.13218465046));
#1249 = CARTESIAN_POINT('',(195.6609188173,201.89440069995,
    7.130369488028));
#1250 = CARTESIAN_POINT('',(195.451243399,201.85008475256,7.128240188963
    ));
#1251 = CARTESIAN_POINT('',(195.37339374761,201.83716511567,
    7.127616843479));
#1252 = CARTESIAN_POINT('',(195.2951075324,201.82767275651,
    7.127157561228));
#1253 = ORIENTED_EDGE('',*,*,#1254,.T.);
#1254 = EDGE_CURVE('',#1238,#842,#1255,.T.);
#1255 = B_SPLINE_CURVE_WITH_KNOTS('',3,(#1256,#1257,#1258,#1259,#1260,
    #1261),.UNSPECIFIED.,.F.,.F.,(4,2,4),(2.378110591663,2.53770661288,
    4.83550924332),.UNSPECIFIED.);
#1256 = CARTESIAN_POINT('',(195.29510753241,201.82767275646,
    7.127157561226));
#1257 = CARTESIAN_POINT('',(195.29510753241,201.77450627525,
    7.125307112012));
#1258 = CARTESIAN_POINT('',(195.29510753241,201.72133979403,
    7.123456662797));
#1259 = CARTESIAN_POINT('',(195.29510753241,200.90270259828,
    7.094964151703));
#1260 = CARTESIAN_POINT('',(195.29510753241,200.13723188373,
    7.068322089824));
#1261 = CARTESIAN_POINT('',(195.29510753241,199.3717611692,
    7.041680027945));
#1262 = ORIENTED_EDGE('',*,*,#849,.T.);
#1263 = ORIENTED_EDGE('',*,*,#1264,.T.);
#1264 = EDGE_CURVE('',#850,#245,#1265,.T.);
#1265 = B_SPLINE_CURVE_WITH_KNOTS('',3,(#1266,#1267,#1268,#1269,#1270,
    #1271),.UNSPECIFIED.,.F.,.F.,(4,2,4),(0.373258810082,2.537706612877,
    2.708910575379),.UNSPECIFIED.);
#1266 = CARTESIAN_POINT('',(206.59510753241,199.49343438207,
    7.379638270767));
#1267 = CARTESIAN_POINT('',(206.59510753241,200.21448038671,
    7.40473413986));
#1268 = CARTESIAN_POINT('',(206.59510753241,200.93552639135,
    7.429830008953));
#1269 = CARTESIAN_POINT('',(206.59510753241,201.71360584949,
    7.456910916552));
#1270 = CARTESIAN_POINT('',(206.59510753241,201.770639303,7.458895955057
    ));
#1271 = CARTESIAN_POINT('',(206.59510753241,201.82767275652,
    7.460880993562));
#1272 = ORIENTED_EDGE('',*,*,#252,.T.);
#1273 = ORIENTED_EDGE('',*,*,#1274,.T.);
#1274 = EDGE_CURVE('',#253,#1236,#1275,.T.);
#1275 = B_SPLINE_CURVE_WITH_KNOTS('',3,(#1276,#1277,#1278,#1279,#1280,
    #1281,#1282,#1283,#1284,#1285,#1286,#1287,#1288),.UNSPECIFIED.,.F.,
  .F.,(4,3,3,3,4),(2.494679203201,4.71203742906,5.688520532918,
    6.702221834883,9.086869230892),.UNSPECIFIED.);
#1276 = CARTESIAN_POINT('',(204.2397390844,204.18304120355,
    7.421290037521));
#1277 = CARTESIAN_POINT('',(203.50135667993,204.18304120463,
    7.387478164981));
#1278 = CARTESIAN_POINT('',(202.76278573907,204.18304120562,
    7.357698087149));
#1279 = CARTESIAN_POINT('',(202.02409224665,204.18304120609,
    7.331953063379));
#1280 = CARTESIAN_POINT('',(201.69878544422,204.18304120629,
    7.320615436276));
#1281 = CARTESIAN_POINT('',(201.3734548736,204.18304120641,
    7.310060349929));
#1282 = CARTESIAN_POINT('',(201.04810616513,204.18304120642,
    7.300288081552));
#1283 = CARTESIAN_POINT('',(200.71035694238,204.18304120644,
    7.290143347723));
#1284 = CARTESIAN_POINT('',(200.37258015114,204.18304120636,
    7.280841992183));
#1285 = CARTESIAN_POINT('',(200.03477642145,204.18304120617,
    7.272384331039));
#1286 = CARTESIAN_POINT('',(199.24012144488,204.18304120572,
    7.252488391686));
#1287 = CARTESIAN_POINT('',(198.4453273407,204.18304120465,
    7.237261643281));
#1288 = CARTESIAN_POINT('',(197.650475973,204.18304120354,7.226710417792
    ));
#1289 = B_SPLINE_SURFACE_WITH_KNOTS('',3,3,(
    (#1290,#1291,#1292,#1293)
    ,(#1294,#1295,#1296,#1297)
    ,(#1298,#1299,#1300,#1301)
    ,(#1302,#1303,#1304,#1305
    )),.UNSPECIFIED.,.F.,.F.,.F.,(4,4),(4,4),(0.107091963014,
    0.131018022999),(0.101451171808,0.157172902323),
  .PIECEWISE_BEZIER_KNOTS.);
#1290 = CARTESIAN_POINT('',(195.29510744266,204.19041609411,
    7.209392391243));
#1291 = CARTESIAN_POINT('',(199.06472993092,204.19020039605,
    7.215591771213));
#1292 = CARTESIAN_POINT('',(202.83429269444,204.18632448987,
    7.326955013487));
#1293 = CARTESIAN_POINT('',(206.59510748864,204.17881517727,
    7.542712055961));
#1294 = CARTESIAN_POINT('',(195.29510747256,202.5841977858,
    7.153488270144));
#1295 = CARTESIAN_POINT('',(199.06472996082,202.58398208775,
    7.159687650113));
#1296 = CARTESIAN_POINT('',(202.83429272434,202.58010618156,
    7.271050892388));
#1297 = CARTESIAN_POINT('',(206.59510751854,202.57259686897,
    7.486807934861));
#1298 = CARTESIAN_POINT('',(195.29510750246,200.9779794775,
    7.097584149044));
#1299 = CARTESIAN_POINT('',(199.06472999072,200.97776377944,
    7.103783529014));
#1300 = CARTESIAN_POINT('',(202.83429275425,200.97388787326,
    7.215146771288));
#1301 = CARTESIAN_POINT('',(206.59510754845,200.96637856066,
    7.430903813761));
#1302 = CARTESIAN_POINT('',(195.29510753236,199.37176116919,
    7.041680027944));
#1303 = CARTESIAN_POINT('',(199.06473002062,199.37154547114,
    7.047879407914));
#1304 = CARTESIAN_POINT('',(202.83429278415,199.36766956495,
    7.159242650188));
#1305 = CARTESIAN_POINT('',(206.59510757835,199.36016025236,
    7.374999692662));
#1306 = ADVANCED_FACE('',(#1307),#1344,.T.);
#1307 = FACE_BOUND('',#1308,.T.);
#1308 = EDGE_LOOP('',(#1309,#1317,#1318,#1319,#1320,#1326,#1327,#1328,
    #1329,#1338));
#1309 = ORIENTED_EDGE('',*,*,#1310,.F.);
#1310 = EDGE_CURVE('',#561,#1311,#1313,.T.);
#1311 = VERTEX_POINT('',#1312);
#1312 = CARTESIAN_POINT('',(179.33058230644,204.18304120134,
    4.63039454832));
#1313 = LINE('',#1314,#1315);
#1314 = CARTESIAN_POINT('',(180.68099580978,204.18304120133,
    8.591607491399));
#1315 = VECTOR('',#1316,1.);
#1316 = DIRECTION('',(-0.32267392779,1.3043E-13,-0.946510188178));
#1317 = ORIENTED_EDGE('',*,*,#773,.F.);
#1318 = ORIENTED_EDGE('',*,*,#968,.T.);
#1319 = ORIENTED_EDGE('',*,*,#902,.F.);
#1320 = ORIENTED_EDGE('',*,*,#1321,.F.);
#1321 = EDGE_CURVE('',#533,#895,#1322,.T.);
#1322 = LINE('',#1323,#1324);
#1323 = CARTESIAN_POINT('',(177.749580424,204.38975577769,9.510082E-11)
  );
#1324 = VECTOR('',#1325,1.);
#1325 = DIRECTION('',(1.189133676013E-02,-0.999929295555,-2.E-17));
#1326 = ORIENTED_EDGE('',*,*,#532,.F.);
#1327 = ORIENTED_EDGE('',*,*,#928,.T.);
#1328 = ORIENTED_EDGE('',*,*,#588,.F.);
#1329 = ORIENTED_EDGE('',*,*,#1330,.F.);
#1330 = EDGE_CURVE('',#1331,#578,#1333,.T.);
#1331 = VERTEX_POINT('',#1332);
#1332 = CARTESIAN_POINT('',(179.32285239101,204.83304120134,
    4.63039454832));
#1333 = B_SPLINE_CURVE_WITH_KNOTS('',3,(#1334,#1335,#1336,#1337),
  .UNSPECIFIED.,.F.,.F.,(4,4),(-3.987847499321,-0.836410060506),
  .PIECEWISE_BEZIER_KNOTS.);
#1334 = CARTESIAN_POINT('',(179.32285239101,204.83304120133,
    4.63039454832));
#1335 = CARTESIAN_POINT('',(179.6618146232,204.83304120133,
    5.624683762734));
#1336 = CARTESIAN_POINT('',(180.00077685539,204.83304120133,
    6.618972977144));
#1337 = CARTESIAN_POINT('',(180.33973908758,204.83304120133,
    7.613262191557));
#1338 = ORIENTED_EDGE('',*,*,#1339,.F.);
#1339 = EDGE_CURVE('',#1311,#1331,#1340,.T.);
#1340 = LINE('',#1341,#1342);
#1341 = CARTESIAN_POINT('',(179.32529516616,204.62763095302,
    4.63039454832));
#1342 = VECTOR('',#1343,1.);
#1343 = DIRECTION('',(-1.189133676013E-02,0.999929295555,0.));
#1344 = PLANE('',#1345);
#1345 = AXIS2_PLACEMENT_3D('',#1346,#1347,#1348);
#1346 = CARTESIAN_POINT('',(179.94031641412,204.61558553361,
    6.434036686617));
#1347 = DIRECTION('',(0.946450232904,1.125535424974E-02,-0.322653488492)
  );
#1348 = DIRECTION('',(-1.189133676013E-02,0.999929295555,
    8.673617379884E-19));
#1349 = ADVANCED_FACE('',(#1350),#1371,.F.);
#1350 = FACE_BOUND('',#1351,.F.);
#1351 = EDGE_LOOP('',(#1352,#1353,#1362,#1363,#1364));
#1352 = ORIENTED_EDGE('',*,*,#178,.T.);
#1353 = ORIENTED_EDGE('',*,*,#1354,.T.);
#1354 = EDGE_CURVE('',#179,#877,#1355,.T.);
#1355 = B_SPLINE_CURVE_WITH_KNOTS('',3,(#1356,#1357,#1358,#1359,#1360,
    #1361),.UNSPECIFIED.,.F.,.F.,(4,2,4),(2.421682583462,2.491839322774,
    4.743332250361),.UNSPECIFIED.);
#1356 = CARTESIAN_POINT('',(207.24510753241,201.82767275651,
    7.499262495022));
#1357 = CARTESIAN_POINT('',(207.24510753241,201.80430132823,
    7.498449056903));
#1358 = CARTESIAN_POINT('',(207.24510753241,201.78092989996,
    7.497635618784));
#1359 = CARTESIAN_POINT('',(207.24510753241,201.00751498355,
    7.470717059628));
#1360 = CARTESIAN_POINT('',(207.24510753241,200.25747149541,
    7.44461193859));
#1361 = CARTESIAN_POINT('',(207.24510753241,199.50742800728,
    7.418506817552));
#1362 = ORIENTED_EDGE('',*,*,#884,.T.);
#1363 = ORIENTED_EDGE('',*,*,#433,.T.);
#1364 = ORIENTED_EDGE('',*,*,#1365,.T.);
#1365 = EDGE_CURVE('',#387,#171,#1366,.T.);
#1366 = B_SPLINE_CURVE_WITH_KNOTS('',3,(#1367,#1368,#1369,#1370),
  .UNSPECIFIED.,.F.,.F.,(4,4),(0.206113736856,0.374900856114),
  .PIECEWISE_BEZIER_KNOTS.);
#1367 = CARTESIAN_POINT('',(209.7688183909,204.18304120132,
    7.750115312914));
#1368 = CARTESIAN_POINT('',(209.71270598,204.18304120132,7.746009051103)
  );
#1369 = CARTESIAN_POINT('',(209.65659183233,204.18304120132,
    7.741926134559));
#1370 = CARTESIAN_POINT('',(209.60047597723,204.18304120132,
    7.737866563941));
#1371 = B_SPLINE_SURFACE_WITH_KNOTS('',3,3,(
    (#1372,#1373,#1374,#1375)
    ,(#1376,#1377,#1378,#1379)
    ,(#1380,#1381,#1382,#1383)
    ,(#1384,#1385,#1386,#1387
    )),.UNSPECIFIED.,.F.,.F.,.F.,(4,4),(4,4),(0.107035205935,
    0.130280169777),(0.1603835603,0.173109733063),
  .PIECEWISE_BEZIER_KNOTS.);
#1372 = CARTESIAN_POINT('',(207.24510744526,204.18891169364,
    7.581444962122));
#1373 = CARTESIAN_POINT('',(208.10379546486,204.18710104813,
    7.633468276038));
#1374 = CARTESIAN_POINT('',(208.96200107089,204.18510095898,
    7.690934620808));
#1375 = CARTESIAN_POINT('',(209.81962076186,204.18291174282,
    7.753834897949));
#1376 = CARTESIAN_POINT('',(207.24510747431,202.6284171315,
    7.527132247265));
#1377 = CARTESIAN_POINT('',(208.10379549391,202.62660648599,
    7.579155561181));
#1378 = CARTESIAN_POINT('',(208.96200109994,202.62460639684,
    7.636621905951));
#1379 = CARTESIAN_POINT('',(209.81962079091,202.62241718069,
    7.699522183092));
#1380 = CARTESIAN_POINT('',(207.24510750336,201.06792256937,
    7.472819532408));
#1381 = CARTESIAN_POINT('',(208.10379552296,201.06611192386,
    7.524842846324));
#1382 = CARTESIAN_POINT('',(208.962001129,201.06411183471,7.582309191094
    ));
#1383 = CARTESIAN_POINT('',(209.81962081997,201.06192261855,
    7.645209468235));
#1384 = CARTESIAN_POINT('',(207.24510753241,199.50742800723,
    7.418506817551));
#1385 = CARTESIAN_POINT('',(208.10379555201,199.50561736172,
    7.470530131467));
#1386 = CARTESIAN_POINT('',(208.96200115805,199.50361727257,
    7.527996476237));
#1387 = CARTESIAN_POINT('',(209.81962084902,199.50142805642,
    7.590896753378));
#1388 = ADVANCED_FACE('',(#1389),#1507,.F.);
#1389 = FACE_BOUND('',#1390,.F.);
#1390 = EDGE_LOOP('',(#1391,#1404,#1413,#1422,#1433,#1442,#1451,#1462,
    #1471,#1480,#1491,#1500));
#1391 = ORIENTED_EDGE('',*,*,#1392,.T.);
#1392 = EDGE_CURVE('',#1393,#1395,#1397,.T.);
#1393 = VERTEX_POINT('',#1394);
#1394 = CARTESIAN_POINT('',(206.42010753241,202.50804120134,
    7.474585015165));
#1395 = VERTEX_POINT('',#1396);
#1396 = CARTESIAN_POINT('',(207.42010753241,202.50804120134,
    7.533633605225));
#1397 = B_SPLINE_CURVE_WITH_KNOTS('',3,(#1398,#1399,#1400,#1401,#1402,
    #1403),.UNSPECIFIED.,.F.,.F.,(4,2,4),(1.531623480123,2.052428224765,
    2.533363736051),.UNSPECIFIED.);
#1398 = CARTESIAN_POINT('',(206.4201075324,202.50804120134,
    7.474585015159));
#1399 = CARTESIAN_POINT('',(206.5934328101,202.50804120134,
    7.484390551211));
#1400 = CARTESIAN_POINT('',(206.76674523297,202.50804120134,
    7.494418393776));
#1401 = CARTESIAN_POINT('',(207.10007609703,202.50804120134,
    7.514133946713));
#1402 = CARTESIAN_POINT('',(207.26009751852,202.50804120134,
    7.523788985148));
#1403 = CARTESIAN_POINT('',(207.42010753241,202.50804120134,
    7.533633605223));
#1404 = ORIENTED_EDGE('',*,*,#1405,.T.);
#1405 = EDGE_CURVE('',#1395,#1406,#1408,.T.);
#1406 = VERTEX_POINT('',#1407);
#1407 = CARTESIAN_POINT('',(207.42010753241,204.00804120134,
    7.585840820132));
#1408 = B_SPLINE_CURVE_WITH_KNOTS('',3,(#1409,#1410,#1411,#1412),
  .UNSPECIFIED.,.F.,.F.,(4,4),(2.815451118115E-02,1.529062767278),
  .PIECEWISE_BEZIER_KNOTS.);
#1409 = CARTESIAN_POINT('',(207.42010753241,202.50804120134,
    7.533633605225));
#1410 = CARTESIAN_POINT('',(207.42010753241,203.00804120133,
    7.551036010194));
#1411 = CARTESIAN_POINT('',(207.42010753241,203.50804120131,
    7.568438415163));
#1412 = CARTESIAN_POINT('',(207.42010753241,204.00804120131,
    7.585840820131));
#1413 = ORIENTED_EDGE('',*,*,#1414,.T.);
#1414 = EDGE_CURVE('',#1406,#1415,#1417,.T.);
#1415 = VERTEX_POINT('',#1416);
#1416 = CARTESIAN_POINT('',(208.9201075324,204.00804120133,
    7.683705684027));
#1417 = B_SPLINE_CURVE_WITH_KNOTS('',3,(#1418,#1419,#1420,#1421),
  .UNSPECIFIED.,.F.,.F.,(4,4),(2.533363764179,4.036548826128),
  .PIECEWISE_BEZIER_KNOTS.);
#1418 = CARTESIAN_POINT('',(207.42010753241,204.00804120134,
    7.58584082013));
#1419 = CARTESIAN_POINT('',(207.92022585801,204.00804120134,
    7.616610612593));
#1420 = CARTESIAN_POINT('',(208.42023274261,204.00804120134,
    7.649232432808));
#1421 = CARTESIAN_POINT('',(208.9201075324,204.00804120134,
    7.683705684026));
#1422 = ORIENTED_EDGE('',*,*,#1423,.T.);
#1423 = EDGE_CURVE('',#1415,#1424,#1426,.T.);
#1424 = VERTEX_POINT('',#1425);
#1425 = CARTESIAN_POINT('',(208.92010753241,205.00804120133,
    7.718510494103));
#1426 = B_SPLINE_CURVE_WITH_KNOTS('',3,(#1427,#1428,#1429,#1430,#1431,
    #1432),.UNSPECIFIED.,.F.,.F.,(4,2,4),(1.532466846093,2.022262397941,
    2.533072350147),.UNSPECIFIED.);
#1427 = CARTESIAN_POINT('',(208.92010753241,204.00804120137,
    7.683705684027));
#1428 = CARTESIAN_POINT('',(208.92010753241,204.1712075874,
    7.689384659104));
#1429 = CARTESIAN_POINT('',(208.92010753241,204.33437397344,
    7.695063634181));
#1430 = CARTESIAN_POINT('',(208.92010753241,204.66770730676,
    7.706665237539));
#1431 = CARTESIAN_POINT('',(208.92010753241,204.83787425405,
    7.712587865821));
#1432 = CARTESIAN_POINT('',(208.92010753241,205.00804120133,
    7.718510494103));
#1433 = ORIENTED_EDGE('',*,*,#1434,.T.);
#1434 = EDGE_CURVE('',#1424,#1435,#1437,.T.);
#1435 = VERTEX_POINT('',#1436);
#1436 = CARTESIAN_POINT('',(207.42010753241,205.00804120134,
    7.62064563007));
#1437 = B_SPLINE_CURVE_WITH_KNOTS('',3,(#1438,#1439,#1440,#1441),
  .UNSPECIFIED.,.F.,.F.,(4,4),(6.776161880102E-02,1.570946633586),
  .PIECEWISE_BEZIER_KNOTS.);
#1438 = CARTESIAN_POINT('',(208.92010753241,205.00804120134,
    7.718510494103));
#1439 = CARTESIAN_POINT('',(208.42023274258,205.00804120134,
    7.684037242836));
#1440 = CARTESIAN_POINT('',(207.92022585797,205.00804120134,
    7.651415422575));
#1441 = CARTESIAN_POINT('',(207.42010753242,205.00804120134,
    7.620645630069));
#1442 = ORIENTED_EDGE('',*,*,#1443,.T.);
#1443 = EDGE_CURVE('',#1435,#1444,#1446,.T.);
#1444 = VERTEX_POINT('',#1445);
#1445 = CARTESIAN_POINT('',(207.42010753241,206.50804120134,
    7.672852844977));
#1446 = B_SPLINE_CURVE_WITH_KNOTS('',3,(#1447,#1448,#1449,#1450),
  .UNSPECIFIED.,.F.,.F.,(4,4),(2.529668271376,4.03057652745),
  .PIECEWISE_BEZIER_KNOTS.);
#1447 = CARTESIAN_POINT('',(207.42010753241,205.00804120134,
    7.62064563007));
#1448 = CARTESIAN_POINT('',(207.42010753241,205.50804120132,
    7.638048035038));
#1449 = CARTESIAN_POINT('',(207.42010753241,206.0080412013,
    7.655450440007));
#1450 = CARTESIAN_POINT('',(207.42010753241,206.50804120129,
    7.672852844975));
#1451 = ORIENTED_EDGE('',*,*,#1452,.T.);
#1452 = EDGE_CURVE('',#1444,#1453,#1455,.T.);
#1453 = VERTEX_POINT('',#1454);
#1454 = CARTESIAN_POINT('',(206.42010753241,206.50804120134,
    7.613804254548));
#1455 = B_SPLINE_CURVE_WITH_KNOTS('',3,(#1456,#1457,#1458,#1459,#1460,
    #1461),.UNSPECIFIED.,.F.,.F.,(4,2,4),(1.570946605613,2.051864027047,
    2.572686830167),.UNSPECIFIED.);
#1456 = CARTESIAN_POINT('',(207.42010753242,206.50804120134,
    7.672852844976));
#1457 = CARTESIAN_POINT('',(207.26010353214,206.50804120134,
    7.663008594829));
#1458 = CARTESIAN_POINT('',(207.10008812513,206.50804120134,
    7.653353912074));
#1459 = CARTESIAN_POINT('',(206.76675726283,206.50804120134,
    7.633638329333));
#1460 = CARTESIAN_POINT('',(206.59343882548,206.50804120134,
    7.623610130966));
#1461 = CARTESIAN_POINT('',(206.42010753241,206.50804120134,
    7.613804254542));
#1462 = ORIENTED_EDGE('',*,*,#1463,.T.);
#1463 = EDGE_CURVE('',#1453,#1464,#1466,.T.);
#1464 = VERTEX_POINT('',#1465);
#1465 = CARTESIAN_POINT('',(206.42010753241,205.00804120134,
    7.561597039779));
#1466 = B_SPLINE_CURVE_WITH_KNOTS('',3,(#1467,#1468,#1469,#1470),
  .UNSPECIFIED.,.F.,.F.,(4,4),(1.60021810093E-02,1.516910437117),
  .PIECEWISE_BEZIER_KNOTS.);
#1467 = CARTESIAN_POINT('',(206.42010753241,206.50804120134,
    7.613804254547));
#1468 = CARTESIAN_POINT('',(206.42010753241,206.00804120134,
    7.596401849625));
#1469 = CARTESIAN_POINT('',(206.42010753241,205.50804120135,
    7.578999444702));
#1470 = CARTESIAN_POINT('',(206.4201075324,205.00804120134,
    7.561597039779));
#1471 = ORIENTED_EDGE('',*,*,#1472,.T.);
#1472 = EDGE_CURVE('',#1464,#1473,#1475,.T.);
#1473 = VERTEX_POINT('',#1474);
#1474 = CARTESIAN_POINT('',(204.92010753241,205.00804120133,
    7.48230301775));
#1475 = B_SPLINE_CURVE_WITH_KNOTS('',3,(#1476,#1477,#1478,#1479),
  .UNSPECIFIED.,.F.,.F.,(4,4),(2.572686858132,4.07477728865),
  .PIECEWISE_BEZIER_KNOTS.);
#1476 = CARTESIAN_POINT('',(206.42010753241,205.00804120134,
    7.561597039774));
#1477 = CARTESIAN_POINT('',(205.9202076143,205.00804120134,
    7.533316186834));
#1478 = CARTESIAN_POINT('',(205.42020076389,205.00804120134,
    7.506884579133));
#1479 = CARTESIAN_POINT('',(204.9201075324,205.00804120134,7.48230301775
    ));
#1480 = ORIENTED_EDGE('',*,*,#1481,.T.);
#1481 = EDGE_CURVE('',#1473,#1482,#1484,.T.);
#1482 = VERTEX_POINT('',#1483);
#1483 = CARTESIAN_POINT('',(204.92010753241,204.00804120133,
    7.447498208042));
#1484 = B_SPLINE_CURVE_WITH_KNOTS('',3,(#1485,#1486,#1487,#1488,#1489,
    #1490),.UNSPECIFIED.,.F.,.F.,(4,2,4),(1.519668552399,2.022262397944,
    2.5202740565),.UNSPECIFIED.);
#1485 = CARTESIAN_POINT('',(204.92010753241,205.00804120136,
    7.482303017751));
#1486 = CARTESIAN_POINT('',(204.92010753241,204.840611299,7.47647565186)
  );
#1487 = CARTESIAN_POINT('',(204.92010753241,204.67318139664,
    7.470648285969));
#1488 = CARTESIAN_POINT('',(204.92010753241,204.3398480633,
    7.459046682733));
#1489 = CARTESIAN_POINT('',(204.92010753241,204.17394463231,
    7.453272445388));
#1490 = CARTESIAN_POINT('',(204.92010753241,204.00804120133,
    7.447498208042));
#1491 = ORIENTED_EDGE('',*,*,#1492,.T.);
#1492 = EDGE_CURVE('',#1482,#1493,#1495,.T.);
#1493 = VERTEX_POINT('',#1494);
#1494 = CARTESIAN_POINT('',(206.4201075324,204.00804120134,
    7.526792229933));
#1495 = B_SPLINE_CURVE_WITH_KNOTS('',3,(#1496,#1497,#1498,#1499),
  .UNSPECIFIED.,.F.,.F.,(4,4),(2.953303030248E-02,1.531623508152),
  .PIECEWISE_BEZIER_KNOTS.);
#1496 = CARTESIAN_POINT('',(204.92010753241,204.00804120134,
    7.447498208042));
#1497 = CARTESIAN_POINT('',(205.42020076392,204.00804120134,
    7.472079769381));
#1498 = CARTESIAN_POINT('',(205.92020761431,204.00804120134,
    7.498511377036));
#1499 = CARTESIAN_POINT('',(206.42010753239,204.00804120134,
    7.526792229927));
#1500 = ORIENTED_EDGE('',*,*,#1501,.T.);
#1501 = EDGE_CURVE('',#1493,#1393,#1502,.T.);
#1502 = B_SPLINE_CURVE_WITH_KNOTS('',3,(#1503,#1504,#1505,#1506),
  .UNSPECIFIED.,.F.,.F.,(4,4),(2.517515941201,4.018424197316),
  .PIECEWISE_BEZIER_KNOTS.);
#1503 = CARTESIAN_POINT('',(206.4201075324,204.00804120134,
    7.526792229933));
#1504 = CARTESIAN_POINT('',(206.4201075324,203.50804120134,7.50938982501
    ));
#1505 = CARTESIAN_POINT('',(206.42010753241,203.00804120134,
    7.491987420087));
#1506 = CARTESIAN_POINT('',(206.42010753241,202.50804120134,
    7.474585015164));
#1507 = B_SPLINE_SURFACE_WITH_KNOTS('',3,3,(
    (#1508,#1509,#1510,#1511)
    ,(#1512,#1513,#1514,#1515)
    ,(#1516,#1517,#1518,#1519)
    ,(#1520,#1521,#1522,#1523
    )),.UNSPECIFIED.,.F.,.F.,.F.,(4,4),(4,4),(9.55181903788E-02,
    0.115389576426),(0.148903127988,0.168661497257),
  .PIECEWISE_BEZIER_KNOTS.);
#1508 = CARTESIAN_POINT('',(204.92010748577,206.51285031742,
    7.534677610389));
#1509 = CARTESIAN_POINT('',(206.25450773198,206.51057022026,
    7.600189304741));
#1510 = CARTESIAN_POINT('',(207.58797018863,206.50783277957,
    7.678841238476));
#1511 = CARTESIAN_POINT('',(208.92010750455,206.50463918256,
    7.770599300679));
#1512 = CARTESIAN_POINT('',(204.92010751061,205.17883276079,
    7.488247384405));
#1513 = CARTESIAN_POINT('',(206.25450775682,205.17655266363,
    7.553759078757));
#1514 = CARTESIAN_POINT('',(207.58797021346,205.17381522295,
    7.632411012492));
#1515 = CARTESIAN_POINT('',(208.92010752938,205.17062162594,
    7.724169074695));
#1516 = CARTESIAN_POINT('',(204.92010753544,203.84481520416,
    7.44181715842));
#1517 = CARTESIAN_POINT('',(206.25450778165,203.84253510701,
    7.507328852773));
#1518 = CARTESIAN_POINT('',(207.58797023829,203.83979766632,
    7.585980786508));
#1519 = CARTESIAN_POINT('',(208.92010755421,203.83660406931,
    7.67773884871));
#1520 = CARTESIAN_POINT('',(204.92010756028,202.51079764754,
    7.395386932436));
#1521 = CARTESIAN_POINT('',(206.25450780648,202.50851755038,
    7.460898626788));
#1522 = CARTESIAN_POINT('',(207.58797026313,202.50578010969,
    7.539550560523));
#1523 = CARTESIAN_POINT('',(208.92010757905,202.50258651268,
    7.631308622726));
#1524 = ADVANCED_FACE('',(#1525),#1643,.F.);
#1525 = FACE_BOUND('',#1526,.F.);
#1526 = EDGE_LOOP('',(#1527,#1538,#1547,#1558,#1567,#1576,#1587,#1596,
    #1605,#1616,#1625,#1634));
#1527 = ORIENTED_EDGE('',*,*,#1528,.T.);
#1528 = EDGE_CURVE('',#1529,#1531,#1533,.T.);
#1529 = VERTEX_POINT('',#1530);
#1530 = CARTESIAN_POINT('',(182.52010753241,206.50804120134,
    7.672571263675));
#1531 = VERTEX_POINT('',#1532);
#1532 = CARTESIAN_POINT('',(182.52010753241,205.00804120134,
    7.620364052205));
#1533 = B_SPLINE_CURVE_WITH_KNOTS('',3,(#1534,#1535,#1536,#1537),
  .UNSPECIFIED.,.F.,.F.,(4,4),(1.394829120597E-02,1.514856547176),
  .PIECEWISE_BEZIER_KNOTS.);
#1534 = CARTESIAN_POINT('',(182.52010753241,206.50804120134,
    7.672571263675));
#1535 = CARTESIAN_POINT('',(182.52010753241,206.00804120135,
    7.655168859852));
#1536 = CARTESIAN_POINT('',(182.52010753241,205.50804120137,
    7.63776645603));
#1537 = CARTESIAN_POINT('',(182.52010753241,205.00804120137,
    7.620364052206));
#1538 = ORIENTED_EDGE('',*,*,#1539,.T.);
#1539 = EDGE_CURVE('',#1531,#1540,#1542,.T.);
#1540 = VERTEX_POINT('',#1541);
#1541 = CARTESIAN_POINT('',(181.0201075324,205.00804120133,
    7.718272876729));
#1542 = B_SPLINE_CURVE_WITH_KNOTS('',3,(#1543,#1544,#1545,#1546),
  .UNSPECIFIED.,.F.,.F.,(4,4),(2.533374829768,4.036562731094),
  .PIECEWISE_BEZIER_KNOTS.);
#1543 = CARTESIAN_POINT('',(182.52010753241,205.00804120134,
    7.620364052205));
#1544 = CARTESIAN_POINT('',(182.01998907078,205.00804120134,
    7.651147175591));
#1545 = CARTESIAN_POINT('',(181.51998218101,205.00804120134,
    7.68378383343));
#1546 = CARTESIAN_POINT('',(181.02010753241,205.00804120134,
    7.71827287673));
#1547 = ORIENTED_EDGE('',*,*,#1548,.T.);
#1548 = EDGE_CURVE('',#1540,#1549,#1551,.T.);
#1549 = VERTEX_POINT('',#1550);
#1550 = CARTESIAN_POINT('',(181.0201075324,204.00804120134,
    7.683468069221));
#1551 = B_SPLINE_CURVE_WITH_KNOTS('',3,(#1552,#1553,#1554,#1555,#1556,
    #1557),.UNSPECIFIED.,.F.,.F.,(4,2,4),(1.511450883554,2.022262848888,
    2.512056387513),.UNSPECIFIED.);
#1552 = CARTESIAN_POINT('',(181.02010753241,205.00804120129,
    7.718272876728));
#1553 = CARTESIAN_POINT('',(181.02010753241,204.83787358336,
    7.712350225542));
#1554 = CARTESIAN_POINT('',(181.02010753241,204.66770596542,
    7.706427574355));
#1555 = CARTESIAN_POINT('',(181.02010753241,204.3343726321,
    7.694825971853));
#1556 = CARTESIAN_POINT('',(181.02010753241,204.17120691672,
    7.689147020537));
#1557 = CARTESIAN_POINT('',(181.02010753241,204.00804120134,
    7.683468069221));
#1558 = ORIENTED_EDGE('',*,*,#1559,.T.);
#1559 = EDGE_CURVE('',#1549,#1560,#1562,.T.);
#1560 = VERTEX_POINT('',#1561);
#1561 = CARTESIAN_POINT('',(182.52010753241,204.00804120134,
    7.585559244558));
#1562 = B_SPLINE_CURVE_WITH_KNOTS('',3,(#1563,#1564,#1565,#1566),
  .UNSPECIFIED.,.F.,.F.,(4,4),(6.77725576872E-02,1.570960403749),
  .PIECEWISE_BEZIER_KNOTS.);
#1563 = CARTESIAN_POINT('',(181.0201075324,204.00804120134,
    7.683468069221));
#1564 = CARTESIAN_POINT('',(181.51998218102,204.00804120134,
    7.64897902587));
#1565 = CARTESIAN_POINT('',(182.01998907077,204.00804120134,
    7.616342367984));
#1566 = CARTESIAN_POINT('',(182.5201075324,204.00804120134,
    7.585559244557));
#1567 = ORIENTED_EDGE('',*,*,#1568,.T.);
#1568 = EDGE_CURVE('',#1560,#1569,#1571,.T.);
#1569 = VERTEX_POINT('',#1570);
#1570 = CARTESIAN_POINT('',(182.52010753241,202.50804120134,
    7.533352033089));
#1571 = B_SPLINE_CURVE_WITH_KNOTS('',3,(#1572,#1573,#1574,#1575),
  .UNSPECIFIED.,.F.,.F.,(4,4),(2.515462051209,4.016370307164),
  .PIECEWISE_BEZIER_KNOTS.);
#1572 = CARTESIAN_POINT('',(182.52010753241,204.00804120134,
    7.585559244559));
#1573 = CARTESIAN_POINT('',(182.52010753241,203.50804120136,
    7.568156840736));
#1574 = CARTESIAN_POINT('',(182.52010753241,203.00804120137,
    7.550754436913));
#1575 = CARTESIAN_POINT('',(182.52010753241,202.50804120138,
    7.53335203309));
#1576 = ORIENTED_EDGE('',*,*,#1577,.T.);
#1577 = EDGE_CURVE('',#1569,#1578,#1580,.T.);
#1578 = VERTEX_POINT('',#1579);
#1579 = CARTESIAN_POINT('',(183.52010753241,202.50804120133,
    7.474278986795));
#1580 = B_SPLINE_CURVE_WITH_KNOTS('',3,(#1581,#1582,#1583,#1584,#1585,
    #1586),.UNSPECIFIED.,.F.,.F.,(4,2,4),(1.570960375773,2.051827916244,
    2.572702031245),.UNSPECIFIED.);
#1581 = CARTESIAN_POINT('',(182.5201075324,202.50804120134,
    7.533352033087));
#1582 = CARTESIAN_POINT('',(182.68009467919,202.50804120134,
    7.523504557988));
#1583 = CARTESIAN_POINT('',(182.8400932437,202.50804120134,
    7.513846764434));
#1584 = CARTESIAN_POINT('',(183.17342409507,202.50804120134,
    7.494122903453));
#1585 = CARTESIAN_POINT('',(183.34675937539,202.50804120134,
    7.484089650229));
#1586 = CARTESIAN_POINT('',(183.52010753241,202.50804120134,
    7.474278986797));
#1587 = ORIENTED_EDGE('',*,*,#1588,.T.);
#1588 = EDGE_CURVE('',#1578,#1589,#1591,.T.);
#1589 = VERTEX_POINT('',#1590);
#1590 = CARTESIAN_POINT('',(183.52010753241,204.00804120134,
    7.526486198404));
#1591 = B_SPLINE_CURVE_WITH_KNOTS('',3,(#1592,#1593,#1594,#1595),
  .UNSPECIFIED.,.F.,.F.,(4,4),(2.610059004248E-02,1.527008846085),
  .PIECEWISE_BEZIER_KNOTS.);
#1592 = CARTESIAN_POINT('',(183.52010753241,202.50804120133,
    7.474278986795));
#1593 = CARTESIAN_POINT('',(183.52010753241,203.00804120134,
    7.491681390665));
#1594 = CARTESIAN_POINT('',(183.52010753241,203.50804120134,
    7.509083794535));
#1595 = CARTESIAN_POINT('',(183.52010753241,204.00804120137,
    7.526486198405));
#1596 = ORIENTED_EDGE('',*,*,#1597,.T.);
#1597 = EDGE_CURVE('',#1589,#1598,#1600,.T.);
#1598 = VERTEX_POINT('',#1599);
#1599 = CARTESIAN_POINT('',(185.02010753241,204.00804120134,
    7.447165192905));
#1600 = B_SPLINE_CURVE_WITH_KNOTS('',3,(#1601,#1602,#1603,#1604),
  .UNSPECIFIED.,.F.,.F.,(4,4),(2.572702059213,4.074793893426),
  .PIECEWISE_BEZIER_KNOTS.);
#1601 = CARTESIAN_POINT('',(183.52010753241,204.00804120134,
    7.526486198406));
#1602 = CARTESIAN_POINT('',(184.02000730404,204.00804120134,
    7.498194300289));
#1603 = CARTESIAN_POINT('',(184.52001416152,204.00804120134,
    7.471753514025));
#1604 = CARTESIAN_POINT('',(185.02010753241,204.00804120134,
    7.447165192905));
#1605 = ORIENTED_EDGE('',*,*,#1606,.T.);
#1606 = EDGE_CURVE('',#1598,#1607,#1609,.T.);
#1607 = VERTEX_POINT('',#1608);
#1608 = CARTESIAN_POINT('',(185.02010753241,205.00804120134,
    7.481970000782));
#1609 = B_SPLINE_CURVE_WITH_KNOTS('',3,(#1610,#1611,#1612,#1613,#1614,
    #1615),.UNSPECIFIED.,.F.,.F.,(4,2,4),(1.524249736354,2.022262848885,
    2.524855240355),.UNSPECIFIED.);
#1610 = CARTESIAN_POINT('',(185.02010753241,204.00804120134,
    7.447165192905));
#1611 = CARTESIAN_POINT('',(185.02010753241,204.1739451167,
    7.452939446805));
#1612 = CARTESIAN_POINT('',(185.02010753241,204.33984903206,
    7.458713700705));
#1613 = CARTESIAN_POINT('',(185.02010753241,204.67318236539,
    7.470315303331));
#1614 = CARTESIAN_POINT('',(185.02010753241,204.84061178337,
    7.476142652056));
#1615 = CARTESIAN_POINT('',(185.02010753241,205.00804120134,
    7.481970000782));
#1616 = ORIENTED_EDGE('',*,*,#1617,.T.);
#1617 = EDGE_CURVE('',#1607,#1618,#1620,.T.);
#1618 = VERTEX_POINT('',#1619);
#1619 = CARTESIAN_POINT('',(183.52010753241,205.00804120133,
    7.561291006142));
#1620 = B_SPLINE_CURVE_WITH_KNOTS('',3,(#1621,#1622,#1623,#1624),
  .UNSPECIFIED.,.F.,.F.,(4,4),(2.95412474095E-02,1.531633137247),
  .PIECEWISE_BEZIER_KNOTS.);
#1621 = CARTESIAN_POINT('',(185.02010753241,205.00804120134,
    7.481970000782));
#1622 = CARTESIAN_POINT('',(184.52001416147,205.00804120134,
    7.506558321856));
#1623 = CARTESIAN_POINT('',(184.02000730398,205.00804120134,
    7.53299910807));
#1624 = CARTESIAN_POINT('',(183.52010753241,205.00804120134,
    7.561291006142));
#1625 = ORIENTED_EDGE('',*,*,#1626,.T.);
#1626 = EDGE_CURVE('',#1618,#1627,#1629,.T.);
#1627 = VERTEX_POINT('',#1628);
#1628 = CARTESIAN_POINT('',(183.52010753241,206.50804120133,
    7.613498217751));
#1629 = B_SPLINE_CURVE_WITH_KNOTS('',3,(#1630,#1631,#1632,#1633),
  .UNSPECIFIED.,.F.,.F.,(4,4),(2.527614350046,4.028522606005),
  .PIECEWISE_BEZIER_KNOTS.);
#1630 = CARTESIAN_POINT('',(183.52010753241,205.00804120133,
    7.561291006142));
#1631 = CARTESIAN_POINT('',(183.52010753241,205.50804120131,
    7.578693410011));
#1632 = CARTESIAN_POINT('',(183.5201075324,206.00804120128,7.59609581388
    ));
#1633 = CARTESIAN_POINT('',(183.5201075324,206.50804120127,
    7.613498217749));
#1634 = ORIENTED_EDGE('',*,*,#1635,.T.);
#1635 = EDGE_CURVE('',#1627,#1529,#1636,.T.);
#1636 = B_SPLINE_CURVE_WITH_KNOTS('',3,(#1637,#1638,#1639,#1640,#1641,
    #1642),.UNSPECIFIED.,.F.,.F.,(4,2,4),(1.531633109283,2.052489153568,
    2.533374801795),.UNSPECIFIED.);
#1637 = CARTESIAN_POINT('',(183.52010753241,206.50804120134,
    7.613498217751));
#1638 = CARTESIAN_POINT('',(183.3467653958,206.50804120134,
    7.623308540394));
#1639 = CARTESIAN_POINT('',(183.17343613502,206.50804120134,
    7.633341437367));
#1640 = CARTESIAN_POINT('',(182.8401052819,206.50804120134,
    7.653065268492));
#1641 = CARTESIAN_POINT('',(182.68010069786,206.50804120134,
    7.662723418175));
#1642 = CARTESIAN_POINT('',(182.5201075324,206.50804120134,
    7.672571263675));
#1643 = B_SPLINE_SURFACE_WITH_KNOTS('',3,3,(
    (#1644,#1645,#1646,#1647)
    ,(#1648,#1649,#1650,#1651)
    ,(#1652,#1653,#1654,#1655)
    ,(#1656,#1657,#1658,#1659
    )),.UNSPECIFIED.,.F.,.F.,.F.,(4,4),(4,4),(9.551823668287E-02,
    0.115389627135),(3.102775636357E-02,5.079136397862E-02),
  .PIECEWISE_BEZIER_KNOTS.);
#1644 = CARTESIAN_POINT('',(181.02010748593,206.50463759843,
    7.770361629455));
#1645 = CARTESIAN_POINT('',(182.3521821658,206.50783255864,
    7.678565825339));
#1646 = CARTESIAN_POINT('',(183.68564479799,206.51057131848,
    7.599877416656));
#1647 = CARTESIAN_POINT('',(185.0201075044,206.5128521984,7.534344659803
    ));
#1648 = CARTESIAN_POINT('',(181.02010751076,205.17061974613,
    7.723931393179));
#1649 = CARTESIAN_POINT('',(182.35218219063,205.17381470633,
    7.632135589063));
#1650 = CARTESIAN_POINT('',(183.68564482282,205.17655346618,
    7.553447180381));
#1651 = CARTESIAN_POINT('',(185.02010752924,205.17883434609,
    7.487914423528));
#1652 = CARTESIAN_POINT('',(181.0201075356,203.83660189382,
    7.677501156904));
#1653 = CARTESIAN_POINT('',(182.35218221546,203.83979685403,
    7.585705352788));
#1654 = CARTESIAN_POINT('',(183.68564484766,203.84253561388,
    7.507016944105));
#1655 = CARTESIAN_POINT('',(185.02010755407,203.84481649379,
    7.441484187253));
#1656 = CARTESIAN_POINT('',(181.02010756043,202.50258404151,
    7.631070920628));
#1657 = CARTESIAN_POINT('',(182.3521822403,202.50577900172,
    7.539275116513));
#1658 = CARTESIAN_POINT('',(183.68564487249,202.50851776157,
    7.46058670783));
#1659 = CARTESIAN_POINT('',(185.02010757891,202.51079864148,
    7.395053950977));
#1660 = ADVANCED_FACE('',(#1661),#1779,.F.);
#1661 = FACE_BOUND('',#1662,.F.);
#1662 = EDGE_LOOP('',(#1663,#1674,#1683,#1694,#1703,#1712,#1723,#1732,
    #1741,#1752,#1761,#1770));
#1663 = ORIENTED_EDGE('',*,*,#1664,.T.);
#1664 = EDGE_CURVE('',#1665,#1667,#1669,.T.);
#1665 = VERTEX_POINT('',#1666);
#1666 = CARTESIAN_POINT('',(194.47010753241,206.50804120134,
    7.290379862167));
#1667 = VERTEX_POINT('',#1668);
#1668 = CARTESIAN_POINT('',(194.47010753241,205.00804120134,
    7.238172649046));
#1669 = B_SPLINE_CURVE_WITH_KNOTS('',3,(#1670,#1671,#1672,#1673),
  .UNSPECIFIED.,.F.,.F.,(4,4),(1.392336846282E-02,1.514831624491),
  .PIECEWISE_BEZIER_KNOTS.);
#1670 = CARTESIAN_POINT('',(194.47010753241,206.50804120134,
    7.290379862167));
#1671 = CARTESIAN_POINT('',(194.47010753241,206.00804120134,
    7.272977457794));
#1672 = CARTESIAN_POINT('',(194.47010753241,205.50804120136,
    7.25557505342));
#1673 = CARTESIAN_POINT('',(194.47010753241,205.00804120137,
    7.238172649047));
#1674 = ORIENTED_EDGE('',*,*,#1675,.T.);
#1675 = EDGE_CURVE('',#1667,#1676,#1678,.T.);
#1676 = VERTEX_POINT('',#1677);
#1677 = CARTESIAN_POINT('',(192.97010753241,205.00804120134,
    7.247380179647));
#1678 = B_SPLINE_CURVE_WITH_KNOTS('',3,(#1679,#1680,#1681,#1682),
  .UNSPECIFIED.,.F.,.F.,(4,4),(2.544075824426,4.044100414063),
  .PIECEWISE_BEZIER_KNOTS.);
#1679 = CARTESIAN_POINT('',(194.47010753241,205.00804120134,
    7.238172649045));
#1680 = CARTESIAN_POINT('',(193.97009853684,205.00804120134,
    7.239387623098));
#1681 = CARTESIAN_POINT('',(193.47009174034,205.00804120134,
    7.242456137504));
#1682 = CARTESIAN_POINT('',(192.97010753241,205.00804120134,
    7.247380179647));
#1683 = ORIENTED_EDGE('',*,*,#1684,.T.);
#1684 = EDGE_CURVE('',#1676,#1685,#1687,.T.);
#1685 = VERTEX_POINT('',#1686);
#1686 = CARTESIAN_POINT('',(192.97010753241,204.00804120134,
    7.212575371038));
#1687 = B_SPLINE_CURVE_WITH_KNOTS('',3,(#1688,#1689,#1690,#1691,#1692,
    #1693),.UNSPECIFIED.,.F.,.F.,(4,2,4),(1.514511324197,2.021238086062,
    2.515116828227),.UNSPECIFIED.);
#1688 = CARTESIAN_POINT('',(192.9701075324,205.00804120134,
    7.247380179647));
#1689 = CARTESIAN_POINT('',(192.9701075324,204.83923449386,
    7.241504894501));
#1690 = CARTESIAN_POINT('',(192.9701075324,204.67042778638,
    7.235629609356));
#1691 = CARTESIAN_POINT('',(192.9701075324,204.33709445304,
    7.224028006486));
#1692 = CARTESIAN_POINT('',(192.9701075324,204.17256782719,
    7.218301688762));
#1693 = CARTESIAN_POINT('',(192.9701075324,204.00804120133,
    7.212575371038));
#1694 = ORIENTED_EDGE('',*,*,#1695,.T.);
#1695 = EDGE_CURVE('',#1685,#1696,#1698,.T.);
#1696 = VERTEX_POINT('',#1697);
#1697 = CARTESIAN_POINT('',(194.47010753241,204.00804120134,
    7.203367840298));
#1698 = B_SPLINE_CURVE_WITH_KNOTS('',3,(#1699,#1700,#1701,#1702),
  .UNSPECIFIED.,.F.,.F.,(4,4),(4.402320742798E-02,1.544047793561),
  .PIECEWISE_BEZIER_KNOTS.);
#1699 = CARTESIAN_POINT('',(192.97010753241,204.00804120134,
    7.212575371038));
#1700 = CARTESIAN_POINT('',(193.47009174034,204.00804120134,
    7.207651328848));
#1701 = CARTESIAN_POINT('',(193.97009853684,204.00804120133,
    7.204582814397));
#1702 = CARTESIAN_POINT('',(194.47010753239,204.00804120133,
    7.203367840298));
#1703 = ORIENTED_EDGE('',*,*,#1704,.T.);
#1704 = EDGE_CURVE('',#1696,#1705,#1707,.T.);
#1705 = VERTEX_POINT('',#1706);
#1706 = CARTESIAN_POINT('',(194.47010753241,202.50804120134,
    7.151160627177));
#1707 = B_SPLINE_CURVE_WITH_KNOTS('',3,(#1708,#1709,#1710,#1711),
  .UNSPECIFIED.,.F.,.F.,(4,4),(2.515437128559,4.016345384616),
  .PIECEWISE_BEZIER_KNOTS.);
#1708 = CARTESIAN_POINT('',(194.47010753241,204.00804120134,
    7.203367840298));
#1709 = CARTESIAN_POINT('',(194.47010753241,203.50804120134,
    7.185965435925));
#1710 = CARTESIAN_POINT('',(194.47010753241,203.00804120132,
    7.16856303155));
#1711 = CARTESIAN_POINT('',(194.47010753241,202.50804120134,
    7.151160627177));
#1712 = ORIENTED_EDGE('',*,*,#1713,.T.);
#1713 = EDGE_CURVE('',#1705,#1714,#1716,.T.);
#1714 = VERTEX_POINT('',#1715);
#1715 = CARTESIAN_POINT('',(195.47010753241,202.50804120134,
    7.151201439755));
#1716 = B_SPLINE_CURVE_WITH_KNOTS('',3,(#1717,#1718,#1719,#1720,#1721,
    #1722),.UNSPECIFIED.,.F.,.F.,(4,2,4),(1.544047765636,2.044042669357,
    2.544046254438),.UNSPECIFIED.);
#1717 = CARTESIAN_POINT('',(194.4701075324,202.50804120134,
    7.151160627177));
#1718 = CARTESIAN_POINT('',(194.63677276702,202.50804120134,
    7.150755646554));
#1719 = CARTESIAN_POINT('',(194.80343824597,202.50804120134,
    7.150556603909));
#1720 = CARTESIAN_POINT('',(195.13677107609,202.50804120134,
    7.150570247494));
#1721 = CARTESIAN_POINT('',(195.30343943369,202.50804120134,
    7.150782940914));
#1722 = CARTESIAN_POINT('',(195.4701075324,202.50804120134,
    7.151201439755));
#1723 = ORIENTED_EDGE('',*,*,#1724,.T.);
#1724 = EDGE_CURVE('',#1714,#1725,#1727,.T.);
#1725 = VERTEX_POINT('',#1726);
#1726 = CARTESIAN_POINT('',(195.47010753241,204.00804120134,
    7.203408653014));
#1727 = B_SPLINE_CURVE_WITH_KNOTS('',3,(#1728,#1729,#1730,#1731),
  .UNSPECIFIED.,.F.,.F.,(4,4),(2.61321885307E-02,1.527040444593),
  .PIECEWISE_BEZIER_KNOTS.);
#1728 = CARTESIAN_POINT('',(195.47010753241,202.50804120134,
    7.151201439755));
#1729 = CARTESIAN_POINT('',(195.47010753241,203.00804120134,
    7.168603844174));
#1730 = CARTESIAN_POINT('',(195.47010753241,203.50804120134,
    7.186006248594));
#1731 = CARTESIAN_POINT('',(195.47010753241,204.00804120134,
    7.203408653013));
#1732 = ORIENTED_EDGE('',*,*,#1733,.T.);
#1733 = EDGE_CURVE('',#1725,#1734,#1736,.T.);
#1734 = VERTEX_POINT('',#1735);
#1735 = CARTESIAN_POINT('',(196.97010753241,204.00804120134,
    7.212730246762));
#1736 = B_SPLINE_CURVE_WITH_KNOTS('',3,(#1737,#1738,#1739,#1740),
  .UNSPECIFIED.,.F.,.F.,(4,4),(2.544046282362,4.044071512554),
  .PIECEWISE_BEZIER_KNOTS.);
#1737 = CARTESIAN_POINT('',(195.47010753241,204.00804120134,
    7.203408653014));
#1738 = CARTESIAN_POINT('',(195.97011665355,204.00804120134,
    7.204664161721));
#1739 = CARTESIAN_POINT('',(196.47012344462,204.00804120134,
    7.207771954971));
#1740 = CARTESIAN_POINT('',(196.97010753241,204.00804120134,
    7.212730246762));
#1741 = ORIENTED_EDGE('',*,*,#1742,.T.);
#1742 = EDGE_CURVE('',#1734,#1743,#1745,.T.);
#1743 = VERTEX_POINT('',#1744);
#1744 = CARTESIAN_POINT('',(196.97010753241,205.00804120134,
    7.24753505574));
#1745 = B_SPLINE_CURVE_WITH_KNOTS('',3,(#1746,#1747,#1748,#1749,#1750,
    #1751),.UNSPECIFIED.,.F.,.F.,(4,2,4),(1.527364656679,2.021238086073,
    2.527970160699),.UNSPECIFIED.);
#1746 = CARTESIAN_POINT('',(196.97010753241,204.00804120136,
    7.212730246764));
#1747 = CARTESIAN_POINT('',(196.97010753241,204.17256605736,
    7.218456502949));
#1748 = CARTESIAN_POINT('',(196.97010753241,204.33709091336,
    7.224182759134));
#1749 = CARTESIAN_POINT('',(196.97010753241,204.67042424669,
    7.235784362126));
#1750 = CARTESIAN_POINT('',(196.97010753241,204.83923272402,
    7.241659708933));
#1751 = CARTESIAN_POINT('',(196.97010753241,205.00804120134,
    7.24753505574));
#1752 = ORIENTED_EDGE('',*,*,#1753,.T.);
#1753 = EDGE_CURVE('',#1743,#1754,#1756,.T.);
#1754 = VERTEX_POINT('',#1755);
#1755 = CARTESIAN_POINT('',(195.47010753241,205.00804120134,
    7.238213461853));
#1756 = B_SPLINE_CURVE_WITH_KNOTS('',3,(#1757,#1758,#1759,#1760),
  .UNSPECIFIED.,.F.,.F.,(4,4),(4.405209974207E-02,1.544077333364),
  .PIECEWISE_BEZIER_KNOTS.);
#1757 = CARTESIAN_POINT('',(196.97010753241,205.00804120134,
    7.24753505574));
#1758 = CARTESIAN_POINT('',(196.47012344465,205.00804120134,
    7.242576763903));
#1759 = CARTESIAN_POINT('',(195.97011665357,205.00804120134,
    7.239468970607));
#1760 = CARTESIAN_POINT('',(195.47010753242,205.00804120134,
    7.238213461853));
#1761 = ORIENTED_EDGE('',*,*,#1762,.T.);
#1762 = EDGE_CURVE('',#1754,#1763,#1765,.T.);
#1763 = VERTEX_POINT('',#1764);
#1764 = CARTESIAN_POINT('',(195.47010753241,206.50804120134,
    7.290420675112));
#1765 = B_SPLINE_CURVE_WITH_KNOTS('',3,(#1766,#1767,#1768,#1769),
  .UNSPECIFIED.,.F.,.F.,(4,4),(2.527645948638,4.02855420469),
  .PIECEWISE_BEZIER_KNOTS.);
#1766 = CARTESIAN_POINT('',(195.47010753241,205.00804120134,
    7.238213461853));
#1767 = CARTESIAN_POINT('',(195.47010753241,205.50804120134,
    7.255615866273));
#1768 = CARTESIAN_POINT('',(195.47010753241,206.00804120134,
    7.273018270692));
#1769 = CARTESIAN_POINT('',(195.47010753241,206.50804120133,
    7.290420675112));
#1770 = ORIENTED_EDGE('',*,*,#1771,.T.);
#1771 = EDGE_CURVE('',#1763,#1665,#1772,.T.);
#1772 = B_SPLINE_CURVE_WITH_KNOTS('',3,(#1773,#1774,#1775,#1776,#1777,
    #1778),.UNSPECIFIED.,.F.,.F.,(4,2,4),(1.544077305439,2.044080643621,
    2.544075796501),.UNSPECIFIED.);
#1773 = CARTESIAN_POINT('',(195.47010753242,206.50804120134,
    7.290420675112));
#1774 = CARTESIAN_POINT('',(195.30343951638,206.50804120134,
    7.290002176417));
#1775 = CARTESIAN_POINT('',(195.13677124145,206.50804120134,
    7.28978948294));
#1776 = CARTESIAN_POINT('',(194.80343841133,206.50804120134,
    7.289775838824));
#1777 = CARTESIAN_POINT('',(194.6367728497,206.50804120134,
    7.289974881404));
#1778 = CARTESIAN_POINT('',(194.47010753241,206.50804120134,
    7.290379862166));
#1779 = B_SPLINE_SURFACE_WITH_KNOTS('',3,3,(
    (#1780,#1781,#1782,#1783)
    ,(#1784,#1785,#1786,#1787)
    ,(#1788,#1789,#1790,#1791)
    ,(#1792,#1793,#1794,#1795
    )),.UNSPECIFIED.,.F.,.F.,.F.,(4,4),(4,4),(9.558419981098E-02,
    0.115445504982),(8.999495791413E-02,0.109704491319),
  .PIECEWISE_BEZIER_KNOTS.);
#1780 = CARTESIAN_POINT('',(192.97010748587,206.507722495,7.299576300507
    ));
#1781 = CARTESIAN_POINT('',(194.30335296219,206.50817896545,
    7.286461859214));
#1782 = CARTESIAN_POINT('',(195.63681447229,206.50817679769,
    7.286524855632));
#1783 = CARTESIAN_POINT('',(196.97010750449,206.50771718547,
    7.299730991618));
#1784 = CARTESIAN_POINT('',(192.97010751069,205.17438169372,
    7.253169628863));
#1785 = CARTESIAN_POINT('',(194.30335298701,205.17483816416,
    7.24005518757));
#1786 = CARTESIAN_POINT('',(195.63681449711,205.17483599641,
    7.240118183988));
#1787 = CARTESIAN_POINT('',(196.97010752931,205.17437638419,
    7.253324319975));
#1788 = CARTESIAN_POINT('',(192.97010753551,203.84104089244,
    7.206762957219));
#1789 = CARTESIAN_POINT('',(194.30335301184,203.84149736289,
    7.193648515927));
#1790 = CARTESIAN_POINT('',(195.63681452193,203.84149519513,
    7.193711512344));
#1791 = CARTESIAN_POINT('',(196.97010755413,203.84103558291,
    7.206917648331));
#1792 = CARTESIAN_POINT('',(192.97010756034,202.50770009116,
    7.160356285575));
#1793 = CARTESIAN_POINT('',(194.30335303666,202.5081565616,
    7.147241844283));
#1794 = CARTESIAN_POINT('',(195.63681454675,202.50815439385,7.1473048407
    ));
#1795 = CARTESIAN_POINT('',(196.97010757896,202.50769478163,
    7.160510976687));
#1796 = ADVANCED_FACE('',(#1797),#1833,.T.);
#1797 = FACE_BOUND('',#1798,.T.);
#1798 = EDGE_LOOP('',(#1799,#1809,#1817,#1825));
#1799 = ORIENTED_EDGE('',*,*,#1800,.T.);
#1800 = EDGE_CURVE('',#1801,#1803,#1805,.T.);
#1801 = VERTEX_POINT('',#1802);
#1802 = CARTESIAN_POINT('',(210.57207117003,200.34472035538,
    8.742737630781));
#1803 = VERTEX_POINT('',#1804);
#1804 = CARTESIAN_POINT('',(213.49510753241,195.75804120132,9.51E-11));
#1805 = LINE('',#1806,#1807);
#1806 = CARTESIAN_POINT('',(210.49510753243,200.46548775902,
    8.972934182341));
#1807 = VECTOR('',#1808,1.);
#1808 = DIRECTION('',(0.283887319776,-0.445461462088,-0.84910074518));
#1809 = ORIENTED_EDGE('',*,*,#1810,.F.);
#1810 = EDGE_CURVE('',#1811,#1803,#1813,.T.);
#1811 = VERTEX_POINT('',#1812);
#1812 = CARTESIAN_POINT('',(213.49510753241,213.25804120132,9.51E-11));
#1813 = LINE('',#1814,#1815);
#1814 = CARTESIAN_POINT('',(213.49510753241,195.75804120132,9.509993E-11
    ));
#1815 = VECTOR('',#1816,1.);
#1816 = DIRECTION('',(0.,-1.,0.));
#1817 = ORIENTED_EDGE('',*,*,#1818,.F.);
#1818 = EDGE_CURVE('',#1819,#1811,#1821,.T.);
#1819 = VERTEX_POINT('',#1820);
#1820 = CARTESIAN_POINT('',(210.56896960634,211.01570639393,
    9.109058192951));
#1821 = LINE('',#1822,#1823);
#1822 = CARTESIAN_POINT('',(210.49510753243,210.95910499527,
    9.338990597559));
#1823 = VECTOR('',#1824,1.);
#1824 = DIRECTION('',(0.297772282027,0.228186493438,-0.926964180683));
#1825 = ORIENTED_EDGE('',*,*,#1826,.F.);
#1826 = EDGE_CURVE('',#1801,#1819,#1827,.T.);
#1827 = B_SPLINE_CURVE_WITH_KNOTS('',3,(#1828,#1829,#1830,#1831,#1832),
  .UNSPECIFIED.,.F.,.F.,(4,1,4),(-10.67727233434,-6.101298476769,
    -4.031E-14),.UNSPECIFIED.);
#1828 = CARTESIAN_POINT('',(210.57207117004,200.34472035538,
    8.742737630782));
#1829 = CARTESIAN_POINT('',(210.57232067977,201.87060669956,
    8.795033966065));
#1830 = CARTESIAN_POINT('',(210.57072177816,205.42590580587,
    8.917151707661));
#1831 = CARTESIAN_POINT('',(210.56886828548,208.9849046337,
    9.038789075474));
#1832 = CARTESIAN_POINT('',(210.56896960634,211.01570639397,
    9.109058192953));
#1833 = B_SPLINE_SURFACE_WITH_KNOTS('',3,3,(
    (#1834,#1835,#1836,#1837)
    ,(#1838,#1839,#1840,#1841)
    ,(#1842,#1843,#1844,#1845)
    ,(#1846,#1847,#1848,#1849
    )),.UNSPECIFIED.,.F.,.F.,.F.,(4,4),(4,4),(-1.0987E-13,1.),(
    2.461572307197E-02,1.),.PIECEWISE_BEZIER_KNOTS.);
#1834 = CARTESIAN_POINT('',(210.56895470164,211.01569497228,
    9.10910459124));
#1835 = CARTESIAN_POINT('',(211.54433897856,211.76314371529,
    6.072736394192));
#1836 = CARTESIAN_POINT('',(212.51972325549,212.51059245831,
    3.036368197144));
#1837 = CARTESIAN_POINT('',(213.49510753241,213.25804120132,9.509993E-11
    ));
#1838 = CARTESIAN_POINT('',(210.56895470164,210.1192735489,
    9.077946478469));
#1839 = CARTESIAN_POINT('',(211.54433897856,211.12189620174,
    6.051964319011));
#1840 = CARTESIAN_POINT('',(212.51972325549,212.12451885458,
    3.025982159553));
#1841 = CARTESIAN_POINT('',(213.49510753241,213.12714150743,9.509993E-11
    ));
#1842 = CARTESIAN_POINT('',(210.56895470164,201.24603198156,
    8.783217032139));
#1843 = CARTESIAN_POINT('',(211.54433897856,199.46033495278,
    5.855478021458));
#1844 = CARTESIAN_POINT('',(212.51972325549,197.674637924,2.927739010776
    ));
#1845 = CARTESIAN_POINT('',(213.49510753241,195.88894089522,9.509993E-11
    ));
#1846 = CARTESIAN_POINT('',(210.56895470164,200.34961055818,
    8.752058919368));
#1847 = CARTESIAN_POINT('',(211.54433897856,198.81908743923,
    5.834705946277));
#1848 = CARTESIAN_POINT('',(212.51972325549,197.28856432028,
    2.917352973186));
#1849 = CARTESIAN_POINT('',(213.49510753241,195.75804120132,9.509993E-11
    ));
#1850 = ADVANCED_FACE('',(#1851),#1896,.F.);
#1851 = FACE_BOUND('',#1852,.F.);
#1852 = EDGE_LOOP('',(#1853,#1867,#1876,#1888));
#1853 = ORIENTED_EDGE('',*,*,#1854,.F.);
#1854 = EDGE_CURVE('',#1855,#1857,#1859,.T.);
#1855 = VERTEX_POINT('',#1856);
#1856 = CARTESIAN_POINT('',(181.04992604549,198.82726883536,
    8.754770295049));
#1857 = VERTEX_POINT('',#1858);
#1858 = CARTESIAN_POINT('',(179.62382088855,200.33885029538,
    8.911274004565));
#1859 = B_SPLINE_CURVE_WITH_KNOTS('',3,(#1860,#1861,#1862,#1863,#1864,
    #1865,#1866),.UNSPECIFIED.,.F.,.F.,(4,1,1,1,4),(0.,0.657019724656,
    0.985529586984,1.642549311641,2.299569036297),.UNSPECIFIED.);
#1860 = CARTESIAN_POINT('',(181.04992604549,198.82726883536,
    8.754770295049));
#1861 = CARTESIAN_POINT('',(180.83179648071,198.83278632352,
    8.77007507634));
#1862 = CARTESIAN_POINT('',(180.50859971294,198.92393316256,
    8.796214340568));
#1863 = CARTESIAN_POINT('',(180.05836954895,199.23742763178,
    8.840081236067));
#1864 = CARTESIAN_POINT('',(179.72386442128,199.68386758805,
    8.880795097761));
#1865 = CARTESIAN_POINT('',(179.62381712384,200.11997623962,
    8.903656422919));
#1866 = CARTESIAN_POINT('',(179.62382088855,200.33885029537,
    8.911274004565));
#1867 = ORIENTED_EDGE('',*,*,#1868,.F.);
#1868 = EDGE_CURVE('',#1869,#1855,#1871,.T.);
#1869 = VERTEX_POINT('',#1870);
#1870 = CARTESIAN_POINT('',(181.03265703795,198.60072397672,
    8.590203315974));
#1871 = CIRCLE('',#1872,0.25);
#1872 = AXIS2_PLACEMENT_3D('',#1873,#1874,#1875);
#1873 = CARTESIAN_POINT('',(181.03265703795,198.83594400068,
    8.505518368507));
#1874 = DIRECTION('',(-0.997231113494,2.519027755529E-02,
    6.996825135064E-02));
#1875 = DIRECTION('',(-6.963041254693E-13,-0.940880095847,0.338739789868
    ));
#1876 = ORIENTED_EDGE('',*,*,#1877,.F.);
#1877 = EDGE_CURVE('',#1878,#1869,#1880,.T.);
#1878 = VERTEX_POINT('',#1879);
#1879 = CARTESIAN_POINT('',(179.36814389327,200.34472035295,
    8.742737626139));
#1880 = B_SPLINE_CURVE_WITH_KNOTS('',3,(#1881,#1882,#1883,#1884,#1885,
    #1886,#1887),.UNSPECIFIED.,.F.,.F.,(4,1,1,1,4),(-2.299569036297,
    -1.642549311641,-0.985529586984,-0.657019724656,0.),.UNSPECIFIED.);
#1881 = CARTESIAN_POINT('',(179.36814389326,200.34472035295,
    8.742737626138));
#1882 = CARTESIAN_POINT('',(179.37455593089,200.08835436424,
    8.752656758653));
#1883 = CARTESIAN_POINT('',(179.50346446787,199.58833729167,
    8.750967878933));
#1884 = CARTESIAN_POINT('',(179.89054271676,199.0835853219,
    8.715457023722));
#1885 = CARTESIAN_POINT('',(180.40553850196,198.72366138239,
    8.663041847275));
#1886 = CARTESIAN_POINT('',(180.77706037509,198.61222690646,
    8.622153733255));
#1887 = CARTESIAN_POINT('',(181.03265703795,198.60072397672,
    8.590203315973));
#1888 = ORIENTED_EDGE('',*,*,#1889,.F.);
#1889 = EDGE_CURVE('',#1857,#1878,#1890,.T.);
#1890 = B_SPLINE_CURVE_WITH_KNOTS('',3,(#1891,#1892,#1893,#1894,#1895),
  .UNSPECIFIED.,.F.,.F.,(4,1,4),(0.,0.571428571429,1.),.UNSPECIFIED.);
#1891 = CARTESIAN_POINT('',(179.62382088855,200.33885029537,
    8.911274004565));
#1892 = CARTESIAN_POINT('',(179.56121230631,200.33868505303,
    8.916052851741));
#1893 = CARTESIAN_POINT('',(179.44894917641,200.33990514243,
    8.881051879128));
#1894 = CARTESIAN_POINT('',(179.38333341798,200.34316961949,
    8.787286945956));
#1895 = CARTESIAN_POINT('',(179.36814389326,200.34472035295,
    8.742737626138));
#1896 = B_SPLINE_SURFACE_WITH_KNOTS('',3,3,(
    (#1897,#1898,#1899,#1900,#1901,#1902,#1903)
    ,(#1904,#1905,#1906,#1907,#1908,#1909,#1910)
    ,(#1911,#1912,#1913,#1914,#1915,#1916,#1917)
    ,(#1918,#1919,#1920,#1921,#1922,#1923,#1924)
    ,(#1925,#1926,#1927,#1928,#1929,#1930,#1931
  )),.UNSPECIFIED.,.F.,.F.,.F.,(4,1,4),(4,1,1,1,4),(0.,0.571428571429,1.
    ),(0.,0.657019724656,0.985529586984,1.642549311641,2.299569036297),
  .UNSPECIFIED.);
#1897 = CARTESIAN_POINT('',(181.04992604549,198.82726883536,
    8.754770295049));
#1898 = CARTESIAN_POINT('',(180.83179648071,198.83278632352,
    8.77007507634));
#1899 = CARTESIAN_POINT('',(180.50859971294,198.92393316256,
    8.796214340568));
#1900 = CARTESIAN_POINT('',(180.05836954895,199.23742763178,
    8.840081236067));
#1901 = CARTESIAN_POINT('',(179.72386442128,199.68386758805,
    8.880795097761));
#1902 = CARTESIAN_POINT('',(179.62381712384,200.11997623962,
    8.903656422919));
#1903 = CARTESIAN_POINT('',(179.62382088855,200.33885029537,
    8.911274004565));
#1904 = CARTESIAN_POINT('',(181.04836347002,198.77058847987,
    8.752905806643));
#1905 = CARTESIAN_POINT('',(180.82091401419,198.77919113911,
    8.768911974043));
#1906 = CARTESIAN_POINT('',(180.48672228498,198.87608742329,
    8.795986167905));
#1907 = CARTESIAN_POINT('',(180.02154420972,199.20053786726,
    8.841375155966));
#1908 = CARTESIAN_POINT('',(179.67428956088,199.65972139816,
    8.883565345211));
#1909 = CARTESIAN_POINT('',(179.5650199727,200.11024954908,
    8.907715452635));
#1910 = CARTESIAN_POINT('',(179.56121230631,200.33868505303,
    8.916052851741));
#1911 = CARTESIAN_POINT('',(181.04320858246,198.6729888569,
    8.714573382794));
#1912 = CARTESIAN_POINT('',(180.79976971162,198.68670412836,
    8.735586546051));
#1913 = CARTESIAN_POINT('',(180.44641763389,198.79353816366,
    8.767107042649));
#1914 = CARTESIAN_POINT('',(179.9551161889,199.13708068263,
    8.815695285865));
#1915 = CARTESIAN_POINT('',(179.5853342156,199.61868259918,
    8.857630642857));
#1916 = CARTESIAN_POINT('',(179.45956178173,200.09469048914,
    8.877231622653));
#1917 = CARTESIAN_POINT('',(179.44894917641,200.33990514243,
    8.881051879128));
#1918 = CARTESIAN_POINT('',(181.0358212108,198.61509724381,
    8.630126352219));
#1919 = CARTESIAN_POINT('',(180.78270627275,198.6282096078,
    8.659051324141));
#1920 = CARTESIAN_POINT('',(180.41561123397,198.7392809648,
    8.697236658044));
#1921 = CARTESIAN_POINT('',(179.90615321746,199.09553173539,
    8.748674691964));
#1922 = CARTESIAN_POINT('',(179.52257071682,199.59440500311,
    8.786292937806));
#1923 = CARTESIAN_POINT('',(179.39240266633,200.08871208022,
    8.793384836262));
#1924 = CARTESIAN_POINT('',(179.38333341798,200.34316961949,
    8.787286945956));
#1925 = CARTESIAN_POINT('',(181.03265703795,198.60072397672,
    8.590203315973));
#1926 = CARTESIAN_POINT('',(180.77706037509,198.61222690646,
    8.622153733255));
#1927 = CARTESIAN_POINT('',(180.40553850196,198.72366138239,
    8.663041847275));
#1928 = CARTESIAN_POINT('',(179.89054271676,199.0835853219,
    8.715457023722));
#1929 = CARTESIAN_POINT('',(179.50346446787,199.58833729167,
    8.750967878933));
#1930 = CARTESIAN_POINT('',(179.37455593089,200.08835436424,
    8.752656758653));
#1931 = CARTESIAN_POINT('',(179.36814389326,200.34472035295,
    8.742737626138));
#1932 = ADVANCED_FACE('',(#1933),#1961,.F.);
#1933 = FACE_BOUND('',#1934,.F.);
#1934 = EDGE_LOOP('',(#1935,#1944,#1953,#1960));
#1935 = ORIENTED_EDGE('',*,*,#1936,.F.);
#1936 = EDGE_CURVE('',#1937,#1855,#1939,.T.);
#1937 = VERTEX_POINT('',#1938);
#1938 = CARTESIAN_POINT('',(208.89028901919,198.82726883483,
    8.75477029535));
#1939 = B_SPLINE_CURVE_WITH_KNOTS('',3,(#1940,#1941,#1942,#1943),
  .UNSPECIFIED.,.F.,.F.,(4,4),(0.,27.900628467905),
  .PIECEWISE_BEZIER_KNOTS.);
#1940 = CARTESIAN_POINT('',(208.89028901919,198.82726883483,
    8.75477029535));
#1941 = CARTESIAN_POINT('',(199.62732214529,198.59296629964,
    8.104846098037));
#1942 = CARTESIAN_POINT('',(190.31289291948,198.59296630005,
    8.104846098602));
#1943 = CARTESIAN_POINT('',(181.04992604549,198.82726883536,
    8.754770295049));
#1944 = ORIENTED_EDGE('',*,*,#1945,.F.);
#1945 = EDGE_CURVE('',#1946,#1937,#1948,.T.);
#1946 = VERTEX_POINT('',#1947);
#1947 = CARTESIAN_POINT('',(208.90755802674,198.60072397684,
    8.590203316298));
#1948 = CIRCLE('',#1949,0.25);
#1949 = AXIS2_PLACEMENT_3D('',#1950,#1951,#1952);
#1950 = CARTESIAN_POINT('',(208.90755802674,198.83594400079,
    8.505518368831));
#1951 = DIRECTION('',(-0.997231113486,-2.519027758833E-02,
    -6.996825144546E-02));
#1952 = DIRECTION('',(-3.055368458238E-13,-0.940880095847,0.338739789867
    ));
#1953 = ORIENTED_EDGE('',*,*,#1954,.F.);
#1954 = EDGE_CURVE('',#1869,#1946,#1955,.T.);
#1955 = B_SPLINE_CURVE_WITH_KNOTS('',3,(#1956,#1957,#1958,#1959),
  .UNSPECIFIED.,.F.,.F.,(4,4),(-27.9006284679,0.),
  .PIECEWISE_BEZIER_KNOTS.);
#1956 = CARTESIAN_POINT('',(181.03265703795,198.60072397672,
    8.590203315973));
#1957 = CARTESIAN_POINT('',(190.30711530269,198.36644911836,
    7.939483920812));
#1958 = CARTESIAN_POINT('',(199.63309976207,198.36644911817,
    7.939483920254));
#1959 = CARTESIAN_POINT('',(208.90755802674,198.60072397683,
    8.590203316297));
#1960 = ORIENTED_EDGE('',*,*,#1868,.T.);
#1961 = B_SPLINE_SURFACE_WITH_KNOTS('',3,3,(
    (#1962,#1963,#1964,#1965)
    ,(#1966,#1967,#1968,#1969)
    ,(#1970,#1971,#1972,#1973)
    ,(#1974,#1975,#1976,#1977)
    ,(#1978,#1979,#1980,#1981
  )),.UNSPECIFIED.,.F.,.F.,.F.,(4,1,4),(4,4),(0.,0.571428571429,1.),(0.,
    27.900628467905),.UNSPECIFIED.);
#1962 = CARTESIAN_POINT('',(208.89028901919,198.82726883483,
    8.75477029535));
#1963 = CARTESIAN_POINT('',(199.62732214529,198.59296629964,
    8.104846098037));
#1964 = CARTESIAN_POINT('',(190.31289291948,198.59296630005,
    8.104846098602));
#1965 = CARTESIAN_POINT('',(181.04992604549,198.82726883536,
    8.754770295049));
#1966 = CARTESIAN_POINT('',(208.89185159467,198.77058847947,
    8.752905806806));
#1967 = CARTESIAN_POINT('',(199.62786013579,198.53632313256,
    8.102838283969));
#1968 = CARTESIAN_POINT('',(190.31235492897,198.53632313293,
    8.102838284579));
#1969 = CARTESIAN_POINT('',(181.04836347002,198.77058847987,
    8.752905806645));
#1970 = CARTESIAN_POINT('',(208.89700648223,198.6729888568,
    8.714573382872));
#1971 = CARTESIAN_POINT('',(199.62957304517,198.43878675202,
    8.064223146986));
#1972 = CARTESIAN_POINT('',(190.31064201958,198.43878675229,
    8.064223147626));
#1973 = CARTESIAN_POINT('',(181.04320858246,198.6729888569,
    8.714573382796));
#1974 = CARTESIAN_POINT('',(208.90439385389,198.61509724388,
    8.630126352457));
#1975 = CARTESIAN_POINT('',(199.63204123799,198.38086045124,
    7.979511894149));
#1976 = CARTESIAN_POINT('',(190.30817382677,198.38086045146,
    7.979511894735));
#1977 = CARTESIAN_POINT('',(181.03582121081,198.6150972438,
    8.630126352219));
#1978 = CARTESIAN_POINT('',(208.90755802674,198.60072397683,
    8.590203316297));
#1979 = CARTESIAN_POINT('',(199.63309976207,198.36644911817,
    7.939483920254));
#1980 = CARTESIAN_POINT('',(190.30711530269,198.36644911836,
    7.939483920812));
#1981 = CARTESIAN_POINT('',(181.03265703795,198.60072397672,
    8.590203315973));
#1982 = ADVANCED_FACE('',(#1983),#2016,.F.);
#1983 = FACE_BOUND('',#1984,.F.);
#1984 = EDGE_LOOP('',(#1985,#1995,#1996,#2008));
#1985 = ORIENTED_EDGE('',*,*,#1986,.F.);
#1986 = EDGE_CURVE('',#1946,#1801,#1987,.T.);
#1987 = B_SPLINE_CURVE_WITH_KNOTS('',3,(#1988,#1989,#1990,#1991,#1992,
    #1993,#1994),.UNSPECIFIED.,.F.,.F.,(4,1,1,1,4),(-2.29956903778,
    -1.97105917524,-1.31403945016,-0.65701972508,4.772E-14),
  .UNSPECIFIED.);
#1988 = CARTESIAN_POINT('',(208.90755802674,198.60072397684,
    8.590203316297));
#1989 = CARTESIAN_POINT('',(209.03535635826,198.60647544172,
    8.606178524959));
#1990 = CARTESIAN_POINT('',(209.41405977508,198.67090722297,
    8.650418092156));
#1991 = CARTESIAN_POINT('',(209.97283250824,198.98269934121,
    8.70826182183));
#1992 = CARTESIAN_POINT('',(210.43667776828,199.58832979562,
    8.750986335568));
#1993 = CARTESIAN_POINT('',(210.56565913263,200.08835436662,
    8.752656762658));
#1994 = CARTESIAN_POINT('',(210.57207117004,200.34472035538,
    8.742737630781));
#1995 = ORIENTED_EDGE('',*,*,#1945,.T.);
#1996 = ORIENTED_EDGE('',*,*,#1997,.F.);
#1997 = EDGE_CURVE('',#1998,#1937,#2000,.T.);
#1998 = VERTEX_POINT('',#1999);
#1999 = CARTESIAN_POINT('',(210.31639417467,200.3388502971,
    8.911274009178));
#2000 = B_SPLINE_CURVE_WITH_KNOTS('',3,(#2001,#2002,#2003,#2004,#2005,
    #2006,#2007),.UNSPECIFIED.,.F.,.F.,(4,1,1,1,4),(-4.772E-14,
    0.65701972508,1.31403945016,1.97105917524,2.29956903778),
  .UNSPECIFIED.);
#2001 = CARTESIAN_POINT('',(210.31639417468,200.3388502971,
    8.911274009178));
#2002 = CARTESIAN_POINT('',(210.31639793961,200.11997624124,
    8.903656426921));
#2003 = CARTESIAN_POINT('',(210.21627309592,199.68389844044,
    8.880792749263));
#2004 = CARTESIAN_POINT('',(209.81545206576,199.14789662019,
    8.831954898525));
#2005 = CARTESIAN_POINT('',(209.32561098595,198.87918854584,
    8.787003632021));
#2006 = CARTESIAN_POINT('',(208.99935380166,198.83002757892,
    8.762422686011));
#2007 = CARTESIAN_POINT('',(208.89028901919,198.82726883484,
    8.75477029535));
#2008 = ORIENTED_EDGE('',*,*,#2009,.T.);
#2009 = EDGE_CURVE('',#1998,#1801,#2010,.T.);
#2010 = B_SPLINE_CURVE_WITH_KNOTS('',3,(#2011,#2012,#2013,#2014,#2015),
  .UNSPECIFIED.,.F.,.F.,(4,1,4),(0.,0.571428571429,1.),.UNSPECIFIED.);
#2011 = CARTESIAN_POINT('',(210.31639417468,200.3388502971,
    8.911274009178));
#2012 = CARTESIAN_POINT('',(210.37900275694,200.33868505481,
    8.916052856375));
#2013 = CARTESIAN_POINT('',(210.49126588686,200.33990514442,
    8.881051883784));
#2014 = CARTESIAN_POINT('',(210.55688164532,200.34316962179,
    8.787286950604));
#2015 = CARTESIAN_POINT('',(210.57207117004,200.34472035538,
    8.742737630781));
#2016 = B_SPLINE_SURFACE_WITH_KNOTS('',3,3,(
    (#2017,#2018,#2019,#2020,#2021,#2022,#2023)
    ,(#2024,#2025,#2026,#2027,#2028,#2029,#2030)
    ,(#2031,#2032,#2033,#2034,#2035,#2036,#2037)
    ,(#2038,#2039,#2040,#2041,#2042,#2043,#2044)
    ,(#2045,#2046,#2047,#2048,#2049,#2050,#2051
  )),.UNSPECIFIED.,.F.,.F.,.F.,(4,1,4),(4,1,1,1,4),(0.,0.571428571429,1.
    ),(-4.772E-14,0.65701972508,1.31403945016,1.97105917524,
    2.29956903778),.UNSPECIFIED.);
#2017 = CARTESIAN_POINT('',(210.31639417468,200.3388502971,
    8.911274009178));
#2018 = CARTESIAN_POINT('',(210.31639793961,200.11997624124,
    8.903656426921));
#2019 = CARTESIAN_POINT('',(210.21627309592,199.68389844044,
    8.880792749263));
#2020 = CARTESIAN_POINT('',(209.81545206576,199.14789662019,
    8.831954898525));
#2021 = CARTESIAN_POINT('',(209.32561098595,198.87918854584,
    8.787003632021));
#2022 = CARTESIAN_POINT('',(208.99935380166,198.83002757892,
    8.762422686011));
#2023 = CARTESIAN_POINT('',(208.89028901919,198.82726883484,
    8.75477029535));
#2024 = CARTESIAN_POINT('',(210.37900275694,200.33868505481,
    8.916052856375));
#2025 = CARTESIAN_POINT('',(210.37519509075,200.11024955077,
    8.907715456627));
#2026 = CARTESIAN_POINT('',(210.26585795418,199.65974981485,
    8.88356575418));
#2027 = CARTESIAN_POINT('',(209.849690719,199.1085063222,8.832945727555)
  );
#2028 = CARTESIAN_POINT('',(209.34425964437,198.8293561191,8.7864841244)
  );
#2029 = CARTESIAN_POINT('',(209.00557632266,198.7748898091,
    8.760908890524));
#2030 = CARTESIAN_POINT('',(208.89185159467,198.77058847948,
    8.752905806806));
#2031 = CARTESIAN_POINT('',(210.49126588686,200.33990514442,
    8.881051883784));
#2032 = CARTESIAN_POINT('',(210.48065328173,200.09469049107,
    8.877231626642));
#2033 = CARTESIAN_POINT('',(210.35482360934,199.61870205331,
    8.857635783429));
#2034 = CARTESIAN_POINT('',(209.91157966573,199.04066988693,
    8.807277918941));
#2035 = CARTESIAN_POINT('',(209.37889857291,198.74333618218,
    8.756533478558));
#2036 = CARTESIAN_POINT('',(209.01872591772,198.67984649254,
    8.725079964521));
#2037 = CARTESIAN_POINT('',(208.89700648224,198.67298885681,
    8.714573382873));
#2038 = CARTESIAN_POINT('',(210.55688164532,200.34316962179,
    8.787286950604));
#2039 = CARTESIAN_POINT('',(210.54781239717,200.08871208246,
    8.793384840261));
#2040 = CARTESIAN_POINT('',(210.41758169837,199.59440819527,
    8.786308840918));
#2041 = CARTESIAN_POINT('',(209.95785464483,198.99577462003,
    8.741063397699));
#2042 = CARTESIAN_POINT('',(209.40543917616,198.68703170201,
    8.685206742205));
#2043 = CARTESIAN_POINT('',(209.03095132299,198.62165342589,
    8.644588838439));
#2044 = CARTESIAN_POINT('',(208.90439385389,198.61509724389,
    8.630126352458));
#2045 = CARTESIAN_POINT('',(210.57207117004,200.34472035538,
    8.742737630781));
#2046 = CARTESIAN_POINT('',(210.56565913263,200.08835436662,
    8.752656762658));
#2047 = CARTESIAN_POINT('',(210.43667776828,199.58832979562,
    8.750986335568));
#2048 = CARTESIAN_POINT('',(209.97283250824,198.98269934121,
    8.70826182183));
#2049 = CARTESIAN_POINT('',(209.41405977508,198.67090722297,
    8.650418092156));
#2050 = CARTESIAN_POINT('',(209.03535635826,198.60647544172,
    8.606178524959));
#2051 = CARTESIAN_POINT('',(208.90755802674,198.60072397684,
    8.590203316297));
#2052 = ADVANCED_FACE('',(#2053),#2083,.F.);
#2053 = FACE_BOUND('',#2054,.F.);
#2054 = EDGE_LOOP('',(#2055,#2065,#2074,#2082));
#2055 = ORIENTED_EDGE('',*,*,#2056,.F.);
#2056 = EDGE_CURVE('',#2057,#1878,#2059,.T.);
#2057 = VERTEX_POINT('',#2058);
#2058 = CARTESIAN_POINT('',(179.37124544762,211.01570640226,
    9.109058159045));
#2059 = B_SPLINE_CURVE_WITH_KNOTS('',3,(#2060,#2061,#2062,#2063,#2064),
  .UNSPECIFIED.,.F.,.F.,(4,1,4),(-10.67727234408,-4.575973861749,
    6.2147E-13),.UNSPECIFIED.);
#2060 = CARTESIAN_POINT('',(179.37124544762,211.01570640227,
    9.109058159046));
#2061 = CARTESIAN_POINT('',(179.37134677029,208.98490464024,
    9.038789047203));
#2062 = CARTESIAN_POINT('',(179.36949328008,205.42590581113,
    8.917151688767));
#2063 = CARTESIAN_POINT('',(179.3678943821,201.87060669867,
    8.795033957228));
#2064 = CARTESIAN_POINT('',(179.36814389327,200.34472035295,
    8.742737626137));
#2065 = ORIENTED_EDGE('',*,*,#2066,.T.);
#2066 = EDGE_CURVE('',#2057,#2067,#2069,.T.);
#2067 = VERTEX_POINT('',#2068);
#2068 = CARTESIAN_POINT('',(179.62847356186,211.0096727236,
    9.282314416825));
#2069 = CIRCLE('',#2070,0.25);
#2070 = AXIS2_PLACEMENT_3D('',#2071,#2072,#2073);
#2071 = CARTESIAN_POINT('',(179.60944113838,211.01834342375,
    9.033190781223));
#2072 = DIRECTION('',(1.445068966705E-05,0.999394900696,
    3.478264300897E-02));
#2073 = DIRECTION('',(-0.952782763069,-1.054808594668E-02,0.303469511288
    ));
#2074 = ORIENTED_EDGE('',*,*,#2075,.F.);
#2075 = EDGE_CURVE('',#1857,#2067,#2076,.T.);
#2076 = B_SPLINE_CURVE_WITH_KNOTS('',3,(#2077,#2078,#2079,#2080,#2081),
  .UNSPECIFIED.,.F.,.F.,(4,1,4),(-6.2147E-13,4.575973861749,
    10.677272344082),.UNSPECIFIED.);
#2077 = CARTESIAN_POINT('',(179.62382088856,200.33885029538,
    8.911274004565));
#2078 = CARTESIAN_POINT('',(179.62384710881,201.86325195411,
    8.964328506879));
#2079 = CARTESIAN_POINT('',(179.62593668044,205.42019405542,
    9.087967507559));
#2080 = CARTESIAN_POINT('',(179.62844420899,208.97713719337,
    9.211574651708));
#2081 = CARTESIAN_POINT('',(179.62847356186,211.0096727236,
    9.282314416826));
#2082 = ORIENTED_EDGE('',*,*,#1889,.T.);
#2083 = B_SPLINE_SURFACE_WITH_KNOTS('',3,3,(
    (#2084,#2085,#2086,#2087,#2088)
    ,(#2089,#2090,#2091,#2092,#2093)
    ,(#2094,#2095,#2096,#2097,#2098)
    ,(#2099,#2100,#2101,#2102,#2103)
    ,(#2104,#2105,#2106,#2107,#2108
  )),.UNSPECIFIED.,.F.,.F.,.F.,(4,1,4),(4,1,4),(0.,0.571428571429,1.),(
    -6.2147E-13,4.575973861749,10.677272344082),.UNSPECIFIED.);
#2084 = CARTESIAN_POINT('',(179.62382088856,200.33885029538,
    8.911274004565));
#2085 = CARTESIAN_POINT('',(179.62384710881,201.86325195411,
    8.964328506879));
#2086 = CARTESIAN_POINT('',(179.62593668044,205.42019405542,
    9.087967507559));
#2087 = CARTESIAN_POINT('',(179.62844420899,208.97713719337,
    9.211574651708));
#2088 = CARTESIAN_POINT('',(179.62847356186,211.0096727236,
    9.282314416826));
#2089 = CARTESIAN_POINT('',(179.56121230631,200.33868505304,
    8.916052851741));
#2090 = CARTESIAN_POINT('',(179.56107471004,201.86346472601,
    8.969137137344));
#2091 = CARTESIAN_POINT('',(179.56287190462,205.41996495467,
    9.092781359397));
#2092 = CARTESIAN_POINT('',(179.56497475338,208.97742863483,
    9.216431550832));
#2093 = CARTESIAN_POINT('',(179.56492159638,211.00950486653,
    9.287163786008));
#2094 = CARTESIAN_POINT('',(179.44894917642,200.33990514244,
    8.881051879127));
#2095 = CARTESIAN_POINT('',(179.44851910755,201.86534887449,
    8.933940015825));
#2096 = CARTESIAN_POINT('',(179.44978585191,205.42109772446,
    9.057171128789));
#2097 = CARTESIAN_POINT('',(179.45115095779,208.97948368587,
    9.180313847168));
#2098 = CARTESIAN_POINT('',(179.450950724,211.01076842153,9.250905947131
    ));
#2099 = CARTESIAN_POINT('',(179.38333341799,200.3431696195,
    8.787286945956));
#2100 = CARTESIAN_POINT('',(179.38296969423,201.86898004026,
    8.839747728277));
#2101 = CARTESIAN_POINT('',(179.38436298449,205.42434910288,
    8.962170053054));
#2102 = CARTESIAN_POINT('',(179.38592253847,208.98324478886,
    9.084221148286));
#2103 = CARTESIAN_POINT('',(179.38576087036,211.01412199665,
    9.154576181877));
#2104 = CARTESIAN_POINT('',(179.36814389327,200.34472035295,
    8.742737626137));
#2105 = CARTESIAN_POINT('',(179.3678943821,201.87060669867,
    8.795033957228));
#2106 = CARTESIAN_POINT('',(179.36949328008,205.42590581113,
    8.917151688767));
#2107 = CARTESIAN_POINT('',(179.37134677029,208.98490464024,
    9.038789047203));
#2108 = CARTESIAN_POINT('',(179.37124544762,211.01570640227,
    9.109058159046));
#2109 = ADVANCED_FACE('',(#2110),#2155,.T.);
#2110 = FACE_BOUND('',#2111,.T.);
#2111 = EDGE_LOOP('',(#2112,#2113,#2114,#2115,#2125,#2136,#2145,#2154));
#2112 = ORIENTED_EDGE('',*,*,#1854,.F.);
#2113 = ORIENTED_EDGE('',*,*,#1936,.F.);
#2114 = ORIENTED_EDGE('',*,*,#1997,.F.);
#2115 = ORIENTED_EDGE('',*,*,#2116,.F.);
#2116 = EDGE_CURVE('',#2117,#1998,#2119,.T.);
#2117 = VERTEX_POINT('',#2118);
#2118 = CARTESIAN_POINT('',(210.31174149155,211.00967271456,
    9.282314450665));
#2119 = B_SPLINE_CURVE_WITH_KNOTS('',3,(#2120,#2121,#2122,#2123,#2124),
  .UNSPECIFIED.,.F.,.F.,(4,1,4),(4.031E-14,6.101298476769,
    10.677272334345),.UNSPECIFIED.);
#2120 = CARTESIAN_POINT('',(210.31174149155,211.0096727146,
    9.282314450667));
#2121 = CARTESIAN_POINT('',(210.31177084629,208.97713718639,
    9.211574679981));
#2122 = CARTESIAN_POINT('',(210.31427837765,205.42019405205,
    9.087967526059));
#2123 = CARTESIAN_POINT('',(210.31636795292,201.86325195433,
    8.964328515662));
#2124 = CARTESIAN_POINT('',(210.31639417468,200.3388502971,
    8.911274009178));
#2125 = ORIENTED_EDGE('',*,*,#2126,.F.);
#2126 = EDGE_CURVE('',#2127,#2117,#2129,.T.);
#2127 = VERTEX_POINT('',#2128);
#2128 = CARTESIAN_POINT('',(208.91741710815,212.48397545699,
    9.231970740738));
#2129 = B_SPLINE_CURVE_WITH_KNOTS('',3,(#2130,#2131,#2132,#2133,#2134,
    #2135),.UNSPECIFIED.,.F.,.F.,(4,1,1,4),(0.,0.643244293026,
    1.286488586051,2.25135502559),.UNSPECIFIED.);
#2130 = CARTESIAN_POINT('',(208.91741710815,212.48397545699,
    9.231970740738));
#2131 = CARTESIAN_POINT('',(209.13105140283,212.48271611122,
    9.246757192489));
#2132 = CARTESIAN_POINT('',(209.55632667241,212.37130205454,
    9.273130268036));
#2133 = CARTESIAN_POINT('',(210.13545947928,211.86587487178,
    9.298519376949));
#2134 = CARTESIAN_POINT('',(210.31173684935,211.33110024769,
    9.293501320301));
#2135 = CARTESIAN_POINT('',(210.31174149155,211.00967271457,
    9.282314450665));
#2136 = ORIENTED_EDGE('',*,*,#2137,.F.);
#2137 = EDGE_CURVE('',#2138,#2127,#2140,.T.);
#2138 = VERTEX_POINT('',#2139);
#2139 = CARTESIAN_POINT('',(181.02279793963,212.48397546054,
    9.231970706417));
#2140 = B_SPLINE_CURVE_WITH_KNOTS('',3,(#2141,#2142,#2143,#2144),
  .UNSPECIFIED.,.F.,.F.,(4,4),(0.,27.951604568848),
  .PIECEWISE_BEZIER_KNOTS.);
#2141 = CARTESIAN_POINT('',(181.02279793963,212.48397546054,
    9.231970706417));
#2142 = CARTESIAN_POINT('',(190.30608485421,212.53869920021,
    8.589438713311));
#2143 = CARTESIAN_POINT('',(199.63413019515,212.538699199,8.589438724871
    ));
#2144 = CARTESIAN_POINT('',(208.91741710814,212.48397545697,
    9.231970740738));
#2145 = ORIENTED_EDGE('',*,*,#2146,.F.);
#2146 = EDGE_CURVE('',#2067,#2138,#2147,.T.);
#2147 = B_SPLINE_CURVE_WITH_KNOTS('',3,(#2148,#2149,#2150,#2151,#2152,
    #2153),.UNSPECIFIED.,.F.,.F.,(4,1,1,4),(0.,0.964877492952,
    1.60812915492,2.251380816888),.UNSPECIFIED.);
#2148 = CARTESIAN_POINT('',(179.62847356186,211.0096727236,
    9.282314416826));
#2149 = CARTESIAN_POINT('',(179.62847820381,211.33110393901,
    9.293501413727));
#2150 = CARTESIAN_POINT('',(179.80474581389,211.86585960791,
    9.298519545924));
#2151 = CARTESIAN_POINT('',(180.38388293117,212.3713063127,
    9.273130764421));
#2152 = CARTESIAN_POINT('',(180.80916119754,212.48271610041,
    9.246757327036));
#2153 = CARTESIAN_POINT('',(181.02279793963,212.48397546054,
    9.231970706417));
#2154 = ORIENTED_EDGE('',*,*,#2075,.F.);
#2155 = ( BOUNDED_SURFACE() B_SPLINE_SURFACE(1,2,(
    (#2156,#2157,#2158)
    ,(#2159,#2160,#2161
)),.UNSPECIFIED.,.F.,.F.,.F.) B_SPLINE_SURFACE_WITH_KNOTS((2,2),(3,3),(
    -1.501E-14,0.212812959795),(-1.812E-14,0.208817963279),
.PIECEWISE_BEZIER_KNOTS.) GEOMETRIC_REPRESENTATION_ITEM() 
RATIONAL_B_SPLINE_SURFACE((
    (1.,0.994554332017,1.)
,(1.,0.994554332017,1.))) REPRESENTATION_ITEM('') SURFACE() );
#2156 = CARTESIAN_POINT('',(174.88262297281,225.68011905366,
    10.212004077108));
#2157 = CARTESIAN_POINT('',(195.89470758354,225.75333812715,
    8.108309649362));
#2158 = CARTESIAN_POINT('',(216.88670676236,225.67345272595,
    10.403561218582));
#2159 = CARTESIAN_POINT('',(174.88262377071,182.82006531138,
    8.72026810177));
#2160 = CARTESIAN_POINT('',(195.89470838145,182.89328438487,
    6.616573674023));
#2161 = CARTESIAN_POINT('',(216.88670756027,182.81339898367,
    8.911825243244));
#2162 = ADVANCED_FACE('',(#2163),#2191,.F.);
#2163 = FACE_BOUND('',#2164,.F.);
#2164 = EDGE_LOOP('',(#2165,#2166,#2175,#2184));
#2165 = ORIENTED_EDGE('',*,*,#2126,.F.);
#2166 = ORIENTED_EDGE('',*,*,#2167,.F.);
#2167 = EDGE_CURVE('',#2168,#2127,#2170,.T.);
#2168 = VERTEX_POINT('',#2169);
#2169 = CARTESIAN_POINT('',(208.9347197704,212.74175004362,
    9.003921102989));
#2170 = CIRCLE('',#2171,0.25);
#2171 = AXIS2_PLACEMENT_3D('',#2172,#2173,#2174);
#2172 = CARTESIAN_POINT('',(208.9347197704,212.49265054181,
    8.982721145388));
#2173 = DIRECTION('',(0.997596058147,-5.876392545534E-03,
    6.904761242085E-02));
#2174 = DIRECTION('',(-9.62781937508E-13,0.996398007206,
    8.479983040111E-02));
#2175 = ORIENTED_EDGE('',*,*,#2176,.F.);
#2176 = EDGE_CURVE('',#1819,#2168,#2177,.T.);
#2177 = B_SPLINE_CURVE_WITH_KNOTS('',3,(#2178,#2179,#2180,#2181,#2182,
    #2183),.UNSPECIFIED.,.F.,.F.,(4,1,1,4),(-2.25135502559,
    -1.286488586051,-0.643244293026,0.),.UNSPECIFIED.);
#2178 = CARTESIAN_POINT('',(210.56896960634,211.01570639394,
    9.109058192952));
#2179 = CARTESIAN_POINT('',(210.56579907023,211.38903663954,
    9.131988838117));
#2180 = CARTESIAN_POINT('',(210.36006783119,212.00514704101,
    9.143117886566));
#2181 = CARTESIAN_POINT('',(209.69040999476,212.60039835166,
    9.095042638158));
#2182 = CARTESIAN_POINT('',(209.18859347984,212.73887311685,
    9.03772499251));
#2183 = CARTESIAN_POINT('',(208.9347197704,212.74175004362,
    9.003921102989));
#2184 = ORIENTED_EDGE('',*,*,#2185,.F.);
#2185 = EDGE_CURVE('',#2117,#1819,#2186,.T.);
#2186 = CIRCLE('',#2187,0.25);
#2187 = AXIS2_PLACEMENT_3D('',#2188,#2189,#2190);
#2188 = CARTESIAN_POINT('',(210.33077391558,211.01834341542,
    9.03319081513));
#2189 = DIRECTION('',(-1.44515687086E-05,0.999394900599,
    3.478264578122E-02));
#2190 = DIRECTION('',(-7.612969611203E-02,-3.468280341931E-02,
    0.996494542141));
#2191 = B_SPLINE_SURFACE_WITH_KNOTS('',3,3,(
    (#2192,#2193,#2194,#2195,#2196,#2197)
    ,(#2198,#2199,#2200,#2201,#2202,#2203)
    ,(#2204,#2205,#2206,#2207,#2208,#2209)
    ,(#2210,#2211,#2212,#2213,#2214,#2215)
    ,(#2216,#2217,#2218,#2219,#2220,#2221
    )),.UNSPECIFIED.,.F.,.F.,.F.,(4,1,4),(4,1,1,4),(0.,0.571428571429,1.
    ),(0.,0.643244293026,1.286488586051,2.25135502559),.UNSPECIFIED.);
#2192 = CARTESIAN_POINT('',(208.91741710815,212.48397545699,
    9.231970740738));
#2193 = CARTESIAN_POINT('',(209.13105140283,212.48271611122,
    9.246757192489));
#2194 = CARTESIAN_POINT('',(209.55632667241,212.37130205454,
    9.273130268036));
#2195 = CARTESIAN_POINT('',(210.13545947928,211.86587487178,
    9.298519376949));
#2196 = CARTESIAN_POINT('',(210.31173684935,211.33110024769,
    9.293501320301));
#2197 = CARTESIAN_POINT('',(210.31174149155,211.00967271457,
    9.282314450665));
#2198 = CARTESIAN_POINT('',(208.91766788017,212.55634990468,
    9.234507127992));
#2199 = CARTESIAN_POINT('',(209.14326998159,212.55187015949,
    9.249894465098));
#2200 = CARTESIAN_POINT('',(209.58838808759,212.42947441409,
    9.27729213813));
#2201 = CARTESIAN_POINT('',(210.18917716561,211.89938649193,
    9.303485080357));
#2202 = CARTESIAN_POINT('',(210.37328969797,211.34466002595,
    9.298622780156));
#2203 = CARTESIAN_POINT('',(210.37529345712,211.00950485753,
    9.287163819999));
#2204 = CARTESIAN_POINT('',(208.92216785986,212.68379675996,
    9.180338213025));
#2205 = CARTESIAN_POINT('',(209.16804742756,212.67392780907,9.2024032071
    ));
#2206 = CARTESIAN_POINT('',(209.64732656497,212.5323711536,
    9.239584349065));
#2207 = CARTESIAN_POINT('',(210.2855963992,211.95943395642,
    9.272551420357));
#2208 = CARTESIAN_POINT('',(210.48370201846,211.36960531127,
    9.265876945488));
#2209 = CARTESIAN_POINT('',(210.489268702,211.01076966185,9.250870092503
    ));
#2210 = CARTESIAN_POINT('',(208.9309559276,212.73715525677,
    9.057909848442));
#2211 = CARTESIAN_POINT('',(209.18451144415,212.73092891484,
    9.089105573816));
#2212 = CARTESIAN_POINT('',(209.68235299702,212.58865659418,
    9.141344056221));
#2213 = CARTESIAN_POINT('',(210.34510171527,211.99593682884,
    9.185311911621));
#2214 = CARTESIAN_POINT('',(210.54982284845,211.3851795805,
    9.175412505334));
#2215 = CARTESIAN_POINT('',(210.55445418358,211.01412198817,
    9.154576215854));
#2216 = CARTESIAN_POINT('',(208.9347197704,212.74175004362,
    9.003921102989));
#2217 = CARTESIAN_POINT('',(209.18859347984,212.73887311685,
    9.03772499251));
#2218 = CARTESIAN_POINT('',(209.69040999476,212.60039835166,
    9.095042638158));
#2219 = CARTESIAN_POINT('',(210.36006783119,212.00514704101,
    9.143117886566));
#2220 = CARTESIAN_POINT('',(210.56579907023,211.38903663954,
    9.131988838117));
#2221 = CARTESIAN_POINT('',(210.56896960634,211.01570639394,
    9.109058192952));
#2222 = ADVANCED_FACE('',(#2223),#2243,.F.);
#2223 = FACE_BOUND('',#2224,.F.);
#2224 = EDGE_LOOP('',(#2225,#2226,#2235,#2242));
#2225 = ORIENTED_EDGE('',*,*,#2137,.F.);
#2226 = ORIENTED_EDGE('',*,*,#2227,.F.);
#2227 = EDGE_CURVE('',#2228,#2138,#2230,.T.);
#2228 = VERTEX_POINT('',#2229);
#2229 = CARTESIAN_POINT('',(181.00549527799,212.74175004653,
    9.003921068604));
#2230 = CIRCLE('',#2231,0.25);
#2231 = AXIS2_PLACEMENT_3D('',#2232,#2233,#2234);
#2232 = CARTESIAN_POINT('',(181.00549527799,212.49265054473,
    8.982721111002));
#2233 = DIRECTION('',(0.997596058317,5.876392342457E-03,
    -6.90476099732E-02));
#2234 = DIRECTION('',(-3.993248440248E-12,0.996398007206,
    8.479983040502E-02));
#2235 = ORIENTED_EDGE('',*,*,#2236,.F.);
#2236 = EDGE_CURVE('',#2168,#2228,#2237,.T.);
#2237 = B_SPLINE_CURVE_WITH_KNOTS('',3,(#2238,#2239,#2240,#2241),
  .UNSPECIFIED.,.F.,.F.,(4,4),(-27.95160456884,0.),
  .PIECEWISE_BEZIER_KNOTS.);
#2238 = CARTESIAN_POINT('',(208.9347197704,212.7417500436,9.003921102988
    ));
#2239 = CARTESIAN_POINT('',(199.63991625815,212.79650157719,
    8.360590583385));
#2240 = CARTESIAN_POINT('',(190.30029879183,212.79650157818,
    8.360590571804));
#2241 = CARTESIAN_POINT('',(181.00549527799,212.74175004653,
    9.003921068603));
#2242 = ORIENTED_EDGE('',*,*,#2167,.T.);
#2243 = B_SPLINE_SURFACE_WITH_KNOTS('',3,3,(
    (#2244,#2245,#2246,#2247)
    ,(#2248,#2249,#2250,#2251)
    ,(#2252,#2253,#2254,#2255)
    ,(#2256,#2257,#2258,#2259)
    ,(#2260,#2261,#2262,#2263
  )),.UNSPECIFIED.,.F.,.F.,.F.,(4,1,4),(4,4),(0.,0.571428571429,1.),(0.,
    27.951604568848),.UNSPECIFIED.);
#2244 = CARTESIAN_POINT('',(181.02279793963,212.48397546054,
    9.231970706417));
#2245 = CARTESIAN_POINT('',(190.30608485421,212.53869920021,
    8.589438713311));
#2246 = CARTESIAN_POINT('',(199.63413019515,212.538699199,8.589438724871
    ));
#2247 = CARTESIAN_POINT('',(208.91741710814,212.48397545697,
    9.231970740738));
#2248 = CARTESIAN_POINT('',(181.0225471676,212.55634990812,9.23450709348
    ));
#2249 = CARTESIAN_POINT('',(190.30596795553,212.61106719292,
    8.591953602901));
#2250 = CARTESIAN_POINT('',(199.63424709385,212.61106719174,
    8.591953614521));
#2251 = CARTESIAN_POINT('',(208.91766788017,212.55634990466,
    9.234507127992));
#2252 = CARTESIAN_POINT('',(181.01804718807,212.68379676304,
    9.180338178371));
#2253 = CARTESIAN_POINT('',(190.30449699614,212.73851006882,
    8.537567612565));
#2254 = CARTESIAN_POINT('',(199.63571805339,212.73851006777,
    8.537567624235));
#2255 = CARTESIAN_POINT('',(208.92216785985,212.68379675992,
    9.180338213018));
#2256 = CARTESIAN_POINT('',(181.00925912065,212.73715525969,
    9.057909813974));
#2257 = CARTESIAN_POINT('',(190.30156298844,212.79189246009,
    8.414746661503));
#2258 = CARTESIAN_POINT('',(199.63865206141,212.79189245909,
    8.414746673113));
#2259 = CARTESIAN_POINT('',(208.9309559276,212.73715525675,
    9.057909848442));
#2260 = CARTESIAN_POINT('',(181.00549527799,212.74175004653,
    9.003921068603));
#2261 = CARTESIAN_POINT('',(190.30029879183,212.79650157818,
    8.360590571804));
#2262 = CARTESIAN_POINT('',(199.63991625815,212.79650157719,
    8.360590583385));
#2263 = CARTESIAN_POINT('',(208.9347197704,212.7417500436,9.003921102988
    ));
#2264 = ADVANCED_FACE('',(#2265),#2271,.F.);
#2265 = FACE_BOUND('',#2266,.F.);
#2266 = EDGE_LOOP('',(#2267,#2268,#2269,#2270));
#2267 = ORIENTED_EDGE('',*,*,#2116,.F.);
#2268 = ORIENTED_EDGE('',*,*,#2185,.T.);
#2269 = ORIENTED_EDGE('',*,*,#1826,.F.);
#2270 = ORIENTED_EDGE('',*,*,#2009,.F.);
#2271 = B_SPLINE_SURFACE_WITH_KNOTS('',3,3,(
    (#2272,#2273,#2274,#2275,#2276)
    ,(#2277,#2278,#2279,#2280,#2281)
    ,(#2282,#2283,#2284,#2285,#2286)
    ,(#2287,#2288,#2289,#2290,#2291)
    ,(#2292,#2293,#2294,#2295,#2296
  )),.UNSPECIFIED.,.F.,.F.,.F.,(4,1,4),(4,1,4),(0.,0.571428571429,1.),(
    4.031E-14,6.101298476769,10.677272334345),.UNSPECIFIED.);
#2272 = CARTESIAN_POINT('',(210.31174149155,211.0096727146,
    9.282314450667));
#2273 = CARTESIAN_POINT('',(210.31177084629,208.97713718639,
    9.211574679981));
#2274 = CARTESIAN_POINT('',(210.31427837765,205.42019405205,
    9.087967526059));
#2275 = CARTESIAN_POINT('',(210.31636795292,201.86325195433,
    8.964328515662));
#2276 = CARTESIAN_POINT('',(210.31639417468,200.3388502971,
    8.911274009178));
#2277 = CARTESIAN_POINT('',(210.37529345712,211.00950485756,9.28716382)
  );
#2278 = CARTESIAN_POINT('',(210.37524030199,208.97742862781,
    9.216431579231));
#2279 = CARTESIAN_POINT('',(210.37734315343,205.41996495067,
    9.092781377941));
#2280 = CARTESIAN_POINT('',(210.37914035171,201.86346472627,
    8.969137146167));
#2281 = CARTESIAN_POINT('',(210.37900275694,200.33868505481,
    8.916052856375));
#2282 = CARTESIAN_POINT('',(210.48926432977,211.01076841275,
    9.250905981245));
#2283 = CARTESIAN_POINT('',(210.48906409783,208.97948367893,
    9.180313875652));
#2284 = CARTESIAN_POINT('',(210.49042920614,205.42109771948,
    9.057171147486));
#2285 = CARTESIAN_POINT('',(210.49169595426,201.86534887494,
    8.93394002469));
#2286 = CARTESIAN_POINT('',(210.49126588686,200.33990514442,
    8.881051883785));
#2287 = CARTESIAN_POINT('',(210.55445418358,211.01412198821,
    9.154576215855));
#2288 = CARTESIAN_POINT('',(210.55429251728,208.98324478219,
    9.084221176628));
#2289 = CARTESIAN_POINT('',(210.55585207368,205.42434909759,8.9621700719
    ));
#2290 = CARTESIAN_POINT('',(210.55724536762,201.86898004102,
    8.839747737125));
#2291 = CARTESIAN_POINT('',(210.55688164532,200.34316962179,
    8.787286950605));
#2292 = CARTESIAN_POINT('',(210.56896960634,211.01570639397,
    9.109058192953));
#2293 = CARTESIAN_POINT('',(210.56886828548,208.9849046337,
    9.038789075474));
#2294 = CARTESIAN_POINT('',(210.57072177816,205.42590580587,
    8.917151707661));
#2295 = CARTESIAN_POINT('',(210.57232067977,201.87060669956,
    8.795033966065));
#2296 = CARTESIAN_POINT('',(210.57207117004,200.34472035538,
    8.742737630782));
#2297 = ADVANCED_FACE('',(#2298),#2312,.F.);
#2298 = FACE_BOUND('',#2299,.F.);
#2299 = EDGE_LOOP('',(#2300,#2301,#2302,#2311));
#2300 = ORIENTED_EDGE('',*,*,#2146,.F.);
#2301 = ORIENTED_EDGE('',*,*,#2066,.F.);
#2302 = ORIENTED_EDGE('',*,*,#2303,.F.);
#2303 = EDGE_CURVE('',#2228,#2057,#2304,.T.);
#2304 = B_SPLINE_CURVE_WITH_KNOTS('',3,(#2305,#2306,#2307,#2308,#2309,
    #2310),.UNSPECIFIED.,.F.,.F.,(4,1,1,4),(-2.251380816888,
    -1.60812915492,-0.964877492952,0.),.UNSPECIFIED.);
#2305 = CARTESIAN_POINT('',(181.00549527799,212.74175004653,
    9.003921068603));
#2306 = CARTESIAN_POINT('',(180.75161866005,212.73887308685,
    9.03772534491));
#2307 = CARTESIAN_POINT('',(180.24979868745,212.60040310448,
    9.095043720023));
#2308 = CARTESIAN_POINT('',(179.5801359439,212.005129326,9.143118192643)
  );
#2309 = CARTESIAN_POINT('',(179.37441601979,211.38904092492,
    9.131989066049));
#2310 = CARTESIAN_POINT('',(179.37124544762,211.01570640227,
    9.109058159046));
#2311 = ORIENTED_EDGE('',*,*,#2227,.T.);
#2312 = B_SPLINE_SURFACE_WITH_KNOTS('',3,3,(
    (#2313,#2314,#2315,#2316,#2317,#2318)
    ,(#2319,#2320,#2321,#2322,#2323,#2324)
    ,(#2325,#2326,#2327,#2328,#2329,#2330)
    ,(#2331,#2332,#2333,#2334,#2335,#2336)
    ,(#2337,#2338,#2339,#2340,#2341,#2342
    )),.UNSPECIFIED.,.F.,.F.,.F.,(4,1,4),(4,1,1,4),(0.,0.571428571429,1.
    ),(0.,0.964877492952,1.60812915492,2.251380816888),.UNSPECIFIED.);
#2313 = CARTESIAN_POINT('',(179.62847356186,211.0096727236,
    9.282314416826));
#2314 = CARTESIAN_POINT('',(179.62847820381,211.33110393901,
    9.293501413727));
#2315 = CARTESIAN_POINT('',(179.80474581389,211.86585960791,
    9.298519545924));
#2316 = CARTESIAN_POINT('',(180.38388293117,212.3713063127,
    9.273130764421));
#2317 = CARTESIAN_POINT('',(180.80916119754,212.48271610041,
    9.246757327036));
#2318 = CARTESIAN_POINT('',(181.02279793963,212.48397546054,
    9.231970706417));
#2319 = CARTESIAN_POINT('',(179.56492159638,211.00950486653,
    9.287163786008));
#2320 = CARTESIAN_POINT('',(179.56692537822,211.34466387453,
    9.298622876508));
#2321 = CARTESIAN_POINT('',(179.75102774898,211.8993705999,
    9.303485257823));
#2322 = CARTESIAN_POINT('',(180.35182129475,212.42947874179,
    9.277292649917));
#2323 = CARTESIAN_POINT('',(180.79694248167,212.55187011164,
    9.249894606312));
#2324 = CARTESIAN_POINT('',(181.0225471676,212.55634990812,9.23450709348
    ));
#2325 = CARTESIAN_POINT('',(179.45094635178,211.01076967065,
    9.250870058389));
#2326 = CARTESIAN_POINT('',(179.45651309887,211.36960943097,
    9.265877082344));
#2327 = CARTESIAN_POINT('',(179.65460785811,211.95941697356,
    9.272551642582));
#2328 = CARTESIAN_POINT('',(180.29288244108,212.53237560293,
    9.239585041524));
#2329 = CARTESIAN_POINT('',(180.77216480352,212.67392769908,
    9.202403424669));
#2330 = CARTESIAN_POINT('',(181.01804718807,212.68379676304,
    9.18033817837));
#2331 = CARTESIAN_POINT('',(179.38576087036,211.01412199665,
    9.154576181877));
#2332 = CARTESIAN_POINT('',(179.3903922583,211.38518383996,
    9.175412709171));
#2333 = CARTESIAN_POINT('',(179.59510215398,211.99591924277,
    9.185312196073));
#2334 = CARTESIAN_POINT('',(180.25785575867,212.58866124653,
    9.141345036833));
#2335 = CARTESIAN_POINT('',(180.75570069927,212.73092884645,
    9.08910589623));
#2336 = CARTESIAN_POINT('',(181.00925912065,212.73715525969,
    9.057909813975));
#2337 = CARTESIAN_POINT('',(179.37124544762,211.01570640227,
    9.109058159046));
#2338 = CARTESIAN_POINT('',(179.37441601979,211.38904092492,
    9.131989066049));
#2339 = CARTESIAN_POINT('',(179.5801359439,212.005129326,9.143118192643)
  );
#2340 = CARTESIAN_POINT('',(180.24979868745,212.60040310448,
    9.095043720023));
#2341 = CARTESIAN_POINT('',(180.75161866005,212.73887308685,
    9.03772534491));
#2342 = CARTESIAN_POINT('',(181.00549527799,212.74175004653,
    9.003921068603));
#2343 = ADVANCED_FACE('',(#2344),#2370,.T.);
#2344 = FACE_BOUND('',#2345,.T.);
#2345 = EDGE_LOOP('',(#2346,#2354,#2355,#2363));
#2346 = ORIENTED_EDGE('',*,*,#2347,.F.);
#2347 = EDGE_CURVE('',#1869,#2348,#2350,.T.);
#2348 = VERTEX_POINT('',#2349);
#2349 = CARTESIAN_POINT('',(176.69510753241,195.50804120132,9.51E-11));
#2350 = LINE('',#2351,#2352);
#2351 = CARTESIAN_POINT('',(181.19510753243,198.71655155298,
    8.911924779805));
#2352 = VECTOR('',#2353,1.);
#2353 = DIRECTION('',(-0.429122651623,-0.305965437746,-0.849846398338));
#2354 = ORIENTED_EDGE('',*,*,#1877,.F.);
#2355 = ORIENTED_EDGE('',*,*,#2356,.T.);
#2356 = EDGE_CURVE('',#1878,#2357,#2359,.T.);
#2357 = VERTEX_POINT('',#2358);
#2358 = CARTESIAN_POINT('',(176.44510753241,195.75804120132,9.51E-11));
#2359 = LINE('',#2360,#2361);
#2360 = CARTESIAN_POINT('',(179.44510753243,200.46548775902,
    8.972934182341));
#2361 = VECTOR('',#2362,1.);
#2362 = DIRECTION('',(-0.283887319779,-0.445461462087,-0.849100745179));
#2363 = ORIENTED_EDGE('',*,*,#2364,.F.);
#2364 = EDGE_CURVE('',#2348,#2357,#2365,.T.);
#2365 = CIRCLE('',#2366,0.25);
#2366 = AXIS2_PLACEMENT_3D('',#2367,#2368,#2369);
#2367 = CARTESIAN_POINT('',(176.69510753241,195.75804120132,9.509993E-11
    ));
#2368 = DIRECTION('',(0.,0.,-1.));
#2369 = DIRECTION('',(-1.,-7.11E-15,-0.));
#2370 = B_SPLINE_SURFACE_WITH_KNOTS('',3,3,(
    (#2371,#2372,#2373,#2374)
    ,(#2375,#2376,#2377,#2378)
    ,(#2379,#2380,#2381,#2382)
    ,(#2383,#2384,#2385,#2386)
    ,(#2387,#2388,#2389,#2390)
    ,(#2391,#2392,#2393,#2394)
    ,(#2395,#2396,#2397,#2398
    )),.UNSPECIFIED.,.F.,.F.,.F.,(4,1,1,1,4),(4,4),(-1.29E-15,
    0.285714285714,0.428571428571,0.714285714286,1.),(2.242436529161E-02
    ,1.),.UNSPECIFIED.);
#2371 = CARTESIAN_POINT('',(181.09419788862,198.64460274481,
    8.712080523093));
#2372 = CARTESIAN_POINT('',(179.62783443655,197.59908223032,
    5.808053682094));
#2373 = CARTESIAN_POINT('',(178.16147098448,196.55356171582,
    2.904026841095));
#2374 = CARTESIAN_POINT('',(176.69510753241,195.50804120132,9.509993E-11
    ));
#2375 = CARTESIAN_POINT('',(180.83743051662,198.64460274481,
    8.712080523093));
#2376 = CARTESIAN_POINT('',(179.44424683023,197.59923021851,
    5.80805970548));
#2377 = CARTESIAN_POINT('',(178.05089130626,196.55341372763,
    2.904020817709));
#2378 = CARTESIAN_POINT('',(176.65770761987,195.50804120132,9.509993E-11
    ));
#2379 = CARTESIAN_POINT('',(180.45278175774,198.73285244927,
    8.715148939946));
#2380 = CARTESIAN_POINT('',(179.16908936139,197.66222165701,
    5.810100065429));
#2381 = CARTESIAN_POINT('',(177.88537331069,196.59153395574,
    2.905048874612));
#2382 = CARTESIAN_POINT('',(176.60168091434,195.52090316349,9.510082E-11
    ));
#2383 = CARTESIAN_POINT('',(179.90555983067,199.07625958324,
    8.727089107269));
#2384 = CARTESIAN_POINT('',(178.77774743052,197.90788675015,
    5.818061955697));
#2385 = CARTESIAN_POINT('',(177.64978672227,196.73932590427,
    2.909027151667));
#2386 = CARTESIAN_POINT('',(176.52197432212,195.57095307117,9.509904E-11
    ));
#2387 = CARTESIAN_POINT('',(179.49502139974,199.59014099975,
    8.744956616384));
#2388 = CARTESIAN_POINT('',(178.48409970156,198.27542221,5.82997292087)
  );
#2389 = CARTESIAN_POINT('',(177.47309830811,196.96056756028,
    2.91498369561));
#2390 = CARTESIAN_POINT('',(176.46217660992,195.64584877053,9.509993E-11
    ));
#2391 = CARTESIAN_POINT('',(179.37783443655,200.10331446035,
    8.762799510076));
#2392 = CARTESIAN_POINT('',(178.40031101493,198.64236346206,
    5.841863900372));
#2393 = CARTESIAN_POINT('',(177.42263095403,197.18159228706,
    2.920935609799));
#2394 = CARTESIAN_POINT('',(176.44510753241,195.72064128878,9.509993E-11
    ));
#2395 = CARTESIAN_POINT('',(179.37783443655,200.35992625782,
    8.771721828501));
#2396 = CARTESIAN_POINT('',(178.40025880184,198.82596457233,
    5.847814552366));
#2397 = CARTESIAN_POINT('',(177.42268316712,197.29200288682,
    2.92390727623));
#2398 = CARTESIAN_POINT('',(176.44510753241,195.75804120132,9.509993E-11
    ));
#2399 = ADVANCED_FACE('',(#2400),#2418,.T.);
#2400 = FACE_BOUND('',#2401,.T.);
#2401 = EDGE_LOOP('',(#2402,#2410,#2411,#2412));
#2402 = ORIENTED_EDGE('',*,*,#2403,.F.);
#2403 = EDGE_CURVE('',#2357,#2404,#2406,.T.);
#2404 = VERTEX_POINT('',#2405);
#2405 = CARTESIAN_POINT('',(176.44510753241,213.25804120132,9.5101E-11)
  );
#2406 = LINE('',#2407,#2408);
#2407 = CARTESIAN_POINT('',(176.44510753241,213.25804120132,9.510082E-11
    ));
#2408 = VECTOR('',#2409,1.);
#2409 = DIRECTION('',(0.,1.,0.));
#2410 = ORIENTED_EDGE('',*,*,#2356,.F.);
#2411 = ORIENTED_EDGE('',*,*,#2056,.F.);
#2412 = ORIENTED_EDGE('',*,*,#2413,.T.);
#2413 = EDGE_CURVE('',#2057,#2404,#2414,.T.);
#2414 = LINE('',#2415,#2416);
#2415 = CARTESIAN_POINT('',(179.44510753243,210.95910499525,
    9.338990597559));
#2416 = VECTOR('',#2417,1.);
#2417 = DIRECTION('',(-0.29777228203,0.228186493439,-0.926964180682));
#2418 = B_SPLINE_SURFACE_WITH_KNOTS('',3,3,(
    (#2419,#2420,#2421,#2422)
    ,(#2423,#2424,#2425,#2426)
    ,(#2427,#2428,#2429,#2430)
    ,(#2431,#2432,#2433,#2434
    )),.UNSPECIFIED.,.F.,.F.,.F.,(4,4),(4,4),(-1.2E-15,1.),(
    2.461572661415E-02,1.),.PIECEWISE_BEZIER_KNOTS.);
#2419 = CARTESIAN_POINT('',(179.37126035258,200.34961054151,
    8.752058887584));
#2420 = CARTESIAN_POINT('',(178.39587607919,198.81908742811,
    5.834705925088));
#2421 = CARTESIAN_POINT('',(177.4204918058,197.28856431472,
    2.917352962592));
#2422 = CARTESIAN_POINT('',(176.44510753241,195.75804120132,9.510082E-11
    ));
#2423 = CARTESIAN_POINT('',(179.37126035258,201.24603196211,
    8.783217000242));
#2424 = CARTESIAN_POINT('',(178.39587607919,199.4603349398,
    5.855478000193));
#2425 = CARTESIAN_POINT('',(177.4204918058,197.67463791752,
    2.927739000144));
#2426 = CARTESIAN_POINT('',(176.44510753241,195.88894089522,9.510082E-11
    ));
#2427 = CARTESIAN_POINT('',(179.37126035258,210.1192735598,
    9.077946445502));
#2428 = CARTESIAN_POINT('',(178.39587607919,211.12189620901,
    6.051964297033));
#2429 = CARTESIAN_POINT('',(177.4204918058,212.12451885822,
    3.025982148564));
#2430 = CARTESIAN_POINT('',(176.44510753241,213.12714150743,9.510082E-11
    ));
#2431 = CARTESIAN_POINT('',(179.37126035258,211.0156949804,
    9.109104558159));
#2432 = CARTESIAN_POINT('',(178.39587607919,211.76314372071,
    6.072736372138));
#2433 = CARTESIAN_POINT('',(177.4204918058,212.51059246101,
    3.036368186117));
#2434 = CARTESIAN_POINT('',(176.44510753241,213.25804120132,9.510082E-11
    ));
#2435 = ADVANCED_FACE('',(#2436),#2455,.T.);
#2436 = FACE_BOUND('',#2437,.T.);
#2437 = EDGE_LOOP('',(#2438,#2439,#2447,#2454));
#2438 = ORIENTED_EDGE('',*,*,#2303,.F.);
#2439 = ORIENTED_EDGE('',*,*,#2440,.T.);
#2440 = EDGE_CURVE('',#2228,#2441,#2443,.T.);
#2441 = VERTEX_POINT('',#2442);
#2442 = CARTESIAN_POINT('',(176.69510753241,213.50804120132,9.51E-11));
#2443 = LINE('',#2444,#2445);
#2444 = CARTESIAN_POINT('',(181.19510753242,212.7080412013,
    9.400000000095));
#2445 = VECTOR('',#2446,1.);
#2446 = DIRECTION('',(-0.430528385913,7.65383797199E-02,-0.899325961681)
  );
#2447 = ORIENTED_EDGE('',*,*,#2448,.F.);
#2448 = EDGE_CURVE('',#2404,#2441,#2449,.T.);
#2449 = CIRCLE('',#2450,0.25);
#2450 = AXIS2_PLACEMENT_3D('',#2451,#2452,#2453);
#2451 = CARTESIAN_POINT('',(176.69510753241,213.25804120132,9.510082E-11
    ));
#2452 = DIRECTION('',(0.,0.,-1.));
#2453 = DIRECTION('',(-7.11E-15,1.,0.));
#2454 = ORIENTED_EDGE('',*,*,#2413,.F.);
#2455 = B_SPLINE_SURFACE_WITH_KNOTS('',3,3,(
    (#2456,#2457,#2458,#2459)
    ,(#2460,#2461,#2462,#2463)
    ,(#2464,#2465,#2466,#2467)
    ,(#2468,#2469,#2470,#2471)
    ,(#2472,#2473,#2474,#2475)
    ,(#2476,#2477,#2478,#2479)
    ,(#2480,#2481,#2482,#2483
    )),.UNSPECIFIED.,.F.,.F.,.F.,(4,1,1,1,4),(4,4),(-1.08E-15,
    0.285714285714,0.428571428571,0.714285714286,1.),(2.412053947565E-02
    ,1.),.UNSPECIFIED.);
#2456 = CARTESIAN_POINT('',(179.372745914,211.01455657676,9.11372910619)
  );
#2457 = CARTESIAN_POINT('',(178.39686645347,211.76238478495,
    6.075819404158));
#2458 = CARTESIAN_POINT('',(177.42098699294,212.51021299314,
    3.037909702127));
#2459 = CARTESIAN_POINT('',(176.44510753241,213.25804120132,9.510082E-11
    ));
#2460 = CARTESIAN_POINT('',(179.372745914,211.27078802358,9.122635943658
    ));
#2461 = CARTESIAN_POINT('',(178.39701428974,211.94561524775,
    6.081754970133));
#2462 = CARTESIAN_POINT('',(177.42083915667,212.62061388969,
    3.04088097362));
#2463 = CARTESIAN_POINT('',(176.44510753241,213.29544111387,9.510082E-11
    ));
#2464 = CARTESIAN_POINT('',(179.46091822435,211.65463394305,
    9.135978775929));
#2465 = CARTESIAN_POINT('',(178.45995426463,212.22023736963,
    6.090652197177));
#2466 = CARTESIAN_POINT('',(177.45893345429,212.7858643928,
    3.045326578848));
#2467 = CARTESIAN_POINT('',(176.45796949457,213.35146781939,9.509904E-11
    ));
#2468 = CARTESIAN_POINT('',(179.80402419358,212.20071370782,
    9.154961003793));
#2469 = CARTESIAN_POINT('',(178.70541853641,212.61081796049,
    6.103305328674));
#2470 = CARTESIAN_POINT('',(177.60662505943,213.02107015893,
    3.051655675215));
#2471 = CARTESIAN_POINT('',(176.50801940226,213.43117441159,9.509993E-11
    ));
#2472 = CARTESIAN_POINT('',(180.31745494101,212.61039526241,
    9.169201906172));
#2473 = CARTESIAN_POINT('',(179.07265356806,212.90389438268,
    6.112800192207));
#2474 = CARTESIAN_POINT('',(177.82771647457,213.19747300353,
    3.05640171406));
#2475 = CARTESIAN_POINT('',(176.58291510162,213.4909721238,9.509948E-11)
  );
#2476 = CARTESIAN_POINT('',(180.83017835339,212.72733763288,
    9.173266929024));
#2477 = CARTESIAN_POINT('',(179.43929489599,212.98752007017,
    6.115509166073));
#2478 = CARTESIAN_POINT('',(178.04859107726,213.24785876403,
    3.057757763046));
#2479 = CARTESIAN_POINT('',(176.65770761987,213.50804120132,9.510082E-11
    ));
#2480 = CARTESIAN_POINT('',(181.08656510479,212.72733763288,
    9.173266929024));
#2481 = CARTESIAN_POINT('',(179.62274591399,212.98757215569,
    6.115511286048));
#2482 = CARTESIAN_POINT('',(178.1589267232,213.24780667851,
    3.057755643071));
#2483 = CARTESIAN_POINT('',(176.69510753241,213.50804120132,9.510082E-11
    ));
#2484 = ADVANCED_FACE('',(#2485),#2503,.T.);
#2485 = FACE_BOUND('',#2486,.T.);
#2486 = EDGE_LOOP('',(#2487,#2495,#2496,#2497));
#2487 = ORIENTED_EDGE('',*,*,#2488,.F.);
#2488 = EDGE_CURVE('',#2441,#2489,#2491,.T.);
#2489 = VERTEX_POINT('',#2490);
#2490 = CARTESIAN_POINT('',(213.24510753241,213.50804120132,9.51E-11));
#2491 = LINE('',#2492,#2493);
#2492 = CARTESIAN_POINT('',(194.19510753241,213.50804120132,9.509993E-11
    ));
#2493 = VECTOR('',#2494,1.);
#2494 = DIRECTION('',(1.,0.,0.));
#2495 = ORIENTED_EDGE('',*,*,#2440,.F.);
#2496 = ORIENTED_EDGE('',*,*,#2236,.F.);
#2497 = ORIENTED_EDGE('',*,*,#2498,.T.);
#2498 = EDGE_CURVE('',#2168,#2489,#2499,.T.);
#2499 = LINE('',#2500,#2501);
#2500 = CARTESIAN_POINT('',(208.74510753242,212.70804120131,
    9.400000000096));
#2501 = VECTOR('',#2502,1.);
#2502 = DIRECTION('',(0.430528385911,7.653837971859E-02,-0.899325961682)
  );
#2503 = PLANE('',#2504);
#2504 = AXIS2_PLACEMENT_3D('',#2505,#2506,#2507);
#2505 = CARTESIAN_POINT('',(200.24510753242,212.7080412013,
    9.400000000095));
#2506 = DIRECTION('',(0.,0.996398007206,8.479983040311E-02));
#2507 = DIRECTION('',(0.,-8.479983040311E-02,0.996398007206));
#2508 = ADVANCED_FACE('',(#2509),#2521,.T.);
#2509 = FACE_BOUND('',#2510,.T.);
#2510 = EDGE_LOOP('',(#2511,#2512,#2513,#2520));
#2511 = ORIENTED_EDGE('',*,*,#2176,.F.);
#2512 = ORIENTED_EDGE('',*,*,#1818,.T.);
#2513 = ORIENTED_EDGE('',*,*,#2514,.F.);
#2514 = EDGE_CURVE('',#2489,#1811,#2515,.T.);
#2515 = CIRCLE('',#2516,0.25);
#2516 = AXIS2_PLACEMENT_3D('',#2517,#2518,#2519);
#2517 = CARTESIAN_POINT('',(213.24510753241,213.25804120132,9.509993E-11
    ));
#2518 = DIRECTION('',(0.,0.,-1.));
#2519 = DIRECTION('',(1.,7.11E-15,0.));
#2520 = ORIENTED_EDGE('',*,*,#2498,.F.);
#2521 = B_SPLINE_SURFACE_WITH_KNOTS('',3,3,(
    (#2522,#2523,#2524,#2525)
    ,(#2526,#2527,#2528,#2529)
    ,(#2530,#2531,#2532,#2533)
    ,(#2534,#2535,#2536,#2537)
    ,(#2538,#2539,#2540,#2541)
    ,(#2542,#2543,#2544,#2545)
    ,(#2546,#2547,#2548,#2549
    )),.UNSPECIFIED.,.F.,.F.,.F.,(4,1,1,1,4),(4,4),(0.,0.285714285714,
    0.571428571429,0.714285714286,1.),(2.3970357565E-02,1.),
  .UNSPECIFIED.);
#2522 = CARTESIAN_POINT('',(208.85297414147,212.72721748737,
    9.174678638985));
#2523 = CARTESIAN_POINT('',(210.31701860512,212.98749205869,
    6.116452426021));
#2524 = CARTESIAN_POINT('',(211.78106306876,213.24776663,3.058226213058)
  );
#2525 = CARTESIAN_POINT('',(213.24510753241,213.50804120132,9.509993E-11
    ));
#2526 = CARTESIAN_POINT('',(209.10939459361,212.72721748737,
    9.174678638985));
#2527 = CARTESIAN_POINT('',(210.5004920995,212.98743996514,6.11645030572
    ));
#2528 = CARTESIAN_POINT('',(211.89140993907,213.24781872355,
    3.058228333359));
#2529 = CARTESIAN_POINT('',(213.28250744496,213.50804120132,9.509993E-11
    ));
#2530 = CARTESIAN_POINT('',(209.6221854009,212.61025974704,
    9.170612990551));
#2531 = CARTESIAN_POINT('',(210.8671783412,212.90380403502,
    6.113740914961));
#2532 = CARTESIAN_POINT('',(212.1123070229,213.19742783582,
    3.056872075685));
#2533 = CARTESIAN_POINT('',(213.3572999632,213.4909721238,9.50986E-11));
#2534 = CARTESIAN_POINT('',(210.1356836362,212.20052434744,
    9.156369896584));
#2535 = CARTESIAN_POINT('',(211.23445836209,212.61069171266,
    6.104244590226));
#2536 = CARTESIAN_POINT('',(212.33342093666,213.02100704638,
    3.052125306453));
#2537 = CARTESIAN_POINT('',(213.43219566255,213.43117441159,9.509815E-11
    ));
#2538 = CARTESIAN_POINT('',(210.47883470499,211.65437281067,
    9.137384747471));
#2539 = CARTESIAN_POINT('',(211.47995270695,212.22006328018,
    6.091589511489));
#2540 = CARTESIAN_POINT('',(212.48112756828,212.78577734989,
    3.045795236077));
#2541 = CARTESIAN_POINT('',(213.48224557024,213.35146781939,9.509904E-11
    ));
#2542 = CARTESIAN_POINT('',(210.56701860512,211.27047644181,
    9.124039861818));
#2543 = CARTESIAN_POINT('',(211.54290038854,211.94540751779,
    6.082690915215));
#2544 = CARTESIAN_POINT('',(212.519225749,212.62051003789,3.041348946698
    ));
#2545 = CARTESIAN_POINT('',(213.49510753241,213.29544111387,9.509993E-11
    ));
#2546 = CARTESIAN_POINT('',(210.56701860512,211.01421131815,
    9.115131653642));
#2547 = CARTESIAN_POINT('',(211.54304824756,211.76215461255,
    6.076754435793));
#2548 = CARTESIAN_POINT('',(212.51907788998,212.51009790693,
    3.038377217944));
#2549 = CARTESIAN_POINT('',(213.49510753241,213.25804120132,9.509993E-11
    ));
#2550 = ADVANCED_FACE('',(#2551,#2574),#2580,.F.);
#2551 = FACE_BOUND('',#2552,.T.);
#2552 = EDGE_LOOP('',(#2553,#2554,#2555,#2556,#2565,#2571,#2572,#2573));
#2553 = ORIENTED_EDGE('',*,*,#2488,.T.);
#2554 = ORIENTED_EDGE('',*,*,#2514,.T.);
#2555 = ORIENTED_EDGE('',*,*,#1810,.T.);
#2556 = ORIENTED_EDGE('',*,*,#2557,.T.);
#2557 = EDGE_CURVE('',#1803,#2558,#2560,.T.);
#2558 = VERTEX_POINT('',#2559);
#2559 = CARTESIAN_POINT('',(213.24510753241,195.50804120132,9.51E-11));
#2560 = CIRCLE('',#2561,0.25);
#2561 = AXIS2_PLACEMENT_3D('',#2562,#2563,#2564);
#2562 = CARTESIAN_POINT('',(213.24510753241,195.75804120132,9.509993E-11
    ));
#2563 = DIRECTION('',(0.,0.,-1.));
#2564 = DIRECTION('',(7.11E-15,-1.,0.));
#2565 = ORIENTED_EDGE('',*,*,#2566,.T.);
#2566 = EDGE_CURVE('',#2558,#2348,#2567,.T.);
#2567 = LINE('',#2568,#2569);
#2568 = CARTESIAN_POINT('',(195.74510753241,195.50804120132,9.509993E-11
    ));
#2569 = VECTOR('',#2570,1.);
#2570 = DIRECTION('',(-1.,0.,0.));
#2571 = ORIENTED_EDGE('',*,*,#2364,.T.);
#2572 = ORIENTED_EDGE('',*,*,#2403,.T.);
#2573 = ORIENTED_EDGE('',*,*,#2448,.T.);
#2574 = FACE_BOUND('',#2575,.T.);
#2575 = EDGE_LOOP('',(#2576,#2577,#2578,#2579));
#2576 = ORIENTED_EDGE('',*,*,#417,.F.);
#2577 = ORIENTED_EDGE('',*,*,#540,.F.);
#2578 = ORIENTED_EDGE('',*,*,#1321,.T.);
#2579 = ORIENTED_EDGE('',*,*,#894,.F.);
#2580 = PLANE('',#2581);
#2581 = AXIS2_PLACEMENT_3D('',#2582,#2583,#2584);
#2582 = CARTESIAN_POINT('',(204.49510753241,204.50804120132,9.509993E-11
    ));
#2583 = DIRECTION('',(3.E-17,-1.E-17,1.));
#2584 = DIRECTION('',(1.,0.,-3.E-17));
#2585 = ADVANCED_FACE('',(#2586),#2597,.T.);
#2586 = FACE_BOUND('',#2587,.T.);
#2587 = EDGE_LOOP('',(#2588,#2589,#2595,#2596));
#2588 = ORIENTED_EDGE('',*,*,#1986,.F.);
#2589 = ORIENTED_EDGE('',*,*,#2590,.T.);
#2590 = EDGE_CURVE('',#1946,#2558,#2591,.T.);
#2591 = LINE('',#2592,#2593);
#2592 = CARTESIAN_POINT('',(208.74510753243,198.71655155298,
    8.911924779805));
#2593 = VECTOR('',#2594,1.);
#2594 = DIRECTION('',(0.429122651621,-0.305965437747,-0.849846398339));
#2595 = ORIENTED_EDGE('',*,*,#2557,.F.);
#2596 = ORIENTED_EDGE('',*,*,#1800,.F.);
#2597 = B_SPLINE_SURFACE_WITH_KNOTS('',3,3,(
    (#2598,#2599,#2600,#2601)
    ,(#2602,#2603,#2604,#2605)
    ,(#2606,#2607,#2608,#2609)
    ,(#2610,#2611,#2612,#2613)
    ,(#2614,#2615,#2616,#2617)
    ,(#2618,#2619,#2620,#2621)
    ,(#2622,#2623,#2624,#2625
    )),.UNSPECIFIED.,.F.,.F.,.F.,(4,1,1,1,4),(4,4),(-1.906E-14,
    0.285714285714,0.428571428571,0.714285714286,1.),(2.242436502072E-02
    ,1.),.UNSPECIFIED.);
#2598 = CARTESIAN_POINT('',(210.56238062749,200.3599262591,
    8.771721830932));
#2599 = CARTESIAN_POINT('',(211.53995626246,198.82596457317,
    5.847814553986));
#2600 = CARTESIAN_POINT('',(212.51753189744,197.29200288725,
    2.923907277041));
#2601 = CARTESIAN_POINT('',(213.49510753241,195.75804120132,9.509993E-11
    ));
#2602 = CARTESIAN_POINT('',(210.56238062749,200.10331446156,
    8.762799512505));
#2603 = CARTESIAN_POINT('',(211.53980816924,198.64248064254,
    5.841868671414));
#2604 = CARTESIAN_POINT('',(212.51767999066,197.1814751078,
    2.920930841185));
#2605 = CARTESIAN_POINT('',(213.49510753241,195.72064128878,9.509993E-11
    ));
#2606 = CARTESIAN_POINT('',(210.47407742041,199.71889876001,
    8.749433489077));
#2607 = CARTESIAN_POINT('',(211.47678115389,198.36747858028,
    5.832955980114));
#2608 = CARTESIAN_POINT('',(212.47954183677,197.01603476298,
    2.916477509059));
#2609 = CARTESIAN_POINT('',(213.48224557026,195.66461458324,9.510037E-11
    ));
#2610 = CARTESIAN_POINT('',(210.13046209092,199.17200839281,
    8.730418268235));
#2611 = CARTESIAN_POINT('',(211.23097723273,197.97635765985,
    5.82028085623));
#2612 = CARTESIAN_POINT('',(212.33168052075,196.78055872399,2.9101374121
    ));
#2613 = CARTESIAN_POINT('',(213.43219566256,195.58490799103,9.510037E-11
    ));
#2614 = CARTESIAN_POINT('',(209.61626912646,198.76171870568,
    8.716152613767));
#2615 = CARTESIAN_POINT('',(210.86323408658,197.6828757763,
    5.810769489689));
#2616 = CARTESIAN_POINT('',(212.11033500309,196.6039532082,
    2.905383124172));
#2617 = CARTESIAN_POINT('',(213.35729996321,195.52511027883,9.510037E-11
    ));
#2618 = CARTESIAN_POINT('',(209.10278454708,198.64460274569,
    8.712080525508));
#2619 = CARTESIAN_POINT('',(210.49608549667,197.59913440696,
    5.808055807363));
#2620 = CARTESIAN_POINT('',(211.88920649536,196.55350954005,
    2.90402471824));
#2621 = CARTESIAN_POINT('',(213.28250744496,195.50804120132,9.509993E-11
    ));
#2622 = CARTESIAN_POINT('',(208.84601717502,198.64460274569,
    8.712080525508));
#2623 = CARTESIAN_POINT('',(210.31238062749,197.5990822309,
    5.808053683703));
#2624 = CARTESIAN_POINT('',(211.77874407995,196.55356171611,
    2.904026841899));
#2625 = CARTESIAN_POINT('',(213.24510753241,195.50804120132,9.509993E-11
    ));
#2626 = ADVANCED_FACE('',(#2627),#2633,.T.);
#2627 = FACE_BOUND('',#2628,.T.);
#2628 = EDGE_LOOP('',(#2629,#2630,#2631,#2632));
#2629 = ORIENTED_EDGE('',*,*,#2566,.F.);
#2630 = ORIENTED_EDGE('',*,*,#2590,.F.);
#2631 = ORIENTED_EDGE('',*,*,#1954,.F.);
#2632 = ORIENTED_EDGE('',*,*,#2347,.T.);
#2633 = PLANE('',#2634);
#2634 = AXIS2_PLACEMENT_3D('',#2635,#2636,#2637);
#2635 = CARTESIAN_POINT('',(208.74510753243,198.71655155298,
    8.911924779805));
#2636 = DIRECTION('',(-2.E-17,-0.940880095847,0.338739789867));
#2637 = DIRECTION('',(7.703719777549E-34,-0.338739789867,-0.940880095847
    ));
#2638 = ADVANCED_FACE('',(#2639),#2664,.T.);
#2639 = FACE_BOUND('',#2640,.T.);
#2640 = EDGE_LOOP('',(#2641,#2642,#2650,#2658));
#2641 = ORIENTED_EDGE('',*,*,#1501,.T.);
#2642 = ORIENTED_EDGE('',*,*,#2643,.F.);
#2643 = EDGE_CURVE('',#2644,#1393,#2646,.T.);
#2644 = VERTEX_POINT('',#2645);
#2645 = CARTESIAN_POINT('',(206.42010753241,202.50804120134,
    0.200000000095));
#2646 = LINE('',#2647,#2648);
#2647 = CARTESIAN_POINT('',(206.42010753241,202.50804120134,9.509726E-11
    ));
#2648 = VECTOR('',#2649,1.);
#2649 = DIRECTION('',(0.,0.,1.));
#2650 = ORIENTED_EDGE('',*,*,#2651,.F.);
#2651 = EDGE_CURVE('',#2652,#2644,#2654,.T.);
#2652 = VERTEX_POINT('',#2653);
#2653 = CARTESIAN_POINT('',(206.42010753241,204.00804120134,
    0.200000000095));
#2654 = LINE('',#2655,#2656);
#2655 = CARTESIAN_POINT('',(206.42010753241,200.26202744684,
    0.200000000095));
#2656 = VECTOR('',#2657,1.);
#2657 = DIRECTION('',(0.,-1.,3.1E-16));
#2658 = ORIENTED_EDGE('',*,*,#2659,.T.);
#2659 = EDGE_CURVE('',#2652,#1493,#2660,.T.);
#2660 = LINE('',#2661,#2662);
#2661 = CARTESIAN_POINT('',(206.42010753241,204.00804120134,9.509726E-11
    ));
#2662 = VECTOR('',#2663,1.);
#2663 = DIRECTION('',(0.,0.,1.));
#2664 = PLANE('',#2665);
#2665 = AXIS2_PLACEMENT_3D('',#2666,#2667,#2668);
#2666 = CARTESIAN_POINT('',(206.42010753241,205.00804120134,9.509638E-11
    ));
#2667 = DIRECTION('',(1.,0.,0.));
#2668 = DIRECTION('',(0.,1.,-3.1E-16));
#2669 = ADVANCED_FACE('',(#2670),#2688,.T.);
#2670 = FACE_BOUND('',#2671,.T.);
#2671 = EDGE_LOOP('',(#2672,#2673,#2681,#2687));
#2672 = ORIENTED_EDGE('',*,*,#1392,.T.);
#2673 = ORIENTED_EDGE('',*,*,#2674,.F.);
#2674 = EDGE_CURVE('',#2675,#1395,#2677,.T.);
#2675 = VERTEX_POINT('',#2676);
#2676 = CARTESIAN_POINT('',(207.42010753241,202.50804120134,
    0.200000000095));
#2677 = LINE('',#2678,#2679);
#2678 = CARTESIAN_POINT('',(207.42010753241,202.50804120134,9.509726E-11
    ));
#2679 = VECTOR('',#2680,1.);
#2680 = DIRECTION('',(0.,0.,1.));
#2681 = ORIENTED_EDGE('',*,*,#2682,.F.);
#2682 = EDGE_CURVE('',#2644,#2675,#2683,.T.);
#2683 = LINE('',#2684,#2685);
#2684 = CARTESIAN_POINT('',(202.67010753241,202.50804120134,
    0.200000000095));
#2685 = VECTOR('',#2686,1.);
#2686 = DIRECTION('',(1.,0.,0.));
#2687 = ORIENTED_EDGE('',*,*,#2643,.T.);
#2688 = PLANE('',#2689);
#2689 = AXIS2_PLACEMENT_3D('',#2690,#2691,#2692);
#2690 = CARTESIAN_POINT('',(207.42010753241,202.50804120134,9.509815E-11
    ));
#2691 = DIRECTION('',(0.,1.,0.));
#2692 = DIRECTION('',(-1.,0.,0.));
#2693 = ADVANCED_FACE('',(#2694),#2712,.T.);
#2694 = FACE_BOUND('',#2695,.T.);
#2695 = EDGE_LOOP('',(#2696,#2697,#2705,#2711));
#2696 = ORIENTED_EDGE('',*,*,#1405,.T.);
#2697 = ORIENTED_EDGE('',*,*,#2698,.F.);
#2698 = EDGE_CURVE('',#2699,#1406,#2701,.T.);
#2699 = VERTEX_POINT('',#2700);
#2700 = CARTESIAN_POINT('',(207.42010753241,204.00804120134,
    0.200000000095));
#2701 = LINE('',#2702,#2703);
#2702 = CARTESIAN_POINT('',(207.42010753241,204.00804120134,9.509726E-11
    ));
#2703 = VECTOR('',#2704,1.);
#2704 = DIRECTION('',(0.,0.,1.));
#2705 = ORIENTED_EDGE('',*,*,#2706,.F.);
#2706 = EDGE_CURVE('',#2675,#2699,#2707,.T.);
#2707 = LINE('',#2708,#2709);
#2708 = CARTESIAN_POINT('',(207.42010753241,199.76202744684,
    0.200000000095));
#2709 = VECTOR('',#2710,1.);
#2710 = DIRECTION('',(0.,1.,-3.1E-16));
#2711 = ORIENTED_EDGE('',*,*,#2674,.T.);
#2712 = PLANE('',#2713);
#2713 = AXIS2_PLACEMENT_3D('',#2714,#2715,#2716);
#2714 = CARTESIAN_POINT('',(207.42010753241,204.00804120134,9.509726E-11
    ));
#2715 = DIRECTION('',(-1.,0.,0.));
#2716 = DIRECTION('',(0.,-1.,3.1E-16));
#2717 = ADVANCED_FACE('',(#2718),#2736,.T.);
#2718 = FACE_BOUND('',#2719,.T.);
#2719 = EDGE_LOOP('',(#2720,#2721,#2722,#2730));
#2720 = ORIENTED_EDGE('',*,*,#1492,.T.);
#2721 = ORIENTED_EDGE('',*,*,#2659,.F.);
#2722 = ORIENTED_EDGE('',*,*,#2723,.F.);
#2723 = EDGE_CURVE('',#2724,#2652,#2726,.T.);
#2724 = VERTEX_POINT('',#2725);
#2725 = CARTESIAN_POINT('',(204.92010753241,204.00804120134,
    0.200000000095));
#2726 = LINE('',#2727,#2728);
#2727 = CARTESIAN_POINT('',(202.17010753241,204.00804120134,
    0.200000000095));
#2728 = VECTOR('',#2729,1.);
#2729 = DIRECTION('',(1.,0.,0.));
#2730 = ORIENTED_EDGE('',*,*,#2731,.T.);
#2731 = EDGE_CURVE('',#2724,#1482,#2732,.T.);
#2732 = LINE('',#2733,#2734);
#2733 = CARTESIAN_POINT('',(204.92010753241,204.00804120134,9.509726E-11
    ));
#2734 = VECTOR('',#2735,1.);
#2735 = DIRECTION('',(0.,0.,1.));
#2736 = PLANE('',#2737);
#2737 = AXIS2_PLACEMENT_3D('',#2738,#2739,#2740);
#2738 = CARTESIAN_POINT('',(206.42010753241,204.00804120134,9.509726E-11
    ));
#2739 = DIRECTION('',(0.,1.,0.));
#2740 = DIRECTION('',(-1.,0.,0.));
#2741 = ADVANCED_FACE('',(#2742),#2760,.T.);
#2742 = FACE_BOUND('',#2743,.T.);
#2743 = EDGE_LOOP('',(#2744,#2745,#2753,#2759));
#2744 = ORIENTED_EDGE('',*,*,#1414,.T.);
#2745 = ORIENTED_EDGE('',*,*,#2746,.F.);
#2746 = EDGE_CURVE('',#2747,#1415,#2749,.T.);
#2747 = VERTEX_POINT('',#2748);
#2748 = CARTESIAN_POINT('',(208.92010753241,204.00804120134,
    0.200000000095));
#2749 = LINE('',#2750,#2751);
#2750 = CARTESIAN_POINT('',(208.92010753241,204.00804120134,9.509726E-11
    ));
#2751 = VECTOR('',#2752,1.);
#2752 = DIRECTION('',(0.,0.,1.));
#2753 = ORIENTED_EDGE('',*,*,#2754,.F.);
#2754 = EDGE_CURVE('',#2699,#2747,#2755,.T.);
#2755 = LINE('',#2756,#2757);
#2756 = CARTESIAN_POINT('',(202.17010753241,204.00804120134,
    0.200000000095));
#2757 = VECTOR('',#2758,1.);
#2758 = DIRECTION('',(1.,0.,0.));
#2759 = ORIENTED_EDGE('',*,*,#2698,.T.);
#2760 = PLANE('',#2761);
#2761 = AXIS2_PLACEMENT_3D('',#2762,#2763,#2764);
#2762 = CARTESIAN_POINT('',(206.42010753241,204.00804120134,9.509726E-11
    ));
#2763 = DIRECTION('',(0.,1.,0.));
#2764 = DIRECTION('',(-1.,0.,0.));
#2765 = ADVANCED_FACE('',(#2766),#2784,.T.);
#2766 = FACE_BOUND('',#2767,.T.);
#2767 = EDGE_LOOP('',(#2768,#2769,#2770,#2778));
#2768 = ORIENTED_EDGE('',*,*,#1481,.T.);
#2769 = ORIENTED_EDGE('',*,*,#2731,.F.);
#2770 = ORIENTED_EDGE('',*,*,#2771,.F.);
#2771 = EDGE_CURVE('',#2772,#2724,#2774,.T.);
#2772 = VERTEX_POINT('',#2773);
#2773 = CARTESIAN_POINT('',(204.92010753241,205.00804120134,
    0.200000000095));
#2774 = LINE('',#2775,#2776);
#2775 = CARTESIAN_POINT('',(204.92010753241,199.76202744684,
    0.200000000095));
#2776 = VECTOR('',#2777,1.);
#2777 = DIRECTION('',(0.,-1.,3.1E-16));
#2778 = ORIENTED_EDGE('',*,*,#2779,.T.);
#2779 = EDGE_CURVE('',#2772,#1473,#2780,.T.);
#2780 = LINE('',#2781,#2782);
#2781 = CARTESIAN_POINT('',(204.92010753241,205.00804120134,9.509638E-11
    ));
#2782 = VECTOR('',#2783,1.);
#2783 = DIRECTION('',(0.,0.,1.));
#2784 = PLANE('',#2785);
#2785 = AXIS2_PLACEMENT_3D('',#2786,#2787,#2788);
#2786 = CARTESIAN_POINT('',(204.92010753241,204.00804120134,9.509726E-11
    ));
#2787 = DIRECTION('',(1.,0.,0.));
#2788 = DIRECTION('',(0.,1.,-3.1E-16));
#2789 = ADVANCED_FACE('',(#2790),#2808,.T.);
#2790 = FACE_BOUND('',#2791,.T.);
#2791 = EDGE_LOOP('',(#2792,#2793,#2801,#2807));
#2792 = ORIENTED_EDGE('',*,*,#1423,.T.);
#2793 = ORIENTED_EDGE('',*,*,#2794,.F.);
#2794 = EDGE_CURVE('',#2795,#1424,#2797,.T.);
#2795 = VERTEX_POINT('',#2796);
#2796 = CARTESIAN_POINT('',(208.92010753241,205.00804120134,
    0.200000000095));
#2797 = LINE('',#2798,#2799);
#2798 = CARTESIAN_POINT('',(208.92010753241,205.00804120134,9.509638E-11
    ));
#2799 = VECTOR('',#2800,1.);
#2800 = DIRECTION('',(0.,0.,1.));
#2801 = ORIENTED_EDGE('',*,*,#2802,.F.);
#2802 = EDGE_CURVE('',#2747,#2795,#2803,.T.);
#2803 = LINE('',#2804,#2805);
#2804 = CARTESIAN_POINT('',(208.92010753241,200.26202744684,
    0.200000000095));
#2805 = VECTOR('',#2806,1.);
#2806 = DIRECTION('',(0.,1.,-3.1E-16));
#2807 = ORIENTED_EDGE('',*,*,#2746,.T.);
#2808 = PLANE('',#2809);
#2809 = AXIS2_PLACEMENT_3D('',#2810,#2811,#2812);
#2810 = CARTESIAN_POINT('',(208.92010753241,205.00804120134,9.509638E-11
    ));
#2811 = DIRECTION('',(-1.,0.,0.));
#2812 = DIRECTION('',(0.,-1.,3.1E-16));
#2813 = ADVANCED_FACE('',(#2814),#2832,.T.);
#2814 = FACE_BOUND('',#2815,.T.);
#2815 = EDGE_LOOP('',(#2816,#2817,#2818,#2826));
#2816 = ORIENTED_EDGE('',*,*,#1472,.T.);
#2817 = ORIENTED_EDGE('',*,*,#2779,.F.);
#2818 = ORIENTED_EDGE('',*,*,#2819,.F.);
#2819 = EDGE_CURVE('',#2820,#2772,#2822,.T.);
#2820 = VERTEX_POINT('',#2821);
#2821 = CARTESIAN_POINT('',(206.42010753241,205.00804120134,
    0.200000000095));
#2822 = LINE('',#2823,#2824);
#2823 = CARTESIAN_POINT('',(201.42010753241,205.00804120134,
    0.200000000095));
#2824 = VECTOR('',#2825,1.);
#2825 = DIRECTION('',(-1.,0.,0.));
#2826 = ORIENTED_EDGE('',*,*,#2827,.T.);
#2827 = EDGE_CURVE('',#2820,#1464,#2828,.T.);
#2828 = LINE('',#2829,#2830);
#2829 = CARTESIAN_POINT('',(206.42010753241,205.00804120134,9.509638E-11
    ));
#2830 = VECTOR('',#2831,1.);
#2831 = DIRECTION('',(0.,0.,1.));
#2832 = PLANE('',#2833);
#2833 = AXIS2_PLACEMENT_3D('',#2834,#2835,#2836);
#2834 = CARTESIAN_POINT('',(204.92010753241,205.00804120134,9.509638E-11
    ));
#2835 = DIRECTION('',(0.,-1.,0.));
#2836 = DIRECTION('',(1.,0.,0.));
#2837 = ADVANCED_FACE('',(#2838),#2856,.T.);
#2838 = FACE_BOUND('',#2839,.T.);
#2839 = EDGE_LOOP('',(#2840,#2841,#2849,#2855));
#2840 = ORIENTED_EDGE('',*,*,#1434,.T.);
#2841 = ORIENTED_EDGE('',*,*,#2842,.F.);
#2842 = EDGE_CURVE('',#2843,#1435,#2845,.T.);
#2843 = VERTEX_POINT('',#2844);
#2844 = CARTESIAN_POINT('',(207.42010753241,205.00804120134,
    0.200000000095));
#2845 = LINE('',#2846,#2847);
#2846 = CARTESIAN_POINT('',(207.42010753241,205.00804120134,9.509638E-11
    ));
#2847 = VECTOR('',#2848,1.);
#2848 = DIRECTION('',(0.,0.,1.));
#2849 = ORIENTED_EDGE('',*,*,#2850,.F.);
#2850 = EDGE_CURVE('',#2795,#2843,#2851,.T.);
#2851 = LINE('',#2852,#2853);
#2852 = CARTESIAN_POINT('',(202.67010753241,205.00804120134,
    0.200000000095));
#2853 = VECTOR('',#2854,1.);
#2854 = DIRECTION('',(-1.,0.,0.));
#2855 = ORIENTED_EDGE('',*,*,#2794,.T.);
#2856 = PLANE('',#2857);
#2857 = AXIS2_PLACEMENT_3D('',#2858,#2859,#2860);
#2858 = CARTESIAN_POINT('',(207.42010753241,205.00804120134,9.509638E-11
    ));
#2859 = DIRECTION('',(0.,-1.,0.));
#2860 = DIRECTION('',(1.,0.,0.));
#2861 = ADVANCED_FACE('',(#2862),#2880,.T.);
#2862 = FACE_BOUND('',#2863,.T.);
#2863 = EDGE_LOOP('',(#2864,#2865,#2866,#2874));
#2864 = ORIENTED_EDGE('',*,*,#1463,.T.);
#2865 = ORIENTED_EDGE('',*,*,#2827,.F.);
#2866 = ORIENTED_EDGE('',*,*,#2867,.F.);
#2867 = EDGE_CURVE('',#2868,#2820,#2870,.T.);
#2868 = VERTEX_POINT('',#2869);
#2869 = CARTESIAN_POINT('',(206.42010753241,206.50804120134,
    0.200000000095));
#2870 = LINE('',#2871,#2872);
#2871 = CARTESIAN_POINT('',(206.42010753241,200.26202744684,
    0.200000000095));
#2872 = VECTOR('',#2873,1.);
#2873 = DIRECTION('',(0.,-1.,3.1E-16));
#2874 = ORIENTED_EDGE('',*,*,#2875,.T.);
#2875 = EDGE_CURVE('',#2868,#1453,#2876,.T.);
#2876 = LINE('',#2877,#2878);
#2877 = CARTESIAN_POINT('',(206.42010753241,206.50804120134,9.509638E-11
    ));
#2878 = VECTOR('',#2879,1.);
#2879 = DIRECTION('',(0.,0.,1.));
#2880 = PLANE('',#2881);
#2881 = AXIS2_PLACEMENT_3D('',#2882,#2883,#2884);
#2882 = CARTESIAN_POINT('',(206.42010753241,205.00804120134,9.509638E-11
    ));
#2883 = DIRECTION('',(1.,0.,0.));
#2884 = DIRECTION('',(0.,1.,-3.1E-16));
#2885 = ADVANCED_FACE('',(#2886),#2904,.T.);
#2886 = FACE_BOUND('',#2887,.T.);
#2887 = EDGE_LOOP('',(#2888,#2889,#2897,#2903));
#2888 = ORIENTED_EDGE('',*,*,#1443,.T.);
#2889 = ORIENTED_EDGE('',*,*,#2890,.F.);
#2890 = EDGE_CURVE('',#2891,#1444,#2893,.T.);
#2891 = VERTEX_POINT('',#2892);
#2892 = CARTESIAN_POINT('',(207.42010753241,206.50804120134,
    0.200000000095));
#2893 = LINE('',#2894,#2895);
#2894 = CARTESIAN_POINT('',(207.42010753241,206.50804120134,9.509638E-11
    ));
#2895 = VECTOR('',#2896,1.);
#2896 = DIRECTION('',(0.,0.,1.));
#2897 = ORIENTED_EDGE('',*,*,#2898,.F.);
#2898 = EDGE_CURVE('',#2843,#2891,#2899,.T.);
#2899 = LINE('',#2900,#2901);
#2900 = CARTESIAN_POINT('',(207.42010753241,201.01202744684,
    0.200000000095));
#2901 = VECTOR('',#2902,1.);
#2902 = DIRECTION('',(0.,1.,-3.1E-16));
#2903 = ORIENTED_EDGE('',*,*,#2842,.T.);
#2904 = PLANE('',#2905);
#2905 = AXIS2_PLACEMENT_3D('',#2906,#2907,#2908);
#2906 = CARTESIAN_POINT('',(207.42010753241,206.50804120134,9.509638E-11
    ));
#2907 = DIRECTION('',(-1.,0.,0.));
#2908 = DIRECTION('',(0.,-1.,3.1E-16));
#2909 = ADVANCED_FACE('',(#2910),#2921,.T.);
#2910 = FACE_BOUND('',#2911,.T.);
#2911 = EDGE_LOOP('',(#2912,#2913,#2914,#2920));
#2912 = ORIENTED_EDGE('',*,*,#1452,.T.);
#2913 = ORIENTED_EDGE('',*,*,#2875,.F.);
#2914 = ORIENTED_EDGE('',*,*,#2915,.F.);
#2915 = EDGE_CURVE('',#2891,#2868,#2916,.T.);
#2916 = LINE('',#2917,#2918);
#2917 = CARTESIAN_POINT('',(202.17010753241,206.50804120134,
    0.200000000095));
#2918 = VECTOR('',#2919,1.);
#2919 = DIRECTION('',(-1.,0.,0.));
#2920 = ORIENTED_EDGE('',*,*,#2890,.T.);
#2921 = PLANE('',#2922);
#2922 = AXIS2_PLACEMENT_3D('',#2923,#2924,#2925);
#2923 = CARTESIAN_POINT('',(206.42010753241,206.50804120134,9.509638E-11
    ));
#2924 = DIRECTION('',(0.,-1.,0.));
#2925 = DIRECTION('',(1.,0.,0.));
#2926 = ADVANCED_FACE('',(#2927,#2930),#2944,.T.);
#2927 = FACE_BOUND('',#2928,.T.);
#2928 = EDGE_LOOP('',(#2929));
#2929 = ORIENTED_EDGE('',*,*,#227,.T.);
#2930 = FACE_BOUND('',#2931,.T.);
#2931 = EDGE_LOOP('',(#2932,#2933,#2934,#2935,#2936,#2937,#2938,#2939,
    #2940,#2941,#2942,#2943));
#2932 = ORIENTED_EDGE('',*,*,#2867,.T.);
#2933 = ORIENTED_EDGE('',*,*,#2819,.T.);
#2934 = ORIENTED_EDGE('',*,*,#2771,.T.);
#2935 = ORIENTED_EDGE('',*,*,#2723,.T.);
#2936 = ORIENTED_EDGE('',*,*,#2651,.T.);
#2937 = ORIENTED_EDGE('',*,*,#2682,.T.);
#2938 = ORIENTED_EDGE('',*,*,#2706,.T.);
#2939 = ORIENTED_EDGE('',*,*,#2754,.T.);
#2940 = ORIENTED_EDGE('',*,*,#2802,.T.);
#2941 = ORIENTED_EDGE('',*,*,#2850,.T.);
#2942 = ORIENTED_EDGE('',*,*,#2898,.T.);
#2943 = ORIENTED_EDGE('',*,*,#2915,.T.);
#2944 = PLANE('',#2945);
#2945 = AXIS2_PLACEMENT_3D('',#2946,#2947,#2948);
#2946 = CARTESIAN_POINT('',(197.92010753241,195.51601369234,
    0.200000000095));
#2947 = DIRECTION('',(0.,-3.1E-16,-1.));
#2948 = DIRECTION('',(0.,1.,-3.1E-16));
#2949 = ADVANCED_FACE('',(#2950,#2953),#3051,.T.);
#2950 = FACE_BOUND('',#2951,.T.);
#2951 = EDGE_LOOP('',(#2952));
#2952 = ORIENTED_EDGE('',*,*,#733,.T.);
#2953 = FACE_BOUND('',#2954,.T.);
#2954 = EDGE_LOOP('',(#2955,#2965,#2973,#2981,#2989,#2997,#3005,#3013,
    #3021,#3029,#3037,#3045));
#2955 = ORIENTED_EDGE('',*,*,#2956,.T.);
#2956 = EDGE_CURVE('',#2957,#2959,#2961,.T.);
#2957 = VERTEX_POINT('',#2958);
#2958 = CARTESIAN_POINT('',(182.52010753241,206.50804120134,
    0.200000000095));
#2959 = VERTEX_POINT('',#2960);
#2960 = CARTESIAN_POINT('',(182.52010753241,205.00804120134,
    0.200000000095));
#2961 = LINE('',#2962,#2963);
#2962 = CARTESIAN_POINT('',(182.52010753241,200.26202744684,
    0.200000000095));
#2963 = VECTOR('',#2964,1.);
#2964 = DIRECTION('',(0.,-1.,3.1E-16));
#2965 = ORIENTED_EDGE('',*,*,#2966,.T.);
#2966 = EDGE_CURVE('',#2959,#2967,#2969,.T.);
#2967 = VERTEX_POINT('',#2968);
#2968 = CARTESIAN_POINT('',(181.02010753241,205.00804120134,
    0.200000000095));
#2969 = LINE('',#2970,#2971);
#2970 = CARTESIAN_POINT('',(177.52010753241,205.00804120134,
    0.200000000095));
#2971 = VECTOR('',#2972,1.);
#2972 = DIRECTION('',(-1.,0.,0.));
#2973 = ORIENTED_EDGE('',*,*,#2974,.T.);
#2974 = EDGE_CURVE('',#2967,#2975,#2977,.T.);
#2975 = VERTEX_POINT('',#2976);
#2976 = CARTESIAN_POINT('',(181.02010753241,204.00804120134,
    0.200000000095));
#2977 = LINE('',#2978,#2979);
#2978 = CARTESIAN_POINT('',(181.02010753241,199.76202744684,
    0.200000000095));
#2979 = VECTOR('',#2980,1.);
#2980 = DIRECTION('',(0.,-1.,3.1E-16));
#2981 = ORIENTED_EDGE('',*,*,#2982,.T.);
#2982 = EDGE_CURVE('',#2975,#2983,#2985,.T.);
#2983 = VERTEX_POINT('',#2984);
#2984 = CARTESIAN_POINT('',(182.52010753241,204.00804120134,
    0.200000000095));
#2985 = LINE('',#2986,#2987);
#2986 = CARTESIAN_POINT('',(178.27010753241,204.00804120134,
    0.200000000095));
#2987 = VECTOR('',#2988,1.);
#2988 = DIRECTION('',(1.,0.,0.));
#2989 = ORIENTED_EDGE('',*,*,#2990,.T.);
#2990 = EDGE_CURVE('',#2983,#2991,#2993,.T.);
#2991 = VERTEX_POINT('',#2992);
#2992 = CARTESIAN_POINT('',(182.52010753241,202.50804120134,
    0.200000000095));
#2993 = LINE('',#2994,#2995);
#2994 = CARTESIAN_POINT('',(182.52010753241,200.26202744684,
    0.200000000095));
#2995 = VECTOR('',#2996,1.);
#2996 = DIRECTION('',(0.,-1.,3.1E-16));
#2997 = ORIENTED_EDGE('',*,*,#2998,.T.);
#2998 = EDGE_CURVE('',#2991,#2999,#3001,.T.);
#2999 = VERTEX_POINT('',#3000);
#3000 = CARTESIAN_POINT('',(183.52010753241,202.50804120134,
    0.200000000095));
#3001 = LINE('',#3002,#3003);
#3002 = CARTESIAN_POINT('',(178.77010753241,202.50804120134,
    0.200000000095));
#3003 = VECTOR('',#3004,1.);
#3004 = DIRECTION('',(1.,0.,0.));
#3005 = ORIENTED_EDGE('',*,*,#3006,.T.);
#3006 = EDGE_CURVE('',#2999,#3007,#3009,.T.);
#3007 = VERTEX_POINT('',#3008);
#3008 = CARTESIAN_POINT('',(183.52010753241,204.00804120134,
    0.200000000095));
#3009 = LINE('',#3010,#3011);
#3010 = CARTESIAN_POINT('',(183.52010753241,199.76202744684,
    0.200000000095));
#3011 = VECTOR('',#3012,1.);
#3012 = DIRECTION('',(0.,1.,-3.1E-16));
#3013 = ORIENTED_EDGE('',*,*,#3014,.T.);
#3014 = EDGE_CURVE('',#3007,#3015,#3017,.T.);
#3015 = VERTEX_POINT('',#3016);
#3016 = CARTESIAN_POINT('',(185.02010753241,204.00804120134,
    0.200000000095));
#3017 = LINE('',#3018,#3019);
#3018 = CARTESIAN_POINT('',(178.27010753241,204.00804120134,
    0.200000000095));
#3019 = VECTOR('',#3020,1.);
#3020 = DIRECTION('',(1.,0.,0.));
#3021 = ORIENTED_EDGE('',*,*,#3022,.T.);
#3022 = EDGE_CURVE('',#3015,#3023,#3025,.T.);
#3023 = VERTEX_POINT('',#3024);
#3024 = CARTESIAN_POINT('',(185.02010753241,205.00804120134,
    0.200000000095));
#3025 = LINE('',#3026,#3027);
#3026 = CARTESIAN_POINT('',(185.02010753241,200.26202744684,
    0.200000000095));
#3027 = VECTOR('',#3028,1.);
#3028 = DIRECTION('',(0.,1.,-3.1E-16));
#3029 = ORIENTED_EDGE('',*,*,#3030,.T.);
#3030 = EDGE_CURVE('',#3023,#3031,#3033,.T.);
#3031 = VERTEX_POINT('',#3032);
#3032 = CARTESIAN_POINT('',(183.52010753241,205.00804120134,
    0.200000000095));
#3033 = LINE('',#3034,#3035);
#3034 = CARTESIAN_POINT('',(178.77010753241,205.00804120134,
    0.200000000095));
#3035 = VECTOR('',#3036,1.);
#3036 = DIRECTION('',(-1.,0.,0.));
#3037 = ORIENTED_EDGE('',*,*,#3038,.T.);
#3038 = EDGE_CURVE('',#3031,#3039,#3041,.T.);
#3039 = VERTEX_POINT('',#3040);
#3040 = CARTESIAN_POINT('',(183.52010753241,206.50804120134,
    0.200000000095));
#3041 = LINE('',#3042,#3043);
#3042 = CARTESIAN_POINT('',(183.52010753241,201.01202744684,
    0.200000000095));
#3043 = VECTOR('',#3044,1.);
#3044 = DIRECTION('',(0.,1.,-3.1E-16));
#3045 = ORIENTED_EDGE('',*,*,#3046,.T.);
#3046 = EDGE_CURVE('',#3039,#2957,#3047,.T.);
#3047 = LINE('',#3048,#3049);
#3048 = CARTESIAN_POINT('',(178.27010753241,206.50804120134,
    0.200000000095));
#3049 = VECTOR('',#3050,1.);
#3050 = DIRECTION('',(-1.,0.,0.));
#3051 = PLANE('',#3052);
#3052 = AXIS2_PLACEMENT_3D('',#3053,#3054,#3055);
#3053 = CARTESIAN_POINT('',(174.02010753241,195.51601369234,
    0.200000000095));
#3054 = DIRECTION('',(0.,-3.1E-16,-1.));
#3055 = DIRECTION('',(0.,1.,-3.1E-16));
#3056 = ADVANCED_FACE('',(#3057),#3073,.T.);
#3057 = FACE_BOUND('',#3058,.T.);
#3058 = EDGE_LOOP('',(#3059,#3060,#3066,#3067));
#3059 = ORIENTED_EDGE('',*,*,#1635,.T.);
#3060 = ORIENTED_EDGE('',*,*,#3061,.F.);
#3061 = EDGE_CURVE('',#2957,#1529,#3062,.T.);
#3062 = LINE('',#3063,#3064);
#3063 = CARTESIAN_POINT('',(182.52010753241,206.50804120134,9.509638E-11
    ));
#3064 = VECTOR('',#3065,1.);
#3065 = DIRECTION('',(0.,0.,1.));
#3066 = ORIENTED_EDGE('',*,*,#3046,.F.);
#3067 = ORIENTED_EDGE('',*,*,#3068,.T.);
#3068 = EDGE_CURVE('',#3039,#1627,#3069,.T.);
#3069 = LINE('',#3070,#3071);
#3070 = CARTESIAN_POINT('',(183.52010753241,206.50804120134,9.509638E-11
    ));
#3071 = VECTOR('',#3072,1.);
#3072 = DIRECTION('',(0.,0.,1.));
#3073 = PLANE('',#3074);
#3074 = AXIS2_PLACEMENT_3D('',#3075,#3076,#3077);
#3075 = CARTESIAN_POINT('',(182.52010753241,206.50804120134,9.509638E-11
    ));
#3076 = DIRECTION('',(0.,-1.,0.));
#3077 = DIRECTION('',(1.,0.,0.));
#3078 = ADVANCED_FACE('',(#3079),#3090,.T.);
#3079 = FACE_BOUND('',#3080,.T.);
#3080 = EDGE_LOOP('',(#3081,#3082,#3083,#3084));
#3081 = ORIENTED_EDGE('',*,*,#1626,.T.);
#3082 = ORIENTED_EDGE('',*,*,#3068,.F.);
#3083 = ORIENTED_EDGE('',*,*,#3038,.F.);
#3084 = ORIENTED_EDGE('',*,*,#3085,.T.);
#3085 = EDGE_CURVE('',#3031,#1618,#3086,.T.);
#3086 = LINE('',#3087,#3088);
#3087 = CARTESIAN_POINT('',(183.52010753241,205.00804120134,9.509638E-11
    ));
#3088 = VECTOR('',#3089,1.);
#3089 = DIRECTION('',(0.,0.,1.));
#3090 = PLANE('',#3091);
#3091 = AXIS2_PLACEMENT_3D('',#3092,#3093,#3094);
#3092 = CARTESIAN_POINT('',(183.52010753241,206.50804120134,9.509638E-11
    ));
#3093 = DIRECTION('',(-1.,0.,0.));
#3094 = DIRECTION('',(0.,-1.,3.1E-16));
#3095 = ADVANCED_FACE('',(#3096),#3107,.T.);
#3096 = FACE_BOUND('',#3097,.T.);
#3097 = EDGE_LOOP('',(#3098,#3099,#3105,#3106));
#3098 = ORIENTED_EDGE('',*,*,#1528,.T.);
#3099 = ORIENTED_EDGE('',*,*,#3100,.F.);
#3100 = EDGE_CURVE('',#2959,#1531,#3101,.T.);
#3101 = LINE('',#3102,#3103);
#3102 = CARTESIAN_POINT('',(182.52010753241,205.00804120134,9.509638E-11
    ));
#3103 = VECTOR('',#3104,1.);
#3104 = DIRECTION('',(0.,0.,1.));
#3105 = ORIENTED_EDGE('',*,*,#2956,.F.);
#3106 = ORIENTED_EDGE('',*,*,#3061,.T.);
#3107 = PLANE('',#3108);
#3108 = AXIS2_PLACEMENT_3D('',#3109,#3110,#3111);
#3109 = CARTESIAN_POINT('',(182.52010753241,205.00804120134,9.509638E-11
    ));
#3110 = DIRECTION('',(1.,0.,0.));
#3111 = DIRECTION('',(0.,1.,-3.1E-16));
#3112 = ADVANCED_FACE('',(#3113),#3124,.T.);
#3113 = FACE_BOUND('',#3114,.T.);
#3114 = EDGE_LOOP('',(#3115,#3116,#3117,#3118));
#3115 = ORIENTED_EDGE('',*,*,#1617,.T.);
#3116 = ORIENTED_EDGE('',*,*,#3085,.F.);
#3117 = ORIENTED_EDGE('',*,*,#3030,.F.);
#3118 = ORIENTED_EDGE('',*,*,#3119,.T.);
#3119 = EDGE_CURVE('',#3023,#1607,#3120,.T.);
#3120 = LINE('',#3121,#3122);
#3121 = CARTESIAN_POINT('',(185.02010753241,205.00804120134,9.509638E-11
    ));
#3122 = VECTOR('',#3123,1.);
#3123 = DIRECTION('',(0.,0.,1.));
#3124 = PLANE('',#3125);
#3125 = AXIS2_PLACEMENT_3D('',#3126,#3127,#3128);
#3126 = CARTESIAN_POINT('',(183.52010753241,205.00804120134,9.509638E-11
    ));
#3127 = DIRECTION('',(0.,-1.,0.));
#3128 = DIRECTION('',(1.,0.,0.));
#3129 = ADVANCED_FACE('',(#3130),#3141,.T.);
#3130 = FACE_BOUND('',#3131,.T.);
#3131 = EDGE_LOOP('',(#3132,#3133,#3139,#3140));
#3132 = ORIENTED_EDGE('',*,*,#1539,.T.);
#3133 = ORIENTED_EDGE('',*,*,#3134,.F.);
#3134 = EDGE_CURVE('',#2967,#1540,#3135,.T.);
#3135 = LINE('',#3136,#3137);
#3136 = CARTESIAN_POINT('',(181.02010753241,205.00804120134,9.509638E-11
    ));
#3137 = VECTOR('',#3138,1.);
#3138 = DIRECTION('',(0.,0.,1.));
#3139 = ORIENTED_EDGE('',*,*,#2966,.F.);
#3140 = ORIENTED_EDGE('',*,*,#3100,.T.);
#3141 = PLANE('',#3142);
#3142 = AXIS2_PLACEMENT_3D('',#3143,#3144,#3145);
#3143 = CARTESIAN_POINT('',(181.02010753241,205.00804120134,9.509638E-11
    ));
#3144 = DIRECTION('',(0.,-1.,0.));
#3145 = DIRECTION('',(1.,0.,0.));
#3146 = ADVANCED_FACE('',(#3147),#3158,.T.);
#3147 = FACE_BOUND('',#3148,.T.);
#3148 = EDGE_LOOP('',(#3149,#3150,#3151,#3152));
#3149 = ORIENTED_EDGE('',*,*,#1606,.T.);
#3150 = ORIENTED_EDGE('',*,*,#3119,.F.);
#3151 = ORIENTED_EDGE('',*,*,#3022,.F.);
#3152 = ORIENTED_EDGE('',*,*,#3153,.T.);
#3153 = EDGE_CURVE('',#3015,#1598,#3154,.T.);
#3154 = LINE('',#3155,#3156);
#3155 = CARTESIAN_POINT('',(185.02010753241,204.00804120134,9.509726E-11
    ));
#3156 = VECTOR('',#3157,1.);
#3157 = DIRECTION('',(0.,0.,1.));
#3158 = PLANE('',#3159);
#3159 = AXIS2_PLACEMENT_3D('',#3160,#3161,#3162);
#3160 = CARTESIAN_POINT('',(185.02010753241,205.00804120134,9.509638E-11
    ));
#3161 = DIRECTION('',(-1.,0.,0.));
#3162 = DIRECTION('',(0.,-1.,3.1E-16));
#3163 = ADVANCED_FACE('',(#3164),#3175,.T.);
#3164 = FACE_BOUND('',#3165,.T.);
#3165 = EDGE_LOOP('',(#3166,#3167,#3173,#3174));
#3166 = ORIENTED_EDGE('',*,*,#1548,.T.);
#3167 = ORIENTED_EDGE('',*,*,#3168,.F.);
#3168 = EDGE_CURVE('',#2975,#1549,#3169,.T.);
#3169 = LINE('',#3170,#3171);
#3170 = CARTESIAN_POINT('',(181.02010753241,204.00804120134,9.509726E-11
    ));
#3171 = VECTOR('',#3172,1.);
#3172 = DIRECTION('',(0.,0.,1.));
#3173 = ORIENTED_EDGE('',*,*,#2974,.F.);
#3174 = ORIENTED_EDGE('',*,*,#3134,.T.);
#3175 = PLANE('',#3176);
#3176 = AXIS2_PLACEMENT_3D('',#3177,#3178,#3179);
#3177 = CARTESIAN_POINT('',(181.02010753241,204.00804120134,9.509726E-11
    ));
#3178 = DIRECTION('',(1.,0.,0.));
#3179 = DIRECTION('',(0.,1.,-3.1E-16));
#3180 = ADVANCED_FACE('',(#3181),#3192,.T.);
#3181 = FACE_BOUND('',#3182,.T.);
#3182 = EDGE_LOOP('',(#3183,#3184,#3185,#3186));
#3183 = ORIENTED_EDGE('',*,*,#1597,.T.);
#3184 = ORIENTED_EDGE('',*,*,#3153,.F.);
#3185 = ORIENTED_EDGE('',*,*,#3014,.F.);
#3186 = ORIENTED_EDGE('',*,*,#3187,.T.);
#3187 = EDGE_CURVE('',#3007,#1589,#3188,.T.);
#3188 = LINE('',#3189,#3190);
#3189 = CARTESIAN_POINT('',(183.52010753241,204.00804120134,9.509726E-11
    ));
#3190 = VECTOR('',#3191,1.);
#3191 = DIRECTION('',(0.,0.,1.));
#3192 = PLANE('',#3193);
#3193 = AXIS2_PLACEMENT_3D('',#3194,#3195,#3196);
#3194 = CARTESIAN_POINT('',(182.52010753241,204.00804120134,9.509726E-11
    ));
#3195 = DIRECTION('',(0.,1.,0.));
#3196 = DIRECTION('',(-1.,0.,0.));
#3197 = ADVANCED_FACE('',(#3198),#3209,.T.);
#3198 = FACE_BOUND('',#3199,.T.);
#3199 = EDGE_LOOP('',(#3200,#3201,#3207,#3208));
#3200 = ORIENTED_EDGE('',*,*,#1559,.T.);
#3201 = ORIENTED_EDGE('',*,*,#3202,.F.);
#3202 = EDGE_CURVE('',#2983,#1560,#3203,.T.);
#3203 = LINE('',#3204,#3205);
#3204 = CARTESIAN_POINT('',(182.52010753241,204.00804120134,9.509726E-11
    ));
#3205 = VECTOR('',#3206,1.);
#3206 = DIRECTION('',(0.,0.,1.));
#3207 = ORIENTED_EDGE('',*,*,#2982,.F.);
#3208 = ORIENTED_EDGE('',*,*,#3168,.T.);
#3209 = PLANE('',#3210);
#3210 = AXIS2_PLACEMENT_3D('',#3211,#3212,#3213);
#3211 = CARTESIAN_POINT('',(182.52010753241,204.00804120134,9.509726E-11
    ));
#3212 = DIRECTION('',(0.,1.,0.));
#3213 = DIRECTION('',(-1.,0.,0.));
#3214 = ADVANCED_FACE('',(#3215),#3226,.T.);
#3215 = FACE_BOUND('',#3216,.T.);
#3216 = EDGE_LOOP('',(#3217,#3218,#3219,#3220));
#3217 = ORIENTED_EDGE('',*,*,#1588,.T.);
#3218 = ORIENTED_EDGE('',*,*,#3187,.F.);
#3219 = ORIENTED_EDGE('',*,*,#3006,.F.);
#3220 = ORIENTED_EDGE('',*,*,#3221,.T.);
#3221 = EDGE_CURVE('',#2999,#1578,#3222,.T.);
#3222 = LINE('',#3223,#3224);
#3223 = CARTESIAN_POINT('',(183.52010753241,202.50804120134,9.509726E-11
    ));
#3224 = VECTOR('',#3225,1.);
#3225 = DIRECTION('',(0.,0.,1.));
#3226 = PLANE('',#3227);
#3227 = AXIS2_PLACEMENT_3D('',#3228,#3229,#3230);
#3228 = CARTESIAN_POINT('',(183.52010753241,204.00804120134,9.509726E-11
    ));
#3229 = DIRECTION('',(-1.,0.,0.));
#3230 = DIRECTION('',(0.,-1.,3.1E-16));
#3231 = ADVANCED_FACE('',(#3232),#3243,.T.);
#3232 = FACE_BOUND('',#3233,.T.);
#3233 = EDGE_LOOP('',(#3234,#3235,#3236,#3237));
#3234 = ORIENTED_EDGE('',*,*,#1577,.T.);
#3235 = ORIENTED_EDGE('',*,*,#3221,.F.);
#3236 = ORIENTED_EDGE('',*,*,#2998,.F.);
#3237 = ORIENTED_EDGE('',*,*,#3238,.T.);
#3238 = EDGE_CURVE('',#2991,#1569,#3239,.T.);
#3239 = LINE('',#3240,#3241);
#3240 = CARTESIAN_POINT('',(182.52010753241,202.50804120134,9.509726E-11
    ));
#3241 = VECTOR('',#3242,1.);
#3242 = DIRECTION('',(0.,0.,1.));
#3243 = PLANE('',#3244);
#3244 = AXIS2_PLACEMENT_3D('',#3245,#3246,#3247);
#3245 = CARTESIAN_POINT('',(183.52010753241,202.50804120134,9.509815E-11
    ));
#3246 = DIRECTION('',(0.,1.,0.));
#3247 = DIRECTION('',(-1.,0.,0.));
#3248 = ADVANCED_FACE('',(#3249),#3255,.T.);
#3249 = FACE_BOUND('',#3250,.T.);
#3250 = EDGE_LOOP('',(#3251,#3252,#3253,#3254));
#3251 = ORIENTED_EDGE('',*,*,#1568,.T.);
#3252 = ORIENTED_EDGE('',*,*,#3238,.F.);
#3253 = ORIENTED_EDGE('',*,*,#2990,.F.);
#3254 = ORIENTED_EDGE('',*,*,#3202,.T.);
#3255 = PLANE('',#3256);
#3256 = AXIS2_PLACEMENT_3D('',#3257,#3258,#3259);
#3257 = CARTESIAN_POINT('',(182.52010753241,205.00804120134,9.509638E-11
    ));
#3258 = DIRECTION('',(1.,0.,0.));
#3259 = DIRECTION('',(0.,1.,-3.1E-16));
#3260 = ADVANCED_FACE('',(#3261,#3272),#3370,.T.);
#3261 = FACE_BOUND('',#3262,.T.);
#3262 = EDGE_LOOP('',(#3263));
#3263 = ORIENTED_EDGE('',*,*,#3264,.T.);
#3264 = EDGE_CURVE('',#3265,#3265,#3267,.T.);
#3265 = VERTEX_POINT('',#3266);
#3266 = CARTESIAN_POINT('',(194.97010753241,201.80804120134,
    0.200000000095));
#3267 = CIRCLE('',#3268,2.7);
#3268 = AXIS2_PLACEMENT_3D('',#3269,#3270,#3271);
#3269 = CARTESIAN_POINT('',(194.97010753241,204.50804120134,
    0.200000000095));
#3270 = DIRECTION('',(0.,-3.1E-16,-1.));
#3271 = DIRECTION('',(0.,1.,-3.1E-16));
#3272 = FACE_BOUND('',#3273,.T.);
#3273 = EDGE_LOOP('',(#3274,#3284,#3292,#3300,#3308,#3316,#3324,#3332,
    #3340,#3348,#3356,#3364));
#3274 = ORIENTED_EDGE('',*,*,#3275,.T.);
#3275 = EDGE_CURVE('',#3276,#3278,#3280,.T.);
#3276 = VERTEX_POINT('',#3277);
#3277 = CARTESIAN_POINT('',(194.47010753241,206.50804120134,
    0.200000000095));
#3278 = VERTEX_POINT('',#3279);
#3279 = CARTESIAN_POINT('',(194.47010753241,205.00804120134,
    0.200000000095));
#3280 = LINE('',#3281,#3282);
#3281 = CARTESIAN_POINT('',(194.47010753241,200.26202744684,
    0.200000000095));
#3282 = VECTOR('',#3283,1.);
#3283 = DIRECTION('',(0.,-1.,3.1E-16));
#3284 = ORIENTED_EDGE('',*,*,#3285,.T.);
#3285 = EDGE_CURVE('',#3278,#3286,#3288,.T.);
#3286 = VERTEX_POINT('',#3287);
#3287 = CARTESIAN_POINT('',(192.97010753241,205.00804120134,
    0.200000000095));
#3288 = LINE('',#3289,#3290);
#3289 = CARTESIAN_POINT('',(189.47010753241,205.00804120134,
    0.200000000095));
#3290 = VECTOR('',#3291,1.);
#3291 = DIRECTION('',(-1.,0.,0.));
#3292 = ORIENTED_EDGE('',*,*,#3293,.T.);
#3293 = EDGE_CURVE('',#3286,#3294,#3296,.T.);
#3294 = VERTEX_POINT('',#3295);
#3295 = CARTESIAN_POINT('',(192.97010753241,204.00804120134,
    0.200000000095));
#3296 = LINE('',#3297,#3298);
#3297 = CARTESIAN_POINT('',(192.97010753241,199.76202744684,
    0.200000000095));
#3298 = VECTOR('',#3299,1.);
#3299 = DIRECTION('',(0.,-1.,3.1E-16));
#3300 = ORIENTED_EDGE('',*,*,#3301,.T.);
#3301 = EDGE_CURVE('',#3294,#3302,#3304,.T.);
#3302 = VERTEX_POINT('',#3303);
#3303 = CARTESIAN_POINT('',(194.47010753241,204.00804120134,
    0.200000000095));
#3304 = LINE('',#3305,#3306);
#3305 = CARTESIAN_POINT('',(190.22010753241,204.00804120134,
    0.200000000095));
#3306 = VECTOR('',#3307,1.);
#3307 = DIRECTION('',(1.,0.,0.));
#3308 = ORIENTED_EDGE('',*,*,#3309,.T.);
#3309 = EDGE_CURVE('',#3302,#3310,#3312,.T.);
#3310 = VERTEX_POINT('',#3311);
#3311 = CARTESIAN_POINT('',(194.47010753241,202.50804120134,
    0.200000000095));
#3312 = LINE('',#3313,#3314);
#3313 = CARTESIAN_POINT('',(194.47010753241,200.26202744684,
    0.200000000095));
#3314 = VECTOR('',#3315,1.);
#3315 = DIRECTION('',(0.,-1.,3.1E-16));
#3316 = ORIENTED_EDGE('',*,*,#3317,.T.);
#3317 = EDGE_CURVE('',#3310,#3318,#3320,.T.);
#3318 = VERTEX_POINT('',#3319);
#3319 = CARTESIAN_POINT('',(195.47010753241,202.50804120134,
    0.200000000095));
#3320 = LINE('',#3321,#3322);
#3321 = CARTESIAN_POINT('',(190.72010753241,202.50804120134,
    0.200000000095));
#3322 = VECTOR('',#3323,1.);
#3323 = DIRECTION('',(1.,0.,0.));
#3324 = ORIENTED_EDGE('',*,*,#3325,.T.);
#3325 = EDGE_CURVE('',#3318,#3326,#3328,.T.);
#3326 = VERTEX_POINT('',#3327);
#3327 = CARTESIAN_POINT('',(195.47010753241,204.00804120134,
    0.200000000095));
#3328 = LINE('',#3329,#3330);
#3329 = CARTESIAN_POINT('',(195.47010753241,199.76202744684,
    0.200000000095));
#3330 = VECTOR('',#3331,1.);
#3331 = DIRECTION('',(0.,1.,-3.1E-16));
#3332 = ORIENTED_EDGE('',*,*,#3333,.T.);
#3333 = EDGE_CURVE('',#3326,#3334,#3336,.T.);
#3334 = VERTEX_POINT('',#3335);
#3335 = CARTESIAN_POINT('',(196.97010753241,204.00804120134,
    0.200000000095));
#3336 = LINE('',#3337,#3338);
#3337 = CARTESIAN_POINT('',(190.22010753241,204.00804120134,
    0.200000000095));
#3338 = VECTOR('',#3339,1.);
#3339 = DIRECTION('',(1.,0.,0.));
#3340 = ORIENTED_EDGE('',*,*,#3341,.T.);
#3341 = EDGE_CURVE('',#3334,#3342,#3344,.T.);
#3342 = VERTEX_POINT('',#3343);
#3343 = CARTESIAN_POINT('',(196.97010753241,205.00804120134,
    0.200000000095));
#3344 = LINE('',#3345,#3346);
#3345 = CARTESIAN_POINT('',(196.97010753241,200.26202744684,
    0.200000000095));
#3346 = VECTOR('',#3347,1.);
#3347 = DIRECTION('',(0.,1.,-3.1E-16));
#3348 = ORIENTED_EDGE('',*,*,#3349,.T.);
#3349 = EDGE_CURVE('',#3342,#3350,#3352,.T.);
#3350 = VERTEX_POINT('',#3351);
#3351 = CARTESIAN_POINT('',(195.47010753241,205.00804120134,
    0.200000000095));
#3352 = LINE('',#3353,#3354);
#3353 = CARTESIAN_POINT('',(190.72010753241,205.00804120134,
    0.200000000095));
#3354 = VECTOR('',#3355,1.);
#3355 = DIRECTION('',(-1.,0.,0.));
#3356 = ORIENTED_EDGE('',*,*,#3357,.T.);
#3357 = EDGE_CURVE('',#3350,#3358,#3360,.T.);
#3358 = VERTEX_POINT('',#3359);
#3359 = CARTESIAN_POINT('',(195.47010753241,206.50804120134,
    0.200000000095));
#3360 = LINE('',#3361,#3362);
#3361 = CARTESIAN_POINT('',(195.47010753241,201.01202744684,
    0.200000000095));
#3362 = VECTOR('',#3363,1.);
#3363 = DIRECTION('',(0.,1.,-3.1E-16));
#3364 = ORIENTED_EDGE('',*,*,#3365,.T.);
#3365 = EDGE_CURVE('',#3358,#3276,#3366,.T.);
#3366 = LINE('',#3367,#3368);
#3367 = CARTESIAN_POINT('',(190.22010753241,206.50804120134,
    0.200000000095));
#3368 = VECTOR('',#3369,1.);
#3369 = DIRECTION('',(-1.,0.,0.));
#3370 = PLANE('',#3371);
#3371 = AXIS2_PLACEMENT_3D('',#3372,#3373,#3374);
#3372 = CARTESIAN_POINT('',(185.97010753241,195.51601369234,
    0.200000000095));
#3373 = DIRECTION('',(0.,-3.1E-16,-1.));
#3374 = DIRECTION('',(0.,1.,-3.1E-16));
#3375 = ADVANCED_FACE('',(#3376),#3499,.T.);
#3376 = FACE_BOUND('',#3377,.T.);
#3377 = EDGE_LOOP('',(#3378,#3386,#3387,#3395,#3404,#3410,#3411,#3412,
    #3421,#3430,#3431,#3439,#3448,#3455,#3456,#3467,#3476,#3482,#3483,
    #3492));
#3378 = ORIENTED_EDGE('',*,*,#3379,.F.);
#3379 = EDGE_CURVE('',#1236,#3380,#3382,.T.);
#3380 = VERTEX_POINT('',#3381);
#3381 = CARTESIAN_POINT('',(197.65047597723,204.18304120133,
    4.63039454832));
#3382 = LINE('',#3383,#3384);
#3383 = CARTESIAN_POINT('',(197.65047597723,204.18304120133,9.509993E-11
    ));
#3384 = VECTOR('',#3385,1.);
#3385 = DIRECTION('',(0.,0.,-1.));
#3386 = ORIENTED_EDGE('',*,*,#1235,.T.);
#3387 = ORIENTED_EDGE('',*,*,#3388,.F.);
#3388 = EDGE_CURVE('',#3389,#1238,#3391,.T.);
#3389 = VERTEX_POINT('',#3390);
#3390 = CARTESIAN_POINT('',(195.29510753241,201.82767275651,
    4.63039454832));
#3391 = LINE('',#3392,#3393);
#3392 = CARTESIAN_POINT('',(195.29510753241,201.82767275651,9.509993E-11
    ));
#3393 = VECTOR('',#3394,1.);
#3394 = DIRECTION('',(0.,0.,1.));
#3395 = ORIENTED_EDGE('',*,*,#3396,.F.);
#3396 = EDGE_CURVE('',#3397,#3389,#3399,.T.);
#3397 = VERTEX_POINT('',#3398);
#3398 = CARTESIAN_POINT('',(194.97010753241,201.80804120134,
    4.63039454832));
#3399 = CIRCLE('',#3400,2.7);
#3400 = AXIS2_PLACEMENT_3D('',#3401,#3402,#3403);
#3401 = CARTESIAN_POINT('',(194.97010753241,204.50804120134,
    4.63039454832));
#3402 = DIRECTION('',(0.,-0.,1.));
#3403 = DIRECTION('',(0.,1.,0.));
#3404 = ORIENTED_EDGE('',*,*,#3405,.T.);
#3405 = EDGE_CURVE('',#3397,#3265,#3406,.T.);
#3406 = LINE('',#3407,#3408);
#3407 = CARTESIAN_POINT('',(194.97010753241,201.80804120134,9.509993E-11
    ));
#3408 = VECTOR('',#3409,1.);
#3409 = DIRECTION('',(0.,0.,-1.));
#3410 = ORIENTED_EDGE('',*,*,#3264,.F.);
#3411 = ORIENTED_EDGE('',*,*,#3405,.F.);
#3412 = ORIENTED_EDGE('',*,*,#3413,.F.);
#3413 = EDGE_CURVE('',#3414,#3397,#3416,.T.);
#3414 = VERTEX_POINT('',#3415);
#3415 = CARTESIAN_POINT('',(194.64510753241,201.82767275652,
    4.63039454832));
#3416 = CIRCLE('',#3417,2.7);
#3417 = AXIS2_PLACEMENT_3D('',#3418,#3419,#3420);
#3418 = CARTESIAN_POINT('',(194.97010753241,204.50804120134,
    4.63039454832));
#3419 = DIRECTION('',(0.,-0.,1.));
#3420 = DIRECTION('',(0.,1.,0.));
#3421 = ORIENTED_EDGE('',*,*,#3422,.F.);
#3422 = EDGE_CURVE('',#1019,#3414,#3423,.T.);
#3423 = B_SPLINE_CURVE_WITH_KNOTS('',3,(#3424,#3425,#3426,#3427,#3428,
    #3429),.UNSPECIFIED.,.F.,.F.,(4,2,4),(-2.49673643238,-1.489478636402
    ,0.),.UNSPECIFIED.);
#3424 = CARTESIAN_POINT('',(194.64510753241,201.82767275651,7.1271309807
    ));
#3425 = CARTESIAN_POINT('',(194.64510753241,201.82767275651,
    6.791378382041));
#3426 = CARTESIAN_POINT('',(194.64510753241,201.82767275651,
    6.455625783381));
#3427 = CARTESIAN_POINT('',(194.64510753241,201.82767275651,
    5.623380305921));
#3428 = CARTESIAN_POINT('',(194.64510753241,201.82767275651,
    5.12688742712));
#3429 = CARTESIAN_POINT('',(194.64510753241,201.82767275651,
    4.63039454832));
#3430 = ORIENTED_EDGE('',*,*,#1029,.T.);
#3431 = ORIENTED_EDGE('',*,*,#3432,.F.);
#3432 = EDGE_CURVE('',#3433,#1030,#3435,.T.);
#3433 = VERTEX_POINT('',#3434);
#3434 = CARTESIAN_POINT('',(192.28973908759,204.18304120133,
    4.63039454832));
#3435 = LINE('',#3436,#3437);
#3436 = CARTESIAN_POINT('',(192.28973908759,204.18304120133,9.509993E-11
    ));
#3437 = VECTOR('',#3438,1.);
#3438 = DIRECTION('',(0.,0.,1.));
#3439 = ORIENTED_EDGE('',*,*,#3440,.F.);
#3440 = EDGE_CURVE('',#3441,#3433,#3443,.T.);
#3441 = VERTEX_POINT('',#3442);
#3442 = CARTESIAN_POINT('',(192.28973908758,204.83304120133,
    4.63039454832));
#3443 = CIRCLE('',#3444,2.7);
#3444 = AXIS2_PLACEMENT_3D('',#3445,#3446,#3447);
#3445 = CARTESIAN_POINT('',(194.97010753241,204.50804120134,
    4.63039454832));
#3446 = DIRECTION('',(0.,-0.,1.));
#3447 = DIRECTION('',(0.,1.,0.));
#3448 = ORIENTED_EDGE('',*,*,#3449,.F.);
#3449 = EDGE_CURVE('',#1096,#3441,#3450,.T.);
#3450 = B_SPLINE_CURVE_WITH_KNOTS('',3,(#3451,#3452,#3453,#3454),
  .UNSPECIFIED.,.F.,.F.,(4,4),(-2.618740781286,0.),
  .PIECEWISE_BEZIER_KNOTS.);
#3451 = CARTESIAN_POINT('',(192.28973908758,204.83304120133,
    7.249135329606));
#3452 = CARTESIAN_POINT('',(192.28973908758,204.83304120133,
    6.376221735844));
#3453 = CARTESIAN_POINT('',(192.28973908758,204.83304120133,
    5.503308142082));
#3454 = CARTESIAN_POINT('',(192.28973908758,204.83304120133,
    4.63039454832));
#3455 = ORIENTED_EDGE('',*,*,#1107,.T.);
#3456 = ORIENTED_EDGE('',*,*,#3457,.F.);
#3457 = EDGE_CURVE('',#3458,#1108,#3460,.T.);
#3458 = VERTEX_POINT('',#3459);
#3459 = CARTESIAN_POINT('',(194.64510753241,207.18840964616,
    4.63039454832));
#3460 = B_SPLINE_CURVE_WITH_KNOTS('',3,(#3461,#3462,#3463,#3464,#3465,
    #3466),.UNSPECIFIED.,.F.,.F.,(4,2,4),(-3.084035145924,
    -1.618273037192,-0.400719291269),.UNSPECIFIED.);
#3461 = CARTESIAN_POINT('',(194.64510753241,207.18840964616,
    4.63039454832));
#3462 = CARTESIAN_POINT('',(194.64510753241,207.18840964616,
    5.118981917897));
#3463 = CARTESIAN_POINT('',(194.64510753241,207.18840964615,
    5.607569287475));
#3464 = CARTESIAN_POINT('',(194.64510753241,207.18840964615,
    6.502007905693));
#3465 = CARTESIAN_POINT('',(194.64510753241,207.18840964615,
    6.907859154334));
#3466 = CARTESIAN_POINT('',(194.64510753241,207.18840964615,
    7.313710402975));
#3467 = ORIENTED_EDGE('',*,*,#3468,.F.);
#3468 = EDGE_CURVE('',#3469,#3458,#3471,.T.);
#3469 = VERTEX_POINT('',#3470);
#3470 = CARTESIAN_POINT('',(195.29510753241,207.18840964616,
    4.63039454832));
#3471 = CIRCLE('',#3472,2.7);
#3472 = AXIS2_PLACEMENT_3D('',#3473,#3474,#3475);
#3473 = CARTESIAN_POINT('',(194.97010753241,204.50804120134,
    4.63039454832));
#3474 = DIRECTION('',(0.,-0.,1.));
#3475 = DIRECTION('',(0.,1.,0.));
#3476 = ORIENTED_EDGE('',*,*,#3477,.F.);
#3477 = EDGE_CURVE('',#1163,#3469,#3478,.T.);
#3478 = LINE('',#3479,#3480);
#3479 = CARTESIAN_POINT('',(195.29510753241,207.18840964616,9.509993E-11
    ));
#3480 = VECTOR('',#3481,1.);
#3481 = DIRECTION('',(0.,0.,-1.));
#3482 = ORIENTED_EDGE('',*,*,#1173,.T.);
#3483 = ORIENTED_EDGE('',*,*,#3484,.F.);
#3484 = EDGE_CURVE('',#3485,#1174,#3487,.T.);
#3485 = VERTEX_POINT('',#3486);
#3486 = CARTESIAN_POINT('',(197.65047597723,204.83304120133,
    4.63039454832));
#3487 = B_SPLINE_CURVE_WITH_KNOTS('',3,(#3488,#3489,#3490,#3491),
  .UNSPECIFIED.,.F.,.F.,(4,4),(-3.084035145924,-0.46509608676),
  .PIECEWISE_BEZIER_KNOTS.);
#3488 = CARTESIAN_POINT('',(197.65047597723,204.83304120133,
    4.63039454832));
#3489 = CARTESIAN_POINT('',(197.65047597723,204.83304120133,
    5.503374234708));
#3490 = CARTESIAN_POINT('',(197.65047597723,204.83304120133,
    6.376353921096));
#3491 = CARTESIAN_POINT('',(197.65047597723,204.83304120133,
    7.249333607484));
#3492 = ORIENTED_EDGE('',*,*,#3493,.F.);
#3493 = EDGE_CURVE('',#3380,#3485,#3494,.T.);
#3494 = CIRCLE('',#3495,2.7);
#3495 = AXIS2_PLACEMENT_3D('',#3496,#3497,#3498);
#3496 = CARTESIAN_POINT('',(194.97010753241,204.50804120134,
    4.63039454832));
#3497 = DIRECTION('',(0.,-0.,1.));
#3498 = DIRECTION('',(0.,1.,0.));
#3499 = CYLINDRICAL_SURFACE('',#3500,2.7);
#3500 = AXIS2_PLACEMENT_3D('',#3501,#3502,#3503);
#3501 = CARTESIAN_POINT('',(194.97010753241,204.50804120134,9.509993E-11
    ));
#3502 = DIRECTION('',(0.,0.,1.));
#3503 = DIRECTION('',(0.,1.,0.));
#3504 = ADVANCED_FACE('',(#3505),#3521,.T.);
#3505 = FACE_BOUND('',#3506,.T.);
#3506 = EDGE_LOOP('',(#3507,#3508,#3514,#3515));
#3507 = ORIENTED_EDGE('',*,*,#1771,.T.);
#3508 = ORIENTED_EDGE('',*,*,#3509,.F.);
#3509 = EDGE_CURVE('',#3276,#1665,#3510,.T.);
#3510 = LINE('',#3511,#3512);
#3511 = CARTESIAN_POINT('',(194.47010753241,206.50804120134,9.509638E-11
    ));
#3512 = VECTOR('',#3513,1.);
#3513 = DIRECTION('',(0.,0.,1.));
#3514 = ORIENTED_EDGE('',*,*,#3365,.F.);
#3515 = ORIENTED_EDGE('',*,*,#3516,.T.);
#3516 = EDGE_CURVE('',#3358,#1763,#3517,.T.);
#3517 = LINE('',#3518,#3519);
#3518 = CARTESIAN_POINT('',(195.47010753241,206.50804120134,9.509638E-11
    ));
#3519 = VECTOR('',#3520,1.);
#3520 = DIRECTION('',(0.,0.,1.));
#3521 = PLANE('',#3522);
#3522 = AXIS2_PLACEMENT_3D('',#3523,#3524,#3525);
#3523 = CARTESIAN_POINT('',(194.47010753241,206.50804120134,9.509638E-11
    ));
#3524 = DIRECTION('',(0.,-1.,0.));
#3525 = DIRECTION('',(1.,0.,0.));
#3526 = ADVANCED_FACE('',(#3527),#3538,.T.);
#3527 = FACE_BOUND('',#3528,.T.);
#3528 = EDGE_LOOP('',(#3529,#3530,#3531,#3532));
#3529 = ORIENTED_EDGE('',*,*,#1762,.T.);
#3530 = ORIENTED_EDGE('',*,*,#3516,.F.);
#3531 = ORIENTED_EDGE('',*,*,#3357,.F.);
#3532 = ORIENTED_EDGE('',*,*,#3533,.T.);
#3533 = EDGE_CURVE('',#3350,#1754,#3534,.T.);
#3534 = LINE('',#3535,#3536);
#3535 = CARTESIAN_POINT('',(195.47010753241,205.00804120134,9.509638E-11
    ));
#3536 = VECTOR('',#3537,1.);
#3537 = DIRECTION('',(0.,0.,1.));
#3538 = PLANE('',#3539);
#3539 = AXIS2_PLACEMENT_3D('',#3540,#3541,#3542);
#3540 = CARTESIAN_POINT('',(195.47010753241,206.50804120134,9.509638E-11
    ));
#3541 = DIRECTION('',(-1.,0.,0.));
#3542 = DIRECTION('',(0.,-1.,3.1E-16));
#3543 = ADVANCED_FACE('',(#3544),#3555,.T.);
#3544 = FACE_BOUND('',#3545,.T.);
#3545 = EDGE_LOOP('',(#3546,#3547,#3553,#3554));
#3546 = ORIENTED_EDGE('',*,*,#1664,.T.);
#3547 = ORIENTED_EDGE('',*,*,#3548,.F.);
#3548 = EDGE_CURVE('',#3278,#1667,#3549,.T.);
#3549 = LINE('',#3550,#3551);
#3550 = CARTESIAN_POINT('',(194.47010753241,205.00804120134,9.509638E-11
    ));
#3551 = VECTOR('',#3552,1.);
#3552 = DIRECTION('',(0.,0.,1.));
#3553 = ORIENTED_EDGE('',*,*,#3275,.F.);
#3554 = ORIENTED_EDGE('',*,*,#3509,.T.);
#3555 = PLANE('',#3556);
#3556 = AXIS2_PLACEMENT_3D('',#3557,#3558,#3559);
#3557 = CARTESIAN_POINT('',(194.47010753241,205.00804120134,9.509638E-11
    ));
#3558 = DIRECTION('',(1.,0.,0.));
#3559 = DIRECTION('',(0.,1.,-3.1E-16));
#3560 = ADVANCED_FACE('',(#3561),#3572,.T.);
#3561 = FACE_BOUND('',#3562,.T.);
#3562 = EDGE_LOOP('',(#3563,#3564,#3565,#3566));
#3563 = ORIENTED_EDGE('',*,*,#1753,.T.);
#3564 = ORIENTED_EDGE('',*,*,#3533,.F.);
#3565 = ORIENTED_EDGE('',*,*,#3349,.F.);
#3566 = ORIENTED_EDGE('',*,*,#3567,.T.);
#3567 = EDGE_CURVE('',#3342,#1743,#3568,.T.);
#3568 = LINE('',#3569,#3570);
#3569 = CARTESIAN_POINT('',(196.97010753241,205.00804120134,9.509638E-11
    ));
#3570 = VECTOR('',#3571,1.);
#3571 = DIRECTION('',(0.,0.,1.));
#3572 = PLANE('',#3573);
#3573 = AXIS2_PLACEMENT_3D('',#3574,#3575,#3576);
#3574 = CARTESIAN_POINT('',(195.47010753241,205.00804120134,9.509638E-11
    ));
#3575 = DIRECTION('',(0.,-1.,0.));
#3576 = DIRECTION('',(1.,0.,0.));
#3577 = ADVANCED_FACE('',(#3578),#3589,.T.);
#3578 = FACE_BOUND('',#3579,.T.);
#3579 = EDGE_LOOP('',(#3580,#3581,#3587,#3588));
#3580 = ORIENTED_EDGE('',*,*,#1675,.T.);
#3581 = ORIENTED_EDGE('',*,*,#3582,.F.);
#3582 = EDGE_CURVE('',#3286,#1676,#3583,.T.);
#3583 = LINE('',#3584,#3585);
#3584 = CARTESIAN_POINT('',(192.97010753241,205.00804120134,9.509638E-11
    ));
#3585 = VECTOR('',#3586,1.);
#3586 = DIRECTION('',(0.,0.,1.));
#3587 = ORIENTED_EDGE('',*,*,#3285,.F.);
#3588 = ORIENTED_EDGE('',*,*,#3548,.T.);
#3589 = PLANE('',#3590);
#3590 = AXIS2_PLACEMENT_3D('',#3591,#3592,#3593);
#3591 = CARTESIAN_POINT('',(192.97010753241,205.00804120134,9.509638E-11
    ));
#3592 = DIRECTION('',(0.,-1.,0.));
#3593 = DIRECTION('',(1.,0.,0.));
#3594 = ADVANCED_FACE('',(#3595),#3606,.T.);
#3595 = FACE_BOUND('',#3596,.T.);
#3596 = EDGE_LOOP('',(#3597,#3598,#3599,#3600));
#3597 = ORIENTED_EDGE('',*,*,#1742,.T.);
#3598 = ORIENTED_EDGE('',*,*,#3567,.F.);
#3599 = ORIENTED_EDGE('',*,*,#3341,.F.);
#3600 = ORIENTED_EDGE('',*,*,#3601,.T.);
#3601 = EDGE_CURVE('',#3334,#1734,#3602,.T.);
#3602 = LINE('',#3603,#3604);
#3603 = CARTESIAN_POINT('',(196.97010753241,204.00804120134,9.509726E-11
    ));
#3604 = VECTOR('',#3605,1.);
#3605 = DIRECTION('',(0.,0.,1.));
#3606 = PLANE('',#3607);
#3607 = AXIS2_PLACEMENT_3D('',#3608,#3609,#3610);
#3608 = CARTESIAN_POINT('',(196.97010753241,205.00804120134,9.509638E-11
    ));
#3609 = DIRECTION('',(-1.,0.,0.));
#3610 = DIRECTION('',(0.,-1.,3.1E-16));
#3611 = ADVANCED_FACE('',(#3612),#3623,.T.);
#3612 = FACE_BOUND('',#3613,.T.);
#3613 = EDGE_LOOP('',(#3614,#3615,#3621,#3622));
#3614 = ORIENTED_EDGE('',*,*,#1684,.T.);
#3615 = ORIENTED_EDGE('',*,*,#3616,.F.);
#3616 = EDGE_CURVE('',#3294,#1685,#3617,.T.);
#3617 = LINE('',#3618,#3619);
#3618 = CARTESIAN_POINT('',(192.97010753241,204.00804120134,9.509726E-11
    ));
#3619 = VECTOR('',#3620,1.);
#3620 = DIRECTION('',(0.,0.,1.));
#3621 = ORIENTED_EDGE('',*,*,#3293,.F.);
#3622 = ORIENTED_EDGE('',*,*,#3582,.T.);
#3623 = PLANE('',#3624);
#3624 = AXIS2_PLACEMENT_3D('',#3625,#3626,#3627);
#3625 = CARTESIAN_POINT('',(192.97010753241,204.00804120134,9.509726E-11
    ));
#3626 = DIRECTION('',(1.,0.,0.));
#3627 = DIRECTION('',(0.,1.,-3.1E-16));
#3628 = ADVANCED_FACE('',(#3629),#3640,.T.);
#3629 = FACE_BOUND('',#3630,.T.);
#3630 = EDGE_LOOP('',(#3631,#3632,#3633,#3634));
#3631 = ORIENTED_EDGE('',*,*,#1733,.T.);
#3632 = ORIENTED_EDGE('',*,*,#3601,.F.);
#3633 = ORIENTED_EDGE('',*,*,#3333,.F.);
#3634 = ORIENTED_EDGE('',*,*,#3635,.T.);
#3635 = EDGE_CURVE('',#3326,#1725,#3636,.T.);
#3636 = LINE('',#3637,#3638);
#3637 = CARTESIAN_POINT('',(195.47010753241,204.00804120134,9.509726E-11
    ));
#3638 = VECTOR('',#3639,1.);
#3639 = DIRECTION('',(0.,0.,1.));
#3640 = PLANE('',#3641);
#3641 = AXIS2_PLACEMENT_3D('',#3642,#3643,#3644);
#3642 = CARTESIAN_POINT('',(194.47010753241,204.00804120134,9.509726E-11
    ));
#3643 = DIRECTION('',(0.,1.,0.));
#3644 = DIRECTION('',(-1.,0.,0.));
#3645 = ADVANCED_FACE('',(#3646),#3657,.T.);
#3646 = FACE_BOUND('',#3647,.T.);
#3647 = EDGE_LOOP('',(#3648,#3649,#3655,#3656));
#3648 = ORIENTED_EDGE('',*,*,#1695,.T.);
#3649 = ORIENTED_EDGE('',*,*,#3650,.F.);
#3650 = EDGE_CURVE('',#3302,#1696,#3651,.T.);
#3651 = LINE('',#3652,#3653);
#3652 = CARTESIAN_POINT('',(194.47010753241,204.00804120134,9.509726E-11
    ));
#3653 = VECTOR('',#3654,1.);
#3654 = DIRECTION('',(0.,0.,1.));
#3655 = ORIENTED_EDGE('',*,*,#3301,.F.);
#3656 = ORIENTED_EDGE('',*,*,#3616,.T.);
#3657 = PLANE('',#3658);
#3658 = AXIS2_PLACEMENT_3D('',#3659,#3660,#3661);
#3659 = CARTESIAN_POINT('',(194.47010753241,204.00804120134,9.509726E-11
    ));
#3660 = DIRECTION('',(0.,1.,0.));
#3661 = DIRECTION('',(-1.,0.,0.));
#3662 = ADVANCED_FACE('',(#3663),#3674,.T.);
#3663 = FACE_BOUND('',#3664,.T.);
#3664 = EDGE_LOOP('',(#3665,#3666,#3667,#3668));
#3665 = ORIENTED_EDGE('',*,*,#1724,.T.);
#3666 = ORIENTED_EDGE('',*,*,#3635,.F.);
#3667 = ORIENTED_EDGE('',*,*,#3325,.F.);
#3668 = ORIENTED_EDGE('',*,*,#3669,.T.);
#3669 = EDGE_CURVE('',#3318,#1714,#3670,.T.);
#3670 = LINE('',#3671,#3672);
#3671 = CARTESIAN_POINT('',(195.47010753241,202.50804120134,9.509726E-11
    ));
#3672 = VECTOR('',#3673,1.);
#3673 = DIRECTION('',(0.,0.,1.));
#3674 = PLANE('',#3675);
#3675 = AXIS2_PLACEMENT_3D('',#3676,#3677,#3678);
#3676 = CARTESIAN_POINT('',(195.47010753241,204.00804120134,9.509726E-11
    ));
#3677 = DIRECTION('',(-1.,0.,0.));
#3678 = DIRECTION('',(0.,-1.,3.1E-16));
#3679 = ADVANCED_FACE('',(#3680),#3691,.T.);
#3680 = FACE_BOUND('',#3681,.T.);
#3681 = EDGE_LOOP('',(#3682,#3683,#3684,#3685));
#3682 = ORIENTED_EDGE('',*,*,#1713,.T.);
#3683 = ORIENTED_EDGE('',*,*,#3669,.F.);
#3684 = ORIENTED_EDGE('',*,*,#3317,.F.);
#3685 = ORIENTED_EDGE('',*,*,#3686,.T.);
#3686 = EDGE_CURVE('',#3310,#1705,#3687,.T.);
#3687 = LINE('',#3688,#3689);
#3688 = CARTESIAN_POINT('',(194.47010753241,202.50804120134,9.509726E-11
    ));
#3689 = VECTOR('',#3690,1.);
#3690 = DIRECTION('',(0.,0.,1.));
#3691 = PLANE('',#3692);
#3692 = AXIS2_PLACEMENT_3D('',#3693,#3694,#3695);
#3693 = CARTESIAN_POINT('',(195.47010753241,202.50804120134,9.509815E-11
    ));
#3694 = DIRECTION('',(0.,1.,0.));
#3695 = DIRECTION('',(-1.,0.,0.));
#3696 = ADVANCED_FACE('',(#3697),#3703,.T.);
#3697 = FACE_BOUND('',#3698,.T.);
#3698 = EDGE_LOOP('',(#3699,#3700,#3701,#3702));
#3699 = ORIENTED_EDGE('',*,*,#1704,.T.);
#3700 = ORIENTED_EDGE('',*,*,#3686,.F.);
#3701 = ORIENTED_EDGE('',*,*,#3309,.F.);
#3702 = ORIENTED_EDGE('',*,*,#3650,.T.);
#3703 = PLANE('',#3704);
#3704 = AXIS2_PLACEMENT_3D('',#3705,#3706,#3707);
#3705 = CARTESIAN_POINT('',(194.47010753241,205.00804120134,9.509638E-11
    ));
#3706 = DIRECTION('',(1.,0.,0.));
#3707 = DIRECTION('',(0.,1.,-3.1E-16));
#3708 = ADVANCED_FACE('',(#3709),#3720,.F.);
#3709 = FACE_BOUND('',#3710,.T.);
#3710 = EDGE_LOOP('',(#3711,#3712,#3718,#3719));
#3711 = ORIENTED_EDGE('',*,*,#244,.T.);
#3712 = ORIENTED_EDGE('',*,*,#3713,.T.);
#3713 = EDGE_CURVE('',#236,#861,#3714,.T.);
#3714 = LINE('',#3715,#3716);
#3715 = CARTESIAN_POINT('',(206.59510753241,204.50804120132,
    4.63039454832));
#3716 = VECTOR('',#3717,1.);
#3717 = DIRECTION('',(0.,-1.,0.));
#3718 = ORIENTED_EDGE('',*,*,#860,.T.);
#3719 = ORIENTED_EDGE('',*,*,#1264,.T.);
#3720 = PLANE('',#3721);
#3721 = AXIS2_PLACEMENT_3D('',#3722,#3723,#3724);
#3722 = CARTESIAN_POINT('',(206.59510753241,204.50804120132,
    6.13039454832));
#3723 = DIRECTION('',(1.,0.,0.));
#3724 = DIRECTION('',(0.,-1.,0.));
#3725 = ADVANCED_FACE('',(#3726),#3738,.F.);
#3726 = FACE_BOUND('',#3727,.T.);
#3727 = EDGE_LOOP('',(#3728,#3729,#3730,#3736,#3737));
#3728 = ORIENTED_EDGE('',*,*,#235,.T.);
#3729 = ORIENTED_EDGE('',*,*,#210,.T.);
#3730 = ORIENTED_EDGE('',*,*,#3731,.F.);
#3731 = EDGE_CURVE('',#869,#203,#3732,.T.);
#3732 = LINE('',#3733,#3734);
#3733 = CARTESIAN_POINT('',(207.24510753241,204.50804120132,
    4.63039454832));
#3734 = VECTOR('',#3735,1.);
#3735 = DIRECTION('',(0.,1.,0.));
#3736 = ORIENTED_EDGE('',*,*,#868,.T.);
#3737 = ORIENTED_EDGE('',*,*,#3713,.F.);
#3738 = PLANE('',#3739);
#3739 = AXIS2_PLACEMENT_3D('',#3740,#3741,#3742);
#3740 = CARTESIAN_POINT('',(194.97010753241,204.83304120133,
    4.63039454832));
#3741 = DIRECTION('',(0.,0.,1.));
#3742 = DIRECTION('',(1.,0.,-0.));
#3743 = ADVANCED_FACE('',(#3744),#3750,.T.);
#3744 = FACE_BOUND('',#3745,.T.);
#3745 = EDGE_LOOP('',(#3746,#3747,#3748,#3749));
#3746 = ORIENTED_EDGE('',*,*,#202,.T.);
#3747 = ORIENTED_EDGE('',*,*,#1354,.T.);
#3748 = ORIENTED_EDGE('',*,*,#876,.T.);
#3749 = ORIENTED_EDGE('',*,*,#3731,.T.);
#3750 = PLANE('',#3751);
#3751 = AXIS2_PLACEMENT_3D('',#3752,#3753,#3754);
#3752 = CARTESIAN_POINT('',(207.24510753241,204.50804120132,
    6.13039454832));
#3753 = DIRECTION('',(1.,0.,0.));
#3754 = DIRECTION('',(0.,-1.,0.));
#3755 = ADVANCED_FACE('',(#3756),#3766,.F.);
#3756 = FACE_BOUND('',#3757,.F.);
#3757 = EDGE_LOOP('',(#3758,#3759,#3760,#3765));
#3758 = ORIENTED_EDGE('',*,*,#1018,.F.);
#3759 = ORIENTED_EDGE('',*,*,#825,.F.);
#3760 = ORIENTED_EDGE('',*,*,#3761,.T.);
#3761 = EDGE_CURVE('',#826,#3414,#3762,.T.);
#3762 = B_SPLINE_CURVE_WITH_KNOTS('',1,(#3763,#3764),.UNSPECIFIED.,.F.,
  .F.,(2,2),(2.995598365306,6.319631555192),.PIECEWISE_BEZIER_KNOTS.);
#3763 = CARTESIAN_POINT('',(194.64510753241,198.50363956663,
    4.63039454832));
#3764 = CARTESIAN_POINT('',(194.64510753241,201.82767275651,
    4.63039454832));
#3765 = ORIENTED_EDGE('',*,*,#3422,.F.);
#3766 = B_SPLINE_SURFACE_WITH_KNOTS('',1,1,(
    (#3767,#3768,#3769)
    ,(#3770,#3771,#3772)
    ,(#3773,#3774,#3775)
    ,(#3776,#3777,#3778
    )),.UNSPECIFIED.,.F.,.F.,.F.,(2,1,1,2),(2,1,2),(-66.20000000002,
    -3.43547E-12,18.000000000003,20.700000000005),(0.,3.,10.5),
  .UNSPECIFIED.);
#3767 = CARTESIAN_POINT('',(194.64510753239,129.30804120133,
    4.63039454832));
#3768 = CARTESIAN_POINT('',(194.64510753239,129.30804120133,
    7.63039454832));
#3769 = CARTESIAN_POINT('',(194.64510753239,129.30804120133,
    15.13039454832));
#3770 = CARTESIAN_POINT('',(194.64510753241,195.50804120132,
    4.63039454832));
#3771 = CARTESIAN_POINT('',(194.64510753241,195.50804120132,
    7.63039454832));
#3772 = CARTESIAN_POINT('',(194.64510753241,195.50804120132,
    15.13039454832));
#3773 = CARTESIAN_POINT('',(194.64510753241,213.50804120132,
    4.63039454832));
#3774 = CARTESIAN_POINT('',(194.64510753241,213.50804120132,
    7.63039454832));
#3775 = CARTESIAN_POINT('',(194.64510753241,213.50804120132,
    15.13039454832));
#3776 = CARTESIAN_POINT('',(194.64510753241,216.20804120132,
    4.63039454832));
#3777 = CARTESIAN_POINT('',(194.64510753241,216.20804120132,
    7.63039454832));
#3778 = CARTESIAN_POINT('',(194.64510753241,216.20804120132,
    15.13039454832));
#3779 = ADVANCED_FACE('',(#3780),#3792,.F.);
#3780 = FACE_BOUND('',#3781,.T.);
#3781 = EDGE_LOOP('',(#3782,#3783,#3784,#3790,#3791));
#3782 = ORIENTED_EDGE('',*,*,#3413,.T.);
#3783 = ORIENTED_EDGE('',*,*,#3396,.T.);
#3784 = ORIENTED_EDGE('',*,*,#3785,.T.);
#3785 = EDGE_CURVE('',#3389,#834,#3786,.T.);
#3786 = LINE('',#3787,#3788);
#3787 = CARTESIAN_POINT('',(195.29510753241,204.50804120132,
    4.63039454832));
#3788 = VECTOR('',#3789,1.);
#3789 = DIRECTION('',(-2.0211E-13,-1.,0.));
#3790 = ORIENTED_EDGE('',*,*,#833,.T.);
#3791 = ORIENTED_EDGE('',*,*,#3761,.T.);
#3792 = PLANE('',#3793);
#3793 = AXIS2_PLACEMENT_3D('',#3794,#3795,#3796);
#3794 = CARTESIAN_POINT('',(194.97010753241,204.83304120133,
    4.63039454832));
#3795 = DIRECTION('',(0.,0.,1.));
#3796 = DIRECTION('',(1.,0.,-0.));
#3797 = ADVANCED_FACE('',(#3798),#3804,.T.);
#3798 = FACE_BOUND('',#3799,.T.);
#3799 = EDGE_LOOP('',(#3800,#3801,#3802,#3803));
#3800 = ORIENTED_EDGE('',*,*,#3388,.T.);
#3801 = ORIENTED_EDGE('',*,*,#1254,.T.);
#3802 = ORIENTED_EDGE('',*,*,#841,.T.);
#3803 = ORIENTED_EDGE('',*,*,#3785,.F.);
#3804 = PLANE('',#3805);
#3805 = AXIS2_PLACEMENT_3D('',#3806,#3807,#3808);
#3806 = CARTESIAN_POINT('',(195.29510753241,204.50804120132,
    6.13039454832));
#3807 = DIRECTION('',(1.,-2.0211E-13,0.));
#3808 = DIRECTION('',(0.,0.,-1.));
#3809 = ADVANCED_FACE('',(#3810),#3821,.T.);
#3810 = FACE_BOUND('',#3811,.T.);
#3811 = EDGE_LOOP('',(#3812,#3813,#3814,#3815));
#3812 = ORIENTED_EDGE('',*,*,#708,.T.);
#3813 = ORIENTED_EDGE('',*,*,#1008,.T.);
#3814 = ORIENTED_EDGE('',*,*,#806,.T.);
#3815 = ORIENTED_EDGE('',*,*,#3816,.F.);
#3816 = EDGE_CURVE('',#709,#799,#3817,.T.);
#3817 = LINE('',#3818,#3819);
#3818 = CARTESIAN_POINT('',(183.34510753241,204.50804120132,
    4.63039454832));
#3819 = VECTOR('',#3820,1.);
#3820 = DIRECTION('',(0.,-1.,0.));
#3821 = PLANE('',#3822);
#3822 = AXIS2_PLACEMENT_3D('',#3823,#3824,#3825);
#3823 = CARTESIAN_POINT('',(183.34510753241,204.50804120132,
    6.13039454832));
#3824 = DIRECTION('',(1.,0.,0.));
#3825 = DIRECTION('',(0.,-1.,0.));
#3826 = ADVANCED_FACE('',(#3827),#3839,.F.);
#3827 = FACE_BOUND('',#3828,.T.);
#3828 = EDGE_LOOP('',(#3829,#3830,#3831,#3832,#3833));
#3829 = ORIENTED_EDGE('',*,*,#741,.T.);
#3830 = ORIENTED_EDGE('',*,*,#716,.T.);
#3831 = ORIENTED_EDGE('',*,*,#3816,.T.);
#3832 = ORIENTED_EDGE('',*,*,#798,.T.);
#3833 = ORIENTED_EDGE('',*,*,#3834,.T.);
#3834 = EDGE_CURVE('',#789,#742,#3835,.T.);
#3835 = LINE('',#3836,#3837);
#3836 = CARTESIAN_POINT('',(182.69510753241,204.50804120132,
    4.63039454832));
#3837 = VECTOR('',#3838,1.);
#3838 = DIRECTION('',(0.,1.,0.));
#3839 = PLANE('',#3840);
#3840 = AXIS2_PLACEMENT_3D('',#3841,#3842,#3843);
#3841 = CARTESIAN_POINT('',(194.97010753241,204.83304120133,
    4.63039454832));
#3842 = DIRECTION('',(0.,0.,1.));
#3843 = DIRECTION('',(1.,0.,-0.));
#3844 = ADVANCED_FACE('',(#3845),#3851,.F.);
#3845 = FACE_BOUND('',#3846,.T.);
#3846 = EDGE_LOOP('',(#3847,#3848,#3849,#3850));
#3847 = ORIENTED_EDGE('',*,*,#750,.T.);
#3848 = ORIENTED_EDGE('',*,*,#3834,.F.);
#3849 = ORIENTED_EDGE('',*,*,#788,.T.);
#3850 = ORIENTED_EDGE('',*,*,#978,.T.);
#3851 = PLANE('',#3852);
#3852 = AXIS2_PLACEMENT_3D('',#3853,#3854,#3855);
#3853 = CARTESIAN_POINT('',(182.69510753241,204.50804120132,
    6.13039454832));
#3854 = DIRECTION('',(1.,0.,0.));
#3855 = DIRECTION('',(0.,-1.,0.));
#3856 = ADVANCED_FACE('',(#3857),#3868,.F.);
#3857 = FACE_BOUND('',#3858,.T.);
#3858 = EDGE_LOOP('',(#3859,#3860,#3861,#3862));
#3859 = ORIENTED_EDGE('',*,*,#614,.T.);
#3860 = ORIENTED_EDGE('',*,*,#938,.T.);
#3861 = ORIENTED_EDGE('',*,*,#513,.T.);
#3862 = ORIENTED_EDGE('',*,*,#3863,.F.);
#3863 = EDGE_CURVE('',#615,#506,#3864,.T.);
#3864 = LINE('',#3865,#3866);
#3865 = CARTESIAN_POINT('',(182.69510753241,204.50804120132,
    4.63039454832));
#3866 = VECTOR('',#3867,1.);
#3867 = DIRECTION('',(0.,1.,0.));
#3868 = PLANE('',#3869);
#3869 = AXIS2_PLACEMENT_3D('',#3870,#3871,#3872);
#3870 = CARTESIAN_POINT('',(182.69510753241,204.50804120132,
    6.13039454832));
#3871 = DIRECTION('',(1.,0.,0.));
#3872 = DIRECTION('',(0.,-1.,0.));
#3873 = ADVANCED_FACE('',(#3874),#3885,.F.);
#3874 = FACE_BOUND('',#3875,.T.);
#3875 = EDGE_LOOP('',(#3876,#3877,#3878,#3879));
#3876 = ORIENTED_EDGE('',*,*,#622,.T.);
#3877 = ORIENTED_EDGE('',*,*,#3863,.T.);
#3878 = ORIENTED_EDGE('',*,*,#505,.T.);
#3879 = ORIENTED_EDGE('',*,*,#3880,.T.);
#3880 = EDGE_CURVE('',#498,#623,#3881,.T.);
#3881 = LINE('',#3882,#3883);
#3882 = CARTESIAN_POINT('',(183.34510753241,204.50804120132,
    4.63039454832));
#3883 = VECTOR('',#3884,1.);
#3884 = DIRECTION('',(0.,-1.,0.));
#3885 = PLANE('',#3886);
#3886 = AXIS2_PLACEMENT_3D('',#3887,#3888,#3889);
#3887 = CARTESIAN_POINT('',(194.97010753241,204.83304120133,
    4.63039454832));
#3888 = DIRECTION('',(0.,0.,1.));
#3889 = DIRECTION('',(1.,0.,-0.));
#3890 = ADVANCED_FACE('',(#3891),#3897,.T.);
#3891 = FACE_BOUND('',#3892,.T.);
#3892 = EDGE_LOOP('',(#3893,#3894,#3895,#3896));
#3893 = ORIENTED_EDGE('',*,*,#631,.T.);
#3894 = ORIENTED_EDGE('',*,*,#3880,.F.);
#3895 = ORIENTED_EDGE('',*,*,#497,.T.);
#3896 = ORIENTED_EDGE('',*,*,#1085,.T.);
#3897 = PLANE('',#3898);
#3898 = AXIS2_PLACEMENT_3D('',#3899,#3900,#3901);
#3899 = CARTESIAN_POINT('',(183.34510753241,204.50804120132,
    6.13039454832));
#3900 = DIRECTION('',(1.,0.,0.));
#3901 = DIRECTION('',(0.,-1.,0.));
#3902 = ADVANCED_FACE('',(#3903),#3914,.T.);
#3903 = FACE_BOUND('',#3904,.T.);
#3904 = EDGE_LOOP('',(#3905,#3906,#3907,#3908));
#3905 = ORIENTED_EDGE('',*,*,#3432,.T.);
#3906 = ORIENTED_EDGE('',*,*,#1046,.T.);
#3907 = ORIENTED_EDGE('',*,*,#683,.T.);
#3908 = ORIENTED_EDGE('',*,*,#3909,.F.);
#3909 = EDGE_CURVE('',#3433,#675,#3910,.T.);
#3910 = LINE('',#3911,#3912);
#3911 = CARTESIAN_POINT('',(194.97010753241,204.18304120133,
    4.63039454832));
#3912 = VECTOR('',#3913,1.);
#3913 = DIRECTION('',(-1.,4.0422E-13,0.));
#3914 = PLANE('',#3915);
#3915 = AXIS2_PLACEMENT_3D('',#3916,#3917,#3918);
#3916 = CARTESIAN_POINT('',(194.97010753241,204.18304120133,
    6.13039454832));
#3917 = DIRECTION('',(-4.0422E-13,-1.,0.));
#3918 = DIRECTION('',(-0.,0.,-1.));
#3919 = ADVANCED_FACE('',(#3920),#3932,.F.);
#3920 = FACE_BOUND('',#3921,.F.);
#3921 = EDGE_LOOP('',(#3922,#3929,#3930,#3931));
#3922 = ORIENTED_EDGE('',*,*,#3923,.T.);
#3923 = EDGE_CURVE('',#664,#3441,#3924,.T.);
#3924 = B_SPLINE_CURVE_WITH_KNOTS('',3,(#3925,#3926,#3927,#3928),
  .UNSPECIFIED.,.F.,.F.,(4,4),(-8.944631555189,-2.355368444827),
  .PIECEWISE_BEZIER_KNOTS.);
#3925 = CARTESIAN_POINT('',(185.70047597723,204.83304120134,
    4.63039454832));
#3926 = CARTESIAN_POINT('',(187.89689701401,204.83304120134,
    4.63039454832));
#3927 = CARTESIAN_POINT('',(190.0933180508,204.83304120134,4.63039454832
    ));
#3928 = CARTESIAN_POINT('',(192.28973908759,204.83304120133,
    4.63039454832));
#3929 = ORIENTED_EDGE('',*,*,#3449,.F.);
#3930 = ORIENTED_EDGE('',*,*,#1095,.F.);
#3931 = ORIENTED_EDGE('',*,*,#663,.F.);
#3932 = B_SPLINE_SURFACE_WITH_KNOTS('',1,1,(
    (#3933,#3934,#3935,#3936)
    ,(#3937,#3938,#3939,#3940)
    ,(#3941,#3942,#3943,#3944
    )),.UNSPECIFIED.,.F.,.F.,.F.,(2,1,2),(2,1,1,2),(-48.99999999999,
    2.025E-13,18.),(-113.9999999999,0.,3.,39.650002000038),
  .UNSPECIFIED.);
#3933 = CARTESIAN_POINT('',(136.97010753241,204.83304120136,
    -109.3696054516));
#3934 = CARTESIAN_POINT('',(136.97010753241,204.83304120136,
    4.63039454832));
#3935 = CARTESIAN_POINT('',(136.97010753241,204.83304120136,
    7.63039454832));
#3936 = CARTESIAN_POINT('',(136.97010753241,204.83304120136,
    44.280396548358));
#3937 = CARTESIAN_POINT('',(185.97010753241,204.83304120133,
    -109.3696054516));
#3938 = CARTESIAN_POINT('',(185.97010753241,204.83304120133,
    4.63039454832));
#3939 = CARTESIAN_POINT('',(185.97010753241,204.83304120133,
    7.63039454832));
#3940 = CARTESIAN_POINT('',(185.97010753241,204.83304120133,
    44.280396548358));
#3941 = CARTESIAN_POINT('',(203.97010753241,204.83304120133,
    -109.3696054516));
#3942 = CARTESIAN_POINT('',(203.97010753241,204.83304120133,
    4.63039454832));
#3943 = CARTESIAN_POINT('',(203.97010753241,204.83304120133,
    7.63039454832));
#3944 = CARTESIAN_POINT('',(203.97010753241,204.83304120133,
    44.280396548358));
#3945 = ADVANCED_FACE('',(#3946),#3952,.F.);
#3946 = FACE_BOUND('',#3947,.T.);
#3947 = EDGE_LOOP('',(#3948,#3949,#3950,#3951));
#3948 = ORIENTED_EDGE('',*,*,#3440,.T.);
#3949 = ORIENTED_EDGE('',*,*,#3909,.T.);
#3950 = ORIENTED_EDGE('',*,*,#674,.T.);
#3951 = ORIENTED_EDGE('',*,*,#3923,.T.);
#3952 = PLANE('',#3953);
#3953 = AXIS2_PLACEMENT_3D('',#3954,#3955,#3956);
#3954 = CARTESIAN_POINT('',(194.97010753241,204.83304120133,
    4.63039454832));
#3955 = DIRECTION('',(0.,0.,1.));
#3956 = DIRECTION('',(1.,0.,-0.));
#3957 = ADVANCED_FACE('',(#3958),#3968,.F.);
#3958 = FACE_BOUND('',#3959,.F.);
#3959 = EDGE_LOOP('',(#3960,#3965,#3966,#3967));
#3960 = ORIENTED_EDGE('',*,*,#3961,.T.);
#3961 = EDGE_CURVE('',#3458,#471,#3962,.T.);
#3962 = B_SPLINE_CURVE_WITH_KNOTS('',1,(#3963,#3964),.UNSPECIFIED.,.F.,
  .F.,(2,2),(11.680368444837,16.351405101532),.PIECEWISE_BEZIER_KNOTS.);
#3963 = CARTESIAN_POINT('',(194.64510753241,207.18840964616,
    4.63039454832));
#3964 = CARTESIAN_POINT('',(194.64510753241,211.85944630285,
    4.63039454832));
#3965 = ORIENTED_EDGE('',*,*,#478,.F.);
#3966 = ORIENTED_EDGE('',*,*,#1124,.F.);
#3967 = ORIENTED_EDGE('',*,*,#3457,.F.);
#3968 = B_SPLINE_SURFACE_WITH_KNOTS('',1,1,(
    (#3969,#3970,#3971)
    ,(#3972,#3973,#3974)
    ,(#3975,#3976,#3977)
    ,(#3978,#3979,#3980
    )),.UNSPECIFIED.,.F.,.F.,.F.,(2,1,1,2),(2,1,2),(-66.20000000002,
    -3.43547E-12,18.000000000003,20.700000000005),(0.,3.,10.5),
  .UNSPECIFIED.);
#3969 = CARTESIAN_POINT('',(194.64510753239,129.30804120133,
    4.63039454832));
#3970 = CARTESIAN_POINT('',(194.64510753239,129.30804120133,
    7.63039454832));
#3971 = CARTESIAN_POINT('',(194.64510753239,129.30804120133,
    15.13039454832));
#3972 = CARTESIAN_POINT('',(194.64510753241,195.50804120132,
    4.63039454832));
#3973 = CARTESIAN_POINT('',(194.64510753241,195.50804120132,
    7.63039454832));
#3974 = CARTESIAN_POINT('',(194.64510753241,195.50804120132,
    15.13039454832));
#3975 = CARTESIAN_POINT('',(194.64510753241,213.50804120132,
    4.63039454832));
#3976 = CARTESIAN_POINT('',(194.64510753241,213.50804120132,
    7.63039454832));
#3977 = CARTESIAN_POINT('',(194.64510753241,213.50804120132,
    15.13039454832));
#3978 = CARTESIAN_POINT('',(194.64510753241,216.20804120132,
    4.63039454832));
#3979 = CARTESIAN_POINT('',(194.64510753241,216.20804120132,
    7.63039454832));
#3980 = CARTESIAN_POINT('',(194.64510753241,216.20804120132,
    15.13039454832));
#3981 = ADVANCED_FACE('',(#3982),#3993,.F.);
#3982 = FACE_BOUND('',#3983,.T.);
#3983 = EDGE_LOOP('',(#3984,#3985,#3986,#3987));
#3984 = ORIENTED_EDGE('',*,*,#3468,.T.);
#3985 = ORIENTED_EDGE('',*,*,#3961,.T.);
#3986 = ORIENTED_EDGE('',*,*,#470,.T.);
#3987 = ORIENTED_EDGE('',*,*,#3988,.T.);
#3988 = EDGE_CURVE('',#463,#3469,#3989,.T.);
#3989 = LINE('',#3990,#3991);
#3990 = CARTESIAN_POINT('',(195.29510753241,204.50804120132,
    4.63039454832));
#3991 = VECTOR('',#3992,1.);
#3992 = DIRECTION('',(-2.0211E-13,-1.,0.));
#3993 = PLANE('',#3994);
#3994 = AXIS2_PLACEMENT_3D('',#3995,#3996,#3997);
#3995 = CARTESIAN_POINT('',(194.97010753241,204.83304120133,
    4.63039454832));
#3996 = DIRECTION('',(0.,0.,1.));
#3997 = DIRECTION('',(1.,0.,-0.));
#3998 = ADVANCED_FACE('',(#3999),#4005,.T.);
#3999 = FACE_BOUND('',#4000,.T.);
#4000 = EDGE_LOOP('',(#4001,#4002,#4003,#4004));
#4001 = ORIENTED_EDGE('',*,*,#3477,.T.);
#4002 = ORIENTED_EDGE('',*,*,#3988,.F.);
#4003 = ORIENTED_EDGE('',*,*,#462,.T.);
#4004 = ORIENTED_EDGE('',*,*,#1162,.T.);
#4005 = PLANE('',#4006);
#4006 = AXIS2_PLACEMENT_3D('',#4007,#4008,#4009);
#4007 = CARTESIAN_POINT('',(195.29510753241,204.50804120132,
    6.13039454832));
#4008 = DIRECTION('',(1.,-2.0211E-13,0.));
#4009 = DIRECTION('',(0.,0.,-1.));
#4010 = ADVANCED_FACE('',(#4011),#4028,.F.);
#4011 = FACE_BOUND('',#4012,.T.);
#4012 = EDGE_LOOP('',(#4013,#4014,#4020,#4021));
#4013 = ORIENTED_EDGE('',*,*,#568,.T.);
#4014 = ORIENTED_EDGE('',*,*,#4015,.T.);
#4015 = EDGE_CURVE('',#559,#1311,#4016,.T.);
#4016 = LINE('',#4017,#4018);
#4017 = CARTESIAN_POINT('',(194.97010753241,204.18304120133,
    4.63039454832));
#4018 = VECTOR('',#4019,1.);
#4019 = DIRECTION('',(-1.,4.0422E-13,0.));
#4020 = ORIENTED_EDGE('',*,*,#1339,.T.);
#4021 = ORIENTED_EDGE('',*,*,#4022,.T.);
#4022 = EDGE_CURVE('',#1331,#569,#4023,.T.);
#4023 = B_SPLINE_CURVE_WITH_KNOTS('',3,(#4024,#4025,#4026,#4027),
  .UNSPECIFIED.,.F.,.F.,(4,4),(-15.3222551414,-14.30536844483),
  .PIECEWISE_BEZIER_KNOTS.);
#4024 = CARTESIAN_POINT('',(179.32285239101,204.83304120134,
    4.63039454832));
#4025 = CARTESIAN_POINT('',(179.66181462321,204.83304120134,
    4.63039454832));
#4026 = CARTESIAN_POINT('',(180.00077685539,204.83304120134,
    4.63039454832));
#4027 = CARTESIAN_POINT('',(180.33973908758,204.83304120134,
    4.63039454832));
#4028 = PLANE('',#4029);
#4029 = AXIS2_PLACEMENT_3D('',#4030,#4031,#4032);
#4030 = CARTESIAN_POINT('',(194.97010753241,204.83304120133,
    4.63039454832));
#4031 = DIRECTION('',(0.,0.,1.));
#4032 = DIRECTION('',(1.,0.,-0.));
#4033 = ADVANCED_FACE('',(#4034),#4039,.F.);
#4034 = FACE_BOUND('',#4035,.F.);
#4035 = EDGE_LOOP('',(#4036,#4037,#4038));
#4036 = ORIENTED_EDGE('',*,*,#1330,.F.);
#4037 = ORIENTED_EDGE('',*,*,#4022,.T.);
#4038 = ORIENTED_EDGE('',*,*,#577,.F.);
#4039 = B_SPLINE_SURFACE_WITH_KNOTS('',1,1,(
    (#4040,#4041,#4042,#4043)
    ,(#4044,#4045,#4046,#4047)
    ,(#4048,#4049,#4050,#4051
    )),.UNSPECIFIED.,.F.,.F.,.F.,(2,1,2),(2,1,1,2),(-48.99999999999,
    2.025E-13,18.),(-113.9999999999,0.,3.,39.650002000038),
  .UNSPECIFIED.);
#4040 = CARTESIAN_POINT('',(136.97010753241,204.83304120136,
    -109.3696054516));
#4041 = CARTESIAN_POINT('',(136.97010753241,204.83304120136,
    4.63039454832));
#4042 = CARTESIAN_POINT('',(136.97010753241,204.83304120136,
    7.63039454832));
#4043 = CARTESIAN_POINT('',(136.97010753241,204.83304120136,
    44.280396548358));
#4044 = CARTESIAN_POINT('',(185.97010753241,204.83304120133,
    -109.3696054516));
#4045 = CARTESIAN_POINT('',(185.97010753241,204.83304120133,
    4.63039454832));
#4046 = CARTESIAN_POINT('',(185.97010753241,204.83304120133,
    7.63039454832));
#4047 = CARTESIAN_POINT('',(185.97010753241,204.83304120133,
    44.280396548358));
#4048 = CARTESIAN_POINT('',(203.97010753241,204.83304120133,
    -109.3696054516));
#4049 = CARTESIAN_POINT('',(203.97010753241,204.83304120133,
    4.63039454832));
#4050 = CARTESIAN_POINT('',(203.97010753241,204.83304120133,
    7.63039454832));
#4051 = CARTESIAN_POINT('',(203.97010753241,204.83304120133,
    44.280396548358));
#4052 = ADVANCED_FACE('',(#4053),#4058,.T.);
#4053 = FACE_BOUND('',#4054,.T.);
#4054 = EDGE_LOOP('',(#4055,#4056,#4057));
#4055 = ORIENTED_EDGE('',*,*,#558,.T.);
#4056 = ORIENTED_EDGE('',*,*,#1310,.T.);
#4057 = ORIENTED_EDGE('',*,*,#4015,.F.);
#4058 = PLANE('',#4059);
#4059 = AXIS2_PLACEMENT_3D('',#4060,#4061,#4062);
#4060 = CARTESIAN_POINT('',(194.97010753241,204.18304120133,
    6.13039454832));
#4061 = DIRECTION('',(-4.0422E-13,-1.,0.));
#4062 = DIRECTION('',(-0.,0.,-1.));
#4063 = ADVANCED_FACE('',(#4064),#4075,.T.);
#4064 = FACE_BOUND('',#4065,.T.);
#4065 = EDGE_LOOP('',(#4066,#4067,#4068,#4069));
#4066 = ORIENTED_EDGE('',*,*,#269,.T.);
#4067 = ORIENTED_EDGE('',*,*,#1274,.T.);
#4068 = ORIENTED_EDGE('',*,*,#3379,.T.);
#4069 = ORIENTED_EDGE('',*,*,#4070,.T.);
#4070 = EDGE_CURVE('',#3380,#270,#4071,.T.);
#4071 = LINE('',#4072,#4073);
#4072 = CARTESIAN_POINT('',(194.97010753241,204.18304120133,
    4.63039454832));
#4073 = VECTOR('',#4074,1.);
#4074 = DIRECTION('',(1.,-4.0422E-13,0.));
#4075 = PLANE('',#4076);
#4076 = AXIS2_PLACEMENT_3D('',#4077,#4078,#4079);
#4077 = CARTESIAN_POINT('',(194.97010753241,204.18304120133,
    6.13039454832));
#4078 = DIRECTION('',(-4.0422E-13,-1.,0.));
#4079 = DIRECTION('',(-0.,0.,-1.));
#4080 = ADVANCED_FACE('',(#4081),#4093,.F.);
#4081 = FACE_BOUND('',#4082,.F.);
#4082 = EDGE_LOOP('',(#4083,#4090,#4091,#4092));
#4083 = ORIENTED_EDGE('',*,*,#4084,.F.);
#4084 = EDGE_CURVE('',#278,#3485,#4085,.T.);
#4085 = B_SPLINE_CURVE_WITH_KNOTS('',3,(#4086,#4087,#4088,#4089),
  .UNSPECIFIED.,.F.,.F.,(4,4),(48.730368444824,55.319631555177),
  .PIECEWISE_BEZIER_KNOTS.);
#4086 = CARTESIAN_POINT('',(204.23973908759,204.83304120133,
    4.63039454832));
#4087 = CARTESIAN_POINT('',(202.0433180508,204.83304120133,4.63039454832
    ));
#4088 = CARTESIAN_POINT('',(199.84689701402,204.83304120133,
    4.63039454832));
#4089 = CARTESIAN_POINT('',(197.65047597723,204.83304120133,
    4.63039454832));
#4090 = ORIENTED_EDGE('',*,*,#286,.F.);
#4091 = ORIENTED_EDGE('',*,*,#1197,.F.);
#4092 = ORIENTED_EDGE('',*,*,#3484,.F.);
#4093 = B_SPLINE_SURFACE_WITH_KNOTS('',1,1,(
    (#4094,#4095,#4096,#4097)
    ,(#4098,#4099,#4100,#4101)
    ,(#4102,#4103,#4104,#4105
    )),.UNSPECIFIED.,.F.,.F.,.F.,(2,1,2),(2,1,1,2),(2.025E-13,18.,
    66.999999999999),(-1.5,0.,3.,10.5),.UNSPECIFIED.);
#4094 = CARTESIAN_POINT('',(185.97010753241,204.83304120133,
    3.13039454832));
#4095 = CARTESIAN_POINT('',(185.97010753241,204.83304120133,
    4.63039454832));
#4096 = CARTESIAN_POINT('',(185.97010753241,204.83304120133,
    7.63039454832));
#4097 = CARTESIAN_POINT('',(185.97010753241,204.83304120133,
    15.13039454832));
#4098 = CARTESIAN_POINT('',(203.97010753241,204.83304120133,
    3.13039454832));
#4099 = CARTESIAN_POINT('',(203.97010753241,204.83304120133,
    4.63039454832));
#4100 = CARTESIAN_POINT('',(203.97010753241,204.83304120133,
    7.63039454832));
#4101 = CARTESIAN_POINT('',(203.97010753241,204.83304120133,
    15.13039454832));
#4102 = CARTESIAN_POINT('',(252.97010753241,204.8330412013,3.13039454832
    ));
#4103 = CARTESIAN_POINT('',(252.97010753241,204.8330412013,4.63039454832
    ));
#4104 = CARTESIAN_POINT('',(252.97010753241,204.8330412013,7.63039454832
    ));
#4105 = CARTESIAN_POINT('',(252.97010753241,204.8330412013,
    15.13039454832));
#4106 = ADVANCED_FACE('',(#4107),#4113,.F.);
#4107 = FACE_BOUND('',#4108,.T.);
#4108 = EDGE_LOOP('',(#4109,#4110,#4111,#4112));
#4109 = ORIENTED_EDGE('',*,*,#277,.T.);
#4110 = ORIENTED_EDGE('',*,*,#4070,.F.);
#4111 = ORIENTED_EDGE('',*,*,#3493,.T.);
#4112 = ORIENTED_EDGE('',*,*,#4084,.F.);
#4113 = PLANE('',#4114);
#4114 = AXIS2_PLACEMENT_3D('',#4115,#4116,#4117);
#4115 = CARTESIAN_POINT('',(194.97010753241,204.83304120133,
    4.63039454832));
#4116 = DIRECTION('',(0.,0.,1.));
#4117 = DIRECTION('',(1.,0.,-0.));
#4118 = ADVANCED_FACE('',(#4119),#4131,.F.);
#4119 = FACE_BOUND('',#4120,.F.);
#4120 = EDGE_LOOP('',(#4121,#4128,#4129,#4130));
#4121 = ORIENTED_EDGE('',*,*,#4122,.F.);
#4122 = EDGE_CURVE('',#395,#151,#4123,.T.);
#4123 = B_SPLINE_CURVE_WITH_KNOTS('',3,(#4124,#4125,#4126,#4127),
  .UNSPECIFIED.,.F.,.F.,(4,4),(42.190640248902,43.369631555178),
  .PIECEWISE_BEZIER_KNOTS.);
#4124 = CARTESIAN_POINT('',(210.77946728351,204.83304120133,
    4.63039454832));
#4125 = CARTESIAN_POINT('',(210.38647018142,204.83304120133,
    4.63039454832));
#4126 = CARTESIAN_POINT('',(209.99347307932,204.83304120133,
    4.63039454832));
#4127 = CARTESIAN_POINT('',(209.60047597723,204.83304120133,
    4.63039454832));
#4128 = ORIENTED_EDGE('',*,*,#402,.F.);
#4129 = ORIENTED_EDGE('',*,*,#334,.F.);
#4130 = ORIENTED_EDGE('',*,*,#150,.F.);
#4131 = B_SPLINE_SURFACE_WITH_KNOTS('',1,1,(
    (#4132,#4133,#4134,#4135)
    ,(#4136,#4137,#4138,#4139)
    ,(#4140,#4141,#4142,#4143
    )),.UNSPECIFIED.,.F.,.F.,.F.,(2,1,2),(2,1,1,2),(2.025E-13,18.,
    66.999999999999),(-1.5,0.,3.,10.5),.UNSPECIFIED.);
#4132 = CARTESIAN_POINT('',(185.97010753241,204.83304120133,
    3.13039454832));
#4133 = CARTESIAN_POINT('',(185.97010753241,204.83304120133,
    4.63039454832));
#4134 = CARTESIAN_POINT('',(185.97010753241,204.83304120133,
    7.63039454832));
#4135 = CARTESIAN_POINT('',(185.97010753241,204.83304120133,
    15.13039454832));
#4136 = CARTESIAN_POINT('',(203.97010753241,204.83304120133,
    3.13039454832));
#4137 = CARTESIAN_POINT('',(203.97010753241,204.83304120133,
    4.63039454832));
#4138 = CARTESIAN_POINT('',(203.97010753241,204.83304120133,
    7.63039454832));
#4139 = CARTESIAN_POINT('',(203.97010753241,204.83304120133,
    15.13039454832));
#4140 = CARTESIAN_POINT('',(252.97010753241,204.8330412013,3.13039454832
    ));
#4141 = CARTESIAN_POINT('',(252.97010753241,204.8330412013,4.63039454832
    ));
#4142 = CARTESIAN_POINT('',(252.97010753241,204.8330412013,7.63039454832
    ));
#4143 = CARTESIAN_POINT('',(252.97010753241,204.8330412013,
    15.13039454832));
#4144 = ADVANCED_FACE('',(#4145),#4156,.F.);
#4145 = FACE_BOUND('',#4146,.T.);
#4146 = EDGE_LOOP('',(#4147,#4148,#4149,#4150));
#4147 = ORIENTED_EDGE('',*,*,#161,.T.);
#4148 = ORIENTED_EDGE('',*,*,#4122,.F.);
#4149 = ORIENTED_EDGE('',*,*,#394,.T.);
#4150 = ORIENTED_EDGE('',*,*,#4151,.F.);
#4151 = EDGE_CURVE('',#162,#385,#4152,.T.);
#4152 = LINE('',#4153,#4154);
#4153 = CARTESIAN_POINT('',(194.97010753241,204.18304120133,
    4.63039454832));
#4154 = VECTOR('',#4155,1.);
#4155 = DIRECTION('',(1.,-4.0422E-13,0.));
#4156 = PLANE('',#4157);
#4157 = AXIS2_PLACEMENT_3D('',#4158,#4159,#4160);
#4158 = CARTESIAN_POINT('',(194.97010753241,204.83304120133,
    4.63039454832));
#4159 = DIRECTION('',(0.,0.,1.));
#4160 = DIRECTION('',(1.,0.,-0.));
#4161 = ADVANCED_FACE('',(#4162),#4168,.T.);
#4162 = FACE_BOUND('',#4163,.T.);
#4163 = EDGE_LOOP('',(#4164,#4165,#4166,#4167));
#4164 = ORIENTED_EDGE('',*,*,#170,.T.);
#4165 = ORIENTED_EDGE('',*,*,#4151,.T.);
#4166 = ORIENTED_EDGE('',*,*,#384,.T.);
#4167 = ORIENTED_EDGE('',*,*,#1365,.T.);
#4168 = PLANE('',#4169);
#4169 = AXIS2_PLACEMENT_3D('',#4170,#4171,#4172);
#4170 = CARTESIAN_POINT('',(194.97010753241,204.18304120133,
    6.13039454832));
#4171 = DIRECTION('',(-4.0422E-13,-1.,0.));
#4172 = DIRECTION('',(-0.,0.,-1.));
#4173 = ( GEOMETRIC_REPRESENTATION_CONTEXT(3) 
GLOBAL_UNCERTAINTY_ASSIGNED_CONTEXT((#4177)) 
GLOBAL_UNIT_ASSIGNED_CONTEXT((#4174,#4175,#4176)) REPRESENTATION_CONTEXT
('Context #1','3D Context with UNIT and UNCERTAINTY') );
#4174 = ( LENGTH_UNIT() NAMED_UNIT(*) SI_UNIT(.MILLI.,.METRE.) );
#4175 = ( NAMED_UNIT(*) PLANE_ANGLE_UNIT() SI_UNIT($,.RADIAN.) );
#4176 = ( NAMED_UNIT(*) SI_UNIT($,.STERADIAN.) SOLID_ANGLE_UNIT() );
#4177 = UNCERTAINTY_MEASURE_WITH_UNIT(LENGTH_MEASURE(2.E-04),#4174,
  'distance_accuracy_value','confusion accuracy');
#4178 = PRODUCT_RELATED_PRODUCT_CATEGORY('part',$,(#7));
#4179 = MECHANICAL_DESIGN_GEOMETRIC_PRESENTATION_REPRESENTATION('',(
    #4180),#4173);
#4180 = STYLED_ITEM('color',(#4181),#15);
#4181 = PRESENTATION_STYLE_ASSIGNMENT((#4182,#4188));
#4182 = SURFACE_STYLE_USAGE(.BOTH.,#4183);
#4183 = SURFACE_SIDE_STYLE('',(#4184));
#4184 = SURFACE_STYLE_FILL_AREA(#4185);
#4185 = FILL_AREA_STYLE('',(#4186));
#4186 = FILL_AREA_STYLE_COLOUR('',#4187);
#4187 = DRAUGHTING_PRE_DEFINED_COLOUR('white');
#4188 = CURVE_STYLE('',#4189,POSITIVE_LENGTH_MEASURE(0.1),#4190);
#4189 = DRAUGHTING_PRE_DEFINED_CURVE_FONT('continuous');
#4190 = COLOUR_RGB('',9.803921802644E-02,9.803921802644E-02,
  9.803921802644E-02);
ENDSEC;
END-ISO-10303-21;
