ISO-10303-21;
HEADER;
FILE_DESCRIPTION(('FreeCAD Model'),'2;1');
FILE_NAME('Open CASCADE Shape Model','2026-09-14T23:45:46',('Author'),(
    ''),'Open CASCADE STEP processor 7.9','FreeCAD','Unknown');
FILE_SCHEMA(('AUTOMOTIVE_DESIGN { 1 0 10303 214 1 1 1 1 }'));
ENDSEC;
DATA;
#1 = APPLICATION_PROTOCOL_DEFINITION('international standard',
  'automotive_design',2000,#2);
#2 = APPLICATION_CONTEXT(
  'core data for automotive mechanical design processes');
#3 = SHAPE_DEFINITION_REPRESENTATION(#4,#10);
#4 = PRODUCT_DEFINITION_SHAPE('','',#5);
#5 = PRODUCT_DEFINITION('design','',#6,#9);
#6 = PRODUCT_DEFINITION_FORMATION('','',#7);
#7 = PRODUCT('Product035','Product035','',(#8));
#8 = PRODUCT_CONTEXT('',#2,'mechanical');
#9 = PRODUCT_DEFINITION_CONTEXT('part definition',#2,'design');
#10 = ADVANCED_BREP_SHAPE_REPRESENTATION('',(#11,#15),#2302);
#11 = AXIS2_PLACEMENT_3D('',#12,#13,#14);
#12 = CARTESIAN_POINT('',(0.,0.,0.));
#13 = DIRECTION('',(0.,0.,1.));
#14 = DIRECTION('',(1.,0.,-0.));
#15 = MANIFOLD_SOLID_BREP('',#16);
#16 = CLOSED_SHELL('',(#17,#95,#171,#321,#412,#496,#609,#666,#707,#762,
    #844,#894,#957,#1014,#1069,#1135,#1177,#1215,#1261,#1317,#1353,#1402
    ,#1426,#1468,#1503,#1587,#1628,#1640,#1777,#1884,#1906,#1923,#1940,
    #1957,#1974,#1991,#2008,#2025,#2042,#2059,#2076,#2088,#2111,#2128,
    #2140,#2162,#2174,#2194,#2220,#2237,#2249,#2266,#2282));
#17 = ADVANCED_FACE('',(#18),#90,.F.);
#18 = FACE_BOUND('',#19,.T.);
#19 = EDGE_LOOP('',(#20,#30,#38,#46,#57,#65,#73,#81));
#20 = ORIENTED_EDGE('',*,*,#21,.F.);
#21 = EDGE_CURVE('',#22,#24,#26,.T.);
#22 = VERTEX_POINT('',#23);
#23 = CARTESIAN_POINT('',(103.43839099036,204.1830412013,4.332749102223)
  );
#24 = VERTEX_POINT('',#25);
#25 = CARTESIAN_POINT('',(102.33988584434,204.1830412013,7.723668875779)
  );
#26 = LINE('',#27,#28);
#27 = CARTESIAN_POINT('',(102.40343302464,204.1830412013,7.52750831066)
  );
#28 = VECTOR('',#29,1.);
#29 = DIRECTION('',(-0.308186704245,1.2458E-13,0.951325893333));
#30 = ORIENTED_EDGE('',*,*,#31,.F.);
#31 = EDGE_CURVE('',#32,#22,#34,.T.);
#32 = VERTEX_POINT('',#33);
#33 = CARTESIAN_POINT('',(103.43839099036,204.83304120131,4.332749102223
    ));
#34 = LINE('',#35,#36);
#35 = CARTESIAN_POINT('',(103.43839099036,204.9610005231,4.332749102223)
  );
#36 = VECTOR('',#37,1.);
#37 = DIRECTION('',(-1.1067E-13,-1.,0.));
#38 = ORIENTED_EDGE('',*,*,#39,.F.);
#39 = EDGE_CURVE('',#40,#32,#42,.T.);
#40 = VERTEX_POINT('',#41);
#41 = CARTESIAN_POINT('',(102.3327929878,204.83304120132,7.745563454564)
  );
#42 = LINE('',#43,#44);
#43 = CARTESIAN_POINT('',(102.86663246387,204.83304120132,6.097681474365
    ));
#44 = VECTOR('',#45,1.);
#45 = DIRECTION('',(0.308186704245,-3.411E-14,-0.951325893333));
#46 = ORIENTED_EDGE('',*,*,#47,.T.);
#47 = EDGE_CURVE('',#40,#48,#50,.T.);
#48 = VERTEX_POINT('',#49);
#49 = CARTESIAN_POINT('',(102.25921458143,211.57499571952,7.972688902251
    ));
#50 = B_SPLINE_CURVE_WITH_KNOTS('',3,(#51,#52,#53,#54,#55,#56),
  .UNSPECIFIED.,.F.,.F.,(4,2,4),(7.022035503732E-02,3.444421567342,
    6.816400791158),.UNSPECIFIED.);
#51 = CARTESIAN_POINT('',(102.3327929878,204.83304120132,7.745563454565)
  );
#52 = CARTESIAN_POINT('',(102.32052734084,205.95707055486,7.783425657546
    ));
#53 = CARTESIAN_POINT('',(102.30826096385,207.08109982452,7.82129011405)
  );
#54 = CARTESIAN_POINT('',(102.28373482755,209.32841799717,7.896998599186
    ));
#55 = CARTESIAN_POINT('',(102.27147506922,210.45170690026,7.934842624851
    ));
#56 = CARTESIAN_POINT('',(102.25921458143,211.57499571952,7.972688902252
    ));
#57 = ORIENTED_EDGE('',*,*,#58,.T.);
#58 = EDGE_CURVE('',#48,#59,#61,.T.);
#59 = VERTEX_POINT('',#60);
#60 = CARTESIAN_POINT('',(104.84200638174,212.25352243461,9.4759E-11));
#61 = LINE('',#62,#63);
#62 = CARTESIAN_POINT('',(102.68426311659,211.68666046395,6.660628155141
    ));
#63 = VECTOR('',#64,1.);
#64 = DIRECTION('',(0.30718153766,8.069983792692E-02,-0.948223095626));
#65 = ORIENTED_EDGE('',*,*,#66,.T.);
#66 = EDGE_CURVE('',#59,#67,#69,.T.);
#67 = VERTEX_POINT('',#68);
#68 = CARTESIAN_POINT('',(104.84200638174,196.83658455801,9.4759E-11));
#69 = LINE('',#70,#71);
#70 = CARTESIAN_POINT('',(104.84200638174,204.7985005231,9.475976E-11));
#71 = VECTOR('',#72,1.);
#72 = DIRECTION('',(-1.1067E-13,-1.,-1.E-17));
#73 = ORIENTED_EDGE('',*,*,#74,.F.);
#74 = EDGE_CURVE('',#75,#67,#77,.T.);
#75 = VERTEX_POINT('',#76);
#76 = CARTESIAN_POINT('',(102.39031453031,199.56125032523,7.568003124865
    ));
#77 = LINE('',#78,#79);
#78 = CARTESIAN_POINT('',(102.16409866507,199.81265329973,8.266297396237
    ));
#79 = VECTOR('',#80,1.);
#80 = DIRECTION('',(0.291559846988,-0.324022423013,-0.900001291671));
#81 = ORIENTED_EDGE('',*,*,#82,.T.);
#82 = EDGE_CURVE('',#75,#24,#83,.T.);
#83 = B_SPLINE_CURVE_WITH_KNOTS('',3,(#84,#85,#86,#87,#88,#89),
  .UNSPECIFIED.,.F.,.F.,(4,2,4),(0.447480899378,2.566205073162,
    5.072167459647),.UNSPECIFIED.);
#84 = CARTESIAN_POINT('',(102.39031453031,199.56125032521,7.568003124865
    ));
#85 = CARTESIAN_POINT('',(102.38261413374,200.26704958525,7.591773088159
    ));
#86 = CARTESIAN_POINT('',(102.37491345005,200.97284881225,7.615543939675
    ));
#87 = CARTESIAN_POINT('',(102.3581040029,202.51344578414,7.667432168801)
  );
#88 = CARTESIAN_POINT('',(102.34899512465,203.34824351585,7.695549900794
    ));
#89 = CARTESIAN_POINT('',(102.33988584434,204.1830412013,7.723668875779)
  );
#90 = PLANE('',#91);
#91 = AXIS2_PLACEMENT_3D('',#92,#93,#94);
#92 = CARTESIAN_POINT('',(102.86663246387,205.08895984489,6.097681474365
    ));
#93 = DIRECTION('',(0.951325893333,-1.0528E-13,0.308186704245));
#94 = DIRECTION('',(1.106669209241E-13,1.,-9.974817766633E-19));
#95 = ADVANCED_FACE('',(#96),#166,.F.);
#96 = FACE_BOUND('',#97,.T.);
#97 = EDGE_LOOP('',(#98,#108,#116,#124,#142,#150,#156,#157));
#98 = ORIENTED_EDGE('',*,*,#99,.F.);
#99 = EDGE_CURVE('',#100,#102,#104,.T.);
#100 = VERTEX_POINT('',#101);
#101 = CARTESIAN_POINT('',(92.620107532406,211.88477783017,
    4.332749102223));
#102 = VERTEX_POINT('',#103);
#103 = CARTESIAN_POINT('',(92.620107532406,211.61792772989,
    7.468237780388));
#104 = LINE('',#105,#106);
#105 = CARTESIAN_POINT('',(92.620107532406,211.76517548294,
    5.738076682139));
#106 = VECTOR('',#107,1.);
#107 = DIRECTION('',(-1.714E-14,-8.479983040192E-02,0.996398007206));
#108 = ORIENTED_EDGE('',*,*,#109,.F.);
#109 = EDGE_CURVE('',#110,#100,#112,.T.);
#110 = VERTEX_POINT('',#111);
#111 = CARTESIAN_POINT('',(91.970107532405,211.88477783017,
    4.332749102223));
#112 = LINE('',#113,#114);
#113 = CARTESIAN_POINT('',(94.862693023824,211.88477783017,
    4.332749102223));
#114 = VECTOR('',#115,1.);
#115 = DIRECTION('',(1.,-3.0598E-13,0.));
#116 = ORIENTED_EDGE('',*,*,#117,.F.);
#117 = EDGE_CURVE('',#118,#110,#120,.T.);
#118 = VERTEX_POINT('',#119);
#119 = CARTESIAN_POINT('',(91.970107532405,211.61792829875,
    7.468231096187));
#120 = LINE('',#121,#122);
#121 = CARTESIAN_POINT('',(91.970107532401,211.82536090473,5.0308979761)
  );
#122 = VECTOR('',#123,1.);
#123 = DIRECTION('',(2.595E-14,8.479983040192E-02,-0.996398007206));
#124 = ORIENTED_EDGE('',*,*,#125,.T.);
#125 = EDGE_CURVE('',#118,#126,#128,.T.);
#126 = VERTEX_POINT('',#127);
#127 = CARTESIAN_POINT('',(82.465042195676,211.57612879254,
    7.959375294426));
#128 = B_SPLINE_CURVE_WITH_KNOTS('',3,(#129,#130,#131,#132,#133,#134,
    #135,#136,#137,#138,#139,#140,#141),.UNSPECIFIED.,.F.,.F.,(4,3,3,3,4
    ),(9.304464314938E-02,1.256707815359,4.111779121267,4.884865802934,
    9.623663721911),.UNSPECIFIED.);
#129 = CARTESIAN_POINT('',(91.970107532405,211.61792829876,
    7.468231096187));
#130 = CARTESIAN_POINT('',(91.582236327743,211.61781957808,
    7.469508221165));
#131 = CARTESIAN_POINT('',(91.194462116991,211.61751547867,
    7.473078955334));
#132 = CARTESIAN_POINT('',(90.80679481389,211.61701620836,7.4789445785)
  );
#133 = CARTESIAN_POINT('',(89.855645185924,211.61579123848,
    7.493336004467));
#134 = CARTESIAN_POINT('',(88.905172400967,211.61339156827,
    7.521536885208));
#135 = CARTESIAN_POINT('',(87.955508674182,211.60982415732,
    7.563454355456));
#136 = CARTESIAN_POINT('',(87.698361898997,211.60885818569,
    7.574804628183));
#137 = CARTESIAN_POINT('',(87.44127445831,211.60780658504,7.587160896163
    ));
#138 = CARTESIAN_POINT('',(87.184249024342,211.60666947077,
    7.600521970075));
#139 = CARTESIAN_POINT('',(85.608757407448,211.59969928898,
    7.682421491131));
#140 = CARTESIAN_POINT('',(84.034784854228,211.5895123464,7.802118527099
    ));
#141 = CARTESIAN_POINT('',(82.465042195669,211.57612879253,
    7.959375294427));
#142 = ORIENTED_EDGE('',*,*,#143,.T.);
#143 = EDGE_CURVE('',#126,#144,#146,.T.);
#144 = VERTEX_POINT('',#145);
#145 = CARTESIAN_POINT('',(79.743563114378,212.25352243462,9.476E-11));
#146 = LINE('',#147,#148);
#147 = CARTESIAN_POINT('',(82.630017090422,211.53506548047,
    8.441869211218));
#148 = VECTOR('',#149,1.);
#149 = DIRECTION('',(-0.322487783801,8.026928294157E-02,-0.943164074546)
  );
#150 = ORIENTED_EDGE('',*,*,#151,.T.);
#151 = EDGE_CURVE('',#144,#59,#152,.T.);
#152 = LINE('',#153,#154);
#153 = CARTESIAN_POINT('',(97.24394302383,212.25352243461,9.475887E-11)
  );
#154 = VECTOR('',#155,1.);
#155 = DIRECTION('',(1.,-3.0598E-13,-3.E-17));
#156 = ORIENTED_EDGE('',*,*,#58,.F.);
#157 = ORIENTED_EDGE('',*,*,#158,.T.);
#158 = EDGE_CURVE('',#48,#102,#159,.T.);
#159 = B_SPLINE_CURVE_WITH_KNOTS('',3,(#160,#161,#162,#163,#164,#165),
  .UNSPECIFIED.,.F.,.F.,(4,2,4),(0.203158813958,4.975917937792,
    9.861373670551),.UNSPECIFIED.);
#160 = CARTESIAN_POINT('',(102.25921458143,211.57499571952,
    7.972688902251));
#161 = CARTESIAN_POINT('',(100.67660429045,211.58868267867,
    7.811867132257));
#162 = CARTESIAN_POINT('',(99.091201391195,211.59909979372,
    7.689466030455));
#163 = CARTESIAN_POINT('',(95.876889142699,211.61357196488,
    7.519418019261));
#164 = CARTESIAN_POINT('',(94.24831860415,211.61746873751,7.473630940917
    ));
#165 = CARTESIAN_POINT('',(92.620107532406,211.6179277299,7.468237780388
    ));
#166 = PLANE('',#167);
#167 = AXIS2_PLACEMENT_3D('',#168,#169,#170);
#168 = CARTESIAN_POINT('',(97.43027851525,211.82536090473,5.0308979761)
  );
#169 = DIRECTION('',(3.0488E-13,0.996398007206,8.479983040192E-02));
#170 = DIRECTION('',(-1.,3.05982130055E-13,1.812812742933E-19));
#171 = ADVANCED_FACE('',(#172),#296,.F.);
#172 = FACE_BOUND('',#173,.F.);
#173 = EDGE_LOOP('',(#174,#185,#197,#208,#220,#229,#240,#249,#258,#269,
    #278,#287));
#174 = ORIENTED_EDGE('',*,*,#175,.T.);
#175 = EDGE_CURVE('',#176,#178,#180,.T.);
#176 = VERTEX_POINT('',#177);
#177 = CARTESIAN_POINT('',(91.795107532402,206.50804120132,
    7.291116514281));
#178 = VERTEX_POINT('',#179);
#179 = CARTESIAN_POINT('',(91.795107532402,205.00804120132,
    7.238909301234));
#180 = B_SPLINE_CURVE_WITH_KNOTS('',3,(#181,#182,#183,#184),
  .UNSPECIFIED.,.F.,.F.,(4,4),(1.392243488003E-02,1.514830690935),
  .PIECEWISE_BEZIER_KNOTS.);
#181 = CARTESIAN_POINT('',(91.795107532402,206.50804120133,
    7.291116514281));
#182 = CARTESIAN_POINT('',(91.795107532402,206.00804120133,
    7.273714109932));
#183 = CARTESIAN_POINT('',(91.795107532402,205.50804120134,
    7.256311705583));
#184 = CARTESIAN_POINT('',(91.795107532402,205.00804120133,
    7.238909301234));
#185 = ORIENTED_EDGE('',*,*,#186,.T.);
#186 = EDGE_CURVE('',#178,#187,#189,.T.);
#187 = VERTEX_POINT('',#188);
#188 = CARTESIAN_POINT('',(90.295107532402,205.00804120132,
    7.258022721083));
#189 = B_SPLINE_CURVE_WITH_KNOTS('',3,(#190,#191,#192,#193,#194,#195,
    #196),.UNSPECIFIED.,.F.,.F.,(4,3,4),(2.548444137622,3.536683116448,
    4.048260883588),.UNSPECIFIED.);
#190 = CARTESIAN_POINT('',(91.795107531241,205.00804120169,
    7.238909290332));
#191 = CARTESIAN_POINT('',(91.465689424469,205.00804120703,
    7.240585027002));
#192 = CARTESIAN_POINT('',(91.136259972278,205.00804122543,7.24392074323
    ));
#193 = CARTESIAN_POINT('',(90.80679493865,205.00804121825,7.248920455373
    ));
#194 = CARTESIAN_POINT('',(90.636242076569,205.00804121454,
    7.251508636602));
#195 = CARTESIAN_POINT('',(90.465680752175,205.00804120318,
    7.254542754741));
#196 = CARTESIAN_POINT('',(90.295107532398,205.00804120131,
    7.258022721083));
#197 = ORIENTED_EDGE('',*,*,#198,.T.);
#198 = EDGE_CURVE('',#187,#199,#201,.T.);
#199 = VERTEX_POINT('',#200);
#200 = CARTESIAN_POINT('',(90.295107532402,204.00804120131,7.22321791267
    ));
#201 = B_SPLINE_CURVE_WITH_KNOTS('',3,(#202,#203,#204,#205,#206,#207),
  .UNSPECIFIED.,.F.,.F.,(4,2,4),(1.514165826635,2.021253195226,
    2.514771330699),.UNSPECIFIED.);
#202 = CARTESIAN_POINT('',(90.295107532402,205.00804120136,
    7.258022721085));
#203 = CARTESIAN_POINT('',(90.295107532402,204.83911436438,
    7.252143254888));
#204 = CARTESIAN_POINT('',(90.295107532402,204.67018752738,
    7.246263788691));
#205 = CARTESIAN_POINT('',(90.295107532402,204.33685419404,
    7.234662185886));
#206 = CARTESIAN_POINT('',(90.295107532402,204.17244769768,
    7.228940049278));
#207 = CARTESIAN_POINT('',(90.295107532402,204.00804120131,
    7.223217912671));
#208 = ORIENTED_EDGE('',*,*,#209,.T.);
#209 = EDGE_CURVE('',#199,#210,#212,.T.);
#210 = VERTEX_POINT('',#211);
#211 = CARTESIAN_POINT('',(91.795107532402,204.00804120132,
    7.204104492536));
#212 = B_SPLINE_CURVE_WITH_KNOTS('',3,(#213,#214,#215,#216,#217,#218,
    #219),.UNSPECIFIED.,.F.,.F.,(4,3,4),(4.834962742412E-02,
    0.56018806486,1.548930538166),.UNSPECIFIED.);
#213 = CARTESIAN_POINT('',(90.295107532398,204.00804120132,
    7.223217912671));
#214 = CARTESIAN_POINT('',(90.465680758389,204.00804120322,
    7.219737946171));
#215 = CARTESIAN_POINT('',(90.636242088985,204.00804121458,
    7.216703827906));
#216 = CARTESIAN_POINT('',(90.806794957265,204.00804121828,
    7.214115646582));
#217 = CARTESIAN_POINT('',(91.136259984658,204.00804122546,
    7.209115934533));
#218 = CARTESIAN_POINT('',(91.465689430614,204.008041207,7.205780218335)
  );
#219 = CARTESIAN_POINT('',(91.795107531241,204.00804120169,
    7.204104481634));
#220 = ORIENTED_EDGE('',*,*,#221,.T.);
#221 = EDGE_CURVE('',#210,#222,#224,.T.);
#222 = VERTEX_POINT('',#223);
#223 = CARTESIAN_POINT('',(91.795107532402,202.50804120132,
    7.151897279489));
#224 = B_SPLINE_CURVE_WITH_KNOTS('',3,(#225,#226,#227,#228),
  .UNSPECIFIED.,.F.,.F.,(4,4),(2.515436194967,4.016344450977),
  .PIECEWISE_BEZIER_KNOTS.);
#225 = CARTESIAN_POINT('',(91.795107532402,204.00804120132,
    7.204104492536));
#226 = CARTESIAN_POINT('',(91.795107532402,203.50804120134,
    7.186702088188));
#227 = CARTESIAN_POINT('',(91.795107532402,203.00804120136,
    7.169299683839));
#228 = CARTESIAN_POINT('',(91.795107532402,202.50804120137,
    7.151897279491));
#229 = ORIENTED_EDGE('',*,*,#230,.T.);
#230 = EDGE_CURVE('',#222,#231,#233,.T.);
#231 = VERTEX_POINT('',#232);
#232 = CARTESIAN_POINT('',(92.795107532402,202.50804120132,
    7.151907283536));
#233 = B_SPLINE_CURVE_WITH_KNOTS('',3,(#234,#235,#236,#237,#238,#239),
  .UNSPECIFIED.,.F.,.F.,(4,2,4),(1.54893051023,2.049093885667,
    2.549433550078),.UNSPECIFIED.);
#234 = CARTESIAN_POINT('',(91.795107532398,202.50804120132,
    7.151897279489));
#235 = CARTESIAN_POINT('',(91.961746765119,202.50804120132,
    7.151049595573));
#236 = CARTESIAN_POINT('',(92.128383066971,202.50804120131,
    7.150626721566));
#237 = CARTESIAN_POINT('',(92.461714247715,202.50804120131,
    7.150629934274));
#238 = CARTESIAN_POINT('',(92.628411407553,202.50804120132,
    7.151056330646));
#239 = CARTESIAN_POINT('',(92.795107532394,202.50804120132,
    7.151907283535));
#240 = ORIENTED_EDGE('',*,*,#241,.T.);
#241 = EDGE_CURVE('',#231,#242,#244,.T.);
#242 = VERTEX_POINT('',#243);
#243 = CARTESIAN_POINT('',(92.795107532402,204.00804120132,
    7.204114496867));
#244 = B_SPLINE_CURVE_WITH_KNOTS('',3,(#245,#246,#247,#248),
  .UNSPECIFIED.,.F.,.F.,(4,4),(2.616226878569E-02,1.527070524851),
  .PIECEWISE_BEZIER_KNOTS.);
#245 = CARTESIAN_POINT('',(92.795107532402,202.50804120131,
    7.151907283536));
#246 = CARTESIAN_POINT('',(92.795107532402,203.00804120132,
    7.169309687979));
#247 = CARTESIAN_POINT('',(92.795107532402,203.50804120131,
    7.186712092423));
#248 = CARTESIAN_POINT('',(92.795107532402,204.00804120132,
    7.204114496867));
#249 = ORIENTED_EDGE('',*,*,#250,.T.);
#250 = EDGE_CURVE('',#242,#251,#253,.T.);
#251 = VERTEX_POINT('',#252);
#252 = CARTESIAN_POINT('',(94.295107532402,204.00804120132,
    7.223226750676));
#253 = B_SPLINE_CURVE_WITH_KNOTS('',3,(#254,#255,#256,#257),
  .UNSPECIFIED.,.F.,.F.,(4,4),(2.549433578017,4.050302710576),
  .PIECEWISE_BEZIER_KNOTS.);
#254 = CARTESIAN_POINT('',(92.795107532398,204.00804120132,
    7.204114496867));
#255 = CARTESIAN_POINT('',(93.295145978445,204.00804120132,7.2066671008)
  );
#256 = CARTESIAN_POINT('',(93.795175111278,204.00804120132,
    7.213039950445));
#257 = CARTESIAN_POINT('',(94.295107532402,204.00804120132,
    7.223226750676));
#258 = ORIENTED_EDGE('',*,*,#259,.T.);
#259 = EDGE_CURVE('',#251,#260,#262,.T.);
#260 = VERTEX_POINT('',#261);
#261 = CARTESIAN_POINT('',(94.295107532402,205.00804120133,
    7.258031559848));
#262 = B_SPLINE_CURVE_WITH_KNOTS('',3,(#263,#264,#265,#266,#267,#268),
  .UNSPECIFIED.,.F.,.F.,(4,2,4),(1.527735292781,2.021253195228,
    2.528340796806),.UNSPECIFIED.);
#263 = CARTESIAN_POINT('',(94.295107532402,204.00804120136,
    7.223226750677));
#264 = CARTESIAN_POINT('',(94.295107532402,204.17244762009,
    7.228948884708));
#265 = CARTESIAN_POINT('',(94.295107532402,204.33685403881,
    7.234671018738));
#266 = CARTESIAN_POINT('',(94.295107532402,204.67018737213,
    7.246272621795));
#267 = CARTESIAN_POINT('',(94.295107532402,204.83911428673,
    7.252152090822));
#268 = CARTESIAN_POINT('',(94.295107532402,205.00804120132,
    7.258031559848));
#269 = ORIENTED_EDGE('',*,*,#270,.T.);
#270 = EDGE_CURVE('',#260,#271,#273,.T.);
#271 = VERTEX_POINT('',#272);
#272 = CARTESIAN_POINT('',(92.795107532402,205.00804120132,
    7.238919305755));
#273 = B_SPLINE_CURVE_WITH_KNOTS('',3,(#274,#275,#276,#277),
  .UNSPECIFIED.,.F.,.F.,(4,4),(4.834577761299E-02,1.548450599452),
  .PIECEWISE_BEZIER_KNOTS.);
#274 = CARTESIAN_POINT('',(94.295107532402,205.00804120132,
    7.258031559848));
#275 = CARTESIAN_POINT('',(93.795175111274,205.00804120132,
    7.247844759522));
#276 = CARTESIAN_POINT('',(93.295145978445,205.00804120132,
    7.241471909783));
#277 = CARTESIAN_POINT('',(92.795107532405,205.00804120132,
    7.238919305754));
#278 = ORIENTED_EDGE('',*,*,#279,.T.);
#279 = EDGE_CURVE('',#271,#280,#282,.T.);
#280 = VERTEX_POINT('',#281);
#281 = CARTESIAN_POINT('',(92.795107532402,206.50804120132,
    7.291126519086));
#282 = B_SPLINE_CURVE_WITH_KNOTS('',3,(#283,#284,#285,#286),
  .UNSPECIFIED.,.F.,.F.,(4,4),(2.527676028889,4.028584284909),
  .PIECEWISE_BEZIER_KNOTS.);
#283 = CARTESIAN_POINT('',(92.795107532402,205.00804120131,
    7.238919305754));
#284 = CARTESIAN_POINT('',(92.795107532402,205.5080412013,7.256321710198
    ));
#285 = CARTESIAN_POINT('',(92.795107532409,206.00804120129,
    7.273724114641));
#286 = CARTESIAN_POINT('',(92.795107532409,206.50804120127,
    7.291126519084));
#287 = ORIENTED_EDGE('',*,*,#288,.T.);
#288 = EDGE_CURVE('',#280,#176,#289,.T.);
#289 = B_SPLINE_CURVE_WITH_KNOTS('',3,(#290,#291,#292,#293,#294,#295),
  .UNSPECIFIED.,.F.,.F.,(4,2,4),(1.548450571532,2.048534127434,
    2.5484441097),.UNSPECIFIED.);
#290 = CARTESIAN_POINT('',(92.795107532405,206.50804120132,
    7.291126519086));
#291 = CARTESIAN_POINT('',(92.628411845184,206.50804120132,
    7.290275568304));
#292 = CARTESIAN_POINT('',(92.461715122954,206.50804120132,7.28984917181
    ));
#293 = CARTESIAN_POINT('',(92.128383942228,206.50804120132,
    7.289845954389));
#294 = CARTESIAN_POINT('',(91.961747202768,206.50804120132,
    7.290268828264));
#295 = CARTESIAN_POINT('',(91.795107532402,206.50804120132,
    7.291116514281));
#296 = B_SPLINE_SURFACE_WITH_KNOTS('',3,3,(
    (#297,#298,#299,#300,#301,#302)
    ,(#303,#304,#305,#306,#307,#308)
    ,(#309,#310,#311,#312,#313,#314)
    ,(#315,#316,#317,#318,#319,#320
    )),.UNSPECIFIED.,.F.,.F.,.F.,(4,4),(4,2,4),(0.198415951188,
    0.239644800501),(0.13744417695,0.142637671798,0.178034681499),
  .UNSPECIFIED.);
#297 = CARTESIAN_POINT('',(90.295107485865,206.50737706857,
    7.310206819639));
#298 = CARTESIAN_POINT('',(90.465654908145,206.50749802646,
    7.306731589426));
#299 = CARTESIAN_POINT('',(90.636218500902,206.50760350967,7.3037009729)
  );
#300 = CARTESIAN_POINT('',(91.969382919539,206.50830682193,
    7.283494355724));
#301 = CARTESIAN_POINT('',(93.13251653282,206.50820032035,7.286554945165
    ));
#302 = CARTESIAN_POINT('',(94.295107504491,206.50737683569,
    7.310215649918));
#303 = CARTESIAN_POINT('',(90.295107510687,205.17402890077,
    7.263799891604));
#304 = CARTESIAN_POINT('',(90.465654932967,205.17414985867,
    7.260324661392));
#305 = CARTESIAN_POINT('',(90.636218525724,205.17425534188,
    7.257294044866));
#306 = CARTESIAN_POINT('',(91.96938294436,205.17495865414,7.23708742769)
  );
#307 = CARTESIAN_POINT('',(93.132516557642,205.17485215255,
    7.240148017131));
#308 = CARTESIAN_POINT('',(94.295107529313,205.17402866789,
    7.263808721884));
#309 = CARTESIAN_POINT('',(90.295107535512,203.84068073295,7.21739296357
    ));
#310 = CARTESIAN_POINT('',(90.465654957792,203.84080169085,
    7.213917733358));
#311 = CARTESIAN_POINT('',(90.636218550546,203.84090717406,
    7.210887116832));
#312 = CARTESIAN_POINT('',(91.969382969182,203.84161048631,
    7.190680499656));
#313 = CARTESIAN_POINT('',(93.132516582464,203.84150398475,
    7.193741089097));
#314 = CARTESIAN_POINT('',(94.295107554135,203.84068050009,7.21740179385
    ));
#315 = CARTESIAN_POINT('',(90.295107560334,202.50733256516,
    7.170986035536));
#316 = CARTESIAN_POINT('',(90.465654982614,202.50745352306,
    7.167510805323));
#317 = CARTESIAN_POINT('',(90.636218575368,202.50755900627,
    7.164480188797));
#318 = CARTESIAN_POINT('',(91.969382994004,202.50826231851,
    7.144273571621));
#319 = CARTESIAN_POINT('',(93.132516607286,202.50815581695,
    7.147334161063));
#320 = CARTESIAN_POINT('',(94.295107578957,202.50733233229,
    7.170994865816));
#321 = ADVANCED_FACE('',(#322),#387,.F.);
#322 = FACE_BOUND('',#323,.F.);
#323 = EDGE_LOOP('',(#324,#325,#336,#348,#378));
#324 = ORIENTED_EDGE('',*,*,#125,.T.);
#325 = ORIENTED_EDGE('',*,*,#326,.T.);
#326 = EDGE_CURVE('',#126,#327,#329,.T.);
#327 = VERTEX_POINT('',#328);
#328 = CARTESIAN_POINT('',(82.465217593683,204.83304120133,
    7.724665809499));
#329 = B_SPLINE_CURVE_WITH_KNOTS('',3,(#330,#331,#332,#333,#334,#335),
  .UNSPECIFIED.,.F.,.F.,(4,2,4),(7.216639956008E-02,3.444413318331,
    6.819337572412),.UNSPECIFIED.);
#330 = CARTESIAN_POINT('',(82.465042195679,211.57612879254,
    7.959375294426));
#331 = CARTESIAN_POINT('',(82.465071417071,210.45272681315,
    7.920272569369));
#332 = CARTESIAN_POINT('',(82.465100638466,209.32932483378,
    7.881169844324));
#333 = CARTESIAN_POINT('',(82.465159104471,207.08162897003,
    7.802933349348));
#334 = CARTESIAN_POINT('',(82.465188349077,205.95733508568,
    7.763799579418));
#335 = CARTESIAN_POINT('',(82.465217593679,204.83304120132,7.7246658095)
  );
#336 = ORIENTED_EDGE('',*,*,#337,.T.);
#337 = EDGE_CURVE('',#327,#338,#340,.T.);
#338 = VERTEX_POINT('',#339);
#339 = CARTESIAN_POINT('',(89.614739087578,204.83304120133,
    7.268175145568));
#340 = B_SPLINE_CURVE_WITH_KNOTS('',3,(#341,#342,#343,#344,#345,#346,
    #347),.UNSPECIFIED.,.F.,.F.,(4,3,4),(0.140649415059,4.873238401448,
    7.305353566254),.UNSPECIFIED.);
#341 = CARTESIAN_POINT('',(82.465217593683,204.83304120133,
    7.724665809499));
#342 = CARTESIAN_POINT('',(84.034871201115,204.83304120189,
    7.566955013338));
#343 = CARTESIAN_POINT('',(85.608750355324,204.83304122899,
    7.446911305018));
#344 = CARTESIAN_POINT('',(87.184144660765,204.83304122222,
    7.364772581934));
#345 = CARTESIAN_POINT('',(87.993755648531,204.83304121875,
    7.322560665526));
#346 = CARTESIAN_POINT('',(88.803981362776,204.83304116553,
    7.290345956326));
#347 = CARTESIAN_POINT('',(89.614739096425,204.83304120347,
    7.268175083543));
#348 = ORIENTED_EDGE('',*,*,#349,.T.);
#349 = EDGE_CURVE('',#338,#350,#352,.T.);
#350 = VERTEX_POINT('',#351);
#351 = CARTESIAN_POINT('',(91.970107532405,207.18840964614,
    7.314062546712));
#352 = B_SPLINE_CURVE_WITH_KNOTS('',3,(#353,#354,#355,#356,#357,#358,
    #359,#360,#361,#362,#363,#364,#365,#366,#367,#368,#369,#370,#371,
    #372,#373,#374,#375,#376,#377),.UNSPECIFIED.,.F.,.F.,(4,3,3,3,3,3,3,
    3,4),(5.396761707444E-02,0.606080438614,1.082830406033,
    1.834867679988,2.153228095497,2.400867153358,3.022787316616,
    3.560926518569,3.65399464517),.UNSPECIFIED.);
#353 = CARTESIAN_POINT('',(89.614739096428,204.83304120349,
    7.268175083544));
#354 = CARTESIAN_POINT('',(89.636859905186,205.01547686526,
    7.273919809055));
#355 = CARTESIAN_POINT('',(89.677507218905,205.19482885117,
    7.279053322074));
#356 = CARTESIAN_POINT('',(89.735842718316,205.36836469974,
    7.283570057377));
#357 = CARTESIAN_POINT('',(89.786215479748,205.5182130766,7.287470262779
    ));
#358 = CARTESIAN_POINT('',(89.84977722583,205.66372470288,7.290911758027
    ));
#359 = CARTESIAN_POINT('',(89.925989299433,205.80313918611,
    7.293922037979));
#360 = CARTESIAN_POINT('',(90.046208122041,206.02305506342,
    7.298670528532));
#361 = CARTESIAN_POINT('',(90.196221101448,206.22472055187,7.30227975121
    ));
#362 = CARTESIAN_POINT('',(90.371387742229,206.40258584607,
    7.305033081696));
#363 = CARTESIAN_POINT('',(90.445541147218,206.47788167372,
    7.306198650834));
#364 = CARTESIAN_POINT('',(90.524202276593,206.54891227257,
    7.307211524397));
#365 = CARTESIAN_POINT('',(90.607018828024,206.61525655207,
    7.308094835031));
#366 = CARTESIAN_POINT('',(90.671438309131,206.66686295182,7.30878192489
    ));
#367 = CARTESIAN_POINT('',(90.738105436743,206.71542020827,
    7.309387855996));
#368 = CARTESIAN_POINT('',(90.806794904294,206.76080059203,
    7.309924922518));
#369 = CARTESIAN_POINT('',(90.979301475925,206.87476878395,
    7.311273710154));
#370 = CARTESIAN_POINT('',(91.164562394409,206.96869991722,
    7.312192362357));
#371 = CARTESIAN_POINT('',(91.359005246012,207.04057205187,
    7.312839611471));
#372 = CARTESIAN_POINT('',(91.527254049048,207.10276205026,
    7.313399667487));
#373 = CARTESIAN_POINT('',(91.701137626335,207.1479777552,7.313752825031
    ));
#374 = CARTESIAN_POINT('',(91.878056989716,207.17563727097,
    7.313965193287));
#375 = CARTESIAN_POINT('',(91.908654191425,207.18042082754,
    7.314001921174));
#376 = CARTESIAN_POINT('',(91.93934218853,207.18467928739,7.314034312033
    ));
#377 = CARTESIAN_POINT('',(91.970107532408,207.18840964615,
    7.314062546712));
#378 = ORIENTED_EDGE('',*,*,#379,.T.);
#379 = EDGE_CURVE('',#350,#118,#380,.T.);
#380 = B_SPLINE_CURVE_WITH_KNOTS('',3,(#381,#382,#383,#384,#385,#386),
  .UNSPECIFIED.,.F.,.F.,(4,2,4),(2.409149692442,3.444413318342,
    6.841350436436),.UNSPECIFIED.);
#381 = CARTESIAN_POINT('',(91.970107532401,207.18840964614,
    7.314062546712));
#382 = CARTESIAN_POINT('',(91.970107532401,207.53328869578,7.32606599607
    ));
#383 = CARTESIAN_POINT('',(91.970107532401,207.87816774542,
    7.338069445428));
#384 = CARTESIAN_POINT('',(91.970107532401,209.35467396295,
    7.389458961919));
#385 = CARTESIAN_POINT('',(91.970107532405,210.48630113082,
    7.428845029052));
#386 = CARTESIAN_POINT('',(91.970107532405,211.6179282987,7.468231096185
    ));
#387 = B_SPLINE_SURFACE_WITH_KNOTS('',3,3,(
    (#388,#389,#390,#391,#392,#393)
    ,(#394,#395,#396,#397,#398,#399)
    ,(#400,#401,#402,#403,#404,#405)
    ,(#406,#407,#408,#409,#410,#411
    )),.UNSPECIFIED.,.F.,.F.,.F.,(4,4),(4,2,4),(0.145748112321,
    0.215667674342),(5.772489950377E-02,0.142637671798,0.15444259207),
  .UNSPECIFIED.);
#388 = CARTESIAN_POINT('',(82.46504219521,211.60080405093,7.960234112077
    ));
#389 = CARTESIAN_POINT('',(85.232429975498,211.61047014947,
    7.682512516744));
#390 = CARTESIAN_POINT('',(88.017898995859,211.61608344564,
    7.521234678739));
#391 = CARTESIAN_POINT('',(91.194518496559,211.61775928995,
    7.473086585557));
#392 = CARTESIAN_POINT('',(91.582302853833,211.61788377134,
    7.469510235703));
#393 = CARTESIAN_POINT('',(91.970107532408,211.61792829877,
    7.468231096187));
#394 = CARTESIAN_POINT('',(82.465042237305,209.33959323696,
    7.881533102057));
#395 = CARTESIAN_POINT('',(85.232430017593,209.34925933551,
    7.603811506725));
#396 = CARTESIAN_POINT('',(88.017899037954,209.35487263168,
    7.442533668719));
#397 = CARTESIAN_POINT('',(91.194518538654,209.35654847598,
    7.394385575537));
#398 = CARTESIAN_POINT('',(91.582302895928,209.35667295737,
    7.390809225683));
#399 = CARTESIAN_POINT('',(91.970107574503,209.3567174848,7.389530086167
    ));
#400 = CARTESIAN_POINT('',(82.465042279404,207.078382423,7.802832092038)
  );
#401 = CARTESIAN_POINT('',(85.232430059692,207.08804852154,
    7.525110496705));
#402 = CARTESIAN_POINT('',(88.017899080049,207.0936618177,7.363832658699
    ));
#403 = CARTESIAN_POINT('',(91.194518580749,207.09533766202,
    7.315684565518));
#404 = CARTESIAN_POINT('',(91.582302938023,207.09546214341,
    7.312108215664));
#405 = CARTESIAN_POINT('',(91.970107616598,207.09550667084,
    7.310829076148));
#406 = CARTESIAN_POINT('',(82.465042321499,204.81717160903,
    7.724131082018));
#407 = CARTESIAN_POINT('',(85.232430101787,204.82683770758,
    7.446409486685));
#408 = CARTESIAN_POINT('',(88.017899122144,204.83245100374,7.28513164868
    ));
#409 = CARTESIAN_POINT('',(91.194518622844,204.83412684805,
    7.236983555498));
#410 = CARTESIAN_POINT('',(91.582302980118,204.83425132944,
    7.233407205644));
#411 = CARTESIAN_POINT('',(91.970107658693,204.83429585687,
    7.232128066128));
#412 = ADVANCED_FACE('',(#413),#471,.F.);
#413 = FACE_BOUND('',#414,.F.);
#414 = EDGE_LOOP('',(#415,#416,#417,#428,#458));
#415 = ORIENTED_EDGE('',*,*,#47,.T.);
#416 = ORIENTED_EDGE('',*,*,#158,.T.);
#417 = ORIENTED_EDGE('',*,*,#418,.T.);
#418 = EDGE_CURVE('',#102,#419,#421,.T.);
#419 = VERTEX_POINT('',#420);
#420 = CARTESIAN_POINT('',(92.620107532406,207.18840964615,
    7.314069250166));
#421 = B_SPLINE_CURVE_WITH_KNOTS('',3,(#422,#423,#424,#425,#426,#427),
  .UNSPECIFIED.,.F.,.F.,(4,2,4),(4.747622120871E-02,3.444413424824,
    4.479676396051),.UNSPECIFIED.);
#422 = CARTESIAN_POINT('',(92.620107532406,211.61792772989,
    7.468237780388));
#423 = CARTESIAN_POINT('',(92.620107532406,210.48630053352,
    7.428851712124));
#424 = CARTESIAN_POINT('',(92.62010753241,209.35467333717,7.38946564386)
  );
#425 = CARTESIAN_POINT('',(92.62010753241,207.87816730925,7.338076133786
    ));
#426 = CARTESIAN_POINT('',(92.620107532406,207.5332884777,7.326072691976
    ));
#427 = CARTESIAN_POINT('',(92.620107532406,207.18840964615,
    7.314069250166));
#428 = ORIENTED_EDGE('',*,*,#429,.T.);
#429 = EDGE_CURVE('',#419,#430,#432,.T.);
#430 = VERTEX_POINT('',#431);
#431 = CARTESIAN_POINT('',(94.975475972114,204.83304121335,
    7.268159679263));
#432 = B_SPLINE_CURVE_WITH_KNOTS('',3,(#433,#434,#435,#436,#437,#438,
    #439,#440,#441,#442,#443,#444,#445,#446,#447,#448,#449,#450,#451,
    #452,#453,#454,#455,#456,#457),.UNSPECIFIED.,.F.,.F.,(4,3,3,3,3,3,3,
    3,4),(9.572747285852E-02,0.636514383026,0.795723243562,
    1.442011999623,1.773156679428,2.496729803514,2.771764416365,
    3.320222474817,3.695206424034),.UNSPECIFIED.);
#433 = CARTESIAN_POINT('',(92.620107532417,207.18840964615,
    7.314069250166));
#434 = CARTESIAN_POINT('',(92.798854172677,207.16673625002,
    7.313908731932));
#435 = CARTESIAN_POINT('',(92.974935125956,207.12724261994,7.31361185233
    ));
#436 = CARTESIAN_POINT('',(93.145721554131,207.07055086294,
    7.313120358653));
#437 = CARTESIAN_POINT('',(93.196001455722,207.0538606845,7.312975661829
    ));
#438 = CARTESIAN_POINT('',(93.245822475508,207.03567991078,
    7.312813748442));
#439 = CARTESIAN_POINT('',(93.29511755981,207.01602444523,7.312632288402
    ));
#440 = CARTESIAN_POINT('',(93.495224878373,206.93623550557,
    7.311895673737));
#441 = CARTESIAN_POINT('',(93.684695038982,206.8329312814,7.310848983203
    ));
#442 = CARTESIAN_POINT('',(93.859629476865,206.70855691039,
    7.309309230611));
#443 = CARTESIAN_POINT('',(93.949262180323,206.64483011508,
    7.308520293972));
#444 = CARTESIAN_POINT('',(94.035078866588,206.57557176665,
    7.307600874257));
#445 = CARTESIAN_POINT('',(94.116555582315,206.50111094793,
    7.306521386261));
#446 = CARTESIAN_POINT('',(94.294587618865,206.33840911243,
    7.304162633279));
#447 = CARTESIAN_POINT('',(94.449703838351,206.15287345925,
    7.301064905552));
#448 = CARTESIAN_POINT('',(94.578029294002,205.94966065384,
    7.296976449718));
#449 = CARTESIAN_POINT('',(94.626806592161,205.87241821158,
    7.295422402408));
#450 = CARTESIAN_POINT('',(94.671713180886,205.79262174734,
    7.293725632327));
#451 = CARTESIAN_POINT('',(94.712536345247,205.71055437653,
    7.291874566155));
#452 = CARTESIAN_POINT('',(94.793943529943,205.54690038946,
    7.288183277446));
#453 = CARTESIAN_POINT('',(94.858349879247,205.37574922028,
    7.283909547351));
#454 = CARTESIAN_POINT('',(94.904986088753,205.19980005435,
    7.279025451052));
#455 = CARTESIAN_POINT('',(94.936871535138,205.07950259114,
    7.275686166142));
#456 = CARTESIAN_POINT('',(94.96045025206,204.95696225444,7.272062500377
    ));
#457 = CARTESIAN_POINT('',(94.975475972112,204.83304121335,
    7.268159679263));
#458 = ORIENTED_EDGE('',*,*,#459,.T.);
#459 = EDGE_CURVE('',#430,#40,#460,.T.);
#460 = B_SPLINE_CURVE_WITH_KNOTS('',3,(#461,#462,#463,#464,#465,#466,
    #467,#468,#469,#470),.UNSPECIFIED.,.F.,.F.,(4,3,3,4),(2.450598253598
    ,4.979531202917,7.650650922144,9.825612097616),.UNSPECIFIED.);
#461 = CARTESIAN_POINT('',(94.975475972114,204.83304121335,
    7.268159679263));
#462 = CARTESIAN_POINT('',(95.818275638572,204.83304121781,
    7.291169508748));
#463 = CARTESIAN_POINT('',(96.66078171982,204.83304121763,7.325017805014
    ));
#464 = CARTESIAN_POINT('',(97.502574702161,204.83304121296,7.36968163129
    ));
#465 = CARTESIAN_POINT('',(98.391696708117,204.83304120803,
    7.416856639452));
#466 = CARTESIAN_POINT('',(99.279877227713,204.83304137404,
    7.476084893837));
#467 = CARTESIAN_POINT('',(100.16716234243,204.83304136236,
    7.547385101884));
#468 = CARTESIAN_POINT('',(100.88963489287,204.83304135285,7.60544134818
    ));
#469 = CARTESIAN_POINT('',(101.61150124447,204.83304120816,
    7.671501849941));
#470 = CARTESIAN_POINT('',(102.33279298781,204.8330412013,7.745563454565
    ));
#471 = B_SPLINE_SURFACE_WITH_KNOTS('',3,3,(
    (#472,#473,#474,#475,#476,#477)
    ,(#478,#479,#480,#481,#482,#483)
    ,(#484,#485,#486,#487,#488,#489)
    ,(#490,#491,#492,#493,#494,#495
    )),.UNSPECIFIED.,.F.,.F.,.F.,(4,4),(4,2,4),(0.145748115907,
    0.215667680787),(0.161037884443,0.237729452996,0.259833011827),
  .UNSPECIFIED.);
#472 = CARTESIAN_POINT('',(92.620107449944,211.6179277299,7.468237780114
    ));
#473 = CARTESIAN_POINT('',(95.139575870249,211.61763681261,
    7.476597664859));
#474 = CARTESIAN_POINT('',(97.65894987647,211.61397392227,7.581839939175
    ));
#475 = CARTESIAN_POINT('',(100.890063313,211.60494802482,7.841170702054)
  );
#476 = CARTESIAN_POINT('',(101.61202467584,211.60265092512,
    7.907170580156));
#477 = CARTESIAN_POINT('',(102.33279286183,211.6000782261,7.981088884304
    ));
#478 = CARTESIAN_POINT('',(92.620107492039,209.35671682347,
    7.389536766876));
#479 = CARTESIAN_POINT('',(95.139575912344,209.35642590618,
    7.397896651621));
#480 = CARTESIAN_POINT('',(97.658949918565,209.35276301585,
    7.503138925937));
#481 = CARTESIAN_POINT('',(100.89006335509,209.34373711839,
    7.762469688816));
#482 = CARTESIAN_POINT('',(101.61202471794,209.34144001869,
    7.828469566918));
#483 = CARTESIAN_POINT('',(102.33279290393,209.33886731967,
    7.902387871067));
#484 = CARTESIAN_POINT('',(92.620107534138,207.09550591704,
    7.310835753638));
#485 = CARTESIAN_POINT('',(95.139575954439,207.09521499976,
    7.319195638383));
#486 = CARTESIAN_POINT('',(97.658949960656,207.09155210942,
    7.424437912699));
#487 = CARTESIAN_POINT('',(100.89006339719,207.08252621196,
    7.683768675578));
#488 = CARTESIAN_POINT('',(101.61202476003,207.08022911226,7.74976855368
    ));
#489 = CARTESIAN_POINT('',(102.33279294602,207.07765641323,
    7.823686857829));
#490 = CARTESIAN_POINT('',(92.620107576233,204.83429501061,7.2321347404)
  );
#491 = CARTESIAN_POINT('',(95.139575996534,204.83400409333,
    7.240494625145));
#492 = CARTESIAN_POINT('',(97.658950002751,204.83034120299,
    7.345736899461));
#493 = CARTESIAN_POINT('',(100.89006343929,204.82131530553,7.60506766234
    ));
#494 = CARTESIAN_POINT('',(101.61202480213,204.81901820583,
    7.671067540442));
#495 = CARTESIAN_POINT('',(102.33279298812,204.81644550681,
    7.744985844591));
#496 = ADVANCED_FACE('',(#497),#584,.F.);
#497 = FACE_BOUND('',#498,.F.);
#498 = EDGE_LOOP('',(#499,#534,#546,#557,#575));
#499 = ORIENTED_EDGE('',*,*,#500,.T.);
#500 = EDGE_CURVE('',#501,#503,#505,.T.);
#501 = VERTEX_POINT('',#502);
#502 = CARTESIAN_POINT('',(91.970107532397,201.82767275649,7.12748312461
    ));
#503 = VERTEX_POINT('',#504);
#504 = CARTESIAN_POINT('',(89.614739087581,204.18304120131,
    7.245552020184));
#505 = B_SPLINE_CURVE_WITH_KNOTS('',3,(#506,#507,#508,#509,#510,#511,
    #512,#513,#514,#515,#516,#517,#518,#519,#520,#521,#522,#523,#524,
    #525,#526,#527,#528,#529,#530,#531,#532,#533),.UNSPECIFIED.,.F.,.F.,
  (4,3,3,3,3,3,3,3,3,4),(9.358924151211E-02,0.62635827983,1.22108011618,
    1.346882353985,1.506820494394,2.46272182911,3.054612031886,
    3.109248092053,3.647185380599,3.691705601144),.UNSPECIFIED.);
#506 = CARTESIAN_POINT('',(91.9701075324,201.8276727565,7.12748312461));
#507 = CARTESIAN_POINT('',(91.793966986073,201.84903013904,
    7.128808152507));
#508 = CARTESIAN_POINT('',(91.620297350062,201.88770574192,
    7.131206562176));
#509 = CARTESIAN_POINT('',(91.451626408433,201.94317481312,
    7.134586197846));
#510 = CARTESIAN_POINT('',(91.263341648262,202.00509407834,
    7.138358832809));
#511 = CARTESIAN_POINT('',(91.082749085178,202.08745810853,
    7.143324264425));
#512 = CARTESIAN_POINT('',(90.913017616183,202.18859592329,
    7.149235885507));
#513 = CARTESIAN_POINT('',(90.877114110845,202.20998972901,
    7.150486377948));
#514 = CARTESIAN_POINT('',(90.84169657723,202.23222358286,7.151779020603
    ));
#515 = CARTESIAN_POINT('',(90.806794988173,202.25528167868,
    7.153111198227));
#516 = CARTESIAN_POINT('',(90.762423001248,202.28459649081,
    7.154804856588));
#517 = CARTESIAN_POINT('',(90.718885019221,202.3152435417,7.156562417396
    ));
#518 = CARTESIAN_POINT('',(90.67624260657,202.34719035814,7.158378309463
    ));
#519 = CARTESIAN_POINT('',(90.421381951922,202.53812670634,
    7.169231340805));
#520 = CARTESIAN_POINT('',(90.202337227615,202.77262596579,
    7.182003171592));
#521 = CARTESIAN_POINT('',(90.029214927277,203.0398005185,7.195304022928
    ));
#522 = CARTESIAN_POINT('',(89.922018305899,203.20523391047,
    7.203539855757));
#523 = CARTESIAN_POINT('',(89.833289656765,203.38186617883,
    7.211910373578));
#524 = CARTESIAN_POINT('',(89.764585896548,203.56652104605,7.22011096209
    ));
#525 = CARTESIAN_POINT('',(89.758244006178,203.58356612365,
    7.220867940065));
#526 = CARTESIAN_POINT('',(89.752072743138,203.60067955829,
    7.221623507423));
#527 = CARTESIAN_POINT('',(89.746073332581,203.61785885092,
    7.222377448379));
#528 = CARTESIAN_POINT('',(89.687004163982,203.78700322316,
    7.229800621878));
#529 = CARTESIAN_POINT('',(89.64493342911,203.96156090607,7.237019282932
    ));
#530 = CARTESIAN_POINT('',(89.620454876302,204.13894354134,
    7.243861011196));
#531 = CARTESIAN_POINT('',(89.618429007129,204.15362390317,
    7.244427239375));
#532 = CARTESIAN_POINT('',(89.616523634749,204.16832361316,7.2449909155)
  );
#533 = CARTESIAN_POINT('',(89.614739096433,204.18304120347,
    7.245551958159));
#534 = ORIENTED_EDGE('',*,*,#535,.T.);
#535 = EDGE_CURVE('',#503,#536,#538,.T.);
#536 = VERTEX_POINT('',#537);
#537 = CARTESIAN_POINT('',(82.465234501178,204.18304120132,
    7.702040986222));
#538 = B_SPLINE_CURVE_WITH_KNOTS('',3,(#539,#540,#541,#542,#543,#544,
    #545),.UNSPECIFIED.,.F.,.F.,(4,3,4),(2.449811795611,4.891236915803,
    9.623453598083),.UNSPECIFIED.);
#539 = CARTESIAN_POINT('',(89.614739096433,204.18304120347,
    7.245551958159));
#540 = CARTESIAN_POINT('',(88.801892350406,204.18304116553,
    7.267779956907));
#541 = CARTESIAN_POINT('',(87.989580708123,204.18304121878,
    7.300103603641));
#542 = CARTESIAN_POINT('',(87.1778884626,204.18304122224,7.342475845463)
  );
#543 = CARTESIAN_POINT('',(85.604591030016,204.18304122895,
    7.424605667004));
#544 = CARTESIAN_POINT('',(84.032806481231,204.18304120191,
    7.544539614448));
#545 = CARTESIAN_POINT('',(82.465234501178,204.18304120131,
    7.702040986222));
#546 = ORIENTED_EDGE('',*,*,#547,.T.);
#547 = EDGE_CURVE('',#536,#548,#550,.T.);
#548 = VERTEX_POINT('',#549);
#549 = CARTESIAN_POINT('',(82.465354975579,199.55146655255,
    7.540827820269));
#550 = B_SPLINE_CURVE_WITH_KNOTS('',3,(#551,#552,#553,#554,#555,#556),
  .UNSPECIFIED.,.F.,.F.,(4,2,4),(1.353003567364E-02,2.542321734889,
    4.647909543887),.UNSPECIFIED.);
#551 = CARTESIAN_POINT('',(82.465234501186,204.18304120133,
    7.702040986222));
#552 = CARTESIAN_POINT('',(82.465256413834,203.34062080069,
    7.672718505164));
#553 = CARTESIAN_POINT('',(82.465278326483,202.49820040005,
    7.643396024112));
#554 = CARTESIAN_POINT('',(82.465318484614,200.95434218381,7.58965830213
    ));
#555 = CARTESIAN_POINT('',(82.465336730093,200.2529043682,7.565243061198
    ));
#556 = CARTESIAN_POINT('',(82.465354975575,199.55146655259,7.54082782027
    ));
#557 = ORIENTED_EDGE('',*,*,#558,.T.);
#558 = EDGE_CURVE('',#548,#559,#561,.T.);
#559 = VERTEX_POINT('',#560);
#560 = CARTESIAN_POINT('',(91.970107532405,199.37187986743,
    7.042009722823));
#561 = B_SPLINE_CURVE_WITH_KNOTS('',3,(#562,#563,#564,#565,#566,#567,
    #568,#569,#570,#571,#572,#573,#574),.UNSPECIFIED.,.F.,.F.,(4,3,3,3,4
    ),(0.153618813054,4.859003761227,7.722079992338,8.512662735548,
    9.674896377923),.UNSPECIFIED.);
#562 = CARTESIAN_POINT('',(82.465354975573,199.55146655256,
    7.540827820269));
#563 = CARTESIAN_POINT('',(84.024744905373,199.49434309969,
    7.382162301944));
#564 = CARTESIAN_POINT('',(85.588753416869,199.45075767542,
    7.261099029902));
#565 = CARTESIAN_POINT('',(87.154725937097,199.42081812817,
    7.177939461101));
#566 = CARTESIAN_POINT('',(88.107570130096,199.40260087124,
    7.127339523235));
#567 = CARTESIAN_POINT('',(89.061336019193,199.38943194523,
    7.090757933426));
#568 = CARTESIAN_POINT('',(90.01588183545,199.38134065909,7.068281143441
    ));
#569 = CARTESIAN_POINT('',(90.279461072963,199.37910640801,
    7.062074615619));
#570 = CARTESIAN_POINT('',(90.543099795708,199.37725930653,
    7.056943856468));
#571 = CARTESIAN_POINT('',(90.80679504178,199.37579994734,7.052891387146
    ));
#572 = CARTESIAN_POINT('',(91.194452739789,199.37365454719,
    7.046933862495));
#573 = CARTESIAN_POINT('',(91.582227043985,199.37234712335,
    7.043306926117));
#574 = CARTESIAN_POINT('',(91.97010753241,199.37187986743,7.042009722823
    ));
#575 = ORIENTED_EDGE('',*,*,#576,.T.);
#576 = EDGE_CURVE('',#559,#501,#577,.T.);
#577 = B_SPLINE_CURVE_WITH_KNOTS('',3,(#578,#579,#580,#581,#582,#583),
  .UNSPECIFIED.,.F.,.F.,(4,2,4),(0.239904976825,2.542321734496,
    2.697184858392),.UNSPECIFIED.);
#578 = CARTESIAN_POINT('',(91.970107532401,199.37187986744,
    7.042009722823));
#579 = CARTESIAN_POINT('',(91.970107532401,200.13888769366,7.06870528351
    ));
#580 = CARTESIAN_POINT('',(91.970107532401,200.90589551987,
    7.095400844197));
#581 = CARTESIAN_POINT('',(91.970107532401,201.72449314956,
    7.123891978126));
#582 = CARTESIAN_POINT('',(91.970107532401,201.77608295303,
    7.125687551368));
#583 = CARTESIAN_POINT('',(91.970107532401,201.82767275649,7.12748312461
    ));
#584 = B_SPLINE_SURFACE_WITH_KNOTS('',3,3,(
    (#585,#586,#587,#588,#589,#590)
    ,(#591,#592,#593,#594,#595,#596)
    ,(#597,#598,#599,#600,#601,#602)
    ,(#603,#604,#605,#606,#607,#608
    )),.UNSPECIFIED.,.F.,.F.,.F.,(4,4),(4,2,4),(0.222203725298,
    0.271969329367),(5.772686495588E-02,0.142637671798,0.154442590221),
  .UNSPECIFIED.);
#585 = CARTESIAN_POINT('',(82.465234501178,204.18304120132,
    7.702040986222));
#586 = CARTESIAN_POINT('',(85.232559062515,204.1927068885,7.42433120987)
  );
#587 = CARTESIAN_POINT('',(88.017963687736,204.19831995887,
    7.263059859259));
#588 = CARTESIAN_POINT('',(91.19451857391,204.1999957691,7.21491274547)
  );
#589 = CARTESIAN_POINT('',(91.582302870422,204.20012025049,
    7.211336395814));
#590 = CARTESIAN_POINT('',(91.970107488236,204.20016477793,
    7.210057255778));
#591 = CARTESIAN_POINT('',(82.465234531141,202.57361289782,
    7.646025141854));
#592 = CARTESIAN_POINT('',(85.232559092478,202.583278585,7.368315365501)
  );
#593 = CARTESIAN_POINT('',(88.017963717699,202.58889165538,7.20704401489
    ));
#594 = CARTESIAN_POINT('',(91.194518603872,202.59056746561,
    7.158896901102));
#595 = CARTESIAN_POINT('',(91.582302900384,202.59069194699,
    7.155320551445));
#596 = CARTESIAN_POINT('',(91.970107518198,202.59073647443,
    7.154041411409));
#597 = CARTESIAN_POINT('',(82.465234561099,200.96418459432,
    7.590009297485));
#598 = CARTESIAN_POINT('',(85.232559122436,200.9738502815,7.312299521132
    ));
#599 = CARTESIAN_POINT('',(88.017963747661,200.97946335189,
    7.151028170522));
#600 = CARTESIAN_POINT('',(91.194518633834,200.98113916211,
    7.102881056733));
#601 = CARTESIAN_POINT('',(91.582302930347,200.98126364349,
    7.099304707076));
#602 = CARTESIAN_POINT('',(91.970107548161,200.98130817093,
    7.098025567041));
#603 = CARTESIAN_POINT('',(82.465234591062,199.35475629082,
    7.533993453117));
#604 = CARTESIAN_POINT('',(85.232559152399,199.36442197801,
    7.256283676764));
#605 = CARTESIAN_POINT('',(88.017963777624,199.37003504839,
    7.095012326153));
#606 = CARTESIAN_POINT('',(91.194518663797,199.37171085861,
    7.046865212364));
#607 = CARTESIAN_POINT('',(91.582302960309,199.37183533999,
    7.043288862708));
#608 = CARTESIAN_POINT('',(91.970107578123,199.37187986743,
    7.042009722672));
#609 = ADVANCED_FACE('',(#610),#661,.F.);
#610 = FACE_BOUND('',#611,.T.);
#611 = EDGE_LOOP('',(#612,#622,#631,#632,#640,#646,#647,#655));
#612 = ORIENTED_EDGE('',*,*,#613,.F.);
#613 = EDGE_CURVE('',#614,#616,#618,.T.);
#614 = VERTEX_POINT('',#615);
#615 = CARTESIAN_POINT('',(92.620107532406,199.37188231111,
    7.042016510365));
#616 = VERTEX_POINT('',#617);
#617 = CARTESIAN_POINT('',(92.620107532406,198.39647994414,
    4.332749102223));
#618 = LINE('',#619,#620);
#619 = CARTESIAN_POINT('',(92.620107532406,199.73423541751,
    8.048484707123));
#620 = VECTOR('',#621,1.);
#621 = DIRECTION('',(-6.846E-14,-0.338739789867,-0.940880095847));
#622 = ORIENTED_EDGE('',*,*,#623,.T.);
#623 = EDGE_CURVE('',#614,#75,#624,.T.);
#624 = B_SPLINE_CURVE_WITH_KNOTS('',3,(#625,#626,#627,#628,#629,#630),
  .UNSPECIFIED.,.F.,.F.,(4,2,4),(9.572498364362E-02,5.013867184266,
    9.887535038882),.UNSPECIFIED.);
#625 = CARTESIAN_POINT('',(92.620107532406,199.37188231111,
    7.042016510365));
#626 = CARTESIAN_POINT('',(94.259491544639,199.37386797547,
    7.047531870905));
#627 = CARTESIAN_POINT('',(95.899064146364,199.39082779843,
    7.094639297671));
#628 = CARTESIAN_POINT('',(99.157622515468,199.45426537163,
    7.270842837193));
#629 = CARTESIAN_POINT('',(100.7755846712,199.50045128143,7.399128337016
    ));
#630 = CARTESIAN_POINT('',(102.39031453031,199.56125032522,
    7.568003124865));
#631 = ORIENTED_EDGE('',*,*,#74,.T.);
#632 = ORIENTED_EDGE('',*,*,#633,.T.);
#633 = EDGE_CURVE('',#67,#634,#636,.T.);
#634 = VERTEX_POINT('',#635);
#635 = CARTESIAN_POINT('',(79.9269040775,196.83658455801,9.476E-11));
#636 = LINE('',#637,#638);
#637 = CARTESIAN_POINT('',(99.231784764976,196.83658455801,9.475798E-11)
  );
#638 = VECTOR('',#639,1.);
#639 = DIRECTION('',(-1.,3.E-17,3.E-17));
#640 = ORIENTED_EDGE('',*,*,#641,.T.);
#641 = EDGE_CURVE('',#634,#548,#642,.T.);
#642 = LINE('',#643,#644);
#643 = CARTESIAN_POINT('',(83.550793640352,200.71234694989,
    10.765277064735));
#644 = VECTOR('',#645,1.);
#645 = DIRECTION('',(0.301943307514,0.322929409256,0.896965348096));
#646 = ORIENTED_EDGE('',*,*,#558,.T.);
#647 = ORIENTED_EDGE('',*,*,#648,.F.);
#648 = EDGE_CURVE('',#649,#559,#651,.T.);
#649 = VERTEX_POINT('',#650);
#650 = CARTESIAN_POINT('',(91.970107532405,198.39647994414,
    4.332749102224));
#651 = LINE('',#652,#653);
#652 = CARTESIAN_POINT('',(91.970107532405,199.89265167363,
    8.488500042504));
#653 = VECTOR('',#654,1.);
#654 = DIRECTION('',(0.,0.338739789867,0.940880095847));
#655 = ORIENTED_EDGE('',*,*,#656,.F.);
#656 = EDGE_CURVE('',#616,#649,#657,.T.);
#657 = LINE('',#658,#659);
#658 = CARTESIAN_POINT('',(96.850534764973,198.39647994414,
    4.332749102223));
#659 = VECTOR('',#660,1.);
#660 = DIRECTION('',(-1.,2.E-17,0.));
#661 = PLANE('',#662);
#662 = AXIS2_PLACEMENT_3D('',#663,#664,#665);
#663 = CARTESIAN_POINT('',(101.40596199754,199.89265167363,
    8.488500042504));
#664 = DIRECTION('',(-2.E-17,-0.940880095847,0.338739789867));
#665 = DIRECTION('',(7.703719777549E-34,-0.338739789867,-0.940880095847)
  );
#666 = ADVANCED_FACE('',(#667),#702,.T.);
#667 = FACE_BOUND('',#668,.T.);
#668 = EDGE_LOOP('',(#669,#677,#678,#679,#685,#686,#687,#696));
#669 = ORIENTED_EDGE('',*,*,#670,.F.);
#670 = EDGE_CURVE('',#536,#671,#673,.T.);
#671 = VERTEX_POINT('',#672);
#672 = CARTESIAN_POINT('',(81.316612267994,204.18304120133,
    4.332749102223));
#673 = LINE('',#674,#675);
#674 = CARTESIAN_POINT('',(82.475111151172,204.18304120132,
    7.731012492867));
#675 = VECTOR('',#676,1.);
#676 = DIRECTION('',(-0.32267392779,1.3043E-13,-0.946510188178));
#677 = ORIENTED_EDGE('',*,*,#547,.T.);
#678 = ORIENTED_EDGE('',*,*,#641,.F.);
#679 = ORIENTED_EDGE('',*,*,#680,.F.);
#680 = EDGE_CURVE('',#144,#634,#681,.T.);
#681 = LINE('',#682,#683);
#682 = CARTESIAN_POINT('',(79.836406987961,204.44638426482,9.475976E-11)
  );
#683 = VECTOR('',#684,1.);
#684 = DIRECTION('',(1.189133676013E-02,-0.999929295555,-2.E-17));
#685 = ORIENTED_EDGE('',*,*,#143,.F.);
#686 = ORIENTED_EDGE('',*,*,#326,.T.);
#687 = ORIENTED_EDGE('',*,*,#688,.F.);
#688 = EDGE_CURVE('',#689,#327,#691,.T.);
#689 = VERTEX_POINT('',#690);
#690 = CARTESIAN_POINT('',(81.308882352561,204.83304120131,
    4.332749102223));
#691 = B_SPLINE_CURVE_WITH_KNOTS('',3,(#692,#693,#694,#695),
  .UNSPECIFIED.,.F.,.F.,(4,4),(-4.265674982659,-0.682072027646),
  .PIECEWISE_BEZIER_KNOTS.);
#692 = CARTESIAN_POINT('',(81.308882352561,204.83304120132,
    4.332749102223));
#693 = CARTESIAN_POINT('',(81.694327432939,204.83304120132,
    5.463388004658));
#694 = CARTESIAN_POINT('',(82.07977251332,204.83304120133,6.594026907099
    ));
#695 = CARTESIAN_POINT('',(82.465217593701,204.83304120133,
    7.724665809535));
#696 = ORIENTED_EDGE('',*,*,#697,.F.);
#697 = EDGE_CURVE('',#671,#689,#698,.T.);
#698 = LINE('',#699,#700);
#699 = CARTESIAN_POINT('',(81.311002757953,204.65473866748,
    4.332749102223));
#700 = VECTOR('',#701,1.);
#701 = DIRECTION('',(-1.189133676013E-02,0.999929295555,0.));
#702 = PLANE('',#703);
#703 = AXIS2_PLACEMENT_3D('',#704,#705,#706);
#704 = CARTESIAN_POINT('',(82.027816414116,204.61558553359,
    6.434036686617));
#705 = DIRECTION('',(0.946450232904,1.125535424974E-02,-0.322653488492)
  );
#706 = DIRECTION('',(-1.189133676013E-02,0.999929295555,
    8.673617379884E-19));
#707 = ADVANCED_FACE('',(#708),#745,.T.);
#708 = FACE_BOUND('',#709,.T.);
#709 = EDGE_LOOP('',(#710,#720,#728,#736));
#710 = ORIENTED_EDGE('',*,*,#711,.T.);
#711 = EDGE_CURVE('',#712,#714,#716,.T.);
#712 = VERTEX_POINT('',#713);
#713 = CARTESIAN_POINT('',(103.13675885589,200.34128755061,
    8.736194310355));
#714 = VERTEX_POINT('',#715);
#715 = CARTESIAN_POINT('',(106.05760753241,195.75804120131,9.4759E-11));
#716 = LINE('',#717,#718);
#717 = CARTESIAN_POINT('',(103.05760753242,200.46548775901,
    8.972934182341));
#718 = VECTOR('',#719,1.);
#719 = DIRECTION('',(0.283887319776,-0.445461462088,-0.84910074518));
#720 = ORIENTED_EDGE('',*,*,#721,.F.);
#721 = EDGE_CURVE('',#722,#714,#724,.T.);
#722 = VERTEX_POINT('',#723);
#723 = CARTESIAN_POINT('',(106.05760753241,213.25804120131,9.4759E-11));
#724 = LINE('',#725,#726);
#725 = CARTESIAN_POINT('',(106.05760753241,195.75804120131,9.475887E-11)
  );
#726 = VECTOR('',#727,1.);
#727 = DIRECTION('',(0.,-1.,0.));
#728 = ORIENTED_EDGE('',*,*,#729,.F.);
#729 = EDGE_CURVE('',#730,#722,#732,.T.);
#730 = VERTEX_POINT('',#731);
#731 = CARTESIAN_POINT('',(103.13356800658,211.01731442334,
    9.102525879581));
#732 = LINE('',#733,#734);
#733 = CARTESIAN_POINT('',(103.05760753242,210.95910499525,
    9.338990597559));
#734 = VECTOR('',#735,1.);
#735 = DIRECTION('',(0.297772282027,0.228186493438,-0.926964180683));
#736 = ORIENTED_EDGE('',*,*,#737,.F.);
#737 = EDGE_CURVE('',#712,#730,#738,.T.);
#738 = B_SPLINE_CURVE_WITH_KNOTS('',3,(#739,#740,#741,#742,#743,#744),
  .UNSPECIFIED.,.F.,.F.,(4,1,1,4),(-10.68231057822,-7.630221841586,
    -4.578133104952,-5.204E-14),.UNSPECIFIED.);
#739 = CARTESIAN_POINT('',(103.13675885589,200.34128755061,
    8.736194310355));
#740 = CARTESIAN_POINT('',(103.13692922889,201.35905447524,
    8.771060519888));
#741 = CARTESIAN_POINT('',(103.13586306769,203.39235937251,
    8.840749142974));
#742 = CARTESIAN_POINT('',(103.13491002097,206.95086681465,
    8.962794407892));
#743 = CARTESIAN_POINT('',(103.13349108964,209.49353285654,
    9.049808854914));
#744 = CARTESIAN_POINT('',(103.13356800657,211.01731442334,9.10252587958
    ));
#745 = B_SPLINE_SURFACE_WITH_KNOTS('',3,3,(
    (#746,#747,#748,#749)
    ,(#750,#751,#752,#753)
    ,(#754,#755,#756,#757)
    ,(#758,#759,#760,#761
    )),.UNSPECIFIED.,.F.,.F.,.F.,(4,4),(4,4),(-4.279E-14,1.),(
    2.53151342305E-02,1.),.PIECEWISE_BEZIER_KNOTS.);
#746 = CARTESIAN_POINT('',(103.13355293511,211.0173028739,9.102572797007
    ));
#747 = CARTESIAN_POINT('',(104.10823780088,211.7642156497,6.068381864703
    ));
#748 = CARTESIAN_POINT('',(105.08292266664,212.51112842551,
    3.034190932399));
#749 = CARTESIAN_POINT('',(106.05760753241,213.25804120131,9.475887E-11)
  );
#750 = CARTESIAN_POINT('',(103.13355293511,210.12143037718,
    9.071437026539));
#751 = CARTESIAN_POINT('',(104.10823780088,211.12333408726,
    6.047624684391));
#752 = CARTESIAN_POINT('',(105.08292266664,212.12523779733,
    3.023812342243));
#753 = CARTESIAN_POINT('',(106.05760753241,213.12714150741,9.475887E-11)
  );
#754 = CARTESIAN_POINT('',(103.13355293511,201.24219061424,
    8.776918919543));
#755 = CARTESIAN_POINT('',(104.10823780088,199.45777404122,
    5.851279279727));
#756 = CARTESIAN_POINT('',(105.08292266664,197.67335746822,
    2.925639639911));
#757 = CARTESIAN_POINT('',(106.05760753241,195.8889408952,9.475887E-11)
  );
#758 = CARTESIAN_POINT('',(103.13355293511,200.34631811752,
    8.745783149076));
#759 = CARTESIAN_POINT('',(104.10823780088,198.81689247879,
    5.830522099416));
#760 = CARTESIAN_POINT('',(105.08292266664,197.28746684004,
    2.915261049755));
#761 = CARTESIAN_POINT('',(106.05760753241,195.75804120131,9.475887E-11)
  );
#762 = ADVANCED_FACE('',(#763),#808,.F.);
#763 = FACE_BOUND('',#764,.F.);
#764 = EDGE_LOOP('',(#765,#779,#788,#800));
#765 = ORIENTED_EDGE('',*,*,#766,.F.);
#766 = EDGE_CURVE('',#767,#769,#771,.T.);
#767 = VERTEX_POINT('',#768);
#768 = CARTESIAN_POINT('',(83.120100587501,198.81040019427,
    8.707344145368));
#769 = VERTEX_POINT('',#770);
#770 = CARTESIAN_POINT('',(81.717335098951,200.33544370111,
    8.903968778565));
#771 = B_SPLINE_CURVE_WITH_KNOTS('',3,(#772,#773,#774,#775,#776,#777,
    #778),.UNSPECIFIED.,.F.,.F.,(4,1,1,1,4),(0.,0.327640340626,
    0.982921021879,1.638201703132,2.293482384385),.UNSPECIFIED.);
#772 = CARTESIAN_POINT('',(83.120100587505,198.81040019428,
    8.707344145368));
#773 = CARTESIAN_POINT('',(83.011732612104,198.81416396939,
    8.717769330353));
#774 = CARTESIAN_POINT('',(82.688007440484,198.86733758087,8.75092187214
    ));
#775 = CARTESIAN_POINT('',(82.20630240321,199.14373570946,8.809687814593
    ));
#776 = CARTESIAN_POINT('',(81.815465836757,199.68249354582,
    8.870412837156));
#777 = CARTESIAN_POINT('',(81.717331118292,200.11714897051,
    8.896371509246));
#778 = CARTESIAN_POINT('',(81.717335098947,200.33544370107,
    8.903968778564));
#779 = ORIENTED_EDGE('',*,*,#780,.F.);
#780 = EDGE_CURVE('',#781,#767,#783,.T.);
#781 = VERTEX_POINT('',#782);
#782 = CARTESIAN_POINT('',(83.096472970985,198.58383718249,
    8.543298733051));
#783 = CIRCLE('',#784,0.25);
#784 = AXIS2_PLACEMENT_3D('',#785,#786,#787);
#785 = CARTESIAN_POINT('',(83.096472970985,198.81905720645,
    8.458613785584));
#786 = DIRECTION('',(-0.994813819727,3.44541232039E-02,
    9.569941209065E-02));
#787 = DIRECTION('',(-3.553338179252E-13,-0.940880095847,0.338739789868)
  );
#788 = ORIENTED_EDGE('',*,*,#789,.F.);
#789 = EDGE_CURVE('',#790,#781,#792,.T.);
#790 = VERTEX_POINT('',#791);
#791 = CARTESIAN_POINT('',(81.453456206753,200.34128754716,
    8.736194303792));
#792 = B_SPLINE_CURVE_WITH_KNOTS('',3,(#793,#794,#795,#796,#797,#798,
    #799),.UNSPECIFIED.,.F.,.F.,(4,1,1,1,4),(-2.293482384385,
    -1.638201703132,-0.982921021879,-0.327640340626,0.),.UNSPECIFIED.);
#793 = CARTESIAN_POINT('',(81.453456206753,200.34128754712,
    8.736194303793));
#794 = CARTESIAN_POINT('',(81.459855944449,200.08557115748,
    8.746100904645));
#795 = CARTESIAN_POINT('',(81.586773843712,199.58733473065,
    8.741213550387));
#796 = CARTESIAN_POINT('',(82.040647042388,198.97914676016,
    8.686692863323));
#797 = CARTESIAN_POINT('',(82.591872564728,198.65933880098,
    8.615168310404));
#798 = CARTESIAN_POINT('',(82.968981271388,198.59063273743,8.56217399534
    ));
#799 = CARTESIAN_POINT('',(83.096472970985,198.58383718249,
    8.543298733051));
#800 = ORIENTED_EDGE('',*,*,#801,.F.);
#801 = EDGE_CURVE('',#769,#790,#802,.T.);
#802 = B_SPLINE_CURVE_WITH_KNOTS('',3,(#803,#804,#805,#806,#807),
  .UNSPECIFIED.,.F.,.F.,(4,1,4),(0.,0.571428571429,1.),.UNSPECIFIED.);
#803 = CARTESIAN_POINT('',(81.717335098947,200.33544370107,
    8.903968778564));
#804 = CARTESIAN_POINT('',(81.653358278694,200.33520095617,
    8.910977253129));
#805 = CARTESIAN_POINT('',(81.5371014741,200.33636148956,8.877692347181)
  );
#806 = CARTESIAN_POINT('',(81.469025275444,200.33969807667,
    8.781856886586));
#807 = CARTESIAN_POINT('',(81.453456206753,200.34128754712,
    8.736194303793));
#808 = B_SPLINE_SURFACE_WITH_KNOTS('',3,3,(
    (#809,#810,#811,#812,#813,#814,#815)
    ,(#816,#817,#818,#819,#820,#821,#822)
    ,(#823,#824,#825,#826,#827,#828,#829)
    ,(#830,#831,#832,#833,#834,#835,#836)
    ,(#837,#838,#839,#840,#841,#842,#843
    )),.UNSPECIFIED.,.F.,.F.,.F.,(4,1,4),(4,1,1,1,4),(0.,0.571428571429,
    1.),(0.,0.327640340626,0.982921021879,1.638201703132,2.293482384385)
  ,.UNSPECIFIED.);
#809 = CARTESIAN_POINT('',(83.120100587505,198.81040019428,
    8.707344145368));
#810 = CARTESIAN_POINT('',(83.011732612104,198.81416396939,
    8.717769330353));
#811 = CARTESIAN_POINT('',(82.688007440484,198.86733758087,8.75092187214
    ));
#812 = CARTESIAN_POINT('',(82.20630240321,199.14373570946,8.809687814593
    ));
#813 = CARTESIAN_POINT('',(81.815465836757,199.68249354582,
    8.870412837156));
#814 = CARTESIAN_POINT('',(81.717331118292,200.11714897051,
    8.896371509246));
#815 = CARTESIAN_POINT('',(81.717335098947,200.33544370107,
    8.903968778564));
#816 = CARTESIAN_POINT('',(83.11796634621,198.75369570846,8.705573294437
    ));
#817 = CARTESIAN_POINT('',(83.004835515749,198.75896422123,
    8.716480500865));
#818 = CARTESIAN_POINT('',(82.66843371404,198.81736121156,8.750995242418
    ));
#819 = CARTESIAN_POINT('',(82.170900666151,199.10410702214,
    8.811821123531));
#820 = CARTESIAN_POINT('',(81.764549759293,199.6580484908,8.874932075212
    ));
#821 = CARTESIAN_POINT('',(81.657147232156,200.10720354086,
    8.902523429112));
#822 = CARTESIAN_POINT('',(81.653358278694,200.33520095617,
    8.910977253129));
#823 = CARTESIAN_POINT('',(83.11091501519,198.65605426594,8.667426652034
    ));
#824 = CARTESIAN_POINT('',(82.989627091614,198.66382065483,
    8.680952576643));
#825 = CARTESIAN_POINT('',(82.631314443821,198.73111943191,
    8.721642093313));
#826 = CARTESIAN_POINT('',(82.106031813117,199.03591387077,
    8.787114256858));
#827 = CARTESIAN_POINT('',(81.672090095519,199.61656858838,
    8.850371312468));
#828 = CARTESIAN_POINT('',(81.547840981981,200.09135054505,
    8.873681677656));
#829 = CARTESIAN_POINT('',(81.5371014741,200.33636148956,8.877692347181)
  );
#830 = CARTESIAN_POINT('',(83.100803814006,198.59818564863,
    8.583152882453));
#831 = CARTESIAN_POINT('',(82.974581914965,198.60572424192,
    8.600562908809));
#832 = CARTESIAN_POINT('',(82.601738765941,198.67517364155,
    8.650117214301));
#833 = CARTESIAN_POINT('',(82.056726142382,198.99168977778,
    8.720039905018));
#834 = CARTESIAN_POINT('',(81.606597296541,199.59290541792,
    8.777473785198));
#835 = CARTESIAN_POINT('',(81.47816840194,200.0856831642,8.78791343356)
  );
#836 = CARTESIAN_POINT('',(81.469025275444,200.33969807667,
    8.781856886586));
#837 = CARTESIAN_POINT('',(83.096472970985,198.58383718249,
    8.543298733051));
#838 = CARTESIAN_POINT('',(82.968981271388,198.59063273743,8.56217399534
    ));
#839 = CARTESIAN_POINT('',(82.591872564728,198.65933880098,
    8.615168310404));
#840 = CARTESIAN_POINT('',(82.040647042388,198.97914676016,
    8.686692863323));
#841 = CARTESIAN_POINT('',(81.586773843712,199.58733473065,
    8.741213550387));
#842 = CARTESIAN_POINT('',(81.459855944449,200.08557115748,
    8.746100904645));
#843 = CARTESIAN_POINT('',(81.453456206753,200.34128754712,
    8.736194303793));
#844 = ADVANCED_FACE('',(#845),#873,.F.);
#845 = FACE_BOUND('',#846,.F.);
#846 = EDGE_LOOP('',(#847,#856,#865,#872));
#847 = ORIENTED_EDGE('',*,*,#848,.F.);
#848 = EDGE_CURVE('',#849,#767,#851,.T.);
#849 = VERTEX_POINT('',#850);
#850 = CARTESIAN_POINT('',(101.47011447714,198.81040019353,
    8.707344145701));
#851 = B_SPLINE_CURVE_WITH_KNOTS('',3,(#852,#853,#854,#855),
  .UNSPECIFIED.,.F.,.F.,(4,4),(0.,18.429072974144),
  .PIECEWISE_BEZIER_KNOTS.);
#852 = CARTESIAN_POINT('',(101.47011447715,198.81040019353,
    8.707344145701));
#853 = CARTESIAN_POINT('',(95.374646126329,198.59869584126,
    8.120949641153));
#854 = CARTESIAN_POINT('',(89.215568938464,198.59869584181,8.12094964186
    ));
#855 = CARTESIAN_POINT('',(83.120100587505,198.81040019427,
    8.707344145368));
#856 = ORIENTED_EDGE('',*,*,#857,.F.);
#857 = EDGE_CURVE('',#858,#849,#860,.T.);
#858 = VERTEX_POINT('',#859);
#859 = CARTESIAN_POINT('',(101.49374209367,198.58383718262,
    8.543298733416));
#860 = CIRCLE('',#861,0.25);
#861 = AXIS2_PLACEMENT_3D('',#862,#863,#864);
#862 = CARTESIAN_POINT('',(101.49374209367,198.81905720658,
    8.458613785949));
#863 = DIRECTION('',(-0.994813819708,-3.445412326659E-02,
    -9.56994122638E-02));
#864 = DIRECTION('',(6.784572903484E-13,-0.940880095847,0.338739789868)
  );
#865 = ORIENTED_EDGE('',*,*,#866,.F.);
#866 = EDGE_CURVE('',#781,#858,#867,.T.);
#867 = B_SPLINE_CURVE_WITH_KNOTS('',3,(#868,#869,#870,#871),
  .UNSPECIFIED.,.F.,.F.,(4,4),(-18.42907297414,0.),
  .PIECEWISE_BEZIER_KNOTS.);
#868 = CARTESIAN_POINT('',(83.096472970989,198.58383718249,
    8.543298733051));
#869 = CARTESIAN_POINT('',(89.207638464137,198.37218466556,
    7.955414916717));
#870 = CARTESIAN_POINT('',(95.382576600641,198.37218466531,
    7.955414916019));
#871 = CARTESIAN_POINT('',(101.49374209367,198.58383718262,
    8.543298733416));
#872 = ORIENTED_EDGE('',*,*,#780,.T.);
#873 = B_SPLINE_SURFACE_WITH_KNOTS('',3,3,(
    (#874,#875,#876,#877)
    ,(#878,#879,#880,#881)
    ,(#882,#883,#884,#885)
    ,(#886,#887,#888,#889)
    ,(#890,#891,#892,#893
    )),.UNSPECIFIED.,.F.,.F.,.F.,(4,1,4),(4,4),(0.,0.571428571429,1.),(
    0.,18.429072974144),.UNSPECIFIED.);
#874 = CARTESIAN_POINT('',(101.47011447715,198.81040019353,
    8.707344145701));
#875 = CARTESIAN_POINT('',(95.374646126329,198.59869584126,
    8.120949641153));
#876 = CARTESIAN_POINT('',(89.215568938464,198.59869584181,8.12094964186
    ));
#877 = CARTESIAN_POINT('',(83.120100587505,198.81040019427,
    8.707344145368));
#878 = CARTESIAN_POINT('',(101.47224871845,198.75369570789,
    8.705573294577));
#879 = CARTESIAN_POINT('',(95.375388303291,198.54206104703,8.11891072979
    ));
#880 = CARTESIAN_POINT('',(89.21482676149,198.54206104752,8.118910730559
    ));
#881 = CARTESIAN_POINT('',(83.11796634621,198.75369570845,8.705573294435
    ));
#882 = CARTESIAN_POINT('',(101.47930004948,198.65605426579,
    8.667426652056));
#883 = CARTESIAN_POINT('',(95.377741025444,198.44453813003,
    8.080234703575));
#884 = CARTESIAN_POINT('',(89.212474039334,198.44453813038,
    8.080234704386));
#885 = CARTESIAN_POINT('',(83.110915015193,198.65605426595,
    8.667426652031));
#886 = CARTESIAN_POINT('',(101.48941125065,198.59818564872,8.5831528827)
  );
#887 = CARTESIAN_POINT('',(95.381125220203,198.38660447517,
    7.995465738157));
#888 = CARTESIAN_POINT('',(89.209089844579,198.38660447544,
    7.995465738894));
#889 = CARTESIAN_POINT('',(83.10080381401,198.59818564863,8.583152882452
    ));
#890 = CARTESIAN_POINT('',(101.49374209367,198.58383718262,
    8.543298733416));
#891 = CARTESIAN_POINT('',(95.382576600641,198.37218466531,
    7.955414916019));
#892 = CARTESIAN_POINT('',(89.207638464137,198.37218466556,
    7.955414916717));
#893 = CARTESIAN_POINT('',(83.096472970989,198.58383718249,
    8.543298733051));
#894 = ADVANCED_FACE('',(#895),#926,.F.);
#895 = FACE_BOUND('',#896,.F.);
#896 = EDGE_LOOP('',(#897,#906,#907,#918));
#897 = ORIENTED_EDGE('',*,*,#898,.F.);
#898 = EDGE_CURVE('',#858,#712,#899,.T.);
#899 = B_SPLINE_CURVE_WITH_KNOTS('',3,(#900,#901,#902,#903,#904,#905),
  .UNSPECIFIED.,.F.,.F.,(4,1,1,4),(-2.293482386602,-1.638201704716,
    -0.98292102283,4.168E-14),.UNSPECIFIED.);
#900 = CARTESIAN_POINT('',(101.49374209367,198.58383718262,
    8.543298733416));
#901 = CARTESIAN_POINT('',(101.74872549311,198.59742829253,8.58104925807
    ));
#902 = CARTESIAN_POINT('',(102.24104194069,198.75356703905,
    8.647312256931));
#903 = CARTESIAN_POINT('',(102.89953463428,199.34506931861,8.73043301807
    ));
#904 = CARTESIAN_POINT('',(103.1271592498,199.95771296595,8.751054210281
    ));
#905 = CARTESIAN_POINT('',(103.13675885589,200.34128755056,
    8.736194310356));
#906 = ORIENTED_EDGE('',*,*,#857,.T.);
#907 = ORIENTED_EDGE('',*,*,#908,.F.);
#908 = EDGE_CURVE('',#909,#849,#911,.T.);
#909 = VERTEX_POINT('',#910);
#910 = CARTESIAN_POINT('',(102.87287996354,200.33544370353,
    8.903968785076));
#911 = B_SPLINE_CURVE_WITH_KNOTS('',3,(#912,#913,#914,#915,#916,#917),
  .UNSPECIFIED.,.F.,.F.,(4,1,1,4),(-4.168E-14,0.98292102283,
    1.638201704716,2.293482386602),.UNSPECIFIED.);
#912 = CARTESIAN_POINT('',(102.87287996354,200.3354437035,8.903968785075
    ));
#913 = CARTESIAN_POINT('',(102.87288593499,200.00800160739,
    8.892572879804));
#914 = CARTESIAN_POINT('',(102.68861739872,199.46756108444,
    8.853301331899));
#915 = CARTESIAN_POINT('',(102.11352683879,198.94639634554,
    8.774761459539));
#916 = CARTESIAN_POINT('',(101.68685042815,198.81792774375,
    8.728194515729));
#917 = CARTESIAN_POINT('',(101.47011447715,198.81040019353,
    8.707344145701));
#918 = ORIENTED_EDGE('',*,*,#919,.T.);
#919 = EDGE_CURVE('',#909,#712,#920,.T.);
#920 = B_SPLINE_CURVE_WITH_KNOTS('',3,(#921,#922,#923,#924,#925),
  .UNSPECIFIED.,.F.,.F.,(4,1,4),(0.,0.571428571429,1.),.UNSPECIFIED.);
#921 = CARTESIAN_POINT('',(102.87287996354,200.3354437035,8.903968785075
    ));
#922 = CARTESIAN_POINT('',(102.93685678382,200.33520095865,
    8.910977259685));
#923 = CARTESIAN_POINT('',(103.05311358848,200.33636149234,
    8.877692353783));
#924 = CARTESIAN_POINT('',(103.12118978719,200.33969807992,
    8.781856893164));
#925 = CARTESIAN_POINT('',(103.13675885589,200.34128755056,
    8.736194310356));
#926 = B_SPLINE_SURFACE_WITH_KNOTS('',3,3,(
    (#927,#928,#929,#930,#931,#932)
    ,(#933,#934,#935,#936,#937,#938)
    ,(#939,#940,#941,#942,#943,#944)
    ,(#945,#946,#947,#948,#949,#950)
    ,(#951,#952,#953,#954,#955,#956
  )),.UNSPECIFIED.,.F.,.F.,.F.,(4,1,4),(4,1,1,4),(0.,0.571428571429,1.),
  (-4.168E-14,0.98292102283,1.638201704716,2.293482386602),
  .UNSPECIFIED.);
#927 = CARTESIAN_POINT('',(102.87287996354,200.3354437035,8.903968785075
    ));
#928 = CARTESIAN_POINT('',(102.87288593499,200.00800160739,
    8.892572879804));
#929 = CARTESIAN_POINT('',(102.68861739872,199.46756108444,
    8.853301331899));
#930 = CARTESIAN_POINT('',(102.11352683879,198.94639634554,
    8.774761459539));
#931 = CARTESIAN_POINT('',(101.68685042815,198.81792774375,
    8.728194515729));
#932 = CARTESIAN_POINT('',(101.47011447715,198.81040019353,
    8.707344145701));
#933 = CARTESIAN_POINT('',(102.93685678382,200.33520095865,
    8.910977259685));
#934 = CARTESIAN_POINT('',(102.93117335408,199.99320483548,
    8.898296522292));
#935 = CARTESIAN_POINT('',(102.73479163365,199.43729458638,
    8.857052895329));
#936 = CARTESIAN_POINT('',(102.14018907204,198.90023749809,
    8.775676627249));
#937 = CARTESIAN_POINT('',(101.69851037958,198.76423273343,
    8.727387707497));
#938 = CARTESIAN_POINT('',(101.47224871845,198.75369570789,
    8.705573294577));
#939 = CARTESIAN_POINT('',(103.05311358848,200.33636149234,
    8.877692353783));
#940 = CARTESIAN_POINT('',(103.03700432707,199.96884507544,
    8.871676348065));
#941 = CARTESIAN_POINT('',(102.81865826985,199.38549028548,
    8.833444607671));
#942 = CARTESIAN_POINT('',(102.18969992642,198.82063978987,
    8.749077065459));
#943 = CARTESIAN_POINT('',(101.72187589682,198.67158704357,
    8.694478501344));
#944 = CARTESIAN_POINT('',(101.47930004947,198.65605426577,
    8.667426652057));
#945 = CARTESIAN_POINT('',(103.12118978719,200.33969807992,
    8.781856893164));
#946 = CARTESIAN_POINT('',(103.10747509788,199.95867571106,
    8.790941712242));
#947 = CARTESIAN_POINT('',(102.88016721921,199.35354949518,
    8.764738525761));
#948 = CARTESIAN_POINT('',(102.2282634288,198.76851715351,8.680962536195
    ));
#949 = CARTESIAN_POINT('',(101.74185504896,198.61326283532,
    8.617972935483));
#950 = CARTESIAN_POINT('',(101.48941125065,198.59818564872,
    8.583152882699));
#951 = CARTESIAN_POINT('',(103.13675885589,200.34128755056,
    8.736194310356));
#952 = CARTESIAN_POINT('',(103.1271592498,199.95771296595,8.751054210281
    ));
#953 = CARTESIAN_POINT('',(102.89953463428,199.34506931861,8.73043301807
    ));
#954 = CARTESIAN_POINT('',(102.24104194069,198.75356703905,
    8.647312256931));
#955 = CARTESIAN_POINT('',(101.74872549311,198.59742829253,8.58104925807
    ));
#956 = CARTESIAN_POINT('',(101.49374209367,198.58383718262,
    8.543298733416));
#957 = ADVANCED_FACE('',(#958),#988,.F.);
#958 = FACE_BOUND('',#959,.F.);
#959 = EDGE_LOOP('',(#960,#970,#979,#987));
#960 = ORIENTED_EDGE('',*,*,#961,.F.);
#961 = EDGE_CURVE('',#962,#790,#964,.T.);
#962 = VERTEX_POINT('',#963);
#963 = CARTESIAN_POINT('',(81.456647042793,211.01731443518,
    9.102525831431));
#964 = B_SPLINE_CURVE_WITH_KNOTS('',3,(#965,#966,#967,#968,#969),
  .UNSPECIFIED.,.F.,.F.,(4,1,4),(-10.68231059203,-4.578133110873,
    1.31626E-12),.UNSPECIFIED.);
#965 = CARTESIAN_POINT('',(81.456647042793,211.01731443518,
    9.102525831431));
#966 = CARTESIAN_POINT('',(81.456749601264,208.98560567686,
    9.032236473215));
#967 = CARTESIAN_POINT('',(81.454844693275,205.42486617869,
    8.910613660981));
#968 = CARTESIAN_POINT('',(81.453200645214,201.86793793634,8.78849361214
    ));
#969 = CARTESIAN_POINT('',(81.453456206753,200.34128754713,
    8.736194303791));
#970 = ORIENTED_EDGE('',*,*,#971,.T.);
#971 = EDGE_CURVE('',#962,#972,#974,.T.);
#972 = VERTEX_POINT('',#973);
#973 = CARTESIAN_POINT('',(81.722070560794,211.01130697434,
    9.275020872922));
#974 = CIRCLE('',#975,0.25);
#975 = AXIS2_PLACEMENT_3D('',#976,#977,#978);
#976 = CARTESIAN_POINT('',(81.694842716814,211.01995118251,
    9.026658391501));
#977 = DIRECTION('',(1.542292900115E-05,0.999394921101,
    3.478205629014E-02));
#978 = DIRECTION('',(-0.952782696081,-1.054698932574E-02,0.30346975972)
  );
#979 = ORIENTED_EDGE('',*,*,#980,.F.);
#980 = EDGE_CURVE('',#769,#972,#981,.T.);
#981 = B_SPLINE_CURVE_WITH_KNOTS('',3,(#982,#983,#984,#985,#986),
  .UNSPECIFIED.,.F.,.F.,(4,1,4),(-1.31626E-12,4.578133110873,
    10.682310592039),.UNSPECIFIED.);
#982 = CARTESIAN_POINT('',(81.717335098947,200.33544370107,
    8.903968778564));
#983 = CARTESIAN_POINT('',(81.717362909898,201.86056471042,
    8.957047270284));
#984 = CARTESIAN_POINT('',(81.719488075425,205.41918774174,
    9.080671376857));
#985 = CARTESIAN_POINT('',(81.722039260065,208.97781231723,
    9.204248915833));
#986 = CARTESIAN_POINT('',(81.722070560794,211.01130697434,
    9.275020872922));
#987 = ORIENTED_EDGE('',*,*,#801,.T.);
#988 = B_SPLINE_SURFACE_WITH_KNOTS('',3,3,(
    (#989,#990,#991,#992,#993)
    ,(#994,#995,#996,#997,#998)
    ,(#999,#1000,#1001,#1002,#1003)
    ,(#1004,#1005,#1006,#1007,#1008)
    ,(#1009,#1010,#1011,#1012,#1013
  )),.UNSPECIFIED.,.F.,.F.,.F.,(4,1,4),(4,1,4),(0.,0.571428571429,1.),(
    -1.31626E-12,4.578133110873,10.682310592039),.UNSPECIFIED.);
#989 = CARTESIAN_POINT('',(81.717335098947,200.33544370107,
    8.903968778564));
#990 = CARTESIAN_POINT('',(81.717362909898,201.86056471042,
    8.957047270284));
#991 = CARTESIAN_POINT('',(81.719488075425,205.41918774174,
    9.080671376857));
#992 = CARTESIAN_POINT('',(81.722039260065,208.97781231723,
    9.204248915833));
#993 = CARTESIAN_POINT('',(81.722070560794,211.01130697434,
    9.275020872922));
#994 = CARTESIAN_POINT('',(81.653358278691,200.33520095617,
    8.910977253128));
#995 = CARTESIAN_POINT('',(81.653218166848,201.86071788299,
    8.964092552967));
#996 = CARTESIAN_POINT('',(81.655056232208,205.4188775873,9.087729297724
    ));
#997 = CARTESIAN_POINT('',(81.657207289994,208.97804741801,
    9.211362193082));
#998 = CARTESIAN_POINT('',(81.657154274508,211.01106058997,
    9.282129034779));
#999 = CARTESIAN_POINT('',(81.537081822658,200.33636037083,
    8.877724502791));
#1000 = CARTESIAN_POINT('',(81.536634078289,201.86257220886,
    8.93064123376));
#1001 = CARTESIAN_POINT('',(81.537937407567,205.41994429149,
    9.053873953068));
#1002 = CARTESIAN_POINT('',(81.539339093586,208.98007851487,
    9.177012257864));
#1003 = CARTESIAN_POINT('',(81.539131811369,211.01226287064,
    9.247636164877));
#1004 = CARTESIAN_POINT('',(81.469025275444,200.33969807668,
    8.781856886585));
#1005 = CARTESIAN_POINT('',(81.46864833582,201.86627853551,
    8.834326636111));
#1006 = CARTESIAN_POINT('',(81.470082586133,205.4232695206,
    8.956748967955));
#1007 = CARTESIAN_POINT('',(81.47168593507,208.98391481003,
    9.078785940745));
#1008 = CARTESIAN_POINT('',(81.471519530289,211.01569106895,
    9.149163516585));
#1009 = CARTESIAN_POINT('',(81.453456206753,200.34128754713,
    8.736194303791));
#1010 = CARTESIAN_POINT('',(81.453200645214,201.86793793634,
    8.78849361214));
#1011 = CARTESIAN_POINT('',(81.454844693275,205.42486617869,
    8.910613660981));
#1012 = CARTESIAN_POINT('',(81.456749601264,208.98560567686,
    9.032236473215));
#1013 = CARTESIAN_POINT('',(81.456647042793,211.01731443518,
    9.102525831431));
#1014 = ADVANCED_FACE('',(#1015),#1062,.T.);
#1015 = FACE_BOUND('',#1016,.T.);
#1016 = EDGE_LOOP('',(#1017,#1018,#1019,#1020,#1031,#1043,#1052,#1061));
#1017 = ORIENTED_EDGE('',*,*,#766,.F.);
#1018 = ORIENTED_EDGE('',*,*,#848,.F.);
#1019 = ORIENTED_EDGE('',*,*,#908,.F.);
#1020 = ORIENTED_EDGE('',*,*,#1021,.F.);
#1021 = EDGE_CURVE('',#1022,#909,#1024,.T.);
#1022 = VERTEX_POINT('',#1023);
#1023 = CARTESIAN_POINT('',(102.86814448744,211.0113069615,
    9.275020920913));
#1024 = B_SPLINE_CURVE_WITH_KNOTS('',3,(#1025,#1026,#1027,#1028,#1029,
    #1030),.UNSPECIFIED.,.F.,.F.,(4,1,1,4),(5.204E-14,4.578133104952,
    7.630221841586,10.682310578221),.UNSPECIFIED.);
#1025 = CARTESIAN_POINT('',(102.86814448744,211.0113069615,
    9.275020920913));
#1026 = CARTESIAN_POINT('',(102.86816796503,209.48618597089,
    9.221941947172));
#1027 = CARTESIAN_POINT('',(102.86999266666,206.94431124877,
    9.133672536428));
#1028 = CARTESIAN_POINT('',(102.87148670737,203.3856905058,
    9.009979250094));
#1029 = CARTESIAN_POINT('',(102.87286142145,201.35219104163,
    8.939354450164));
#1030 = CARTESIAN_POINT('',(102.87287996354,200.33544370354,
    8.903968785076));
#1031 = ORIENTED_EDGE('',*,*,#1032,.F.);
#1032 = EDGE_CURVE('',#1033,#1022,#1035,.T.);
#1033 = VERTEX_POINT('',#1034);
#1034 = CARTESIAN_POINT('',(101.49538339104,212.48787931029,
    9.185789917923));
#1035 = B_SPLINE_CURVE_WITH_KNOTS('',3,(#1036,#1037,#1038,#1039,#1040,
    #1041,#1042),.UNSPECIFIED.,.F.,.F.,(4,1,1,1,4),(0.,0.319819612458,
    0.959458837373,1.599098062288,2.238737287203),.UNSPECIFIED.);
#1036 = CARTESIAN_POINT('',(101.49538339103,212.48787931029,
    9.185789917923));
#1037 = CARTESIAN_POINT('',(101.60123631276,212.48702239764,
    9.195843312718));
#1038 = CARTESIAN_POINT('',(101.91890234227,212.44410072979,
    9.225130632025));
#1039 = CARTESIAN_POINT('',(102.39634714539,212.18114106611,
    9.264763793391));
#1040 = CARTESIAN_POINT('',(102.77768314075,211.65043990232,
    9.287286207031));
#1041 = CARTESIAN_POINT('',(102.86814120724,211.22439102568,
    9.282436911852));
#1042 = CARTESIAN_POINT('',(102.86814448744,211.0113069615,
    9.275020920913));
#1043 = ORIENTED_EDGE('',*,*,#1044,.F.);
#1044 = EDGE_CURVE('',#1045,#1033,#1047,.T.);
#1045 = VERTEX_POINT('',#1046);
#1046 = CARTESIAN_POINT('',(83.094831650247,212.48787931512,
    9.185789871446));
#1047 = B_SPLINE_CURVE_WITH_KNOTS('',3,(#1048,#1049,#1050,#1051),
  .UNSPECIFIED.,.F.,.F.,(4,4),(0.,18.475683566519),
  .PIECEWISE_BEZIER_KNOTS.);
#1048 = CARTESIAN_POINT('',(83.094831650247,212.48787931512,
    9.185789871446));
#1049 = CARTESIAN_POINT('',(89.209857155853,212.53738236388,
    8.60501457209));
#1050 = CARTESIAN_POINT('',(95.380357888382,212.53738236224,
    8.605014587779));
#1051 = CARTESIAN_POINT('',(101.49538339104,212.48787931027,
    9.185789917923));
#1052 = ORIENTED_EDGE('',*,*,#1053,.F.);
#1053 = EDGE_CURVE('',#972,#1045,#1054,.T.);
#1054 = B_SPLINE_CURVE_WITH_KNOTS('',3,(#1055,#1056,#1057,#1058,#1059,
    #1060),.UNSPECIFIED.,.F.,.F.,(4,1,1,4),(0.,0.959469325858,
    1.599115543097,2.238761760335),.UNSPECIFIED.);
#1055 = CARTESIAN_POINT('',(81.722070560794,211.01130697434,
    9.275020872922));
#1056 = CARTESIAN_POINT('',(81.722075480717,211.3309365647,
    9.286144979678));
#1057 = CARTESIAN_POINT('',(81.893741365995,211.86306726566,
    9.285590755964));
#1058 = CARTESIAN_POINT('',(82.46208094203,212.3721096766,9.243534842005
    ));
#1059 = CARTESIAN_POINT('',(82.883123492367,212.4861654712,
    9.205896879775));
#1060 = CARTESIAN_POINT('',(83.094831650218,212.48787931511,
    9.185789871449));
#1061 = ORIENTED_EDGE('',*,*,#980,.F.);
#1062 = ( BOUNDED_SURFACE() B_SPLINE_SURFACE(1,2,(
    (#1063,#1064,#1065)
    ,(#1066,#1067,#1068
)),.UNSPECIFIED.,.F.,.F.,.F.) B_SPLINE_SURFACE_WITH_KNOTS((2,2),(3,3),(
    3.5277E-12,0.441762759345),(-3.791E-14,0.332821234195),
.PIECEWISE_BEZIER_KNOTS.) GEOMETRIC_REPRESENTATION_ITEM() 
RATIONAL_B_SPLINE_SURFACE((
    (1.,0.986185676869,1.)
,(1.,0.986185676869,1.))) REPRESENTATION_ITEM('') SURFACE() );
#1063 = CARTESIAN_POINT('',(77.047120204206,225.67311711375,
    10.413181488369));
#1064 = CARTESIAN_POINT('',(93.150546474866,225.76220248002,
    7.853619474725));
#1065 = CARTESIAN_POINT('',(109.20702997434,225.6633963064,
    10.692493640614));
#1066 = CARTESIAN_POINT('',(77.047121002113,182.81306337147,
    8.921445513031));
#1067 = CARTESIAN_POINT('',(93.150547272773,182.90214873774,
    6.361883499386));
#1068 = CARTESIAN_POINT('',(109.20703077225,182.80334256413,
    9.200757665276));
#1069 = ADVANCED_FACE('',(#1070),#1099,.F.);
#1070 = FACE_BOUND('',#1071,.F.);
#1071 = EDGE_LOOP('',(#1072,#1073,#1082,#1092));
#1072 = ORIENTED_EDGE('',*,*,#1032,.F.);
#1073 = ORIENTED_EDGE('',*,*,#1074,.F.);
#1074 = EDGE_CURVE('',#1075,#1033,#1077,.T.);
#1075 = VERTEX_POINT('',#1076);
#1076 = CARTESIAN_POINT('',(101.5190760811,212.74563560995,
    8.958265698395));
#1077 = CIRCLE('',#1078,0.250000000001);
#1078 = AXIS2_PLACEMENT_3D('',#1079,#1080,#1081);
#1079 = CARTESIAN_POINT('',(101.5190760811,212.49653610815,
    8.937065740795));
#1080 = DIRECTION('',(0.995487877889,-8.046554418201E-03,
    9.454701442809E-02));
#1081 = DIRECTION('',(-1.257657172848E-12,0.996398007206,
    8.479983040098E-02));
#1082 = ORIENTED_EDGE('',*,*,#1083,.F.);
#1083 = EDGE_CURVE('',#730,#1075,#1084,.T.);
#1084 = B_SPLINE_CURVE_WITH_KNOTS('',3,(#1085,#1086,#1087,#1088,#1089,
    #1090,#1091),.UNSPECIFIED.,.F.,.F.,(4,1,1,1,4),(-2.238737287203,
    -1.599098062288,-0.959458837373,-0.319819612458,0.),.UNSPECIFIED.);
#1085 = CARTESIAN_POINT('',(103.13356800658,211.01731442334,
    9.102525879581));
#1086 = CARTESIAN_POINT('',(103.13146441141,211.26483107915,
    9.117732747683));
#1087 = CARTESIAN_POINT('',(103.02347307711,211.75686996337,
    9.130811447089));
#1088 = CARTESIAN_POINT('',(102.58227787158,212.37378097631,
    9.100336820465));
#1089 = CARTESIAN_POINT('',(102.0235334099,212.68951448056,9.03369099545
    ));
#1090 = CARTESIAN_POINT('',(101.6453779716,212.74396167162,
    8.977934473752));
#1091 = CARTESIAN_POINT('',(101.5190760811,212.74563560995,
    8.958265698396));
#1092 = ORIENTED_EDGE('',*,*,#1093,.F.);
#1093 = EDGE_CURVE('',#1022,#730,#1094,.T.);
#1094 = CIRCLE('',#1095,0.25);
#1095 = AXIS2_PLACEMENT_3D('',#1096,#1097,#1098);
#1096 = CARTESIAN_POINT('',(102.89537233256,211.01995117068,
    9.026658439652));
#1097 = DIRECTION('',(-1.542417693118E-05,0.999394920964,
    3.478206022787E-02));
#1098 = DIRECTION('',(-0.108911380468,-3.457683671364E-02,0.993449925043
    ));
#1099 = B_SPLINE_SURFACE_WITH_KNOTS('',3,3,(
    (#1100,#1101,#1102,#1103,#1104,#1105,#1106)
    ,(#1107,#1108,#1109,#1110,#1111,#1112,#1113)
    ,(#1114,#1115,#1116,#1117,#1118,#1119,#1120)
    ,(#1121,#1122,#1123,#1124,#1125,#1126,#1127)
    ,(#1128,#1129,#1130,#1131,#1132,#1133,#1134
  )),.UNSPECIFIED.,.F.,.F.,.F.,(4,1,4),(4,1,1,1,4),(0.,0.571428571429,1.
    ),(0.,0.319819612458,0.959458837373,1.599098062288,2.238737287203),
  .UNSPECIFIED.);
#1100 = CARTESIAN_POINT('',(101.49538339103,212.48787931029,
    9.185789917923));
#1101 = CARTESIAN_POINT('',(101.60123631276,212.48702239764,
    9.195843312718));
#1102 = CARTESIAN_POINT('',(101.91890234227,212.44410072979,
    9.225130632025));
#1103 = CARTESIAN_POINT('',(102.39634714539,212.18114106611,
    9.264763793391));
#1104 = CARTESIAN_POINT('',(102.77768314075,211.65043990232,
    9.287286207031));
#1105 = CARTESIAN_POINT('',(102.86814120724,211.22439102568,
    9.282436911852));
#1106 = CARTESIAN_POINT('',(102.86814448744,211.0113069615,
    9.275020920913));
#1107 = CARTESIAN_POINT('',(101.4957260735,212.56025786609,
    9.188341682711));
#1108 = CARTESIAN_POINT('',(101.6076674436,212.5578660489,9.198866175116
    ));
#1109 = CARTESIAN_POINT('',(101.94218885384,212.50845560574,
    9.22950171918));
#1110 = CARTESIAN_POINT('',(102.43978603175,212.22932945367,
    9.270763004946));
#1111 = CARTESIAN_POINT('',(102.83598218294,211.67632154787,
    9.294354335027));
#1112 = CARTESIAN_POINT('',(102.93173516744,211.23341227042,
    9.289684909655));
#1113 = CARTESIAN_POINT('',(102.93306077391,211.01106057717,
    9.282129083091));
#1114 = CARTESIAN_POINT('',(101.50188753567,212.68770749728,
    9.134314270673));
#1115 = CARTESIAN_POINT('',(101.62412478966,212.68274640895,
    9.148310310408));
#1116 = CARTESIAN_POINT('',(101.98740455787,212.62215030891,
    9.188075152038));
#1117 = CARTESIAN_POINT('',(102.51982562491,212.31484438866,
    9.238020418858));
#1118 = CARTESIAN_POINT('',(102.94200609214,211.72294750547,
    9.264428545442));
#1119 = CARTESIAN_POINT('',(103.04732288789,211.25058699622,
    9.257461928692));
#1120 = CARTESIAN_POINT('',(103.05106812057,211.01226541878,
    9.247562630997));
#1121 = CARTESIAN_POINT('',(101.51392188726,212.74105021511,
    9.012144087804));
#1122 = CARTESIAN_POINT('',(101.64005425665,212.73779686811,
    9.030574682578));
#1123 = CARTESIAN_POINT('',(102.01640795944,212.67951957589,
    9.082599928172));
#1124 = CARTESIAN_POINT('',(102.56980730446,212.36309221198,
    9.144928654558));
#1125 = CARTESIAN_POINT('',(103.00728301844,211.75040161961,
    9.174383059326));
#1126 = CARTESIAN_POINT('',(103.11559086305,211.26189755316,
    9.162978621209));
#1127 = CARTESIAN_POINT('',(103.11869551903,211.0156910569,
    9.149163564882));
#1128 = CARTESIAN_POINT('',(101.5190760811,212.74563560995,
    8.958265698396));
#1129 = CARTESIAN_POINT('',(101.6453779716,212.74396167162,
    8.977934473752));
#1130 = CARTESIAN_POINT('',(102.0235334099,212.68951448056,9.03369099545
    ));
#1131 = CARTESIAN_POINT('',(102.58227787158,212.37378097631,
    9.100336820465));
#1132 = CARTESIAN_POINT('',(103.02347307711,211.75686996337,
    9.130811447089));
#1133 = CARTESIAN_POINT('',(103.13146441141,211.26483107915,
    9.117732747683));
#1134 = CARTESIAN_POINT('',(103.13356800658,211.01731442334,
    9.102525879581));
#1135 = ADVANCED_FACE('',(#1136),#1156,.F.);
#1136 = FACE_BOUND('',#1137,.F.);
#1137 = EDGE_LOOP('',(#1138,#1139,#1148,#1155));
#1138 = ORIENTED_EDGE('',*,*,#1044,.F.);
#1139 = ORIENTED_EDGE('',*,*,#1140,.F.);
#1140 = EDGE_CURVE('',#1141,#1045,#1143,.T.);
#1141 = VERTEX_POINT('',#1142);
#1142 = CARTESIAN_POINT('',(83.071138961426,212.7456356139,
    8.958265651774));
#1143 = CIRCLE('',#1144,0.25);
#1144 = AXIS2_PLACEMENT_3D('',#1145,#1146,#1147);
#1145 = CARTESIAN_POINT('',(83.071138961437,212.49653611211,
    8.937065694168));
#1146 = DIRECTION('',(0.995487878369,8.046554045467E-03,
    -9.454700941076E-02));
#1147 = DIRECTION('',(-5.056221760724E-11,0.996398007204,
    8.479983042714E-02));
#1148 = ORIENTED_EDGE('',*,*,#1149,.F.);
#1149 = EDGE_CURVE('',#1075,#1141,#1150,.T.);
#1150 = B_SPLINE_CURVE_WITH_KNOTS('',3,(#1151,#1152,#1153,#1154),
  .UNSPECIFIED.,.F.,.F.,(4,4),(-18.47568356651,0.),
  .PIECEWISE_BEZIER_KNOTS.);
#1151 = CARTESIAN_POINT('',(101.5190760811,212.74563560995,
    8.958265698395));
#1152 = CARTESIAN_POINT('',(95.388303072381,212.7951908077,
    8.375992124818));
#1153 = CARTESIAN_POINT('',(89.201911973127,212.79519080904,
    8.375992109078));
#1154 = CARTESIAN_POINT('',(83.071138961437,212.74563561391,
    8.958265651768));
#1155 = ORIENTED_EDGE('',*,*,#1074,.T.);
#1156 = B_SPLINE_SURFACE_WITH_KNOTS('',3,3,(
    (#1157,#1158,#1159,#1160)
    ,(#1161,#1162,#1163,#1164)
    ,(#1165,#1166,#1167,#1168)
    ,(#1169,#1170,#1171,#1172)
    ,(#1173,#1174,#1175,#1176
  )),.UNSPECIFIED.,.F.,.F.,.F.,(4,1,4),(4,4),(0.,0.571428571429,1.),(0.,
    18.475683566519),.UNSPECIFIED.);
#1157 = CARTESIAN_POINT('',(83.094831650247,212.48787931512,
    9.185789871446));
#1158 = CARTESIAN_POINT('',(89.209857155853,212.53738236388,
    8.60501457209));
#1159 = CARTESIAN_POINT('',(95.380357888382,212.53738236224,
    8.605014587779));
#1160 = CARTESIAN_POINT('',(101.49538339104,212.48787931027,
    9.185789917923));
#1161 = CARTESIAN_POINT('',(83.09448896777,212.56025787077,
    9.188341635971));
#1162 = CARTESIAN_POINT('',(89.209696084454,212.60974880291,
    8.607526088927));
#1163 = CARTESIAN_POINT('',(95.380518959806,212.60974880133,
    8.607526104702));
#1164 = CARTESIAN_POINT('',(101.49572607351,212.56025786609,
    9.188341682712));
#1165 = CARTESIAN_POINT('',(83.088327505917,212.68770750147,
    9.134314223728));
#1166 = CARTESIAN_POINT('',(89.207675671463,212.7371909629,
    8.553091420702));
#1167 = CARTESIAN_POINT('',(95.382539373139,212.73719096149,
    8.553091436552));
#1168 = CARTESIAN_POINT('',(101.50188753568,212.68770749728,
    9.134314270672));
#1169 = CARTESIAN_POINT('',(83.076293154994,212.74105021908,
    9.012144041078));
#1170 = CARTESIAN_POINT('',(89.20364756108,212.79057852088,
    8.430184528411));
#1171 = CARTESIAN_POINT('',(95.386567484154,212.79057851954,
    8.430184544186));
#1172 = CARTESIAN_POINT('',(101.51392188726,212.7410502151,
    9.012144087805));
#1173 = CARTESIAN_POINT('',(83.071138961437,212.74563561391,
    8.958265651768));
#1174 = CARTESIAN_POINT('',(89.201911973127,212.79519080904,
    8.375992109078));
#1175 = CARTESIAN_POINT('',(95.388303072381,212.7951908077,
    8.375992124818));
#1176 = CARTESIAN_POINT('',(101.5190760811,212.74563560995,
    8.958265698395));
#1177 = ADVANCED_FACE('',(#1178),#1184,.F.);
#1178 = FACE_BOUND('',#1179,.F.);
#1179 = EDGE_LOOP('',(#1180,#1181,#1182,#1183));
#1180 = ORIENTED_EDGE('',*,*,#1021,.F.);
#1181 = ORIENTED_EDGE('',*,*,#1093,.T.);
#1182 = ORIENTED_EDGE('',*,*,#737,.F.);
#1183 = ORIENTED_EDGE('',*,*,#919,.F.);
#1184 = B_SPLINE_SURFACE_WITH_KNOTS('',3,3,(
    (#1185,#1186,#1187,#1188,#1189,#1190)
    ,(#1191,#1192,#1193,#1194,#1195,#1196)
    ,(#1197,#1198,#1199,#1200,#1201,#1202)
    ,(#1203,#1204,#1205,#1206,#1207,#1208)
    ,(#1209,#1210,#1211,#1212,#1213,#1214
    )),.UNSPECIFIED.,.F.,.F.,.F.,(4,1,4),(4,1,1,4),(0.,0.571428571429,1.
    ),(5.204E-14,4.578133104952,7.630221841586,10.682310578221),
  .UNSPECIFIED.);
#1185 = CARTESIAN_POINT('',(102.86814448744,211.0113069615,
    9.275020920913));
#1186 = CARTESIAN_POINT('',(102.86816796503,209.48618597089,
    9.221941947172));
#1187 = CARTESIAN_POINT('',(102.86999266666,206.94431124877,
    9.133672536428));
#1188 = CARTESIAN_POINT('',(102.87148670737,203.3856905058,
    9.009979250094));
#1189 = CARTESIAN_POINT('',(102.87286142145,201.35219104163,
    8.939354450164));
#1190 = CARTESIAN_POINT('',(102.87287996354,200.33544370354,
    8.903968785076));
#1191 = CARTESIAN_POINT('',(102.93306077391,211.01106057717,
    9.28212908309));
#1192 = CARTESIAN_POINT('',(102.93302101433,209.48630070035,
    9.229053945854));
#1193 = CARTESIAN_POINT('',(102.93459452847,206.94422566468,
    9.140759613252));
#1194 = CARTESIAN_POINT('',(102.93575880491,203.38565243913,
    9.017024769672));
#1195 = CARTESIAN_POINT('',(102.93695019028,201.35221224175,
    8.946387463546));
#1196 = CARTESIAN_POINT('',(102.93685678382,200.33520095868,
    8.910977259686));
#1197 = CARTESIAN_POINT('',(103.0510832376,211.01226285811,
    9.247636213452));
#1198 = CARTESIAN_POINT('',(103.05092777793,209.4881245933,
    9.194668277179));
#1199 = CARTESIAN_POINT('',(103.05202592963,206.94569044979,
    9.106689846713));
#1200 = CARTESIAN_POINT('',(103.05258583398,203.38718148048,
    8.983398845583));
#1201 = CARTESIAN_POINT('',(103.05343173478,201.35383493082,
    8.913002334034));
#1202 = CARTESIAN_POINT('',(103.05313323993,200.33636037364,
    8.877724509395));
#1203 = CARTESIAN_POINT('',(103.11869551903,211.0156910569,
    9.149163564882));
#1204 = CARTESIAN_POINT('',(103.11857071738,209.49185886466,
    9.096380376991));
#1205 = CARTESIAN_POINT('',(103.11979960131,206.94922949115,
    9.009102879917));
#1206 = CARTESIAN_POINT('',(103.12050906213,203.39072773668,
    8.886719041858));
#1207 = CARTESIAN_POINT('',(103.1214410789,201.35741838434,
    8.816836730157));
#1208 = CARTESIAN_POINT('',(103.12118978719,200.33969807996,
    8.781856893163));
#1209 = CARTESIAN_POINT('',(103.13356800657,211.01731442334,
    9.10252587958));
#1210 = CARTESIAN_POINT('',(103.13349108964,209.49353285654,
    9.049808854914));
#1211 = CARTESIAN_POINT('',(103.13491002097,206.95086681465,
    8.962794407892));
#1212 = CARTESIAN_POINT('',(103.13586306769,203.39235937251,
    8.840749142974));
#1213 = CARTESIAN_POINT('',(103.13692922889,201.35905447524,
    8.771060519888));
#1214 = CARTESIAN_POINT('',(103.13675885589,200.34128755061,
    8.736194310355));
#1215 = ADVANCED_FACE('',(#1216),#1230,.F.);
#1216 = FACE_BOUND('',#1217,.F.);
#1217 = EDGE_LOOP('',(#1218,#1219,#1220,#1229));
#1218 = ORIENTED_EDGE('',*,*,#1053,.F.);
#1219 = ORIENTED_EDGE('',*,*,#971,.F.);
#1220 = ORIENTED_EDGE('',*,*,#1221,.F.);
#1221 = EDGE_CURVE('',#1141,#962,#1222,.T.);
#1222 = B_SPLINE_CURVE_WITH_KNOTS('',3,(#1223,#1224,#1225,#1226,#1227,
    #1228),.UNSPECIFIED.,.F.,.F.,(4,1,1,4),(-2.238761760335,
    -1.599115543097,-0.959469325858,0.),.UNSPECIFIED.);
#1223 = CARTESIAN_POINT('',(83.071138961408,212.7456356139,
    8.958265651771));
#1224 = CARTESIAN_POINT('',(82.81853241878,212.74228770074,
    8.997603631508));
#1225 = CARTESIAN_POINT('',(82.319935198506,212.60069752032,
    9.066373051647));
#1226 = CARTESIAN_POINT('',(81.660791348429,212.0015264347,9.1309053315)
  );
#1227 = CARTESIAN_POINT('',(81.459802469661,211.38859347782,
    9.125336381733));
#1228 = CARTESIAN_POINT('',(81.456647042793,211.01731443518,
    9.102525831432));
#1229 = ORIENTED_EDGE('',*,*,#1140,.T.);
#1230 = B_SPLINE_SURFACE_WITH_KNOTS('',3,3,(
    (#1231,#1232,#1233,#1234,#1235,#1236)
    ,(#1237,#1238,#1239,#1240,#1241,#1242)
    ,(#1243,#1244,#1245,#1246,#1247,#1248)
    ,(#1249,#1250,#1251,#1252,#1253,#1254)
    ,(#1255,#1256,#1257,#1258,#1259,#1260
    )),.UNSPECIFIED.,.F.,.F.,.F.,(4,1,4),(4,1,1,4),(0.,0.571428571429,1.
    ),(0.,0.959469325858,1.599115543097,2.238761760335),.UNSPECIFIED.);
#1231 = CARTESIAN_POINT('',(81.722070560794,211.01130697434,
    9.275020872922));
#1232 = CARTESIAN_POINT('',(81.722075480717,211.3309365647,
    9.286144979678));
#1233 = CARTESIAN_POINT('',(81.893741365995,211.86306726566,
    9.285590755964));
#1234 = CARTESIAN_POINT('',(82.46208094203,212.3721096766,9.243534842005
    ));
#1235 = CARTESIAN_POINT('',(82.883123492367,212.4861654712,
    9.205896879775));
#1236 = CARTESIAN_POINT('',(83.094831650218,212.48787931511,
    9.185789871449));
#1237 = CARTESIAN_POINT('',(81.657154274508,211.01106058997,
    9.282129034778));
#1238 = CARTESIAN_POINT('',(81.659142705572,211.34459177591,
    9.293462897205));
#1239 = CARTESIAN_POINT('',(81.838802834307,211.89684780122,
    9.292430719417));
#1240 = CARTESIAN_POINT('',(82.429293969464,212.43057384899,
    9.248695126742));
#1241 = CARTESIAN_POINT('',(82.87060378004,212.55547418414,
    9.209390849759));
#1242 = CARTESIAN_POINT('',(83.094488967741,212.56025787076,
    9.188341635974));
#1243 = CARTESIAN_POINT('',(81.539146928411,211.0122654313,9.24756258242
    ));
#1244 = CARTESIAN_POINT('',(81.544764838509,211.36975170544,
    9.262411689943));
#1245 = CARTESIAN_POINT('',(81.738827775975,211.95737640128,
    9.262938020705));
#1246 = CARTESIAN_POINT('',(82.367689854713,212.53395829357,
    9.211882710718));
#1247 = CARTESIAN_POINT('',(82.843850325255,212.67778521632,
    9.162306608055));
#1248 = CARTESIAN_POINT('',(83.088327505884,212.68770750146,
    9.13431422373));
#1249 = CARTESIAN_POINT('',(81.471519530289,211.01569106895,
    9.149163516585));
#1250 = CARTESIAN_POINT('',(81.476176564814,211.38500485073,
    9.169886326353));
#1251 = CARTESIAN_POINT('',(81.67649201251,211.99300441777,
    9.174028687219));
#1252 = CARTESIAN_POINT('',(82.329292036488,212.58952217998,
    9.113025249293));
#1253 = CARTESIAN_POINT('',(82.824025658308,212.73454345399,
    9.049005632536));
#1254 = CARTESIAN_POINT('',(83.076293154965,212.74105021907,
    9.012144041081));
#1255 = CARTESIAN_POINT('',(81.456647042793,211.01731443518,
    9.102525831432));
#1256 = CARTESIAN_POINT('',(81.459802469661,211.38859347782,
    9.125336381733));
#1257 = CARTESIAN_POINT('',(81.660791348429,212.0015264347,9.1309053315)
  );
#1258 = CARTESIAN_POINT('',(82.319935198506,212.60069752032,
    9.066373051647));
#1259 = CARTESIAN_POINT('',(82.81853241878,212.74228770074,
    8.997603631508));
#1260 = CARTESIAN_POINT('',(83.071138961408,212.7456356139,
    8.958265651771));
#1261 = ADVANCED_FACE('',(#1262),#1288,.T.);
#1262 = FACE_BOUND('',#1263,.T.);
#1263 = EDGE_LOOP('',(#1264,#1272,#1273,#1281));
#1264 = ORIENTED_EDGE('',*,*,#1265,.F.);
#1265 = EDGE_CURVE('',#781,#1266,#1268,.T.);
#1266 = VERTEX_POINT('',#1267);
#1267 = CARTESIAN_POINT('',(78.782607532401,195.50804120131,9.4759E-11)
  );
#1268 = LINE('',#1269,#1270);
#1269 = CARTESIAN_POINT('',(83.282607532419,198.71655155297,
    8.911924779805));
#1270 = VECTOR('',#1271,1.);
#1271 = DIRECTION('',(-0.429122651623,-0.305965437746,-0.849846398338));
#1272 = ORIENTED_EDGE('',*,*,#789,.F.);
#1273 = ORIENTED_EDGE('',*,*,#1274,.T.);
#1274 = EDGE_CURVE('',#790,#1275,#1277,.T.);
#1275 = VERTEX_POINT('',#1276);
#1276 = CARTESIAN_POINT('',(78.532607532401,195.75804120131,9.4759E-11)
  );
#1277 = LINE('',#1278,#1279);
#1278 = CARTESIAN_POINT('',(81.532607532419,200.46548775901,
    8.972934182341));
#1279 = VECTOR('',#1280,1.);
#1280 = DIRECTION('',(-0.283887319779,-0.445461462087,-0.849100745179));
#1281 = ORIENTED_EDGE('',*,*,#1282,.F.);
#1282 = EDGE_CURVE('',#1266,#1275,#1283,.T.);
#1283 = CIRCLE('',#1284,0.25);
#1284 = AXIS2_PLACEMENT_3D('',#1285,#1286,#1287);
#1285 = CARTESIAN_POINT('',(78.782607532401,195.75804120131,9.475887E-11
    ));
#1286 = DIRECTION('',(0.,0.,-1.));
#1287 = DIRECTION('',(-1.,-7.11E-15,-0.));
#1288 = B_SPLINE_SURFACE_WITH_KNOTS('',3,3,(
    (#1289,#1290,#1291,#1292)
    ,(#1293,#1294,#1295,#1296)
    ,(#1297,#1298,#1299,#1300)
    ,(#1301,#1302,#1303,#1304)
    ,(#1305,#1306,#1307,#1308)
    ,(#1309,#1310,#1311,#1312)
    ,(#1313,#1314,#1315,#1316
    )),.UNSPECIFIED.,.F.,.F.,.F.,(4,1,1,1,4),(4,4),(-3.26E-15,
    0.285714285714,0.428571428571,0.714285714286,1.),(2.369574756735E-02
    ,1.),.UNSPECIFIED.);
#1289 = CARTESIAN_POINT('',(83.175976668364,198.64052350161,
    8.700750059885));
#1290 = CARTESIAN_POINT('',(81.711520289711,197.59636273484,
    5.800500039955));
#1291 = CARTESIAN_POINT('',(80.247063911054,196.55220196807,
    2.900250020025));
#1292 = CARTESIAN_POINT('',(78.782607532401,195.50804120131,9.475887E-11
    ));
#1293 = CARTESIAN_POINT('',(82.919494593883,198.64052350161,
    8.700750059885));
#1294 = CARTESIAN_POINT('',(81.528122807238,197.59651053057,
    5.800506055507));
#1295 = CARTESIAN_POINT('',(80.136579406502,196.55205417235,
    2.900244004473));
#1296 = CARTESIAN_POINT('',(78.745207619857,195.50804120131,9.475887E-11
    ));
#1297 = CARTESIAN_POINT('',(82.535273223239,198.72867516094,
    8.703814486124));
#1298 = CARTESIAN_POINT('',(81.253250328151,197.65943677349,
    5.802543761878));
#1299 = CARTESIAN_POINT('',(79.971203809426,196.59014155095,
    2.901270724341));
#1300 = CARTESIAN_POINT('',(78.689180914338,195.5209031635,9.47602E-11)
  );
#1301 = CARTESIAN_POINT('',(81.988659321465,199.07170077028,
    8.715739124707));
#1302 = CARTESIAN_POINT('',(80.86231369344,197.90484746003,5.81049529734
    ));
#1303 = CARTESIAN_POINT('',(79.735819950147,196.73780638143,
    2.905243827462));
#1304 = CARTESIAN_POINT('',(78.609474322122,195.57095307118,9.475887E-11
    ));
#1305 = CARTESIAN_POINT('',(81.578577045068,199.58501126559,
    8.733583396302));
#1306 = CARTESIAN_POINT('',(80.568970097254,198.27200232836,
    5.822390771752));
#1307 = CARTESIAN_POINT('',(79.559283557741,196.95885770776,
    2.911192624644));
#1308 = CARTESIAN_POINT('',(78.549676609928,195.64584877054,9.475887E-11
    ));
#1309 = CARTESIAN_POINT('',(81.461520289715,200.0976145914,
    8.751403084483));
#1310 = CARTESIAN_POINT('',(80.48526818246,198.63856362738,
    5.834266286483));
#1311 = CARTESIAN_POINT('',(79.508859639656,197.17969225278,
    2.917136798095));
#1312 = CARTESIAN_POINT('',(78.532607532401,195.72064128876,9.475887E-11
    ));
#1313 = CARTESIAN_POINT('',(81.461520289715,200.35394129369,
    8.76031379902));
#1314 = CARTESIAN_POINT('',(80.485216037276,198.82197459623,
    5.840209199378));
#1315 = CARTESIAN_POINT('',(79.50891178484,197.29000789877,
    2.920104599737));
#1316 = CARTESIAN_POINT('',(78.532607532401,195.75804120131,9.475887E-11
    ));
#1317 = ADVANCED_FACE('',(#1318),#1336,.T.);
#1318 = FACE_BOUND('',#1319,.T.);
#1319 = EDGE_LOOP('',(#1320,#1328,#1329,#1330));
#1320 = ORIENTED_EDGE('',*,*,#1321,.F.);
#1321 = EDGE_CURVE('',#1275,#1322,#1324,.T.);
#1322 = VERTEX_POINT('',#1323);
#1323 = CARTESIAN_POINT('',(78.532607532401,213.25804120131,9.476E-11));
#1324 = LINE('',#1325,#1326);
#1325 = CARTESIAN_POINT('',(78.532607532401,213.25804120131,9.475976E-11
    ));
#1326 = VECTOR('',#1327,1.);
#1327 = DIRECTION('',(0.,1.,0.));
#1328 = ORIENTED_EDGE('',*,*,#1274,.F.);
#1329 = ORIENTED_EDGE('',*,*,#961,.F.);
#1330 = ORIENTED_EDGE('',*,*,#1331,.T.);
#1331 = EDGE_CURVE('',#962,#1322,#1332,.T.);
#1332 = LINE('',#1333,#1334);
#1333 = CARTESIAN_POINT('',(81.532607532419,210.95910499524,
    9.338990597558));
#1334 = VECTOR('',#1335,1.);
#1335 = DIRECTION('',(-0.29777228203,0.228186493439,-0.926964180682));
#1336 = B_SPLINE_SURFACE_WITH_KNOTS('',3,3,(
    (#1337,#1338,#1339,#1340)
    ,(#1341,#1342,#1343,#1344)
    ,(#1345,#1346,#1347,#1348)
    ,(#1349,#1350,#1351,#1352
    )),.UNSPECIFIED.,.F.,.F.,.F.,(4,4),(4,4),(-1.79E-15,1.),(
    2.531513926107E-02,1.),.PIECEWISE_BEZIER_KNOTS.);
#1337 = CARTESIAN_POINT('',(81.456662114637,200.34631809384,
    8.745783103937));
#1338 = CARTESIAN_POINT('',(80.48197725389,198.816892463,5.830522069323)
  );
#1339 = CARTESIAN_POINT('',(79.507292393147,197.28746683215,
    2.915261034709));
#1340 = CARTESIAN_POINT('',(78.532607532401,195.75804120131,9.475976E-11
    ));
#1341 = CARTESIAN_POINT('',(81.456662114637,201.2421905866,
    8.776918874244));
#1342 = CARTESIAN_POINT('',(80.48197725389,199.4577740228,5.851279249527
    ));
#1343 = CARTESIAN_POINT('',(79.507292393147,197.67335745901,
    2.925639624811));
#1344 = CARTESIAN_POINT('',(78.532607532401,195.8889408952,9.475976E-11)
  );
#1345 = CARTESIAN_POINT('',(81.456662114637,210.12143039268,
    9.071436979719));
#1346 = CARTESIAN_POINT('',(80.48197725389,211.12333409759,
    6.047624653178));
#1347 = CARTESIAN_POINT('',(79.507292393147,212.1252378025,
    3.023812326636));
#1348 = CARTESIAN_POINT('',(78.532607532401,213.12714150741,9.475976E-11
    ));
#1349 = CARTESIAN_POINT('',(81.456662114637,211.01730288544,
    9.102572750026));
#1350 = CARTESIAN_POINT('',(80.48197725389,211.7642156574,6.068381833382
    ));
#1351 = CARTESIAN_POINT('',(79.507292393147,212.51112842936,
    3.034190916738));
#1352 = CARTESIAN_POINT('',(78.532607532401,213.25804120131,9.475976E-11
    ));
#1353 = ADVANCED_FACE('',(#1354),#1373,.T.);
#1354 = FACE_BOUND('',#1355,.T.);
#1355 = EDGE_LOOP('',(#1356,#1357,#1365,#1372));
#1356 = ORIENTED_EDGE('',*,*,#1221,.F.);
#1357 = ORIENTED_EDGE('',*,*,#1358,.T.);
#1358 = EDGE_CURVE('',#1141,#1359,#1361,.T.);
#1359 = VERTEX_POINT('',#1360);
#1360 = CARTESIAN_POINT('',(78.782607532401,213.50804120131,9.4759E-11)
  );
#1361 = LINE('',#1362,#1363);
#1362 = CARTESIAN_POINT('',(83.282607532416,212.70804120128,
    9.400000000095));
#1363 = VECTOR('',#1364,1.);
#1364 = DIRECTION('',(-0.430528385913,7.65383797199E-02,-0.899325961681)
  );
#1365 = ORIENTED_EDGE('',*,*,#1366,.F.);
#1366 = EDGE_CURVE('',#1322,#1359,#1367,.T.);
#1367 = CIRCLE('',#1368,0.25);
#1368 = AXIS2_PLACEMENT_3D('',#1369,#1370,#1371);
#1369 = CARTESIAN_POINT('',(78.782607532401,213.25804120131,9.475976E-11
    ));
#1370 = DIRECTION('',(0.,0.,-1.));
#1371 = DIRECTION('',(-7.11E-15,1.,0.));
#1372 = ORIENTED_EDGE('',*,*,#1331,.F.);
#1373 = B_SPLINE_SURFACE_WITH_KNOTS('',3,3,(
    (#1374,#1375,#1376,#1377)
    ,(#1378,#1379,#1380,#1381)
    ,(#1382,#1383,#1384,#1385)
    ,(#1386,#1387,#1388,#1389)
    ,(#1390,#1391,#1392,#1393)
    ,(#1394,#1395,#1396,#1397)
    ,(#1398,#1399,#1400,#1401
    )),.UNSPECIFIED.,.F.,.F.,.F.,(4,1,1,1,4),(4,4),(-1.35E-15,
    0.285714285714,0.428571428571,0.714285714286,1.),(2.485263462656E-02
    ,1.),.UNSPECIFIED.);
#1374 = CARTESIAN_POINT('',(81.458049628542,211.0162396168,
    9.106892076459));
#1375 = CARTESIAN_POINT('',(80.482902263164,211.76350681163,
    6.071261384337));
#1376 = CARTESIAN_POINT('',(79.507754897779,212.51077400647,
    3.035630692216));
#1377 = CARTESIAN_POINT('',(78.532607532401,213.25804120131,9.475976E-11
    ));
#1378 = CARTESIAN_POINT('',(81.458049628542,211.27230689835,
    9.115792232105));
#1379 = CARTESIAN_POINT('',(80.483049988525,211.94662787379,
    6.077192497509));
#1380 = CARTESIAN_POINT('',(79.507607172418,212.62112013841,
    3.038599734691));
#1381 = CARTESIAN_POINT('',(78.532607532401,213.29544111385,9.475976E-11
    ));
#1382 = CARTESIAN_POINT('',(81.546165441894,211.65590689104,
    9.129125054713));
#1383 = CARTESIAN_POINT('',(80.545952395474,212.22108600751,
    6.086083049939));
#1384 = CARTESIAN_POINT('',(79.545682540996,212.7862887029,
    3.043042004869));
#1385 = CARTESIAN_POINT('',(78.545469494576,213.35146781937,9.475976E-11
    ));
#1386 = CARTESIAN_POINT('',(81.889051563354,212.20163678724,
    9.148093042297));
#1387 = CARTESIAN_POINT('',(80.791270069316,212.61143338373,
    6.098726689181));
#1388 = CARTESIAN_POINT('',(79.693300896306,213.02137781509,
    3.04936635321));
#1389 = CARTESIAN_POINT('',(78.595519402268,213.43117441159,9.475842E-11
    ));
#1390 = CARTESIAN_POINT('',(82.402153326137,212.61105586241,
    9.16232326129));
#1391 = CARTESIAN_POINT('',(81.158285790902,212.90433480253,
    6.108214429761));
#1392 = CARTESIAN_POINT('',(79.914282636862,213.19769318367,
    3.054108831624));
#1393 = CARTESIAN_POINT('',(78.670415101627,213.49097212379,9.47602E-11)
  );
#1394 = CARTESIAN_POINT('',(82.914548206965,212.72792330898,
    9.166385234605));
#1395 = CARTESIAN_POINT('',(81.524708176628,212.98791055997,
    6.110921371384));
#1396 = CARTESIAN_POINT('',(80.135047650194,213.24805395032,
    3.055463863316));
#1397 = CARTESIAN_POINT('',(78.745207619857,213.50804120131,9.475976E-11
    ));
#1398 = CARTESIAN_POINT('',(83.170770676596,212.72792330898,
    9.166385234605));
#1399 = CARTESIAN_POINT('',(81.708049628531,212.98796260642,
    6.110923489768));
#1400 = CARTESIAN_POINT('',(80.245328580466,213.24800190387,
    3.055461744932));
#1401 = CARTESIAN_POINT('',(78.782607532401,213.50804120131,9.475976E-11
    ));
#1402 = ADVANCED_FACE('',(#1403),#1421,.T.);
#1403 = FACE_BOUND('',#1404,.T.);
#1404 = EDGE_LOOP('',(#1405,#1413,#1414,#1415));
#1405 = ORIENTED_EDGE('',*,*,#1406,.F.);
#1406 = EDGE_CURVE('',#1359,#1407,#1409,.T.);
#1407 = VERTEX_POINT('',#1408);
#1408 = CARTESIAN_POINT('',(105.80760753241,213.50804120131,9.4759E-11)
  );
#1409 = LINE('',#1410,#1411);
#1410 = CARTESIAN_POINT('',(96.282607532405,213.50804120131,9.475887E-11
    ));
#1411 = VECTOR('',#1412,1.);
#1412 = DIRECTION('',(1.,0.,0.));
#1413 = ORIENTED_EDGE('',*,*,#1358,.F.);
#1414 = ORIENTED_EDGE('',*,*,#1149,.F.);
#1415 = ORIENTED_EDGE('',*,*,#1416,.T.);
#1416 = EDGE_CURVE('',#1075,#1407,#1417,.T.);
#1417 = LINE('',#1418,#1419);
#1418 = CARTESIAN_POINT('',(101.30760753242,212.7080412013,
    9.400000000095));
#1419 = VECTOR('',#1420,1.);
#1420 = DIRECTION('',(0.430528385911,7.653837971859E-02,-0.899325961682)
  );
#1421 = PLANE('',#1422);
#1422 = AXIS2_PLACEMENT_3D('',#1423,#1424,#1425);
#1423 = CARTESIAN_POINT('',(92.807607532421,212.70804120128,
    9.400000000095));
#1424 = DIRECTION('',(0.,0.996398007206,8.479983040311E-02));
#1425 = DIRECTION('',(0.,-8.479983040311E-02,0.996398007206));
#1426 = ADVANCED_FACE('',(#1427),#1439,.T.);
#1427 = FACE_BOUND('',#1428,.T.);
#1428 = EDGE_LOOP('',(#1429,#1430,#1431,#1438));
#1429 = ORIENTED_EDGE('',*,*,#1083,.F.);
#1430 = ORIENTED_EDGE('',*,*,#729,.T.);
#1431 = ORIENTED_EDGE('',*,*,#1432,.F.);
#1432 = EDGE_CURVE('',#1407,#722,#1433,.T.);
#1433 = CIRCLE('',#1434,0.25);
#1434 = AXIS2_PLACEMENT_3D('',#1435,#1436,#1437);
#1435 = CARTESIAN_POINT('',(105.80760753241,213.25804120131,9.475887E-11
    ));
#1436 = DIRECTION('',(0.,0.,-1.));
#1437 = DIRECTION('',(1.,7.11E-15,0.));
#1438 = ORIENTED_EDGE('',*,*,#1416,.F.);
#1439 = B_SPLINE_SURFACE_WITH_KNOTS('',3,3,(
    (#1440,#1441,#1442,#1443)
    ,(#1444,#1445,#1446,#1447)
    ,(#1448,#1449,#1450,#1451)
    ,(#1452,#1453,#1454,#1455)
    ,(#1456,#1457,#1458,#1459)
    ,(#1460,#1461,#1462,#1463)
    ,(#1464,#1465,#1466,#1467
    )),.UNSPECIFIED.,.F.,.F.,.F.,(4,1,1,1,4),(4,4),(0.,0.285714285714,
    0.571428571429,0.714285714286,1.),(2.467207082605E-02,1.),
  .UNSPECIFIED.);
#1440 = CARTESIAN_POINT('',(101.41863185113,212.72777885795,
    9.16808253433));
#1441 = CARTESIAN_POINT('',(102.88162374489,212.98786630574,
    6.112055022919));
#1442 = CARTESIAN_POINT('',(104.34461563865,213.24795375352,
    3.056027511507));
#1443 = CARTESIAN_POINT('',(105.80760753241,213.50804120131,9.475887E-11
    ));
#1444 = CARTESIAN_POINT('',(101.67489483919,212.72777885795,
    9.16808253433));
#1445 = CARTESIAN_POINT('',(103.06499222015,212.98781424965,
    6.112052904142));
#1446 = CARTESIAN_POINT('',(104.45491006398,213.24800580961,
    3.056029630283));
#1447 = CARTESIAN_POINT('',(105.84500744495,213.50804120131,9.475887E-11
    ));
#1448 = CARTESIAN_POINT('',(102.18737074897,212.61089293217,
    9.164019808878));
#1449 = CARTESIAN_POINT('',(103.43146860574,212.90422617747,
    6.109345461287));
#1450 = CARTESIAN_POINT('',(104.67570210641,213.1976388785,
    3.054674347686));
#1451 = CARTESIAN_POINT('',(105.91979996318,213.4909721238,9.475931E-11)
  );
#1452 = CARTESIAN_POINT('',(102.70055365246,212.20140911913,
    9.149786954937));
#1453 = CARTESIAN_POINT('',(103.79853841791,212.61128159587,
    6.099855963904));
#1454 = CARTESIAN_POINT('',(104.89671089708,213.02130193485,
    3.049930991128));
#1455 = CARTESIAN_POINT('',(105.99469566253,213.43117441159,9.475887E-11
    ));
#1456 = CARTESIAN_POINT('',(103.04349399713,211.6555929314,
    9.130815455134));
#1457 = CARTESIAN_POINT('',(104.04389224865,212.22087669963,
    6.087209983493));
#1458 = CARTESIAN_POINT('',(105.04434731871,212.78618405115,
    3.043605471735));
#1459 = CARTESIAN_POINT('',(106.04474557023,213.35146781938,9.475842E-11
    ));
#1460 = CARTESIAN_POINT('',(103.1316237449,211.27193228339,
    9.117480163744));
#1461 = CARTESIAN_POINT('',(104.10680392135,211.94637811992,
    6.078317784838));
#1462 = CARTESIAN_POINT('',(105.08242735595,212.62099527732,
    3.039162379001));
#1463 = CARTESIAN_POINT('',(106.05760753241,213.29544111385,9.475887E-11
    ));
#1464 = CARTESIAN_POINT('',(103.1316237449,211.01582451215,
    9.108578360094));
#1465 = CARTESIAN_POINT('',(104.10695167407,211.7632300752,
    6.072385573428));
#1466 = CARTESIAN_POINT('',(105.08227960324,212.51063563826,
    3.036192786761));
#1467 = CARTESIAN_POINT('',(106.05760753241,213.25804120131,9.475887E-11
    ));
#1468 = ADVANCED_FACE('',(#1469,#1492),#1498,.F.);
#1469 = FACE_BOUND('',#1470,.T.);
#1470 = EDGE_LOOP('',(#1471,#1472,#1473,#1474,#1483,#1489,#1490,#1491));
#1471 = ORIENTED_EDGE('',*,*,#1406,.T.);
#1472 = ORIENTED_EDGE('',*,*,#1432,.T.);
#1473 = ORIENTED_EDGE('',*,*,#721,.T.);
#1474 = ORIENTED_EDGE('',*,*,#1475,.T.);
#1475 = EDGE_CURVE('',#714,#1476,#1478,.T.);
#1476 = VERTEX_POINT('',#1477);
#1477 = CARTESIAN_POINT('',(105.80760753241,195.50804120131,9.4759E-11)
  );
#1478 = CIRCLE('',#1479,0.25);
#1479 = AXIS2_PLACEMENT_3D('',#1480,#1481,#1482);
#1480 = CARTESIAN_POINT('',(105.80760753241,195.75804120131,9.475887E-11
    ));
#1481 = DIRECTION('',(0.,0.,-1.));
#1482 = DIRECTION('',(7.11E-15,-1.,0.));
#1483 = ORIENTED_EDGE('',*,*,#1484,.T.);
#1484 = EDGE_CURVE('',#1476,#1266,#1485,.T.);
#1485 = LINE('',#1486,#1487);
#1486 = CARTESIAN_POINT('',(88.307607532406,195.50804120131,9.475887E-11
    ));
#1487 = VECTOR('',#1488,1.);
#1488 = DIRECTION('',(-1.,0.,0.));
#1489 = ORIENTED_EDGE('',*,*,#1282,.T.);
#1490 = ORIENTED_EDGE('',*,*,#1321,.T.);
#1491 = ORIENTED_EDGE('',*,*,#1366,.T.);
#1492 = FACE_BOUND('',#1493,.T.);
#1493 = EDGE_LOOP('',(#1494,#1495,#1496,#1497));
#1494 = ORIENTED_EDGE('',*,*,#66,.F.);
#1495 = ORIENTED_EDGE('',*,*,#151,.F.);
#1496 = ORIENTED_EDGE('',*,*,#680,.T.);
#1497 = ORIENTED_EDGE('',*,*,#633,.F.);
#1498 = PLANE('',#1499);
#1499 = AXIS2_PLACEMENT_3D('',#1500,#1501,#1502);
#1500 = CARTESIAN_POINT('',(97.057607532406,204.50804120131,9.475887E-11
    ));
#1501 = DIRECTION('',(3.E-17,-1.E-17,1.));
#1502 = DIRECTION('',(1.,0.,-3.E-17));
#1503 = ADVANCED_FACE('',(#1504),#1562,.F.);
#1504 = FACE_BOUND('',#1505,.F.);
#1505 = EDGE_LOOP('',(#1506,#1538,#1547,#1548,#1549));
#1506 = ORIENTED_EDGE('',*,*,#1507,.T.);
#1507 = EDGE_CURVE('',#1508,#1510,#1512,.T.);
#1508 = VERTEX_POINT('',#1509);
#1509 = CARTESIAN_POINT('',(94.975475972089,204.18304121335,
    7.24553655313));
#1510 = VERTEX_POINT('',#1511);
#1511 = CARTESIAN_POINT('',(92.620107532406,201.8276727565,
    7.127489827403));
#1512 = B_SPLINE_CURVE_WITH_KNOTS('',3,(#1513,#1514,#1515,#1516,#1517,
    #1518,#1519,#1520,#1521,#1522,#1523,#1524,#1525,#1526,#1527,#1528,
    #1529,#1530,#1531,#1532,#1533,#1534,#1535,#1536,#1537),
  .UNSPECIFIED.,.F.,.F.,(4,3,3,3,3,3,3,3,4),(7.75243001669E-02,
    0.629174184786,1.073435542685,1.802219182736,2.120391544993,
    2.753291888055,2.984701620548,3.40348479759,3.678043761918),
  .UNSPECIFIED.);
#1513 = CARTESIAN_POINT('',(94.975475972095,204.18304121335,
    7.24553655313));
#1514 = CARTESIAN_POINT('',(94.953386426055,204.00086419069,
    7.238592835342));
#1515 = CARTESIAN_POINT('',(94.9128192263,203.82173419507,7.231253426178
    ));
#1516 = CARTESIAN_POINT('',(94.854595455032,203.64838154389,
    7.223701960976));
#1517 = CARTESIAN_POINT('',(94.807705983274,203.50877508996,
    7.217620523676));
#1518 = CARTESIAN_POINT('',(94.749365112329,203.37291554532,
    7.211402818805));
#1519 = CARTESIAN_POINT('',(94.680001072982,203.24222812245,
    7.205169146007));
#1520 = CARTESIAN_POINT('',(94.566213601857,203.02784338511,
    7.194943186414));
#1521 = CARTESIAN_POINT('',(94.424254586324,202.83018745191,
    7.184807706626));
#1522 = CARTESIAN_POINT('',(94.258250660103,202.65437812398,
    7.175368449537));
#1523 = CARTESIAN_POINT('',(94.185776665837,202.57762328742,
    7.171247458668));
#1524 = CARTESIAN_POINT('',(94.108719694783,202.50503243463,
    7.167259888289));
#1525 = CARTESIAN_POINT('',(94.02742338668,202.43703136467,
    7.163458121896));
#1526 = CARTESIAN_POINT('',(93.86571084533,202.30176537172,
    7.155895745211));
#1527 = CARTESIAN_POINT('',(93.688891841782,202.18605587445,
    7.149150313695));
#1528 = CARTESIAN_POINT('',(93.500664602565,202.09212898297,
    7.143568016359));
#1529 = CARTESIAN_POINT('',(93.43184236925,202.05778614042,
    7.141526939991));
#1530 = CARTESIAN_POINT('',(93.36149503254,202.02635538784,
    7.139640902507));
#1531 = CARTESIAN_POINT('',(93.289803506525,201.99794560398,
    7.137924971094));
#1532 = CARTESIAN_POINT('',(93.160063047003,201.94653229729,
    7.134819642719));
#1533 = CARTESIAN_POINT('',(93.026522150053,201.90525142905,
    7.132286947271));
#1534 = CARTESIAN_POINT('',(92.890378922206,201.87447860086,
    7.130388817206));
#1535 = CARTESIAN_POINT('',(92.801121889387,201.85430358827,
    7.129144381767));
#1536 = CARTESIAN_POINT('',(92.710914884866,201.83868332545,
    7.128174722193));
#1537 = CARTESIAN_POINT('',(92.620107532407,201.82767275649,
    7.127489827403));
#1538 = ORIENTED_EDGE('',*,*,#1539,.T.);
#1539 = EDGE_CURVE('',#1510,#614,#1540,.T.);
#1540 = B_SPLINE_CURVE_WITH_KNOTS('',3,(#1541,#1542,#1543,#1544,#1545,
    #1546),.UNSPECIFIED.,.F.,.F.,(4,2,4),(2.435081509607,2.566131969373,
    4.892358946043),.UNSPECIFIED.);
#1541 = CARTESIAN_POINT('',(92.620107532402,201.82767275655,
    7.127489827405));
#1542 = CARTESIAN_POINT('',(92.620107532402,201.78401570448,
    7.125970352052));
#1543 = CARTESIAN_POINT('',(92.620107532406,201.74035865241,7.1244508767
    ));
#1544 = CARTESIAN_POINT('',(92.620107532402,200.92176183727,
    7.09595977102));
#1545 = CARTESIAN_POINT('',(92.620107532406,200.14682207423,
    7.068988140694));
#1546 = CARTESIAN_POINT('',(92.620107532406,199.37188231116,
    7.042016510366));
#1547 = ORIENTED_EDGE('',*,*,#623,.T.);
#1548 = ORIENTED_EDGE('',*,*,#82,.T.);
#1549 = ORIENTED_EDGE('',*,*,#1550,.T.);
#1550 = EDGE_CURVE('',#24,#1508,#1551,.T.);
#1551 = B_SPLINE_CURVE_WITH_KNOTS('',3,(#1552,#1553,#1554,#1555,#1556,
    #1557,#1558,#1559,#1560,#1561),.UNSPECIFIED.,.F.,.F.,(4,3,3,4),(
    0.19130708575,2.37380097438,5.010707452088,7.574564477049),
  .UNSPECIFIED.);
#1552 = CARTESIAN_POINT('',(102.33988584433,204.18304120131,
    7.723668875661));
#1553 = CARTESIAN_POINT('',(101.61624191896,204.18304120935,
    7.649312720947));
#1554 = CARTESIAN_POINT('',(100.89201319739,204.18304134897,
    7.583009336773));
#1555 = CARTESIAN_POINT('',(100.16716235451,204.18304135745,
    7.524761976121));
#1556 = CARTESIAN_POINT('',(99.29139180006,204.1830413677,7.454387051631
    ));
#1557 = CARTESIAN_POINT('',(98.414731498902,204.18304120781,
    7.395771429031));
#1558 = CARTESIAN_POINT('',(97.537127604148,204.18304121277,
    7.348897907091));
#1559 = CARTESIAN_POINT('',(96.68383574604,204.18304121759,
    7.303322910364));
#1560 = CARTESIAN_POINT('',(95.829806208651,204.18304121789,
    7.268861186162));
#1561 = CARTESIAN_POINT('',(94.975475972089,204.18304121335,
    7.24553655313));
#1562 = B_SPLINE_SURFACE_WITH_KNOTS('',3,3,(
    (#1563,#1564,#1565,#1566,#1567,#1568)
    ,(#1569,#1570,#1571,#1572,#1573,#1574)
    ,(#1575,#1576,#1577,#1578,#1579,#1580)
    ,(#1581,#1582,#1583,#1584,#1585,#1586
    )),.UNSPECIFIED.,.F.,.F.,.F.,(4,4),(4,2,4),(0.222195979779,
    0.271969301903),(0.161037882962,0.237729452996,0.260421034789),
  .UNSPECIFIED.);
#1563 = CARTESIAN_POINT('',(92.620107442097,204.20091603126,
    7.210090105646));
#1564 = CARTESIAN_POINT('',(95.139575911045,204.2006251141,
    7.218449986812));
#1565 = CARTESIAN_POINT('',(97.658949966051,204.19696222377,
    7.323692260855));
#1566 = CARTESIAN_POINT('',(100.90929485393,204.18788260452,
    7.584566550268));
#1567 = CARTESIAN_POINT('',(101.65043695477,204.18551681016,
    7.652540150679));
#1568 = CARTESIAN_POINT('',(102.39031444432,204.1828606171,
    7.728857387392));
#1569 = CARTESIAN_POINT('',(92.620107472063,202.59123812455,
    7.154065573885));
#1570 = CARTESIAN_POINT('',(95.139575941012,202.59094720739,
    7.162425455051));
#1571 = CARTESIAN_POINT('',(97.658949996017,202.58728431705,
    7.267667729094));
#1572 = CARTESIAN_POINT('',(100.90929488389,202.57820469781,
    7.528542018507));
#1573 = CARTESIAN_POINT('',(101.65043698473,202.57583890344,
    7.596515618918));
#1574 = CARTESIAN_POINT('',(102.39031447429,202.57318271038,
    7.672832855632));
#1575 = CARTESIAN_POINT('',(92.620107502029,200.98156021782,
    7.098041042124));
#1576 = CARTESIAN_POINT('',(95.139575970978,200.98126930066,
    7.10640092329));
#1577 = CARTESIAN_POINT('',(97.658950025987,200.97760641035,
    7.211643197334));
#1578 = CARTESIAN_POINT('',(100.90929491386,200.96852679109,
    7.472517486747));
#1579 = CARTESIAN_POINT('',(101.6504370147,200.96616099673,
    7.540491087157));
#1580 = CARTESIAN_POINT('',(102.39031450426,200.96350480367,
    7.616808323871));
#1581 = CARTESIAN_POINT('',(92.620107531995,199.37188231111,
    7.042016510364));
#1582 = CARTESIAN_POINT('',(95.139576000944,199.37159139395,
    7.050376391529));
#1583 = CARTESIAN_POINT('',(97.658950055953,199.36792850363,
    7.155618665573));
#1584 = CARTESIAN_POINT('',(100.90929494383,199.35884888438,
    7.416492954986));
#1585 = CARTESIAN_POINT('',(101.65043704467,199.35648309001,
    7.484466555396));
#1586 = CARTESIAN_POINT('',(102.39031453422,199.35382689695,
    7.56078379211));
#1587 = ADVANCED_FACE('',(#1588),#1599,.T.);
#1588 = FACE_BOUND('',#1589,.T.);
#1589 = EDGE_LOOP('',(#1590,#1591,#1597,#1598));
#1590 = ORIENTED_EDGE('',*,*,#898,.F.);
#1591 = ORIENTED_EDGE('',*,*,#1592,.T.);
#1592 = EDGE_CURVE('',#858,#1476,#1593,.T.);
#1593 = LINE('',#1594,#1595);
#1594 = CARTESIAN_POINT('',(101.30760753242,198.71655155297,
    8.911924779805));
#1595 = VECTOR('',#1596,1.);
#1596 = DIRECTION('',(0.429122651621,-0.305965437747,-0.849846398339));
#1597 = ORIENTED_EDGE('',*,*,#1475,.F.);
#1598 = ORIENTED_EDGE('',*,*,#711,.F.);
#1599 = B_SPLINE_SURFACE_WITH_KNOTS('',3,3,(
    (#1600,#1601,#1602,#1603)
    ,(#1604,#1605,#1606,#1607)
    ,(#1608,#1609,#1610,#1611)
    ,(#1612,#1613,#1614,#1615)
    ,(#1616,#1617,#1618,#1619)
    ,(#1620,#1621,#1622,#1623)
    ,(#1624,#1625,#1626,#1627
    )),.UNSPECIFIED.,.F.,.F.,.F.,(4,1,1,1,4),(4,4),(-1.655E-14,
    0.285714285714,0.428571428571,0.714285714286,1.),(2.369574700677E-02
    ,1.),.UNSPECIFIED.);
#1600 = CARTESIAN_POINT('',(103.12869477344,200.35394129633,
    8.76031380405));
#1601 = CARTESIAN_POINT('',(104.10499902643,198.82197459799,
    5.840209202732));
#1602 = CARTESIAN_POINT('',(105.08130327942,197.29000789965,
    2.920104601413));
#1603 = CARTESIAN_POINT('',(106.05760753241,195.75804120131,9.475887E-11
    ));
#1604 = CARTESIAN_POINT('',(103.12869477344,200.09761459392,
    8.751403089508));
#1605 = CARTESIAN_POINT('',(104.10485112581,198.63868065633,
    5.834271053053));
#1606 = CARTESIAN_POINT('',(105.08145118004,197.17957522635,
    2.917132036549));
#1607 = CARTESIAN_POINT('',(106.05760753241,195.72064128876,9.475887E-11
    ));
#1608 = CARTESIAN_POINT('',(103.04048968106,199.7136259774,8.73805444921
    ));
#1609 = CARTESIAN_POINT('',(104.04188935231,198.36396338164,
    5.825369953119));
#1610 = CARTESIAN_POINT('',(105.04334589899,197.01427717902,
    2.912684496186));
#1611 = CARTESIAN_POINT('',(106.04474557024,195.66461458325,9.475931E-11
    ));
#1612 = CARTESIAN_POINT('',(102.69725614689,199.16734320415,
    8.719063958535));
#1613 = CARTESIAN_POINT('',(103.79634001824,197.97324746985,
    5.812711313815));
#1614 = CARTESIAN_POINT('',(104.89561179118,196.77900372534,
    2.906352644814));
#1615 = CARTESIAN_POINT('',(105.99469566254,195.58490799104,9.475931E-11
    ));
#1616 = CARTESIAN_POINT('',(102.18363450867,198.75750934795,
    8.704816857206));
#1617 = CARTESIAN_POINT('',(103.42897773362,197.68006950333,
    5.803212317245));
#1618 = CARTESIAN_POINT('',(104.67445673824,196.60255012346,
    2.901604540056));
#1619 = CARTESIAN_POINT('',(105.91979996319,195.52511027884,9.47602E-11)
  );
#1620 = CARTESIAN_POINT('',(101.67072046855,198.64052350341,
    8.700750064881));
#1621 = CARTESIAN_POINT('',(103.06220936631,197.59641484425,
    5.800502164183));
#1622 = CARTESIAN_POINT('',(104.4535185472,196.55214986047,
    2.900247900793));
#1623 = CARTESIAN_POINT('',(105.84500744495,195.50804120131,9.475887E-11
    ));
#1624 = CARTESIAN_POINT('',(101.41423839395,198.64052350341,
    8.700750064881));
#1625 = CARTESIAN_POINT('',(102.87869477344,197.59636273604,
    5.800500043286));
#1626 = CARTESIAN_POINT('',(104.34315115292,196.55220196867,
    2.90025002169));
#1627 = CARTESIAN_POINT('',(105.80760753241,195.50804120131,9.475887E-11
    ));
#1628 = ADVANCED_FACE('',(#1629),#1635,.T.);
#1629 = FACE_BOUND('',#1630,.T.);
#1630 = EDGE_LOOP('',(#1631,#1632,#1633,#1634));
#1631 = ORIENTED_EDGE('',*,*,#1484,.F.);
#1632 = ORIENTED_EDGE('',*,*,#1592,.F.);
#1633 = ORIENTED_EDGE('',*,*,#866,.F.);
#1634 = ORIENTED_EDGE('',*,*,#1265,.T.);
#1635 = PLANE('',#1636);
#1636 = AXIS2_PLACEMENT_3D('',#1637,#1638,#1639);
#1637 = CARTESIAN_POINT('',(101.30760753242,198.71655155297,
    8.911924779805));
#1638 = DIRECTION('',(-2.E-17,-0.940880095847,0.338739789867));
#1639 = DIRECTION('',(7.703719777549E-34,-0.338739789867,-0.940880095847
    ));
#1640 = ADVANCED_FACE('',(#1641),#1772,.T.);
#1641 = FACE_BOUND('',#1642,.T.);
#1642 = EDGE_LOOP('',(#1643,#1654,#1663,#1669,#1670,#1679,#1688,#1694,
    #1695,#1703,#1712,#1720,#1727,#1728,#1737,#1746,#1747,#1755,#1764,
    #1771));
#1643 = ORIENTED_EDGE('',*,*,#1644,.F.);
#1644 = EDGE_CURVE('',#1645,#350,#1647,.T.);
#1645 = VERTEX_POINT('',#1646);
#1646 = CARTESIAN_POINT('',(91.970107532405,207.18840964615,
    4.332749102223));
#1647 = B_SPLINE_CURVE_WITH_KNOTS('',3,(#1648,#1649,#1650,#1651,#1652,
    #1653),.UNSPECIFIED.,.F.,.F.,(4,2,4),(-3.381784438172,
    -1.767272158652,-0.400470993683),.UNSPECIFIED.);
#1648 = CARTESIAN_POINT('',(91.970107532405,207.18840964615,
    4.332749102223));
#1649 = CARTESIAN_POINT('',(91.970107532405,207.18840964615,
    4.870919862063));
#1650 = CARTESIAN_POINT('',(91.970107532405,207.18840964614,
    5.409090621903));
#1651 = CARTESIAN_POINT('',(91.970107532405,207.18840964614,
    6.402861770066));
#1652 = CARTESIAN_POINT('',(91.970107532405,207.18840964614,
    6.858462158389));
#1653 = CARTESIAN_POINT('',(91.970107532405,207.18840964614,
    7.314062546712));
#1654 = ORIENTED_EDGE('',*,*,#1655,.F.);
#1655 = EDGE_CURVE('',#1656,#1645,#1658,.T.);
#1656 = VERTEX_POINT('',#1657);
#1657 = CARTESIAN_POINT('',(92.620107532406,207.18840964615,
    4.332749102223));
#1658 = CIRCLE('',#1659,2.7);
#1659 = AXIS2_PLACEMENT_3D('',#1660,#1661,#1662);
#1660 = CARTESIAN_POINT('',(92.295107532402,204.50804120132,
    4.332749102223));
#1661 = DIRECTION('',(0.,-0.,1.));
#1662 = DIRECTION('',(0.,1.,0.));
#1663 = ORIENTED_EDGE('',*,*,#1664,.F.);
#1664 = EDGE_CURVE('',#419,#1656,#1665,.T.);
#1665 = LINE('',#1666,#1667);
#1666 = CARTESIAN_POINT('',(92.620107532406,207.18840964615,9.39897E-11)
  );
#1667 = VECTOR('',#1668,1.);
#1668 = DIRECTION('',(0.,0.,-1.));
#1669 = ORIENTED_EDGE('',*,*,#429,.T.);
#1670 = ORIENTED_EDGE('',*,*,#1671,.F.);
#1671 = EDGE_CURVE('',#1672,#430,#1674,.T.);
#1672 = VERTEX_POINT('',#1673);
#1673 = CARTESIAN_POINT('',(94.975475977226,204.83304120131,
    4.332749102223));
#1674 = B_SPLINE_CURVE_WITH_KNOTS('',3,(#1675,#1676,#1677,#1678),
  .UNSPECIFIED.,.F.,.F.,(4,4),(-3.381784438172,-0.44637351531),
  .PIECEWISE_BEZIER_KNOTS.);
#1675 = CARTESIAN_POINT('',(94.975475977226,204.83304120131,
    4.332749102223));
#1676 = CARTESIAN_POINT('',(94.975475977226,204.83304120131,
    5.311219409844));
#1677 = CARTESIAN_POINT('',(94.975475977226,204.83304120131,
    6.289689717464));
#1678 = CARTESIAN_POINT('',(94.975475977226,204.83304120131,
    7.268160025085));
#1679 = ORIENTED_EDGE('',*,*,#1680,.F.);
#1680 = EDGE_CURVE('',#1681,#1672,#1683,.T.);
#1681 = VERTEX_POINT('',#1682);
#1682 = CARTESIAN_POINT('',(94.975475977222,204.18304120131,
    4.332749102223));
#1683 = CIRCLE('',#1684,2.7);
#1684 = AXIS2_PLACEMENT_3D('',#1685,#1686,#1687);
#1685 = CARTESIAN_POINT('',(92.295107532402,204.50804120132,
    4.332749102223));
#1686 = DIRECTION('',(0.,-0.,1.));
#1687 = DIRECTION('',(0.,1.,0.));
#1688 = ORIENTED_EDGE('',*,*,#1689,.F.);
#1689 = EDGE_CURVE('',#1508,#1681,#1690,.T.);
#1690 = LINE('',#1691,#1692);
#1691 = CARTESIAN_POINT('',(94.975475977222,204.18304120131,9.39897E-11)
  );
#1692 = VECTOR('',#1693,1.);
#1693 = DIRECTION('',(0.,0.,-1.));
#1694 = ORIENTED_EDGE('',*,*,#1507,.T.);
#1695 = ORIENTED_EDGE('',*,*,#1696,.F.);
#1696 = EDGE_CURVE('',#1697,#1510,#1699,.T.);
#1697 = VERTEX_POINT('',#1698);
#1698 = CARTESIAN_POINT('',(92.620107532406,201.8276727565,
    4.332749102223));
#1699 = LINE('',#1700,#1701);
#1700 = CARTESIAN_POINT('',(92.620107532406,201.8276727565,9.39897E-11)
  );
#1701 = VECTOR('',#1702,1.);
#1702 = DIRECTION('',(0.,0.,1.));
#1703 = ORIENTED_EDGE('',*,*,#1704,.F.);
#1704 = EDGE_CURVE('',#1705,#1697,#1707,.T.);
#1705 = VERTEX_POINT('',#1706);
#1706 = CARTESIAN_POINT('',(92.295107532402,201.80804120133,
    4.332749102223));
#1707 = CIRCLE('',#1708,2.7);
#1708 = AXIS2_PLACEMENT_3D('',#1709,#1710,#1711);
#1709 = CARTESIAN_POINT('',(92.295107532402,204.50804120132,
    4.332749102223));
#1710 = DIRECTION('',(0.,-0.,1.));
#1711 = DIRECTION('',(0.,1.,0.));
#1712 = ORIENTED_EDGE('',*,*,#1713,.T.);
#1713 = EDGE_CURVE('',#1705,#1714,#1716,.T.);
#1714 = VERTEX_POINT('',#1715);
#1715 = CARTESIAN_POINT('',(92.295107532402,201.80804120133,
    0.200000000094));
#1716 = LINE('',#1717,#1718);
#1717 = CARTESIAN_POINT('',(92.295107532402,201.80804120133,9.39897E-11)
  );
#1718 = VECTOR('',#1719,1.);
#1719 = DIRECTION('',(0.,0.,-1.));
#1720 = ORIENTED_EDGE('',*,*,#1721,.F.);
#1721 = EDGE_CURVE('',#1714,#1714,#1722,.T.);
#1722 = CIRCLE('',#1723,2.7);
#1723 = AXIS2_PLACEMENT_3D('',#1724,#1725,#1726);
#1724 = CARTESIAN_POINT('',(92.295107532402,204.50804120132,
    0.200000000094));
#1725 = DIRECTION('',(0.,-3.1E-16,-1.));
#1726 = DIRECTION('',(0.,1.,-3.1E-16));
#1727 = ORIENTED_EDGE('',*,*,#1713,.F.);
#1728 = ORIENTED_EDGE('',*,*,#1729,.F.);
#1729 = EDGE_CURVE('',#1730,#1705,#1732,.T.);
#1730 = VERTEX_POINT('',#1731);
#1731 = CARTESIAN_POINT('',(91.970107532405,201.8276727565,
    4.332749102223));
#1732 = CIRCLE('',#1733,2.7);
#1733 = AXIS2_PLACEMENT_3D('',#1734,#1735,#1736);
#1734 = CARTESIAN_POINT('',(92.295107532402,204.50804120132,
    4.332749102223));
#1735 = DIRECTION('',(0.,-0.,1.));
#1736 = DIRECTION('',(0.,1.,0.));
#1737 = ORIENTED_EDGE('',*,*,#1738,.F.);
#1738 = EDGE_CURVE('',#501,#1730,#1739,.T.);
#1739 = B_SPLINE_CURVE_WITH_KNOTS('',3,(#1740,#1741,#1742,#1743,#1744,
    #1745),.UNSPECIFIED.,.F.,.F.,(4,2,4),(-2.794734022387,
    -1.638478280496,0.),.UNSPECIFIED.);
#1740 = CARTESIAN_POINT('',(91.970107532401,201.82767275649,
    7.12748312461));
#1741 = CARTESIAN_POINT('',(91.970107532401,201.82767275649,
    6.74206454398));
#1742 = CARTESIAN_POINT('',(91.970107532401,201.8276727565,
    6.356645963349));
#1743 = CARTESIAN_POINT('',(91.970107532401,201.8276727565,
    5.425067955887));
#1744 = CARTESIAN_POINT('',(91.970107532401,201.8276727565,
    4.878908529055));
#1745 = CARTESIAN_POINT('',(91.970107532401,201.8276727565,
    4.332749102223));
#1746 = ORIENTED_EDGE('',*,*,#500,.T.);
#1747 = ORIENTED_EDGE('',*,*,#1748,.F.);
#1748 = EDGE_CURVE('',#1749,#503,#1751,.T.);
#1749 = VERTEX_POINT('',#1750);
#1750 = CARTESIAN_POINT('',(89.614739087581,204.18304120132,
    4.332749102223));
#1751 = LINE('',#1752,#1753);
#1752 = CARTESIAN_POINT('',(89.614739087581,204.18304120131,9.39897E-11)
  );
#1753 = VECTOR('',#1754,1.);
#1754 = DIRECTION('',(0.,0.,1.));
#1755 = ORIENTED_EDGE('',*,*,#1756,.F.);
#1756 = EDGE_CURVE('',#1757,#1749,#1759,.T.);
#1757 = VERTEX_POINT('',#1758);
#1758 = CARTESIAN_POINT('',(89.614739087578,204.83304120131,
    4.332749102223));
#1759 = CIRCLE('',#1760,2.7);
#1760 = AXIS2_PLACEMENT_3D('',#1761,#1762,#1763);
#1761 = CARTESIAN_POINT('',(92.295107532402,204.50804120132,
    4.332749102223));
#1762 = DIRECTION('',(0.,-0.,1.));
#1763 = DIRECTION('',(0.,1.,0.));
#1764 = ORIENTED_EDGE('',*,*,#1765,.F.);
#1765 = EDGE_CURVE('',#338,#1757,#1766,.T.);
#1766 = B_SPLINE_CURVE_WITH_KNOTS('',3,(#1767,#1768,#1769,#1770),
  .UNSPECIFIED.,.F.,.F.,(4,4),(-2.935426043345,0.),
  .PIECEWISE_BEZIER_KNOTS.);
#1767 = CARTESIAN_POINT('',(89.614739087578,204.83304120132,
    7.268175145568));
#1768 = CARTESIAN_POINT('',(89.614739087578,204.83304120132,
    6.289699797787));
#1769 = CARTESIAN_POINT('',(89.614739087578,204.83304120132,
    5.311224450005));
#1770 = CARTESIAN_POINT('',(89.614739087578,204.83304120132,
    4.332749102223));
#1771 = ORIENTED_EDGE('',*,*,#349,.T.);
#1772 = CYLINDRICAL_SURFACE('',#1773,2.7);
#1773 = AXIS2_PLACEMENT_3D('',#1774,#1775,#1776);
#1774 = CARTESIAN_POINT('',(92.295107532402,204.50804120132,9.39897E-11)
  );
#1775 = DIRECTION('',(0.,0.,1.));
#1776 = DIRECTION('',(0.,1.,0.));
#1777 = ADVANCED_FACE('',(#1778,#1781),#1879,.T.);
#1778 = FACE_BOUND('',#1779,.T.);
#1779 = EDGE_LOOP('',(#1780));
#1780 = ORIENTED_EDGE('',*,*,#1721,.T.);
#1781 = FACE_BOUND('',#1782,.T.);
#1782 = EDGE_LOOP('',(#1783,#1793,#1801,#1809,#1817,#1825,#1833,#1841,
    #1849,#1857,#1865,#1873));
#1783 = ORIENTED_EDGE('',*,*,#1784,.T.);
#1784 = EDGE_CURVE('',#1785,#1787,#1789,.T.);
#1785 = VERTEX_POINT('',#1786);
#1786 = CARTESIAN_POINT('',(91.795107532402,206.50804120132,
    0.200000000094));
#1787 = VERTEX_POINT('',#1788);
#1788 = CARTESIAN_POINT('',(91.795107532402,205.00804120132,
    0.200000000094));
#1789 = LINE('',#1790,#1791);
#1790 = CARTESIAN_POINT('',(91.795107532402,200.26202744682,
    0.200000000094));
#1791 = VECTOR('',#1792,1.);
#1792 = DIRECTION('',(0.,-1.,3.1E-16));
#1793 = ORIENTED_EDGE('',*,*,#1794,.T.);
#1794 = EDGE_CURVE('',#1787,#1795,#1797,.T.);
#1795 = VERTEX_POINT('',#1796);
#1796 = CARTESIAN_POINT('',(90.295107532402,205.00804120132,
    0.200000000094));
#1797 = LINE('',#1798,#1799);
#1798 = CARTESIAN_POINT('',(86.795107532402,205.00804120132,
    0.200000000094));
#1799 = VECTOR('',#1800,1.);
#1800 = DIRECTION('',(-1.,0.,0.));
#1801 = ORIENTED_EDGE('',*,*,#1802,.T.);
#1802 = EDGE_CURVE('',#1795,#1803,#1805,.T.);
#1803 = VERTEX_POINT('',#1804);
#1804 = CARTESIAN_POINT('',(90.295107532402,204.00804120132,
    0.200000000094));
#1805 = LINE('',#1806,#1807);
#1806 = CARTESIAN_POINT('',(90.295107532402,199.76202744682,
    0.200000000094));
#1807 = VECTOR('',#1808,1.);
#1808 = DIRECTION('',(0.,-1.,3.1E-16));
#1809 = ORIENTED_EDGE('',*,*,#1810,.T.);
#1810 = EDGE_CURVE('',#1803,#1811,#1813,.T.);
#1811 = VERTEX_POINT('',#1812);
#1812 = CARTESIAN_POINT('',(91.795107532402,204.00804120132,
    0.200000000094));
#1813 = LINE('',#1814,#1815);
#1814 = CARTESIAN_POINT('',(87.545107532402,204.00804120132,
    0.200000000094));
#1815 = VECTOR('',#1816,1.);
#1816 = DIRECTION('',(1.,0.,0.));
#1817 = ORIENTED_EDGE('',*,*,#1818,.T.);
#1818 = EDGE_CURVE('',#1811,#1819,#1821,.T.);
#1819 = VERTEX_POINT('',#1820);
#1820 = CARTESIAN_POINT('',(91.795107532402,202.50804120132,
    0.200000000094));
#1821 = LINE('',#1822,#1823);
#1822 = CARTESIAN_POINT('',(91.795107532402,200.26202744682,
    0.200000000094));
#1823 = VECTOR('',#1824,1.);
#1824 = DIRECTION('',(0.,-1.,3.1E-16));
#1825 = ORIENTED_EDGE('',*,*,#1826,.T.);
#1826 = EDGE_CURVE('',#1819,#1827,#1829,.T.);
#1827 = VERTEX_POINT('',#1828);
#1828 = CARTESIAN_POINT('',(92.795107532402,202.50804120132,
    0.200000000094));
#1829 = LINE('',#1830,#1831);
#1830 = CARTESIAN_POINT('',(88.045107532402,202.50804120132,
    0.200000000094));
#1831 = VECTOR('',#1832,1.);
#1832 = DIRECTION('',(1.,0.,0.));
#1833 = ORIENTED_EDGE('',*,*,#1834,.T.);
#1834 = EDGE_CURVE('',#1827,#1835,#1837,.T.);
#1835 = VERTEX_POINT('',#1836);
#1836 = CARTESIAN_POINT('',(92.795107532402,204.00804120132,
    0.200000000094));
#1837 = LINE('',#1838,#1839);
#1838 = CARTESIAN_POINT('',(92.795107532402,199.76202744682,
    0.200000000094));
#1839 = VECTOR('',#1840,1.);
#1840 = DIRECTION('',(0.,1.,-3.1E-16));
#1841 = ORIENTED_EDGE('',*,*,#1842,.T.);
#1842 = EDGE_CURVE('',#1835,#1843,#1845,.T.);
#1843 = VERTEX_POINT('',#1844);
#1844 = CARTESIAN_POINT('',(94.295107532402,204.00804120132,
    0.200000000094));
#1845 = LINE('',#1846,#1847);
#1846 = CARTESIAN_POINT('',(87.545107532402,204.00804120132,
    0.200000000094));
#1847 = VECTOR('',#1848,1.);
#1848 = DIRECTION('',(1.,0.,0.));
#1849 = ORIENTED_EDGE('',*,*,#1850,.T.);
#1850 = EDGE_CURVE('',#1843,#1851,#1853,.T.);
#1851 = VERTEX_POINT('',#1852);
#1852 = CARTESIAN_POINT('',(94.295107532402,205.00804120132,
    0.200000000094));
#1853 = LINE('',#1854,#1855);
#1854 = CARTESIAN_POINT('',(94.295107532402,200.26202744682,
    0.200000000094));
#1855 = VECTOR('',#1856,1.);
#1856 = DIRECTION('',(0.,1.,-3.1E-16));
#1857 = ORIENTED_EDGE('',*,*,#1858,.T.);
#1858 = EDGE_CURVE('',#1851,#1859,#1861,.T.);
#1859 = VERTEX_POINT('',#1860);
#1860 = CARTESIAN_POINT('',(92.795107532402,205.00804120132,
    0.200000000094));
#1861 = LINE('',#1862,#1863);
#1862 = CARTESIAN_POINT('',(88.045107532402,205.00804120132,
    0.200000000094));
#1863 = VECTOR('',#1864,1.);
#1864 = DIRECTION('',(-1.,0.,0.));
#1865 = ORIENTED_EDGE('',*,*,#1866,.T.);
#1866 = EDGE_CURVE('',#1859,#1867,#1869,.T.);
#1867 = VERTEX_POINT('',#1868);
#1868 = CARTESIAN_POINT('',(92.795107532402,206.50804120132,
    0.200000000094));
#1869 = LINE('',#1870,#1871);
#1870 = CARTESIAN_POINT('',(92.795107532402,201.01202744682,
    0.200000000094));
#1871 = VECTOR('',#1872,1.);
#1872 = DIRECTION('',(0.,1.,-3.1E-16));
#1873 = ORIENTED_EDGE('',*,*,#1874,.T.);
#1874 = EDGE_CURVE('',#1867,#1785,#1875,.T.);
#1875 = LINE('',#1876,#1877);
#1876 = CARTESIAN_POINT('',(87.545107532402,206.50804120132,
    0.200000000094));
#1877 = VECTOR('',#1878,1.);
#1878 = DIRECTION('',(-1.,0.,0.));
#1879 = PLANE('',#1880);
#1880 = AXIS2_PLACEMENT_3D('',#1881,#1882,#1883);
#1881 = CARTESIAN_POINT('',(83.295107532402,195.51601369233,
    0.200000000094));
#1882 = DIRECTION('',(0.,-3.1E-16,-1.));
#1883 = DIRECTION('',(0.,1.,-3.1E-16));
#1884 = ADVANCED_FACE('',(#1885),#1901,.T.);
#1885 = FACE_BOUND('',#1886,.T.);
#1886 = EDGE_LOOP('',(#1887,#1888,#1894,#1895));
#1887 = ORIENTED_EDGE('',*,*,#288,.T.);
#1888 = ORIENTED_EDGE('',*,*,#1889,.F.);
#1889 = EDGE_CURVE('',#1785,#176,#1890,.T.);
#1890 = LINE('',#1891,#1892);
#1891 = CARTESIAN_POINT('',(91.795107532402,206.50804120132,9.398615E-11
    ));
#1892 = VECTOR('',#1893,1.);
#1893 = DIRECTION('',(0.,0.,1.));
#1894 = ORIENTED_EDGE('',*,*,#1874,.F.);
#1895 = ORIENTED_EDGE('',*,*,#1896,.T.);
#1896 = EDGE_CURVE('',#1867,#280,#1897,.T.);
#1897 = LINE('',#1898,#1899);
#1898 = CARTESIAN_POINT('',(92.795107532402,206.50804120132,9.398615E-11
    ));
#1899 = VECTOR('',#1900,1.);
#1900 = DIRECTION('',(0.,0.,1.));
#1901 = PLANE('',#1902);
#1902 = AXIS2_PLACEMENT_3D('',#1903,#1904,#1905);
#1903 = CARTESIAN_POINT('',(91.795107532402,206.50804120132,9.398615E-11
    ));
#1904 = DIRECTION('',(0.,-1.,0.));
#1905 = DIRECTION('',(1.,0.,0.));
#1906 = ADVANCED_FACE('',(#1907),#1918,.T.);
#1907 = FACE_BOUND('',#1908,.T.);
#1908 = EDGE_LOOP('',(#1909,#1910,#1911,#1912));
#1909 = ORIENTED_EDGE('',*,*,#279,.T.);
#1910 = ORIENTED_EDGE('',*,*,#1896,.F.);
#1911 = ORIENTED_EDGE('',*,*,#1866,.F.);
#1912 = ORIENTED_EDGE('',*,*,#1913,.T.);
#1913 = EDGE_CURVE('',#1859,#271,#1914,.T.);
#1914 = LINE('',#1915,#1916);
#1915 = CARTESIAN_POINT('',(92.795107532402,205.00804120132,9.398615E-11
    ));
#1916 = VECTOR('',#1917,1.);
#1917 = DIRECTION('',(0.,0.,1.));
#1918 = PLANE('',#1919);
#1919 = AXIS2_PLACEMENT_3D('',#1920,#1921,#1922);
#1920 = CARTESIAN_POINT('',(92.795107532402,206.50804120132,9.398615E-11
    ));
#1921 = DIRECTION('',(-1.,0.,0.));
#1922 = DIRECTION('',(0.,-1.,3.1E-16));
#1923 = ADVANCED_FACE('',(#1924),#1935,.T.);
#1924 = FACE_BOUND('',#1925,.T.);
#1925 = EDGE_LOOP('',(#1926,#1927,#1933,#1934));
#1926 = ORIENTED_EDGE('',*,*,#175,.T.);
#1927 = ORIENTED_EDGE('',*,*,#1928,.F.);
#1928 = EDGE_CURVE('',#1787,#178,#1929,.T.);
#1929 = LINE('',#1930,#1931);
#1930 = CARTESIAN_POINT('',(91.795107532402,205.00804120132,9.398615E-11
    ));
#1931 = VECTOR('',#1932,1.);
#1932 = DIRECTION('',(0.,0.,1.));
#1933 = ORIENTED_EDGE('',*,*,#1784,.F.);
#1934 = ORIENTED_EDGE('',*,*,#1889,.T.);
#1935 = PLANE('',#1936);
#1936 = AXIS2_PLACEMENT_3D('',#1937,#1938,#1939);
#1937 = CARTESIAN_POINT('',(91.795107532402,205.00804120132,9.398615E-11
    ));
#1938 = DIRECTION('',(1.,0.,0.));
#1939 = DIRECTION('',(0.,1.,-3.1E-16));
#1940 = ADVANCED_FACE('',(#1941),#1952,.T.);
#1941 = FACE_BOUND('',#1942,.T.);
#1942 = EDGE_LOOP('',(#1943,#1944,#1945,#1946));
#1943 = ORIENTED_EDGE('',*,*,#270,.T.);
#1944 = ORIENTED_EDGE('',*,*,#1913,.F.);
#1945 = ORIENTED_EDGE('',*,*,#1858,.F.);
#1946 = ORIENTED_EDGE('',*,*,#1947,.T.);
#1947 = EDGE_CURVE('',#1851,#260,#1948,.T.);
#1948 = LINE('',#1949,#1950);
#1949 = CARTESIAN_POINT('',(94.295107532402,205.00804120132,9.398615E-11
    ));
#1950 = VECTOR('',#1951,1.);
#1951 = DIRECTION('',(0.,0.,1.));
#1952 = PLANE('',#1953);
#1953 = AXIS2_PLACEMENT_3D('',#1954,#1955,#1956);
#1954 = CARTESIAN_POINT('',(92.795107532402,205.00804120132,9.398615E-11
    ));
#1955 = DIRECTION('',(0.,-1.,0.));
#1956 = DIRECTION('',(1.,0.,0.));
#1957 = ADVANCED_FACE('',(#1958),#1969,.T.);
#1958 = FACE_BOUND('',#1959,.T.);
#1959 = EDGE_LOOP('',(#1960,#1961,#1967,#1968));
#1960 = ORIENTED_EDGE('',*,*,#186,.T.);
#1961 = ORIENTED_EDGE('',*,*,#1962,.F.);
#1962 = EDGE_CURVE('',#1795,#187,#1963,.T.);
#1963 = LINE('',#1964,#1965);
#1964 = CARTESIAN_POINT('',(90.295107532402,205.00804120132,9.398615E-11
    ));
#1965 = VECTOR('',#1966,1.);
#1966 = DIRECTION('',(0.,0.,1.));
#1967 = ORIENTED_EDGE('',*,*,#1794,.F.);
#1968 = ORIENTED_EDGE('',*,*,#1928,.T.);
#1969 = PLANE('',#1970);
#1970 = AXIS2_PLACEMENT_3D('',#1971,#1972,#1973);
#1971 = CARTESIAN_POINT('',(90.295107532402,205.00804120132,9.398615E-11
    ));
#1972 = DIRECTION('',(0.,-1.,0.));
#1973 = DIRECTION('',(1.,0.,0.));
#1974 = ADVANCED_FACE('',(#1975),#1986,.T.);
#1975 = FACE_BOUND('',#1976,.T.);
#1976 = EDGE_LOOP('',(#1977,#1978,#1979,#1980));
#1977 = ORIENTED_EDGE('',*,*,#259,.T.);
#1978 = ORIENTED_EDGE('',*,*,#1947,.F.);
#1979 = ORIENTED_EDGE('',*,*,#1850,.F.);
#1980 = ORIENTED_EDGE('',*,*,#1981,.T.);
#1981 = EDGE_CURVE('',#1843,#251,#1982,.T.);
#1982 = LINE('',#1983,#1984);
#1983 = CARTESIAN_POINT('',(94.295107532402,204.00804120132,9.398704E-11
    ));
#1984 = VECTOR('',#1985,1.);
#1985 = DIRECTION('',(0.,0.,1.));
#1986 = PLANE('',#1987);
#1987 = AXIS2_PLACEMENT_3D('',#1988,#1989,#1990);
#1988 = CARTESIAN_POINT('',(94.295107532402,205.00804120132,9.398615E-11
    ));
#1989 = DIRECTION('',(-1.,0.,0.));
#1990 = DIRECTION('',(0.,-1.,3.1E-16));
#1991 = ADVANCED_FACE('',(#1992),#2003,.T.);
#1992 = FACE_BOUND('',#1993,.T.);
#1993 = EDGE_LOOP('',(#1994,#1995,#2001,#2002));
#1994 = ORIENTED_EDGE('',*,*,#198,.T.);
#1995 = ORIENTED_EDGE('',*,*,#1996,.F.);
#1996 = EDGE_CURVE('',#1803,#199,#1997,.T.);
#1997 = LINE('',#1998,#1999);
#1998 = CARTESIAN_POINT('',(90.295107532402,204.00804120132,9.398704E-11
    ));
#1999 = VECTOR('',#2000,1.);
#2000 = DIRECTION('',(0.,0.,1.));
#2001 = ORIENTED_EDGE('',*,*,#1802,.F.);
#2002 = ORIENTED_EDGE('',*,*,#1962,.T.);
#2003 = PLANE('',#2004);
#2004 = AXIS2_PLACEMENT_3D('',#2005,#2006,#2007);
#2005 = CARTESIAN_POINT('',(90.295107532402,204.00804120132,9.398704E-11
    ));
#2006 = DIRECTION('',(1.,0.,0.));
#2007 = DIRECTION('',(0.,1.,-3.1E-16));
#2008 = ADVANCED_FACE('',(#2009),#2020,.T.);
#2009 = FACE_BOUND('',#2010,.T.);
#2010 = EDGE_LOOP('',(#2011,#2012,#2013,#2014));
#2011 = ORIENTED_EDGE('',*,*,#250,.T.);
#2012 = ORIENTED_EDGE('',*,*,#1981,.F.);
#2013 = ORIENTED_EDGE('',*,*,#1842,.F.);
#2014 = ORIENTED_EDGE('',*,*,#2015,.T.);
#2015 = EDGE_CURVE('',#1835,#242,#2016,.T.);
#2016 = LINE('',#2017,#2018);
#2017 = CARTESIAN_POINT('',(92.795107532402,204.00804120132,9.398704E-11
    ));
#2018 = VECTOR('',#2019,1.);
#2019 = DIRECTION('',(0.,0.,1.));
#2020 = PLANE('',#2021);
#2021 = AXIS2_PLACEMENT_3D('',#2022,#2023,#2024);
#2022 = CARTESIAN_POINT('',(91.795107532402,204.00804120132,9.398704E-11
    ));
#2023 = DIRECTION('',(0.,1.,0.));
#2024 = DIRECTION('',(-1.,0.,0.));
#2025 = ADVANCED_FACE('',(#2026),#2037,.T.);
#2026 = FACE_BOUND('',#2027,.T.);
#2027 = EDGE_LOOP('',(#2028,#2029,#2035,#2036));
#2028 = ORIENTED_EDGE('',*,*,#209,.T.);
#2029 = ORIENTED_EDGE('',*,*,#2030,.F.);
#2030 = EDGE_CURVE('',#1811,#210,#2031,.T.);
#2031 = LINE('',#2032,#2033);
#2032 = CARTESIAN_POINT('',(91.795107532402,204.00804120132,9.398704E-11
    ));
#2033 = VECTOR('',#2034,1.);
#2034 = DIRECTION('',(0.,0.,1.));
#2035 = ORIENTED_EDGE('',*,*,#1810,.F.);
#2036 = ORIENTED_EDGE('',*,*,#1996,.T.);
#2037 = PLANE('',#2038);
#2038 = AXIS2_PLACEMENT_3D('',#2039,#2040,#2041);
#2039 = CARTESIAN_POINT('',(91.795107532402,204.00804120132,9.398704E-11
    ));
#2040 = DIRECTION('',(0.,1.,0.));
#2041 = DIRECTION('',(-1.,0.,0.));
#2042 = ADVANCED_FACE('',(#2043),#2054,.T.);
#2043 = FACE_BOUND('',#2044,.T.);
#2044 = EDGE_LOOP('',(#2045,#2046,#2047,#2048));
#2045 = ORIENTED_EDGE('',*,*,#241,.T.);
#2046 = ORIENTED_EDGE('',*,*,#2015,.F.);
#2047 = ORIENTED_EDGE('',*,*,#1834,.F.);
#2048 = ORIENTED_EDGE('',*,*,#2049,.T.);
#2049 = EDGE_CURVE('',#1827,#231,#2050,.T.);
#2050 = LINE('',#2051,#2052);
#2051 = CARTESIAN_POINT('',(92.795107532402,202.50804120132,9.398704E-11
    ));
#2052 = VECTOR('',#2053,1.);
#2053 = DIRECTION('',(0.,0.,1.));
#2054 = PLANE('',#2055);
#2055 = AXIS2_PLACEMENT_3D('',#2056,#2057,#2058);
#2056 = CARTESIAN_POINT('',(92.795107532402,204.00804120132,9.398704E-11
    ));
#2057 = DIRECTION('',(-1.,0.,0.));
#2058 = DIRECTION('',(0.,-1.,3.1E-16));
#2059 = ADVANCED_FACE('',(#2060),#2071,.T.);
#2060 = FACE_BOUND('',#2061,.T.);
#2061 = EDGE_LOOP('',(#2062,#2063,#2064,#2065));
#2062 = ORIENTED_EDGE('',*,*,#230,.T.);
#2063 = ORIENTED_EDGE('',*,*,#2049,.F.);
#2064 = ORIENTED_EDGE('',*,*,#1826,.F.);
#2065 = ORIENTED_EDGE('',*,*,#2066,.T.);
#2066 = EDGE_CURVE('',#1819,#222,#2067,.T.);
#2067 = LINE('',#2068,#2069);
#2068 = CARTESIAN_POINT('',(91.795107532402,202.50804120132,9.398704E-11
    ));
#2069 = VECTOR('',#2070,1.);
#2070 = DIRECTION('',(0.,0.,1.));
#2071 = PLANE('',#2072);
#2072 = AXIS2_PLACEMENT_3D('',#2073,#2074,#2075);
#2073 = CARTESIAN_POINT('',(92.795107532402,202.50804120132,9.398793E-11
    ));
#2074 = DIRECTION('',(0.,1.,0.));
#2075 = DIRECTION('',(-1.,0.,0.));
#2076 = ADVANCED_FACE('',(#2077),#2083,.T.);
#2077 = FACE_BOUND('',#2078,.T.);
#2078 = EDGE_LOOP('',(#2079,#2080,#2081,#2082));
#2079 = ORIENTED_EDGE('',*,*,#221,.T.);
#2080 = ORIENTED_EDGE('',*,*,#2066,.F.);
#2081 = ORIENTED_EDGE('',*,*,#1818,.F.);
#2082 = ORIENTED_EDGE('',*,*,#2030,.T.);
#2083 = PLANE('',#2084);
#2084 = AXIS2_PLACEMENT_3D('',#2085,#2086,#2087);
#2085 = CARTESIAN_POINT('',(91.795107532402,205.00804120132,9.398615E-11
    ));
#2086 = DIRECTION('',(1.,0.,0.));
#2087 = DIRECTION('',(0.,1.,-3.1E-16));
#2088 = ADVANCED_FACE('',(#2089),#2101,.F.);
#2089 = FACE_BOUND('',#2090,.F.);
#2090 = EDGE_LOOP('',(#2091,#2098,#2099,#2100));
#2091 = ORIENTED_EDGE('',*,*,#2092,.T.);
#2092 = EDGE_CURVE('',#1672,#32,#2093,.T.);
#2093 = B_SPLINE_CURVE_WITH_KNOTS('',1,(#2094,#2095,#2096,#2097),
  .UNSPECIFIED.,.F.,.F.,(2,1,1,2),(11.680368444824,18.,19.,
    20.143283457962),.UNSPECIFIED.);
#2094 = CARTESIAN_POINT('',(94.975475977226,204.83304120131,
    4.332749102223));
#2095 = CARTESIAN_POINT('',(101.2951075324,204.83304120131,
    4.332749102223));
#2096 = CARTESIAN_POINT('',(102.2951075324,204.83304120131,
    4.332749102223));
#2097 = CARTESIAN_POINT('',(103.43839099036,204.83304120131,
    4.332749102223));
#2098 = ORIENTED_EDGE('',*,*,#39,.F.);
#2099 = ORIENTED_EDGE('',*,*,#459,.F.);
#2100 = ORIENTED_EDGE('',*,*,#1671,.F.);
#2101 = B_SPLINE_SURFACE_WITH_KNOTS('',1,1,(
    (#2102,#2103,#2104)
    ,(#2105,#2106,#2107)
    ,(#2108,#2109,#2110
    )),.UNSPECIFIED.,.F.,.F.,.F.,(2,1,2),(2,1,2),(2.025E-13,18.,
    66.499999999999),(0.,3.,10.5),.UNSPECIFIED.);
#2102 = CARTESIAN_POINT('',(83.295107532402,204.83304120132,
    4.332749102223));
#2103 = CARTESIAN_POINT('',(83.295107532402,204.83304120132,
    7.332749102223));
#2104 = CARTESIAN_POINT('',(83.295107532402,204.83304120132,
    14.832749102223));
#2105 = CARTESIAN_POINT('',(101.2951075324,204.83304120131,
    4.332749102223));
#2106 = CARTESIAN_POINT('',(101.2951075324,204.83304120131,
    7.332749102223));
#2107 = CARTESIAN_POINT('',(101.2951075324,204.83304120131,
    14.832749102223));
#2108 = CARTESIAN_POINT('',(149.7951075324,204.83304120129,
    4.332749102223));
#2109 = CARTESIAN_POINT('',(149.7951075324,204.83304120129,
    7.332749102223));
#2110 = CARTESIAN_POINT('',(149.7951075324,204.83304120129,
    14.832749102223));
#2111 = ADVANCED_FACE('',(#2112),#2123,.F.);
#2112 = FACE_BOUND('',#2113,.T.);
#2113 = EDGE_LOOP('',(#2114,#2115,#2116,#2117));
#2114 = ORIENTED_EDGE('',*,*,#1680,.T.);
#2115 = ORIENTED_EDGE('',*,*,#2092,.T.);
#2116 = ORIENTED_EDGE('',*,*,#31,.T.);
#2117 = ORIENTED_EDGE('',*,*,#2118,.F.);
#2118 = EDGE_CURVE('',#1681,#22,#2119,.T.);
#2119 = LINE('',#2120,#2121);
#2120 = CARTESIAN_POINT('',(92.295107532402,204.18304120131,
    4.332749102223));
#2121 = VECTOR('',#2122,1.);
#2122 = DIRECTION('',(1.,-4.0422E-13,0.));
#2123 = PLANE('',#2124);
#2124 = AXIS2_PLACEMENT_3D('',#2125,#2126,#2127);
#2125 = CARTESIAN_POINT('',(92.295107532402,204.83304120131,
    4.332749102223));
#2126 = DIRECTION('',(0.,0.,1.));
#2127 = DIRECTION('',(1.,0.,-0.));
#2128 = ADVANCED_FACE('',(#2129),#2135,.T.);
#2129 = FACE_BOUND('',#2130,.T.);
#2130 = EDGE_LOOP('',(#2131,#2132,#2133,#2134));
#2131 = ORIENTED_EDGE('',*,*,#1689,.T.);
#2132 = ORIENTED_EDGE('',*,*,#2118,.T.);
#2133 = ORIENTED_EDGE('',*,*,#21,.T.);
#2134 = ORIENTED_EDGE('',*,*,#1550,.T.);
#2135 = PLANE('',#2136);
#2136 = AXIS2_PLACEMENT_3D('',#2137,#2138,#2139);
#2137 = CARTESIAN_POINT('',(92.295107532402,204.18304120131,
    5.832749102223));
#2138 = DIRECTION('',(-4.0422E-13,-1.,0.));
#2139 = DIRECTION('',(-0.,0.,-1.));
#2140 = ADVANCED_FACE('',(#2141),#2157,.F.);
#2141 = FACE_BOUND('',#2142,.T.);
#2142 = EDGE_LOOP('',(#2143,#2144,#2145,#2151,#2152));
#2143 = ORIENTED_EDGE('',*,*,#1729,.T.);
#2144 = ORIENTED_EDGE('',*,*,#1704,.T.);
#2145 = ORIENTED_EDGE('',*,*,#2146,.T.);
#2146 = EDGE_CURVE('',#1697,#616,#2147,.T.);
#2147 = LINE('',#2148,#2149);
#2148 = CARTESIAN_POINT('',(92.620107532406,204.50804120131,
    4.332749102223));
#2149 = VECTOR('',#2150,1.);
#2150 = DIRECTION('',(-2.0211E-13,-1.,0.));
#2151 = ORIENTED_EDGE('',*,*,#656,.T.);
#2152 = ORIENTED_EDGE('',*,*,#2153,.T.);
#2153 = EDGE_CURVE('',#649,#1730,#2154,.T.);
#2154 = B_SPLINE_CURVE_WITH_KNOTS('',1,(#2155,#2156),.UNSPECIFIED.,.F.,
  .F.,(2,2),(2.88843874283,6.319631555191),.PIECEWISE_BEZIER_KNOTS.);
#2155 = CARTESIAN_POINT('',(91.970107532405,198.39647994414,
    4.332749102223));
#2156 = CARTESIAN_POINT('',(91.970107532405,201.8276727565,
    4.332749102223));
#2157 = PLANE('',#2158);
#2158 = AXIS2_PLACEMENT_3D('',#2159,#2160,#2161);
#2159 = CARTESIAN_POINT('',(92.295107532402,204.83304120131,
    4.332749102223));
#2160 = DIRECTION('',(0.,0.,1.));
#2161 = DIRECTION('',(1.,0.,-0.));
#2162 = ADVANCED_FACE('',(#2163),#2169,.T.);
#2163 = FACE_BOUND('',#2164,.T.);
#2164 = EDGE_LOOP('',(#2165,#2166,#2167,#2168));
#2165 = ORIENTED_EDGE('',*,*,#1696,.T.);
#2166 = ORIENTED_EDGE('',*,*,#1539,.T.);
#2167 = ORIENTED_EDGE('',*,*,#613,.T.);
#2168 = ORIENTED_EDGE('',*,*,#2146,.F.);
#2169 = PLANE('',#2170);
#2170 = AXIS2_PLACEMENT_3D('',#2171,#2172,#2173);
#2171 = CARTESIAN_POINT('',(92.620107532406,204.50804120131,
    5.832749102223));
#2172 = DIRECTION('',(1.,-2.0211E-13,0.));
#2173 = DIRECTION('',(0.,0.,-1.));
#2174 = ADVANCED_FACE('',(#2175),#2181,.F.);
#2175 = FACE_BOUND('',#2176,.F.);
#2176 = EDGE_LOOP('',(#2177,#2178,#2179,#2180));
#2177 = ORIENTED_EDGE('',*,*,#576,.F.);
#2178 = ORIENTED_EDGE('',*,*,#648,.F.);
#2179 = ORIENTED_EDGE('',*,*,#2153,.T.);
#2180 = ORIENTED_EDGE('',*,*,#1738,.F.);
#2181 = B_SPLINE_SURFACE_WITH_KNOTS('',1,1,(
    (#2182,#2183,#2184)
    ,(#2185,#2186,#2187)
    ,(#2188,#2189,#2190)
    ,(#2191,#2192,#2193
    )),.UNSPECIFIED.,.F.,.F.,.F.,(2,1,1,2),(2,1,2),(-66.20000000002,
    -3.43547E-12,18.000000000003,20.700000000005),(0.,3.,10.5),
  .UNSPECIFIED.);
#2182 = CARTESIAN_POINT('',(91.970107532387,129.30804120131,
    4.332749102223));
#2183 = CARTESIAN_POINT('',(91.970107532387,129.30804120131,
    7.332749102223));
#2184 = CARTESIAN_POINT('',(91.970107532387,129.30804120131,
    14.832749102223));
#2185 = CARTESIAN_POINT('',(91.970107532401,195.50804120131,
    4.332749102223));
#2186 = CARTESIAN_POINT('',(91.970107532401,195.50804120131,
    7.332749102223));
#2187 = CARTESIAN_POINT('',(91.970107532401,195.50804120131,
    14.832749102223));
#2188 = CARTESIAN_POINT('',(91.970107532405,213.50804120131,
    4.332749102223));
#2189 = CARTESIAN_POINT('',(91.970107532405,213.50804120131,
    7.332749102223));
#2190 = CARTESIAN_POINT('',(91.970107532405,213.50804120131,
    14.832749102223));
#2191 = CARTESIAN_POINT('',(91.970107532405,216.2080412013,
    4.332749102223));
#2192 = CARTESIAN_POINT('',(91.970107532405,216.2080412013,
    7.332749102223));
#2193 = CARTESIAN_POINT('',(91.970107532405,216.2080412013,
    14.832749102223));
#2194 = ADVANCED_FACE('',(#2195),#2207,.F.);
#2195 = FACE_BOUND('',#2196,.F.);
#2196 = EDGE_LOOP('',(#2197,#2198,#2199,#2206));
#2197 = ORIENTED_EDGE('',*,*,#337,.F.);
#2198 = ORIENTED_EDGE('',*,*,#688,.F.);
#2199 = ORIENTED_EDGE('',*,*,#2200,.T.);
#2200 = EDGE_CURVE('',#689,#1757,#2201,.T.);
#2201 = B_SPLINE_CURVE_WITH_KNOTS('',1,(#2202,#2203,#2204,#2205),
  .UNSPECIFIED.,.F.,.F.,(2,1,1,2),(-1.986225179842,-1.,0.,6.319631555176
    ),.UNSPECIFIED.);
#2202 = CARTESIAN_POINT('',(81.308882352561,204.83304120131,
    4.332749102223));
#2203 = CARTESIAN_POINT('',(82.295107532402,204.83304120131,
    4.332749102223));
#2204 = CARTESIAN_POINT('',(83.295107532402,204.83304120131,
    4.332749102223));
#2205 = CARTESIAN_POINT('',(89.614739087578,204.83304120131,
    4.332749102223));
#2206 = ORIENTED_EDGE('',*,*,#1765,.F.);
#2207 = B_SPLINE_SURFACE_WITH_KNOTS('',1,1,(
    (#2208,#2209,#2210,#2211)
    ,(#2212,#2213,#2214,#2215)
    ,(#2216,#2217,#2218,#2219
    )),.UNSPECIFIED.,.F.,.F.,.F.,(2,1,2),(2,1,1,2),(-48.49999999999,
    2.025E-13,18.),(-113.9999999999,0.,3.,39.650002000038),
  .UNSPECIFIED.);
#2208 = CARTESIAN_POINT('',(34.795107532402,204.83304120134,
    -109.6672508977));
#2209 = CARTESIAN_POINT('',(34.795107532402,204.83304120134,
    4.332749102223));
#2210 = CARTESIAN_POINT('',(34.795107532402,204.83304120134,
    7.332749102223));
#2211 = CARTESIAN_POINT('',(34.795107532402,204.83304120134,
    43.982751102262));
#2212 = CARTESIAN_POINT('',(83.295107532402,204.83304120132,
    -109.6672508977));
#2213 = CARTESIAN_POINT('',(83.295107532402,204.83304120132,
    4.332749102223));
#2214 = CARTESIAN_POINT('',(83.295107532402,204.83304120132,
    7.332749102223));
#2215 = CARTESIAN_POINT('',(83.295107532402,204.83304120132,
    43.982751102262));
#2216 = CARTESIAN_POINT('',(101.2951075324,204.83304120131,
    -109.6672508977));
#2217 = CARTESIAN_POINT('',(101.2951075324,204.83304120131,
    4.332749102223));
#2218 = CARTESIAN_POINT('',(101.2951075324,204.83304120131,
    7.332749102223));
#2219 = CARTESIAN_POINT('',(101.2951075324,204.83304120131,
    43.982751102262));
#2220 = ADVANCED_FACE('',(#2221),#2232,.F.);
#2221 = FACE_BOUND('',#2222,.T.);
#2222 = EDGE_LOOP('',(#2223,#2224,#2230,#2231));
#2223 = ORIENTED_EDGE('',*,*,#1756,.T.);
#2224 = ORIENTED_EDGE('',*,*,#2225,.T.);
#2225 = EDGE_CURVE('',#1749,#671,#2226,.T.);
#2226 = LINE('',#2227,#2228);
#2227 = CARTESIAN_POINT('',(92.295107532402,204.18304120132,
    4.332749102223));
#2228 = VECTOR('',#2229,1.);
#2229 = DIRECTION('',(-1.,4.0422E-13,0.));
#2230 = ORIENTED_EDGE('',*,*,#697,.T.);
#2231 = ORIENTED_EDGE('',*,*,#2200,.T.);
#2232 = PLANE('',#2233);
#2233 = AXIS2_PLACEMENT_3D('',#2234,#2235,#2236);
#2234 = CARTESIAN_POINT('',(92.295107532402,204.83304120131,
    4.332749102223));
#2235 = DIRECTION('',(0.,0.,1.));
#2236 = DIRECTION('',(1.,0.,-0.));
#2237 = ADVANCED_FACE('',(#2238),#2244,.T.);
#2238 = FACE_BOUND('',#2239,.T.);
#2239 = EDGE_LOOP('',(#2240,#2241,#2242,#2243));
#2240 = ORIENTED_EDGE('',*,*,#1748,.T.);
#2241 = ORIENTED_EDGE('',*,*,#535,.T.);
#2242 = ORIENTED_EDGE('',*,*,#670,.T.);
#2243 = ORIENTED_EDGE('',*,*,#2225,.F.);
#2244 = PLANE('',#2245);
#2245 = AXIS2_PLACEMENT_3D('',#2246,#2247,#2248);
#2246 = CARTESIAN_POINT('',(92.295107532402,204.18304120131,
    5.832749102223));
#2247 = DIRECTION('',(-4.0422E-13,-1.,0.));
#2248 = DIRECTION('',(-0.,0.,-1.));
#2249 = ADVANCED_FACE('',(#2250),#2261,.T.);
#2250 = FACE_BOUND('',#2251,.T.);
#2251 = EDGE_LOOP('',(#2252,#2253,#2259,#2260));
#2252 = ORIENTED_EDGE('',*,*,#1664,.T.);
#2253 = ORIENTED_EDGE('',*,*,#2254,.F.);
#2254 = EDGE_CURVE('',#100,#1656,#2255,.T.);
#2255 = LINE('',#2256,#2257);
#2256 = CARTESIAN_POINT('',(92.620107532406,204.50804120131,
    4.332749102223));
#2257 = VECTOR('',#2258,1.);
#2258 = DIRECTION('',(-2.0211E-13,-1.,0.));
#2259 = ORIENTED_EDGE('',*,*,#99,.T.);
#2260 = ORIENTED_EDGE('',*,*,#418,.T.);
#2261 = PLANE('',#2262);
#2262 = AXIS2_PLACEMENT_3D('',#2263,#2264,#2265);
#2263 = CARTESIAN_POINT('',(92.620107532406,204.50804120131,
    5.832749102223));
#2264 = DIRECTION('',(1.,-2.0211E-13,0.));
#2265 = DIRECTION('',(0.,0.,-1.));
#2266 = ADVANCED_FACE('',(#2267),#2277,.F.);
#2267 = FACE_BOUND('',#2268,.T.);
#2268 = EDGE_LOOP('',(#2269,#2270,#2275,#2276));
#2269 = ORIENTED_EDGE('',*,*,#1655,.T.);
#2270 = ORIENTED_EDGE('',*,*,#2271,.T.);
#2271 = EDGE_CURVE('',#1645,#110,#2272,.T.);
#2272 = B_SPLINE_CURVE_WITH_KNOTS('',1,(#2273,#2274),.UNSPECIFIED.,.F.,
  .F.,(2,2),(11.680368444836,16.376736628858),.PIECEWISE_BEZIER_KNOTS.);
#2273 = CARTESIAN_POINT('',(91.970107532405,207.18840964615,
    4.332749102223));
#2274 = CARTESIAN_POINT('',(91.970107532405,211.88477783017,
    4.332749102223));
#2275 = ORIENTED_EDGE('',*,*,#109,.T.);
#2276 = ORIENTED_EDGE('',*,*,#2254,.T.);
#2277 = PLANE('',#2278);
#2278 = AXIS2_PLACEMENT_3D('',#2279,#2280,#2281);
#2279 = CARTESIAN_POINT('',(92.295107532402,204.83304120131,
    4.332749102223));
#2280 = DIRECTION('',(0.,0.,1.));
#2281 = DIRECTION('',(1.,0.,-0.));
#2282 = ADVANCED_FACE('',(#2283),#2289,.F.);
#2283 = FACE_BOUND('',#2284,.F.);
#2284 = EDGE_LOOP('',(#2285,#2286,#2287,#2288));
#2285 = ORIENTED_EDGE('',*,*,#2271,.T.);
#2286 = ORIENTED_EDGE('',*,*,#117,.F.);
#2287 = ORIENTED_EDGE('',*,*,#379,.F.);
#2288 = ORIENTED_EDGE('',*,*,#1644,.F.);
#2289 = B_SPLINE_SURFACE_WITH_KNOTS('',1,1,(
    (#2290,#2291,#2292)
    ,(#2293,#2294,#2295)
    ,(#2296,#2297,#2298)
    ,(#2299,#2300,#2301
    )),.UNSPECIFIED.,.F.,.F.,.F.,(2,1,1,2),(2,1,2),(-66.20000000002,
    -3.43547E-12,18.000000000003,20.700000000005),(0.,3.,10.5),
  .UNSPECIFIED.);
#2290 = CARTESIAN_POINT('',(91.970107532387,129.30804120131,
    4.332749102223));
#2291 = CARTESIAN_POINT('',(91.970107532387,129.30804120131,
    7.332749102223));
#2292 = CARTESIAN_POINT('',(91.970107532387,129.30804120131,
    14.832749102223));
#2293 = CARTESIAN_POINT('',(91.970107532401,195.50804120131,
    4.332749102223));
#2294 = CARTESIAN_POINT('',(91.970107532401,195.50804120131,
    7.332749102223));
#2295 = CARTESIAN_POINT('',(91.970107532401,195.50804120131,
    14.832749102223));
#2296 = CARTESIAN_POINT('',(91.970107532405,213.50804120131,
    4.332749102223));
#2297 = CARTESIAN_POINT('',(91.970107532405,213.50804120131,
    7.332749102223));
#2298 = CARTESIAN_POINT('',(91.970107532405,213.50804120131,
    14.832749102223));
#2299 = CARTESIAN_POINT('',(91.970107532405,216.2080412013,
    4.332749102223));
#2300 = CARTESIAN_POINT('',(91.970107532405,216.2080412013,
    7.332749102223));
#2301 = CARTESIAN_POINT('',(91.970107532405,216.2080412013,
    14.832749102223));
#2302 = ( GEOMETRIC_REPRESENTATION_CONTEXT(3) 
GLOBAL_UNCERTAINTY_ASSIGNED_CONTEXT((#2306)) 
GLOBAL_UNIT_ASSIGNED_CONTEXT((#2303,#2304,#2305)) REPRESENTATION_CONTEXT
('Context #1','3D Context with UNIT and UNCERTAINTY') );
#2303 = ( LENGTH_UNIT() NAMED_UNIT(*) SI_UNIT(.MILLI.,.METRE.) );
#2304 = ( NAMED_UNIT(*) PLANE_ANGLE_UNIT() SI_UNIT($,.RADIAN.) );
#2305 = ( NAMED_UNIT(*) SI_UNIT($,.STERADIAN.) SOLID_ANGLE_UNIT() );
#2306 = UNCERTAINTY_MEASURE_WITH_UNIT(LENGTH_MEASURE(5.E-04),#2303,
  'distance_accuracy_value','confusion accuracy');
#2307 = PRODUCT_RELATED_PRODUCT_CATEGORY('part',$,(#7));
#2308 = MECHANICAL_DESIGN_GEOMETRIC_PRESENTATION_REPRESENTATION('',(
    #2309),#2302);
#2309 = STYLED_ITEM('color',(#2310),#15);
#2310 = PRESENTATION_STYLE_ASSIGNMENT((#2311,#2317));
#2311 = SURFACE_STYLE_USAGE(.BOTH.,#2312);
#2312 = SURFACE_SIDE_STYLE('',(#2313));
#2313 = SURFACE_STYLE_FILL_AREA(#2314);
#2314 = FILL_AREA_STYLE('',(#2315));
#2315 = FILL_AREA_STYLE_COLOUR('',#2316);
#2316 = DRAUGHTING_PRE_DEFINED_COLOUR('white');
#2317 = CURVE_STYLE('',#2318,POSITIVE_LENGTH_MEASURE(0.1),#2319);
#2318 = DRAUGHTING_PRE_DEFINED_CURVE_FONT('continuous');
#2319 = COLOUR_RGB('',9.803921802644E-02,9.803921802644E-02,
  9.803921802644E-02);
ENDSEC;
END-ISO-10303-21;
