ISO-10303-21;
HEADER;
FILE_DESCRIPTION(('FreeCAD Model'),'2;1');
FILE_NAME('Open CASCADE Shape Model','2026-09-14T23:38:00',('Author'),(
    ''),'Open CASCADE STEP processor 7.9','FreeCAD','Unknown');
FILE_SCHEMA(('AUTOMOTIVE_DESIGN { 1 0 10303 214 1 1 1 1 }'));
ENDSEC;
DATA;
#1 = APPLICATION_PROTOCOL_DEFINITION('international standard',
  'automotive_design',2000,#2);
#2 = APPLICATION_CONTEXT(
  'core data for automotive mechanical design processes');
#3 = SHAPE_DEFINITION_REPRESENTATION(#4,#10);
#4 = PRODUCT_DEFINITION_SHAPE('','',#5);
#5 = PRODUCT_DEFINITION('design','',#6,#9);
#6 = PRODUCT_DEFINITION_FORMATION('','',#7);
#7 = PRODUCT('Product010','Product010','',(#8));
#8 = PRODUCT_CONTEXT('',#2,'mechanical');
#9 = PRODUCT_DEFINITION_CONTEXT('part definition',#2,'design');
#10 = ADVANCED_BREP_SHAPE_REPRESENTATION('',(#11,#15),#2197);
#11 = AXIS2_PLACEMENT_3D('',#12,#13,#14);
#12 = CARTESIAN_POINT('',(0.,0.,0.));
#13 = DIRECTION('',(0.,0.,1.));
#14 = DIRECTION('',(1.,0.,-0.));
#15 = MANIFOLD_SOLID_BREP('',#16);
#16 = CLOSED_SHELL('',(#17,#95,#164,#312,#390,#451,#534,#581,#668,#700,
    #745,#801,#870,#941,#983,#1040,#1104,#1175,#1222,#1263,#1299,#1317,
    #1363,#1424,#1453,#1494,#1511,#1547,#1587,#1604,#1628,#1660,#1685,
    #1702,#1783,#1800,#1816,#1836,#1943,#1965,#1982,#1999,#2016,#2033,
    #2050,#2067,#2084,#2101,#2118,#2135,#2147,#2168,#2185));
#17 = ADVANCED_FACE('',(#18),#90,.F.);
#18 = FACE_BOUND('',#19,.T.);
#19 = EDGE_LOOP('',(#20,#30,#38,#46,#57,#65,#73,#81));
#20 = ORIENTED_EDGE('',*,*,#21,.F.);
#21 = EDGE_CURVE('',#22,#24,#26,.T.);
#22 = VERTEX_POINT('',#23);
#23 = CARTESIAN_POINT('',(8.424999999821,198.39647994413,4.332749102223)
  );
#24 = VERTEX_POINT('',#25);
#25 = CARTESIAN_POINT('',(8.424999999821,199.24215886233,6.681698016428)
  );
#26 = LINE('',#27,#28);
#27 = CARTESIAN_POINT('',(8.424999999821,199.89265167363,8.488500042504)
  );
#28 = VECTOR('',#29,1.);
#29 = DIRECTION('',(0.,0.338739789867,0.940880095847));
#30 = ORIENTED_EDGE('',*,*,#31,.F.);
#31 = EDGE_CURVE('',#32,#22,#34,.T.);
#32 = VERTEX_POINT('',#33);
#33 = CARTESIAN_POINT('',(9.074999999822,198.39647994413,4.332749102223)
  );
#34 = LINE('',#35,#36);
#35 = CARTESIAN_POINT('',(10.924177232388,198.39647994413,4.332749102223
    ));
#36 = VECTOR('',#37,1.);
#37 = DIRECTION('',(-1.,2.E-17,0.));
#38 = ORIENTED_EDGE('',*,*,#39,.F.);
#39 = EDGE_CURVE('',#40,#32,#42,.T.);
#40 = VERTEX_POINT('',#41);
#41 = CARTESIAN_POINT('',(9.074999999822,199.24142882349,6.679670268233)
  );
#42 = LINE('',#43,#44);
#43 = CARTESIAN_POINT('',(9.074999999822,199.7342354175,8.048484707123)
  );
#44 = VECTOR('',#45,1.);
#45 = DIRECTION('',(-6.846E-14,-0.338739789867,-0.940880095847));
#46 = ORIENTED_EDGE('',*,*,#47,.T.);
#47 = EDGE_CURVE('',#40,#48,#50,.T.);
#48 = VERTEX_POINT('',#49);
#49 = CARTESIAN_POINT('',(14.221375859161,199.40714192881,7.13995325554)
  );
#50 = B_SPLINE_CURVE_WITH_KNOTS('',3,(#51,#52,#53,#54,#55,#56),
  .UNSPECIFIED.,.F.,.F.,(4,2,4),(4.835926966168E-02,2.670795239071,
    5.225711947394),.UNSPECIFIED.);
#51 = CARTESIAN_POINT('',(9.074999999826,199.24142882351,6.679670268234)
  );
#52 = CARTESIAN_POINT('',(9.94909757845,199.24369102875,6.685953745815)
  );
#53 = CARTESIAN_POINT('',(10.82230837793,199.2590384551,6.728582596677)
  );
#54 = CARTESIAN_POINT('',(12.54015537112,199.31504871924,6.884156120312)
  );
#55 = CARTESIAN_POINT('',(13.383800077267,199.35501209579,6.99515797681)
  );
#56 = CARTESIAN_POINT('',(14.221375859164,199.40714192881,7.13995325554)
  );
#57 = ORIENTED_EDGE('',*,*,#58,.T.);
#58 = EDGE_CURVE('',#48,#59,#61,.T.);
#59 = VERTEX_POINT('',#60);
#60 = CARTESIAN_POINT('',(16.534398849155,196.83658455801,9.4588E-11));
#61 = LINE('',#62,#63);
#62 = CARTESIAN_POINT('',(13.85649113249,199.81265329972,8.26629739623)
  );
#63 = VECTOR('',#64,1.);
#64 = DIRECTION('',(0.291559846988,-0.324022423013,-0.900001291671));
#65 = ORIENTED_EDGE('',*,*,#66,.T.);
#66 = EDGE_CURVE('',#59,#67,#69,.T.);
#67 = VERTEX_POINT('',#68);
#68 = CARTESIAN_POINT('',(1.153279680177,196.83658455801,9.4589E-11));
#69 = LINE('',#70,#71);
#70 = CARTESIAN_POINT('',(10.924177232388,196.83658455801,9.458745E-11)
  );
#71 = VECTOR('',#72,1.);
#72 = DIRECTION('',(-1.,3.E-17,3.E-17));
#73 = ORIENTED_EDGE('',*,*,#74,.T.);
#74 = EDGE_CURVE('',#67,#75,#77,.T.);
#75 = VERTEX_POINT('',#76);
#76 = CARTESIAN_POINT('',(3.552336976834,199.40238461485,7.126739390057)
  );
#77 = LINE('',#78,#79);
#78 = CARTESIAN_POINT('',(4.342563761336,200.24753488758,9.474219944176)
  );
#79 = VECTOR('',#80,1.);
#80 = DIRECTION('',(0.301943307514,0.322929409256,0.896965348096));
#81 = ORIENTED_EDGE('',*,*,#82,.T.);
#82 = EDGE_CURVE('',#75,#24,#83,.T.);
#83 = B_SPLINE_CURVE_WITH_KNOTS('',3,(#84,#85,#86,#87,#88,#89),
  .UNSPECIFIED.,.F.,.F.,(4,2,4),(0.121368845401,2.521991397276,
    5.023566907234),.UNSPECIFIED.);
#84 = CARTESIAN_POINT('',(3.552336976831,199.40238461484,7.126739390056)
  );
#85 = CARTESIAN_POINT('',(4.33970132775,199.35410219421,6.992630643713)
  );
#86 = CARTESIAN_POINT('',(5.132372363547,199.31656585311,6.888370095453)
  );
#87 = CARTESIAN_POINT('',(6.758511078071,199.26212507842,6.737155969336)
  );
#88 = CARTESIAN_POINT('',(7.591247720462,199.24618968134,6.692893977143)
  );
#89 = CARTESIAN_POINT('',(8.424999999817,199.24215886233,6.681698016428)
  );
#90 = PLANE('',#91);
#91 = AXIS2_PLACEMENT_3D('',#92,#93,#94);
#92 = CARTESIAN_POINT('',(13.098354464957,199.89265167363,8.488500042504
    ));
#93 = DIRECTION('',(-2.E-17,-0.940880095847,0.338739789867));
#94 = DIRECTION('',(7.703719777549E-34,-0.338739789867,-0.940880095847)
  );
#95 = ADVANCED_FACE('',(#96),#159,.F.);
#96 = FACE_BOUND('',#97,.T.);
#97 = EDGE_LOOP('',(#98,#108,#116,#124,#135,#143,#149,#150));
#98 = ORIENTED_EDGE('',*,*,#99,.F.);
#99 = EDGE_CURVE('',#100,#102,#104,.T.);
#100 = VERTEX_POINT('',#101);
#101 = CARTESIAN_POINT('',(15.130783457775,204.1830412013,4.332749102223
    ));
#102 = VERTEX_POINT('',#103);
#103 = CARTESIAN_POINT('',(14.170219687847,204.1830412013,7.297864644026
    ));
#104 = LINE('',#105,#106);
#105 = CARTESIAN_POINT('',(14.321994342183,204.1830412013,6.829359167846
    ));
#106 = VECTOR('',#107,1.);
#107 = DIRECTION('',(-0.308186704245,1.2458E-13,0.951325893333));
#108 = ORIENTED_EDGE('',*,*,#109,.F.);
#109 = EDGE_CURVE('',#110,#100,#112,.T.);
#110 = VERTEX_POINT('',#111);
#111 = CARTESIAN_POINT('',(15.130783457775,204.8330412013,4.332749102223
    ));
#112 = LINE('',#113,#114);
#113 = CARTESIAN_POINT('',(15.130783457775,204.9610005231,4.332749102223
    ));
#114 = VECTOR('',#115,1.);
#115 = DIRECTION('',(-1.1067E-13,-1.,0.));
#116 = ORIENTED_EDGE('',*,*,#117,.F.);
#117 = EDGE_CURVE('',#118,#110,#120,.T.);
#118 = VERTEX_POINT('',#119);
#119 = CARTESIAN_POINT('',(14.163255301137,204.83304120132,
    7.319362655824));
#120 = LINE('',#121,#122);
#121 = CARTESIAN_POINT('',(14.559024931288,204.83304120131,
    6.097681474349));
#122 = VECTOR('',#123,1.);
#123 = DIRECTION('',(0.308186704245,-3.411E-14,-0.951325893333));
#124 = ORIENTED_EDGE('',*,*,#125,.T.);
#125 = EDGE_CURVE('',#118,#126,#128,.T.);
#126 = VERTEX_POINT('',#127);
#127 = CARTESIAN_POINT('',(14.090598783616,211.61151031788,7.54364237161
    ));
#128 = B_SPLINE_CURVE_WITH_KNOTS('',3,(#129,#130,#131,#132,#133,#134),
  .UNSPECIFIED.,.F.,.F.,(4,2,4),(6.570440591684E-02,3.458136420925,
    6.848270488477),.UNSPECIFIED.);
#129 = CARTESIAN_POINT('',(14.163255301133,204.83304120132,
    7.319362655825));
#130 = CARTESIAN_POINT('',(14.151146189608,205.96316907034,
    7.356741657537));
#131 = CARTESIAN_POINT('',(14.139034868516,207.09329720201,
    7.394127479825));
#132 = CARTESIAN_POINT('',(14.114816028141,209.35278681082,7.46888738879
    ));
#133 = CARTESIAN_POINT('',(14.102708505907,210.48214884255,
    7.506261484585));
#134 = CARTESIAN_POINT('',(14.090598783619,211.61151031788,7.54364237161
    ));
#135 = ORIENTED_EDGE('',*,*,#136,.T.);
#136 = EDGE_CURVE('',#126,#137,#139,.T.);
#137 = VERTEX_POINT('',#138);
#138 = CARTESIAN_POINT('',(16.534398849159,212.2535224346,9.4588E-11));
#139 = LINE('',#140,#141);
#140 = CARTESIAN_POINT('',(14.376655584008,211.68666046395,
    6.660628155133));
#141 = VECTOR('',#142,1.);
#142 = DIRECTION('',(0.30718153766,8.069983792692E-02,-0.948223095626));
#143 = ORIENTED_EDGE('',*,*,#144,.T.);
#144 = EDGE_CURVE('',#137,#59,#145,.T.);
#145 = LINE('',#146,#147);
#146 = CARTESIAN_POINT('',(16.534398849155,204.79850052309,9.458745E-11)
  );
#147 = VECTOR('',#148,1.);
#148 = DIRECTION('',(-1.1066E-13,-1.,-1.E-17));
#149 = ORIENTED_EDGE('',*,*,#58,.F.);
#150 = ORIENTED_EDGE('',*,*,#151,.T.);
#151 = EDGE_CURVE('',#48,#102,#152,.T.);
#152 = B_SPLINE_CURVE_WITH_KNOTS('',3,(#153,#154,#155,#156,#157,#158),
  .UNSPECIFIED.,.F.,.F.,(4,2,4),(0.421648595279,2.63068941448,
    5.200431580856),.UNSPECIFIED.);
#153 = CARTESIAN_POINT('',(14.221375859164,199.40714192882,7.13995325554
    ));
#154 = CARTESIAN_POINT('',(14.213495393706,200.14304475457,
    7.164279064337));
#155 = CARTESIAN_POINT('',(14.205613994429,200.87894747503,
    7.188607755686));
#156 = CARTESIAN_POINT('',(14.188562267544,202.4709139365,7.241243865833
    ));
#157 = CARTESIAN_POINT('',(14.179391609978,203.3269776403,7.269552303167
    ));
#158 = CARTESIAN_POINT('',(14.170219687843,204.18304120144,7.29786464403
    ));
#159 = PLANE('',#160);
#160 = AXIS2_PLACEMENT_3D('',#161,#162,#163);
#161 = CARTESIAN_POINT('',(14.559024931288,205.08895984488,
    6.097681474349));
#162 = DIRECTION('',(0.951325893333,-1.0528E-13,0.308186704245));
#163 = DIRECTION('',(1.106669209241E-13,1.,-9.974817766633E-19));
#164 = ADVANCED_FACE('',(#165),#295,.F.);
#165 = FACE_BOUND('',#166,.F.);
#166 = EDGE_LOOP('',(#167,#178,#187,#198,#210,#219,#234,#243,#252,#261,
    #273,#282));
#167 = ORIENTED_EDGE('',*,*,#168,.T.);
#168 = EDGE_CURVE('',#169,#171,#173,.T.);
#169 = VERTEX_POINT('',#170);
#170 = CARTESIAN_POINT('',(8.249999999818,206.50804120132,6.93795920611)
  );
#171 = VERTEX_POINT('',#172);
#172 = CARTESIAN_POINT('',(8.249999999818,205.00804120131,6.885633624707
    ));
#173 = B_SPLINE_CURVE_WITH_KNOTS('',3,(#174,#175,#176,#177),
  .UNSPECIFIED.,.F.,.F.,(4,4),(1.395596702795E-02,1.514868345017),
  .PIECEWISE_BEZIER_KNOTS.);
#174 = CARTESIAN_POINT('',(8.249999999818,206.50804120132,6.93795920611)
  );
#175 = CARTESIAN_POINT('',(8.249999999818,206.00804120132,6.920517345643
    ));
#176 = CARTESIAN_POINT('',(8.249999999818,205.50804120134,6.903075485175
    ));
#177 = CARTESIAN_POINT('',(8.249999999818,205.00804120134,6.885633624708
    ));
#178 = ORIENTED_EDGE('',*,*,#179,.T.);
#179 = EDGE_CURVE('',#171,#180,#182,.T.);
#180 = VERTEX_POINT('',#181);
#181 = CARTESIAN_POINT('',(6.749999999814,205.00804120131,6.94904917385)
  );
#182 = B_SPLINE_CURVE_WITH_KNOTS('',3,(#183,#184,#185,#186),
  .UNSPECIFIED.,.F.,.F.,(4,4),(2.566018898834,4.067651241241),
  .PIECEWISE_BEZIER_KNOTS.);
#183 = CARTESIAN_POINT('',(8.249999999822,205.00804120131,6.885633624707
    ));
#184 = CARTESIAN_POINT('',(7.749591957272,205.00804120131,6.89501253126)
  );
#185 = CARTESIAN_POINT('',(7.249453863536,205.00804120131,6.916155975124
    ));
#186 = CARTESIAN_POINT('',(6.749999999814,205.00804120131,6.94904917385)
  );
#187 = ORIENTED_EDGE('',*,*,#188,.T.);
#188 = EDGE_CURVE('',#180,#189,#191,.T.);
#189 = VERTEX_POINT('',#190);
#190 = CARTESIAN_POINT('',(6.749999999818,204.00804120132,6.914165452915
    ));
#191 = B_SPLINE_CURVE_WITH_KNOTS('',3,(#192,#193,#194,#195,#196,#197),
  .UNSPECIFIED.,.F.,.F.,(4,2,4),(1.512657519466,2.02135835291,
    2.51326577147),.UNSPECIFIED.);
#192 = CARTESIAN_POINT('',(6.749999999818,205.00804120131,6.94904917385)
  );
#193 = CARTESIAN_POINT('',(6.749999999818,204.83857733356,6.943137643579
    ));
#194 = CARTESIAN_POINT('',(6.749999999818,204.66911346583,6.937226113308
    ));
#195 = CARTESIAN_POINT('',(6.749999999818,204.3357801325,6.92559820633)
  );
#196 = CARTESIAN_POINT('',(6.749999999818,204.17191066691,6.919881829622
    ));
#197 = CARTESIAN_POINT('',(6.749999999818,204.00804120131,6.914165452915
    ));
#198 = ORIENTED_EDGE('',*,*,#199,.T.);
#199 = EDGE_CURVE('',#189,#200,#202,.T.);
#200 = VERTEX_POINT('',#201);
#201 = CARTESIAN_POINT('',(8.249999999818,204.00804120131,6.850749903771
    ));
#202 = B_SPLINE_CURVE_WITH_KNOTS('',3,(#203,#204,#205,#206,#207,#208,
    #209),.UNSPECIFIED.,.F.,.F.,(4,3,4),(6.71784489099E-02,
    1.423234085531,1.568810790104),.UNSPECIFIED.);
#203 = CARTESIAN_POINT('',(6.749999999818,204.00804120132,6.914165452915
    ));
#204 = CARTESIAN_POINT('',(7.201034002077,204.00804120136,6.884461105535
    ));
#205 = CARTESIAN_POINT('',(7.652626453373,204.00804004076,6.864372038523
    ));
#206 = CARTESIAN_POINT('',(8.10447098522,204.00803948163,6.853858625466)
  );
#207 = CARTESIAN_POINT('',(8.152977872511,204.0080394216,6.85272997854)
  );
#208 = CARTESIAN_POINT('',(8.201487670081,204.00803936679,6.851711737078
    ));
#209 = CARTESIAN_POINT('',(8.250000001818,204.00803931815,6.850803887508
    ));
#210 = ORIENTED_EDGE('',*,*,#211,.T.);
#211 = EDGE_CURVE('',#200,#212,#214,.T.);
#212 = VERTEX_POINT('',#213);
#213 = CARTESIAN_POINT('',(8.249999999818,202.50804120131,6.798424322368
    ));
#214 = B_SPLINE_CURVE_WITH_KNOTS('',3,(#215,#216,#217,#218),
  .UNSPECIFIED.,.F.,.F.,(4,4),(2.515476597055,4.016388975074),
  .PIECEWISE_BEZIER_KNOTS.);
#215 = CARTESIAN_POINT('',(8.249999999822,204.00804120131,6.850749903772
    ));
#216 = CARTESIAN_POINT('',(8.249999999822,203.50804120131,6.833308043304
    ));
#217 = CARTESIAN_POINT('',(8.249999999818,203.00804120131,6.815866182836
    ));
#218 = CARTESIAN_POINT('',(8.249999999818,202.50804120131,6.798424322368
    ));
#219 = ORIENTED_EDGE('',*,*,#220,.T.);
#220 = EDGE_CURVE('',#212,#221,#223,.T.);
#221 = VERTEX_POINT('',#222);
#222 = CARTESIAN_POINT('',(9.249999999818,202.50804120131,6.79534367106)
  );
#223 = B_SPLINE_CURVE_WITH_KNOTS('',3,(#224,#225,#226,#227,#228,#229,
    #230,#231,#232,#233),.UNSPECIFIED.,.F.,.F.,(4,3,3,4),(1.5688107901,
    2.066809475998,2.405971318339,2.568909753467),.UNSPECIFIED.);
#224 = CARTESIAN_POINT('',(8.25000000181,202.50803931815,6.798478306105)
  );
#225 = CARTESIAN_POINT('',(8.415954292051,202.50803915175,6.795372672433
    ));
#226 = CARTESIAN_POINT('',(8.581938238204,202.50803905993,6.793558810395
    ));
#227 = CARTESIAN_POINT('',(8.747936789966,202.50803905924,6.793036784627
    ));
#228 = CARTESIAN_POINT('',(8.860990049414,202.50803905878,6.792681259148
    ));
#229 = CARTESIAN_POINT('',(8.974040422222,202.50803909991,6.79292497477)
  );
#230 = CARTESIAN_POINT('',(9.087082998888,202.50803917914,6.793767891712
    ));
#231 = CARTESIAN_POINT('',(9.141390347903,202.50803921721,6.794172841651
    ));
#232 = CARTESIAN_POINT('',(9.195695909568,202.50803926396,6.794716089356
    ));
#233 = CARTESIAN_POINT('',(9.249999156496,202.50803931843,6.795397646984
    ));
#234 = ORIENTED_EDGE('',*,*,#235,.T.);
#235 = EDGE_CURVE('',#221,#236,#238,.T.);
#236 = VERTEX_POINT('',#237);
#237 = CARTESIAN_POINT('',(9.249999999818,204.00804120132,6.847669252464
    ));
#238 = B_SPLINE_CURVE_WITH_KNOTS('',3,(#239,#240,#241,#242),
  .UNSPECIFIED.,.F.,.F.,(4,4),(2.622033150134E-02,1.527132709551),
  .PIECEWISE_BEZIER_KNOTS.);
#239 = CARTESIAN_POINT('',(9.249999999814,202.50804120131,6.795343671061
    ));
#240 = CARTESIAN_POINT('',(9.249999999814,203.00804120132,6.812785531529
    ));
#241 = CARTESIAN_POINT('',(9.249999999825,203.50804120134,6.830227391997
    ));
#242 = CARTESIAN_POINT('',(9.249999999825,204.00804120135,6.847669252465
    ));
#243 = ORIENTED_EDGE('',*,*,#244,.T.);
#244 = EDGE_CURVE('',#236,#245,#247,.T.);
#245 = VERTEX_POINT('',#246);
#246 = CARTESIAN_POINT('',(10.749999999818,204.00804120131,
    6.901820145081));
#247 = B_SPLINE_CURVE_WITH_KNOTS('',3,(#248,#249,#250,#251),
  .UNSPECIFIED.,.F.,.F.,(4,4),(2.568909753467,4.070178896861),
  .PIECEWISE_BEZIER_KNOTS.);
#248 = CARTESIAN_POINT('',(9.249999999818,204.00804120131,6.847669252464
    ));
#249 = CARTESIAN_POINT('',(9.750335141052,204.00804120131,6.853963321275
    ));
#250 = CARTESIAN_POINT('',(10.250473162916,204.00804120131,
    6.872017676795));
#251 = CARTESIAN_POINT('',(10.749999999822,204.00804120131,
    6.901820145081));
#252 = ORIENTED_EDGE('',*,*,#253,.T.);
#253 = EDGE_CURVE('',#245,#254,#256,.T.);
#254 = VERTEX_POINT('',#255);
#255 = CARTESIAN_POINT('',(10.749999999818,205.00804120131,
    6.936703866016));
#256 = B_SPLINE_CURVE_WITH_KNOTS('',3,(#257,#258,#259,#260),
  .UNSPECIFIED.,.F.,.F.,(4,4),(1.529020545849,2.529628797868),
  .PIECEWISE_BEZIER_KNOTS.);
#257 = CARTESIAN_POINT('',(10.749999999818,204.00804120131,
    6.901820145081));
#258 = CARTESIAN_POINT('',(10.749999999818,204.34137453464,
    6.913448052059));
#259 = CARTESIAN_POINT('',(10.749999999822,204.67470786798,
    6.925075959038));
#260 = CARTESIAN_POINT('',(10.749999999822,205.00804120131,
    6.936703866016));
#261 = ORIENTED_EDGE('',*,*,#262,.T.);
#262 = EDGE_CURVE('',#254,#263,#265,.T.);
#263 = VERTEX_POINT('',#264);
#264 = CARTESIAN_POINT('',(9.249999999818,205.00804120131,6.882552973399
    ));
#265 = B_SPLINE_CURVE_WITH_KNOTS('',3,(#266,#267,#268,#269,#270,#271,
    #272),.UNSPECIFIED.,.F.,.F.,(4,3,4),(6.465079563662E-02,
    1.419673648637,1.56591993606),.UNSPECIFIED.);
#266 = CARTESIAN_POINT('',(10.74999999981,205.00804120131,6.936703866016
    ));
#267 = CARTESIAN_POINT('',(10.299134608635,205.00804120136,
    6.909804607501));
#268 = CARTESIAN_POINT('',(9.847770307775,205.00804004216,6.892509291287
    ));
#269 = CARTESIAN_POINT('',(9.396213699563,205.0080394828,6.884776442936)
  );
#270 = CARTESIAN_POINT('',(9.347477637758,205.00803942243,6.883941844198
    ));
#271 = CARTESIAN_POINT('',(9.298739329511,205.00803936732,6.883218685058
    ));
#272 = CARTESIAN_POINT('',(9.249999156496,205.00803931843,6.882606949322
    ));
#273 = ORIENTED_EDGE('',*,*,#274,.T.);
#274 = EDGE_CURVE('',#263,#275,#277,.T.);
#275 = VERTEX_POINT('',#276);
#276 = CARTESIAN_POINT('',(9.249999999818,206.50804120131,6.934878554802
    ));
#277 = B_SPLINE_CURVE_WITH_KNOTS('',3,(#278,#279,#280,#281),
  .UNSPECIFIED.,.F.,.F.,(4,4),(2.527740961525,4.028653339526),
  .PIECEWISE_BEZIER_KNOTS.);
#278 = CARTESIAN_POINT('',(9.249999999822,205.00804120132,6.882552973399
    ));
#279 = CARTESIAN_POINT('',(9.249999999822,205.50804120132,6.899994833866
    ));
#280 = CARTESIAN_POINT('',(9.249999999818,206.00804120131,6.917436694334
    ));
#281 = CARTESIAN_POINT('',(9.249999999818,206.50804120131,6.934878554802
    ));
#282 = ORIENTED_EDGE('',*,*,#283,.T.);
#283 = EDGE_CURVE('',#275,#169,#284,.T.);
#284 = B_SPLINE_CURVE_WITH_KNOTS('',3,(#285,#286,#287,#288,#289,#290,
    #291,#292,#293,#294),.UNSPECIFIED.,.F.,.F.,(4,3,3,4),(1.565919936057
    ,2.060186615502,2.404332866498,2.566018898823),.UNSPECIFIED.);
#285 = CARTESIAN_POINT('',(9.2499991565,206.50803931843,6.934932530725)
  );
#286 = CARTESIAN_POINT('',(9.085272610497,206.50803915319,6.932865055201
    ));
#287 = CARTESIAN_POINT('',(8.920524765949,206.50803906137,6.932070220272
    ));
#288 = CARTESIAN_POINT('',(8.755770337067,206.50803905929,6.932547992774
    ));
#289 = CARTESIAN_POINT('',(8.64105570751,206.50803905784,6.932880654517)
  );
#290 = CARTESIAN_POINT('',(8.526347144077,206.50803909922,6.933830273926
    ));
#291 = CARTESIAN_POINT('',(8.411650801554,206.50803917984,6.935396773511
    ));
#292 = CARTESIAN_POINT('',(8.357764418974,206.50803921771,6.93613274289)
  );
#293 = CARTESIAN_POINT('',(8.303880647367,206.50803926413,6.937004878782
    ));
#294 = CARTESIAN_POINT('',(8.250000001813,206.50803931816,6.938013189847
    ));
#295 = B_SPLINE_SURFACE_WITH_KNOTS('',3,3,(
    (#296,#297,#298,#299)
    ,(#300,#301,#302,#303)
    ,(#304,#305,#306,#307)
    ,(#308,#309,#310,#311
    )),.UNSPECIFIED.,.F.,.F.,.F.,(4,4),(4,4),(0.313989420839,
    0.446089791449),(0.273377961553,0.397571178209),
  .PIECEWISE_BEZIER_KNOTS.);
#296 = CARTESIAN_POINT('',(6.749999999814,206.50583171966,7.001297680312
    ));
#297 = CARTESIAN_POINT('',(8.080763069884,206.50888527725,6.913762362747
    ));
#298 = CARTESIAN_POINT('',(9.419326277162,206.50902789401,6.909674015399
    ));
#299 = CARTESIAN_POINT('',(10.749999999822,206.50626184651,
    6.988967376903));
#300 = CARTESIAN_POINT('',(6.749999999814,205.17242902136,6.95478363269)
  );
#301 = CARTESIAN_POINT('',(8.080763069884,205.17548257895,6.867248315125
    ));
#302 = CARTESIAN_POINT('',(9.419326277162,205.17562519571,6.863159967777
    ));
#303 = CARTESIAN_POINT('',(10.749999999822,205.17285914821,
    6.942453329281));
#304 = CARTESIAN_POINT('',(6.749999999811,203.83902632307,6.908269585068
    ));
#305 = CARTESIAN_POINT('',(8.08076306988,203.84207988066,6.820734267503)
  );
#306 = CARTESIAN_POINT('',(9.419326277159,203.84222249742,6.816645920155
    ));
#307 = CARTESIAN_POINT('',(10.749999999818,203.83945644992,
    6.895939281659));
#308 = CARTESIAN_POINT('',(6.749999999811,202.50562362477,6.861755537446
    ));
#309 = CARTESIAN_POINT('',(8.08076306988,202.50867718236,6.774220219881)
  );
#310 = CARTESIAN_POINT('',(9.419326277159,202.50881979912,6.770131872533
    ));
#311 = CARTESIAN_POINT('',(10.749999999818,202.50605375162,
    6.849425234037));
#312 = ADVANCED_FACE('',(#313),#373,.F.);
#313 = FACE_BOUND('',#314,.F.);
#314 = EDGE_LOOP('',(#315,#316,#334,#345,#360));
#315 = ORIENTED_EDGE('',*,*,#125,.T.);
#316 = ORIENTED_EDGE('',*,*,#317,.T.);
#317 = EDGE_CURVE('',#126,#318,#320,.T.);
#318 = VERTEX_POINT('',#319);
#319 = CARTESIAN_POINT('',(9.074999999822,211.64820627879,7.112464830691
    ));
#320 = B_SPLINE_CURVE_WITH_KNOTS('',3,(#321,#322,#323,#324,#325,#326,
    #327,#328,#329,#330,#331,#332,#333),.UNSPECIFIED.,.F.,.F.,(4,3,3,3,4
    ),(0.163236551661,1.508562791803,2.620244932001,3.979417087692,
    5.203445042145),.UNSPECIFIED.);
#321 = CARTESIAN_POINT('',(14.090598640286,211.61151029995,
    7.543642884919));
#322 = CARTESIAN_POINT('',(13.648268915305,211.61775685408,
    7.470249483064));
#323 = CARTESIAN_POINT('',(13.204457307261,211.62320990752,
    7.406209016727));
#324 = CARTESIAN_POINT('',(12.759479235012,211.62786845757,
    7.351494648646));
#325 = CARTESIAN_POINT('',(12.39178093185,211.63171795276,7.306282577407
    ));
#326 = CARTESIAN_POINT('',(12.023285510199,211.63502491645,
    7.267439379519));
#327 = CARTESIAN_POINT('',(11.654160817012,211.63778791704,
    7.234974733449));
#328 = CARTESIAN_POINT('',(11.20285915736,211.64116603499,7.195282594391
    ));
#329 = CARTESIAN_POINT('',(10.750816554922,211.6437295847,7.165141374518
    ));
#330 = CARTESIAN_POINT('',(10.298333817004,211.6454764816,7.144589987625
    ));
#331 = CARTESIAN_POINT('',(9.890842008259,211.64704968234,7.126082051044
    ));
#332 = CARTESIAN_POINT('',(9.482992752831,211.64796053731,7.115352293017
    ));
#333 = CARTESIAN_POINT('',(9.074999999812,211.64820627879,7.112464830691
    ));
#334 = ORIENTED_EDGE('',*,*,#335,.T.);
#335 = EDGE_CURVE('',#318,#336,#338,.T.);
#336 = VERTEX_POINT('',#337);
#337 = CARTESIAN_POINT('',(9.074999999826,207.18840964614,6.956890529529
    ));
#338 = B_SPLINE_CURVE_WITH_KNOTS('',3,(#339,#340,#341,#342,#343,#344),
  .UNSPECIFIED.,.F.,.F.,(4,2,4),(4.778651995832E-02,3.458648166427,
    4.510295832863),.UNSPECIFIED.);
#339 = CARTESIAN_POINT('',(9.074999999822,211.6482062788,7.112464830691)
  );
#340 = CARTESIAN_POINT('',(9.074999999822,210.51194353074,7.072827758079
    ));
#341 = CARTESIAN_POINT('',(9.074999999822,209.37568078268,7.033190685466
    ));
#342 = CARTESIAN_POINT('',(9.074999999822,207.88908190513,6.981332585079
    ));
#343 = CARTESIAN_POINT('',(9.074999999822,207.53874577563,6.969111557304
    ));
#344 = CARTESIAN_POINT('',(9.074999999822,207.18840964615,6.95689052953)
  );
#345 = ORIENTED_EDGE('',*,*,#346,.T.);
#346 = EDGE_CURVE('',#336,#347,#349,.T.);
#347 = VERTEX_POINT('',#348);
#348 = CARTESIAN_POINT('',(11.430368447065,204.83304120101,
    6.978488308122));
#349 = B_SPLINE_CURVE_WITH_KNOTS('',3,(#350,#351,#352,#353,#354,#355,
    #356,#357,#358,#359),.UNSPECIFIED.,.F.,.F.,(4,2,2,2,4),(
    4.809301188328E-02,1.077050414358,2.148939611415,2.984075793254,
    3.647895989007),.UNSPECIFIED.);
#350 = CARTESIAN_POINT('',(9.074999999833,207.18840964614,6.956890529529
    ));
#351 = CARTESIAN_POINT('',(9.415198595325,207.14715989043,6.957866399363
    ));
#352 = CARTESIAN_POINT('',(9.744567204314,207.0415032343,6.962121194745)
  );
#353 = CARTESIAN_POINT('',(10.358863610494,206.70557829165,
    6.973449168769));
#354 = CARTESIAN_POINT('',(10.635182530441,206.47367255837,
    6.980403686209));
#355 = CARTESIAN_POINT('',(11.032221426409,205.97737276405,
    6.988133651234));
#356 = CARTESIAN_POINT('',(11.171450961752,205.7344420301,6.989829535695
    ));
#357 = CARTESIAN_POINT('',(11.350292768755,205.26793100051,
    6.987164725701));
#358 = CARTESIAN_POINT('',(11.403760029207,205.05248845431,
    6.983984737939));
#359 = CARTESIAN_POINT('',(11.430368444711,204.83304120072,
    6.978488307921));
#360 = ORIENTED_EDGE('',*,*,#361,.T.);
#361 = EDGE_CURVE('',#347,#118,#362,.T.);
#362 = B_SPLINE_CURVE_WITH_KNOTS('',3,(#363,#364,#365,#366,#367,#368,
    #369,#370,#371,#372),.UNSPECIFIED.,.F.,.F.,(4,3,3,4),(2.406326609968
    ,2.630878995315,3.975769295726,5.161619553549),.UNSPECIFIED.);
#363 = CARTESIAN_POINT('',(11.430331467884,204.83303569952,
    6.978646026003));
#364 = CARTESIAN_POINT('',(11.504931665962,204.8330356498,6.984699712068
    ));
#365 = CARTESIAN_POINT('',(11.579513009182,204.83303562837,
    6.991015065409));
#366 = CARTESIAN_POINT('',(11.654074115781,204.83303563564,
    6.997592005907));
#367 = CARTESIAN_POINT('',(12.100635963528,204.8330356792,7.036982659232
    ));
#368 = CARTESIAN_POINT('',(12.546278834243,204.83303689345,
    7.085735510819));
#369 = CARTESIAN_POINT('',(12.990704042468,204.83303838415,
    7.143837705167));
#370 = CARTESIAN_POINT('',(13.38257373444,204.83303969857,7.19506902279)
  );
#371 = CARTESIAN_POINT('',(13.773496779777,204.83304120208,
    7.253569954046));
#372 = CARTESIAN_POINT('',(14.16325530114,204.8330412013,7.319362655825)
  );
#373 = B_SPLINE_SURFACE_WITH_KNOTS('',3,3,(
    (#374,#375,#376,#377)
    ,(#378,#379,#380,#381)
    ,(#382,#383,#384,#385)
    ,(#386,#387,#388,#389
    )),.UNSPECIFIED.,.F.,.F.,.F.,(4,4),(4,4),(0.144249349308,
    0.369189712963),(0.345554608543,0.504610988337),
  .PIECEWISE_BEZIER_KNOTS.);
#374 = CARTESIAN_POINT('',(9.074999999812,211.64820627879,7.112464830691
    ));
#375 = CARTESIAN_POINT('',(10.784156806629,211.64778358305,
    7.124582108396));
#376 = CARTESIAN_POINT('',(12.490977432153,211.64254981227,
    7.274616870841));
#377 = CARTESIAN_POINT('',(14.163255301155,211.63271456716,
    7.556560563972));
#378 = CARTESIAN_POINT('',(9.074999999808,209.37768965218,7.033260762309
    ));
#379 = CARTESIAN_POINT('',(10.784156806625,209.37726695644,
    7.045378040014));
#380 = CARTESIAN_POINT('',(12.490977432149,209.37203318566,
    7.195412802459));
#381 = CARTESIAN_POINT('',(14.163255301151,209.36219794055,7.47735649559
    ));
#382 = CARTESIAN_POINT('',(9.074999999801,207.10717302557,6.954056693927
    ));
#383 = CARTESIAN_POINT('',(10.784156806618,207.10675032983,
    6.966173971632));
#384 = CARTESIAN_POINT('',(12.490977432142,207.10151655905,
    7.116208734077));
#385 = CARTESIAN_POINT('',(14.163255301144,207.09168131394,
    7.398152427208));
#386 = CARTESIAN_POINT('',(9.074999999797,204.83665639895,6.874852625545
    ));
#387 = CARTESIAN_POINT('',(10.784156806614,204.83623370321,6.88696990325
    ));
#388 = CARTESIAN_POINT('',(12.490977432139,204.83099993243,
    7.037004665695));
#389 = CARTESIAN_POINT('',(14.163255301141,204.82116468732,
    7.318948358826));
#390 = ADVANCED_FACE('',(#391),#434,.F.);
#391 = FACE_BOUND('',#392,.F.);
#392 = EDGE_LOOP('',(#393,#394,#395,#410,#425));
#393 = ORIENTED_EDGE('',*,*,#47,.T.);
#394 = ORIENTED_EDGE('',*,*,#151,.T.);
#395 = ORIENTED_EDGE('',*,*,#396,.T.);
#396 = EDGE_CURVE('',#102,#397,#399,.T.);
#397 = VERTEX_POINT('',#398);
#398 = CARTESIAN_POINT('',(11.430368444635,204.1830412013,6.955813889327
    ));
#399 = B_SPLINE_CURVE_WITH_KNOTS('',3,(#400,#401,#402,#403,#404,#405,
    #406,#407,#408,#409),.UNSPECIFIED.,.F.,.F.,(4,3,3,4),(0.160564910175
    ,1.505408023623,2.659337379675,2.922937895948),.UNSPECIFIED.);
#400 = CARTESIAN_POINT('',(14.170219613607,204.18304119214,
    7.297864906744));
#401 = CARTESIAN_POINT('',(13.728228866828,204.18304103693,
    7.223159363836));
#402 = CARTESIAN_POINT('',(13.284735820693,204.18303905497,
    7.157827494701));
#403 = CARTESIAN_POINT('',(12.840056449564,204.1830375896,7.10184115323)
  );
#404 = CARTESIAN_POINT('',(12.458503705422,204.18303633225,
    7.053802625675));
#405 = CARTESIAN_POINT('',(12.076076909803,204.18303542968,7.01264531506
    ));
#406 = CARTESIAN_POINT('',(11.692963942632,204.18303537854,
    6.978379639693));
#407 = CARTESIAN_POINT('',(11.605446668279,204.18303536686,
    6.970552082891));
#408 = CARTESIAN_POINT('',(11.517901130425,204.18303539566,
    6.963084942947));
#409 = CARTESIAN_POINT('',(11.430329563241,204.18303546418,
    6.955978353497));
#410 = ORIENTED_EDGE('',*,*,#411,.T.);
#411 = EDGE_CURVE('',#397,#412,#414,.T.);
#412 = VERTEX_POINT('',#413);
#413 = CARTESIAN_POINT('',(9.074999999822,201.8276727565,6.769888079863)
  );
#414 = B_SPLINE_CURVE_WITH_KNOTS('',3,(#415,#416,#417,#418,#419,#420,
    #421,#422,#423,#424),.UNSPECIFIED.,.F.,.F.,(4,2,2,2,4),(
    7.395355212327E-02,1.060638838219,2.128046015939,2.95772000003,
    3.678473420405),.UNSPECIFIED.);
#415 = CARTESIAN_POINT('',(11.430368444642,204.1830412013,6.955813889327
    ));
#416 = CARTESIAN_POINT('',(11.390867689715,203.85726711808,
    6.941245031367));
#417 = CARTESIAN_POINT('',(11.292306675677,203.54140208833,
    6.922163073701));
#418 = CARTESIAN_POINT('',(10.974192819161,202.93672769409,
    6.878184930007));
#419 = CARTESIAN_POINT('',(10.748510612721,202.65816294449,
    6.853469248883));
#420 = CARTESIAN_POINT('',(10.263073054055,202.25486754936,
    6.814633223342));
#421 = CARTESIAN_POINT('',(10.024863756185,202.11198760505,
    6.799656936582));
#422 = CARTESIAN_POINT('',(9.546691678934,201.91711435269,6.779066579803
    ));
#423 = CARTESIAN_POINT('',(9.31331994131,201.85656952295,6.772587761209)
  );
#424 = CARTESIAN_POINT('',(9.07499999983,201.82767275649,6.769888079863)
  );
#425 = ORIENTED_EDGE('',*,*,#426,.T.);
#426 = EDGE_CURVE('',#412,#40,#427,.T.);
#427 = B_SPLINE_CURVE_WITH_KNOTS('',3,(#428,#429,#430,#431,#432,#433),
  .UNSPECIFIED.,.F.,.F.,(4,2,4),(2.433897627945,2.630839700158,
    5.021714649023),.UNSPECIFIED.);
#428 = CARTESIAN_POINT('',(9.074999999819,201.82767275645,6.769888079861
    ));
#429 = CARTESIAN_POINT('',(9.074999999819,201.76206530491,6.767599447831
    ));
#430 = CARTESIAN_POINT('',(9.074999999819,201.69645785337,6.7653108158)
  );
#431 = CARTESIAN_POINT('',(9.074999999819,200.83437654237,6.735238211923
    ));
#432 = CARTESIAN_POINT('',(9.074999999822,200.03790268288,6.707454240077
    ));
#433 = CARTESIAN_POINT('',(9.074999999822,199.24142882343,6.679670268231
    ));
#434 = B_SPLINE_SURFACE_WITH_KNOTS('',3,3,(
    (#435,#436,#437,#438)
    ,(#439,#440,#441,#442)
    ,(#443,#444,#445,#446)
    ,(#447,#448,#449,#450
    )),.UNSPECIFIED.,.F.,.F.,.F.,(4,4),(4,4),(0.390261350364,
    0.553963009462),(0.345554608543,0.50645411331),
  .PIECEWISE_BEZIER_KNOTS.);
#435 = CARTESIAN_POINT('',(9.074999999819,204.19857390064,6.852593933741
    ));
#436 = CARTESIAN_POINT('',(10.80396229697,204.19814630677,6.86485162491)
  );
#437 = CARTESIAN_POINT('',(12.530528309289,204.19279479292,
    7.018261688441));
#438 = CARTESIAN_POINT('',(14.221375859172,204.18273843909,
    7.306543831505));
#439 = CARTESIAN_POINT('',(9.074999999815,202.54619220824,6.794952711904
    ));
#440 = CARTESIAN_POINT('',(10.803962296966,202.54576461436,
    6.807210403073));
#441 = CARTESIAN_POINT('',(12.530528309286,202.54041310051,
    6.960620466605));
#442 = CARTESIAN_POINT('',(14.221375859168,202.53035674668,
    7.248902609669));
#443 = CARTESIAN_POINT('',(9.074999999815,200.89381051583,6.737311490068
    ));
#444 = CARTESIAN_POINT('',(10.803962296966,200.89338292196,
    6.749569181236));
#445 = CARTESIAN_POINT('',(12.530528309289,200.8880314081,6.902979244768
    ));
#446 = CARTESIAN_POINT('',(14.221375859172,200.87797505427,
    7.191261387832));
#447 = CARTESIAN_POINT('',(9.074999999812,199.24142882342,6.679670268231
    ));
#448 = CARTESIAN_POINT('',(10.803962296963,199.24100122955,6.6919279594)
  );
#449 = CARTESIAN_POINT('',(12.530528309286,199.23564971569,
    6.845338022931));
#450 = CARTESIAN_POINT('',(14.221375859168,199.22559336186,
    7.133620165995));
#451 = ADVANCED_FACE('',(#452),#517,.F.);
#452 = FACE_BOUND('',#453,.F.);
#453 = EDGE_LOOP('',(#454,#471,#482,#493,#504));
#454 = ORIENTED_EDGE('',*,*,#455,.T.);
#455 = EDGE_CURVE('',#456,#458,#460,.T.);
#456 = VERTEX_POINT('',#457);
#457 = CARTESIAN_POINT('',(6.069631553029,204.83304120132,6.995059263809
    ));
#458 = VERTEX_POINT('',#459);
#459 = CARTESIAN_POINT('',(8.424999999821,207.18840964612,6.958892811253
    ));
#460 = B_SPLINE_CURVE_WITH_KNOTS('',3,(#461,#462,#463,#464,#465,#466,
    #467,#468,#469,#470),.UNSPECIFIED.,.F.,.F.,(4,2,2,2,4),(
    5.415790902703E-02,0.834786985882,1.842362957929,2.767673172686,
    3.653450998772),.UNSPECIFIED.);
#461 = CARTESIAN_POINT('',(6.069631554965,204.83304120109,6.995059263631
    ));
#462 = CARTESIAN_POINT('',(6.100920190878,205.09108757782,7.001327666247
    ));
#463 = CARTESIAN_POINT('',(6.169320762572,205.34338500908,7.004141507386
    ));
#464 = CARTESIAN_POINT('',(6.406431247928,205.89024201063,7.004030106843
    ));
#465 = CARTESIAN_POINT('',(6.596337441533,206.17071324416,6.999218815577
    ));
#466 = CARTESIAN_POINT('',(7.049871312014,206.62809893886,6.986487936098
    ));
#467 = CARTESIAN_POINT('',(7.302897983671,206.80825424364,6.979034216186
    ));
#468 = CARTESIAN_POINT('',(7.84692018167,207.06959932823,6.966538527563)
  );
#469 = CARTESIAN_POINT('',(8.132094804801,207.15289430922,6.961537755203
    ));
#470 = CARTESIAN_POINT('',(8.424999999814,207.18840964614,6.958892811253
    ));
#471 = ORIENTED_EDGE('',*,*,#472,.T.);
#472 = EDGE_CURVE('',#458,#473,#475,.T.);
#473 = VERTEX_POINT('',#474);
#474 = CARTESIAN_POINT('',(8.424999999817,211.64803637626,7.114461185583
    ));
#475 = B_SPLINE_CURVE_WITH_KNOTS('',3,(#476,#477,#478,#479,#480,#481),
  .UNSPECIFIED.,.F.,.F.,(4,2,4),(2.406478388451,3.458298039846,
    6.868817695453),.UNSPECIFIED.);
#476 = CARTESIAN_POINT('',(8.424999999821,207.18840964612,6.958892811253
    ));
#477 = CARTESIAN_POINT('',(8.424999999821,207.53880306908,6.971115837637
    ));
#478 = CARTESIAN_POINT('',(8.424999999821,207.88919649204,6.983338864021
    ));
#479 = CARTESIAN_POINT('',(8.424999999821,209.3757387354,7.035194988797)
  );
#480 = CARTESIAN_POINT('',(8.424999999821,210.51188755581,7.074828087189
    ));
#481 = CARTESIAN_POINT('',(8.424999999821,211.64803637621,7.114461185581
    ));
#482 = ORIENTED_EDGE('',*,*,#483,.T.);
#483 = EDGE_CURVE('',#473,#484,#486,.T.);
#484 = VERTEX_POINT('',#485);
#485 = CARTESIAN_POINT('',(3.552336976849,211.61074690327,7.552612493204
    ));
#486 = B_SPLINE_CURVE_WITH_KNOTS('',3,(#487,#488,#489,#490,#491,#492),
  .UNSPECIFIED.,.F.,.F.,(4,2,4),(4.298583238184E-02,2.524356521793,
    4.940912720586),.UNSPECIFIED.);
#487 = CARTESIAN_POINT('',(8.424999999814,211.64803637625,7.114461185583
    ));
#488 = CARTESIAN_POINT('',(7.597960144656,211.64710583286,7.125395070418
    ));
#489 = CARTESIAN_POINT('',(6.771656385623,211.64344885832,7.168364521365
    ));
#490 = CARTESIAN_POINT('',(5.145771978048,211.63086505057,7.316224262448
    ));
#491 = CARTESIAN_POINT('',(4.346661317133,211.62208304021,7.419412884009
    ));
#492 = CARTESIAN_POINT('',(3.552336976853,211.61074690326,7.552612493203
    ));
#493 = ORIENTED_EDGE('',*,*,#494,.T.);
#494 = EDGE_CURVE('',#484,#495,#497,.T.);
#495 = VERTEX_POINT('',#496);
#496 = CARTESIAN_POINT('',(3.552336976842,204.83304120132,7.316180898914
    ));
#497 = B_SPLINE_CURVE_WITH_KNOTS('',3,(#498,#499,#500,#501,#502,#503),
  .UNSPECIFIED.,.F.,.F.,(4,2,4),(6.977013272608E-02,3.458298039845,
    6.851598387782),.UNSPECIFIED.);
#498 = CARTESIAN_POINT('',(3.552336976856,211.61074690328,7.552612493203
    ));
#499 = CARTESIAN_POINT('',(3.552336976853,210.48192420957,7.51323495737)
  );
#500 = CARTESIAN_POINT('',(3.552336976853,209.35310151587,7.473857421538
    ));
#501 = CARTESIAN_POINT('',(3.552336976845,207.09386628188,7.395046890108
    ));
#502 = CARTESIAN_POINT('',(3.552336976849,205.96345374161,7.355613894511
    ));
#503 = CARTESIAN_POINT('',(3.552336976845,204.83304120133,7.316180898914
    ));
#504 = ORIENTED_EDGE('',*,*,#505,.T.);
#505 = EDGE_CURVE('',#495,#456,#506,.T.);
#506 = B_SPLINE_CURVE_WITH_KNOTS('',3,(#507,#508,#509,#510,#511,#512,
    #513,#514,#515,#516),.UNSPECIFIED.,.F.,.F.,(4,3,3,4),(
    9.984168706793E-02,1.447671283065,2.516328537936,2.638531350825),
  .UNSPECIFIED.);
#507 = CARTESIAN_POINT('',(3.552336976841,204.83304120133,7.316180898914
    ));
#508 = CARTESIAN_POINT('',(3.995377882609,204.83304120211,7.241667162498
    ));
#509 = CARTESIAN_POINT('',(4.439918853801,204.83303945258,7.176567817952
    ));
#510 = CARTESIAN_POINT('',(4.885644763215,204.83303821331,7.120857210422
    ));
#511 = CARTESIAN_POINT('',(5.239048656551,204.83303723072,7.076685792102
    ));
#512 = CARTESIAN_POINT('',(5.593198053185,204.83303653692,7.038417492715
    ));
#513 = CARTESIAN_POINT('',(5.947943946992,204.83303649819,7.00606132416)
  );
#514 = CARTESIAN_POINT('',(5.988509752523,204.83303649376,7.002361340413
    ));
#515 = CARTESIAN_POINT('',(6.029081824113,204.83303649714,6.998738826994
    ));
#516 = CARTESIAN_POINT('',(6.069659938858,204.83303650832,6.995193796278
    ));
#517 = B_SPLINE_SURFACE_WITH_KNOTS('',3,3,(
    (#518,#519,#520,#521)
    ,(#522,#523,#524,#525)
    ,(#526,#527,#528,#529)
    ,(#530,#531,#532,#533
    )),.UNSPECIFIED.,.F.,.F.,.F.,(4,4),(4,4),(0.144252656282,
    0.369170646773),(0.173178815627,0.325392479188),
  .PIECEWISE_BEZIER_KNOTS.);
#518 = CARTESIAN_POINT('',(3.552336976849,211.63272528341,7.553379180883
    ));
#519 = CARTESIAN_POINT('',(5.155681415607,211.64212065558,7.284045178758
    ));
#520 = CARTESIAN_POINT('',(6.78935408868,211.64728072845,7.136123089397)
  );
#521 = CARTESIAN_POINT('',(8.425000000283,211.64803637626,7.114461185577
    ));
#522 = CARTESIAN_POINT('',(3.552336976845,209.36243448839,7.474182990347
    ));
#523 = CARTESIAN_POINT('',(5.155681415603,209.37182986056,7.204848988222
    ));
#524 = CARTESIAN_POINT('',(6.789354088676,209.37698993342,7.056926898861
    ));
#525 = CARTESIAN_POINT('',(8.425000000279,209.37774558123,7.035264995041
    ));
#526 = CARTESIAN_POINT('',(3.552336976842,207.09214369337,7.394986799811
    ));
#527 = CARTESIAN_POINT('',(5.155681415599,207.10153906553,7.125652797687
    ));
#528 = CARTESIAN_POINT('',(6.789354088673,207.1066991384,6.977730708326)
  );
#529 = CARTESIAN_POINT('',(8.425000000276,207.10745478621,6.956068804505
    ));
#530 = CARTESIAN_POINT('',(3.552336976838,204.82185289834,7.315790609276
    ));
#531 = CARTESIAN_POINT('',(5.155681415596,204.83124827051,7.046456607151
    ));
#532 = CARTESIAN_POINT('',(6.789354088669,204.83640834338,6.89853451779)
  );
#533 = CARTESIAN_POINT('',(8.425000000272,204.83716399119,6.876872613969
    ));
#534 = ADVANCED_FACE('',(#535),#576,.F.);
#535 = FACE_BOUND('',#536,.T.);
#536 = EDGE_LOOP('',(#537,#545,#546,#554,#560,#561,#562,#570));
#537 = ORIENTED_EDGE('',*,*,#538,.F.);
#538 = EDGE_CURVE('',#473,#539,#541,.T.);
#539 = VERTEX_POINT('',#540);
#540 = CARTESIAN_POINT('',(8.424999999821,211.88477783016,4.332749102223
    ));
#541 = LINE('',#542,#543);
#542 = CARTESIAN_POINT('',(8.424999999817,211.82536090472,5.0308979761)
  );
#543 = VECTOR('',#544,1.);
#544 = DIRECTION('',(2.595E-14,8.479983040192E-02,-0.996398007206));
#545 = ORIENTED_EDGE('',*,*,#483,.T.);
#546 = ORIENTED_EDGE('',*,*,#547,.T.);
#547 = EDGE_CURVE('',#484,#548,#550,.T.);
#548 = VERTEX_POINT('',#549);
#549 = CARTESIAN_POINT('',(0.969938717055,212.25352243461,9.4589E-11));
#550 = LINE('',#551,#552);
#551 = CARTESIAN_POINT('',(3.360633336917,211.65846317188,6.991946337058
    ));
#552 = VECTOR('',#553,1.);
#553 = DIRECTION('',(-0.322487783801,8.026928294157E-02,-0.943164074546)
  );
#554 = ORIENTED_EDGE('',*,*,#555,.T.);
#555 = EDGE_CURVE('',#548,#137,#556,.T.);
#556 = LINE('',#557,#558);
#557 = CARTESIAN_POINT('',(8.936335491242,212.2535224346,9.458834E-11));
#558 = VECTOR('',#559,1.);
#559 = DIRECTION('',(1.,-3.0598E-13,-3.E-17));
#560 = ORIENTED_EDGE('',*,*,#136,.F.);
#561 = ORIENTED_EDGE('',*,*,#317,.T.);
#562 = ORIENTED_EDGE('',*,*,#563,.F.);
#563 = EDGE_CURVE('',#564,#318,#566,.T.);
#564 = VERTEX_POINT('',#565);
#565 = CARTESIAN_POINT('',(9.074999999822,211.88477783016,4.332749102223
    ));
#566 = LINE('',#567,#568);
#567 = CARTESIAN_POINT('',(9.074999999822,211.76517548293,5.738076682138
    ));
#568 = VECTOR('',#569,1.);
#569 = DIRECTION('',(-1.714E-14,-8.479983040192E-02,0.996398007206));
#570 = ORIENTED_EDGE('',*,*,#571,.F.);
#571 = EDGE_CURVE('',#539,#564,#572,.T.);
#572 = LINE('',#573,#574);
#573 = CARTESIAN_POINT('',(8.936335491242,211.88477783016,4.332749102223
    ));
#574 = VECTOR('',#575,1.);
#575 = DIRECTION('',(1.,-3.0598E-13,0.));
#576 = PLANE('',#577);
#577 = AXIS2_PLACEMENT_3D('',#578,#579,#580);
#578 = CARTESIAN_POINT('',(9.122670982662,211.82536090472,5.0308979761)
  );
#579 = DIRECTION('',(3.0488E-13,0.996398007206,8.479983040192E-02));
#580 = DIRECTION('',(-1.,3.05982130055E-13,1.812812742933E-19));
#581 = ADVANCED_FACE('',(#582,#652),#663,.F.);
#582 = FACE_BOUND('',#583,.T.);
#583 = EDGE_LOOP('',(#584,#594,#603,#611,#620,#628,#637,#645));
#584 = ORIENTED_EDGE('',*,*,#585,.T.);
#585 = EDGE_CURVE('',#586,#588,#590,.T.);
#586 = VERTEX_POINT('',#587);
#587 = CARTESIAN_POINT('',(-1.81899E-10,213.5080412013,9.4588E-11));
#588 = VERTEX_POINT('',#589);
#589 = CARTESIAN_POINT('',(17.499999999822,213.5080412013,9.4588E-11));
#590 = LINE('',#591,#592);
#591 = CARTESIAN_POINT('',(17.499999999822,213.5080412013,9.458834E-11)
  );
#592 = VECTOR('',#593,1.);
#593 = DIRECTION('',(1.,0.,0.));
#594 = ORIENTED_EDGE('',*,*,#595,.T.);
#595 = EDGE_CURVE('',#588,#596,#598,.T.);
#596 = VERTEX_POINT('',#597);
#597 = CARTESIAN_POINT('',(17.749999999822,213.2580412013,9.4588E-11));
#598 = CIRCLE('',#599,0.25);
#599 = AXIS2_PLACEMENT_3D('',#600,#601,#602);
#600 = CARTESIAN_POINT('',(17.499999999822,213.2580412013,9.458834E-11)
  );
#601 = DIRECTION('',(0.,0.,-1.));
#602 = DIRECTION('',(1.,7.11E-15,0.));
#603 = ORIENTED_EDGE('',*,*,#604,.T.);
#604 = EDGE_CURVE('',#596,#605,#607,.T.);
#605 = VERTEX_POINT('',#606);
#606 = CARTESIAN_POINT('',(17.749999999822,195.7580412013,9.4588E-11));
#607 = LINE('',#608,#609);
#608 = CARTESIAN_POINT('',(17.749999999822,195.7580412013,9.458834E-11)
  );
#609 = VECTOR('',#610,1.);
#610 = DIRECTION('',(0.,-1.,0.));
#611 = ORIENTED_EDGE('',*,*,#612,.T.);
#612 = EDGE_CURVE('',#605,#613,#615,.T.);
#613 = VERTEX_POINT('',#614);
#614 = CARTESIAN_POINT('',(17.499999999822,195.5080412013,9.4588E-11));
#615 = CIRCLE('',#616,0.25);
#616 = AXIS2_PLACEMENT_3D('',#617,#618,#619);
#617 = CARTESIAN_POINT('',(17.499999999822,195.7580412013,9.458834E-11)
  );
#618 = DIRECTION('',(0.,0.,-1.));
#619 = DIRECTION('',(7.11E-15,-1.,0.));
#620 = ORIENTED_EDGE('',*,*,#621,.T.);
#621 = EDGE_CURVE('',#613,#622,#624,.T.);
#622 = VERTEX_POINT('',#623);
#623 = CARTESIAN_POINT('',(-1.81899E-10,195.5080412013,9.4588E-11));
#624 = LINE('',#625,#626);
#625 = CARTESIAN_POINT('',(-1.8189894E-10,195.5080412013,9.458834E-11));
#626 = VECTOR('',#627,1.);
#627 = DIRECTION('',(-1.,0.,0.));
#628 = ORIENTED_EDGE('',*,*,#629,.T.);
#629 = EDGE_CURVE('',#622,#630,#632,.T.);
#630 = VERTEX_POINT('',#631);
#631 = CARTESIAN_POINT('',(-0.250000000182,195.7580412013,9.4588E-11));
#632 = CIRCLE('',#633,0.25);
#633 = AXIS2_PLACEMENT_3D('',#634,#635,#636);
#634 = CARTESIAN_POINT('',(-1.8189894E-10,195.7580412013,9.458834E-11));
#635 = DIRECTION('',(0.,0.,-1.));
#636 = DIRECTION('',(-1.,-7.11E-15,-0.));
#637 = ORIENTED_EDGE('',*,*,#638,.T.);
#638 = EDGE_CURVE('',#630,#639,#641,.T.);
#639 = VERTEX_POINT('',#640);
#640 = CARTESIAN_POINT('',(-0.250000000182,213.2580412013,9.4589E-11));
#641 = LINE('',#642,#643);
#642 = CARTESIAN_POINT('',(-0.250000000182,213.2580412013,9.458923E-11)
  );
#643 = VECTOR('',#644,1.);
#644 = DIRECTION('',(0.,1.,0.));
#645 = ORIENTED_EDGE('',*,*,#646,.T.);
#646 = EDGE_CURVE('',#639,#586,#647,.T.);
#647 = CIRCLE('',#648,0.25);
#648 = AXIS2_PLACEMENT_3D('',#649,#650,#651);
#649 = CARTESIAN_POINT('',(-1.8189894E-10,213.2580412013,9.458923E-11));
#650 = DIRECTION('',(0.,0.,-1.));
#651 = DIRECTION('',(-7.11E-15,1.,0.));
#652 = FACE_BOUND('',#653,.T.);
#653 = EDGE_LOOP('',(#654,#655,#661,#662));
#654 = ORIENTED_EDGE('',*,*,#555,.F.);
#655 = ORIENTED_EDGE('',*,*,#656,.T.);
#656 = EDGE_CURVE('',#548,#67,#657,.T.);
#657 = LINE('',#658,#659);
#658 = CARTESIAN_POINT('',(1.062108519491,204.50306615888,9.458745E-11)
  );
#659 = VECTOR('',#660,1.);
#660 = DIRECTION('',(1.189133676013E-02,-0.999929295555,-2.E-17));
#661 = ORIENTED_EDGE('',*,*,#66,.F.);
#662 = ORIENTED_EDGE('',*,*,#144,.F.);
#663 = PLANE('',#664);
#664 = AXIS2_PLACEMENT_3D('',#665,#666,#667);
#665 = CARTESIAN_POINT('',(8.749999999818,204.5080412013,9.458834E-11));
#666 = DIRECTION('',(3.E-17,-1.E-17,1.));
#667 = DIRECTION('',(1.,0.,-3.E-17));
#668 = ADVANCED_FACE('',(#669),#695,.T.);
#669 = FACE_BOUND('',#670,.T.);
#670 = EDGE_LOOP('',(#671,#679,#680,#688));
#671 = ORIENTED_EDGE('',*,*,#672,.T.);
#672 = EDGE_CURVE('',#673,#588,#675,.T.);
#673 = VERTEX_POINT('',#674);
#674 = CARTESIAN_POINT('',(13.241439181347,212.75096372245,
    8.895660376484));
#675 = LINE('',#676,#677);
#676 = CARTESIAN_POINT('',(12.999999999833,212.70804120129,
    9.400000000095));
#677 = VECTOR('',#678,1.);
#678 = DIRECTION('',(0.430528385911,7.653837971859E-02,-0.899325961682)
  );
#679 = ORIENTED_EDGE('',*,*,#585,.F.);
#680 = ORIENTED_EDGE('',*,*,#681,.F.);
#681 = EDGE_CURVE('',#682,#586,#684,.T.);
#682 = VERTEX_POINT('',#683);
#683 = CARTESIAN_POINT('',(4.258560818311,212.75096372244,8.895660376476
    ));
#684 = LINE('',#685,#686);
#685 = CARTESIAN_POINT('',(4.499999999833,212.70804120128,9.400000000095
    ));
#686 = VECTOR('',#687,1.);
#687 = DIRECTION('',(-0.430528385913,7.65383797199E-02,-0.899325961681)
  );
#688 = ORIENTED_EDGE('',*,*,#689,.F.);
#689 = EDGE_CURVE('',#673,#682,#690,.T.);
#690 = B_SPLINE_CURVE_WITH_KNOTS('',3,(#691,#692,#693,#694),
  .UNSPECIFIED.,.F.,.F.,(4,4),(-9.015495724561,0.),
  .PIECEWISE_BEZIER_KNOTS.);
#691 = CARTESIAN_POINT('',(13.241439181351,212.75096372244,
    8.895660376485));
#692 = CARTESIAN_POINT('',(10.269009736923,212.78847567546,
    8.454894928528));
#693 = CARTESIAN_POINT('',(7.230990262742,212.78847567546,8.454894928524
    ));
#694 = CARTESIAN_POINT('',(4.258560818307,212.75096372244,8.895660376477
    ));
#695 = PLANE('',#696);
#696 = AXIS2_PLACEMENT_3D('',#697,#698,#699);
#697 = CARTESIAN_POINT('',(4.499999999833,212.70804120128,9.400000000095
    ));
#698 = DIRECTION('',(0.,0.996398007206,8.479983040311E-02));
#699 = DIRECTION('',(0.,-8.479983040311E-02,0.996398007206));
#700 = ADVANCED_FACE('',(#701),#728,.T.);
#701 = FACE_BOUND('',#702,.T.);
#702 = EDGE_LOOP('',(#703,#711,#712,#720));
#703 = ORIENTED_EDGE('',*,*,#704,.T.);
#704 = EDGE_CURVE('',#705,#605,#707,.T.);
#705 = VERTEX_POINT('',#706);
#706 = CARTESIAN_POINT('',(14.820593274329,200.35471640333,8.76179124709
    ));
#707 = LINE('',#708,#709);
#708 = CARTESIAN_POINT('',(14.749999999836,200.465487759,8.972934182341)
  );
#709 = VECTOR('',#710,1.);
#710 = DIRECTION('',(0.283887319776,-0.445461462088,-0.84910074518));
#711 = ORIENTED_EDGE('',*,*,#604,.F.);
#712 = ORIENTED_EDGE('',*,*,#713,.F.);
#713 = EDGE_CURVE('',#714,#596,#716,.T.);
#714 = VERTEX_POINT('',#715);
#715 = CARTESIAN_POINT('',(14.817793249429,211.01105578058,
    9.127950424053));
#716 = LINE('',#717,#718);
#717 = CARTESIAN_POINT('',(14.749999999836,210.95910499525,
    9.338990597559));
#718 = VECTOR('',#719,1.);
#719 = DIRECTION('',(0.297772282027,0.228186493438,-0.926964180683));
#720 = ORIENTED_EDGE('',*,*,#721,.F.);
#721 = EDGE_CURVE('',#705,#714,#722,.T.);
#722 = B_SPLINE_CURVE_WITH_KNOTS('',3,(#723,#724,#725,#726,#727),
  .UNSPECIFIED.,.F.,.F.,(4,1,4),(-10.66262868766,-4.569698009,0.),
  .UNSPECIFIED.);
#723 = CARTESIAN_POINT('',(14.820593274329,200.35471640333,8.76179124709
    ));
#724 = CARTESIAN_POINT('',(14.820853686488,202.38626631713,8.83165130565
    ));
#725 = CARTESIAN_POINT('',(14.818913198422,205.93635463513,
    8.953424907098));
#726 = CARTESIAN_POINT('',(14.817754638512,209.48993663884,
    9.075184140568));
#727 = CARTESIAN_POINT('',(14.817793249429,211.01105578058,
    9.127950424053));
#728 = B_SPLINE_SURFACE_WITH_KNOTS('',3,3,(
    (#729,#730,#731,#732)
    ,(#733,#734,#735,#736)
    ,(#737,#738,#739,#740)
    ,(#741,#742,#743,#744
    )),.UNSPECIFIED.,.F.,.F.,.F.,(4,4),(4,4),(0.,1.),(2.259587303089E-02
    ,1.),.PIECEWISE_BEZIER_KNOTS.);
#729 = CARTESIAN_POINT('',(14.817787618929,211.01105146586,
    9.127967951782));
#730 = CARTESIAN_POINT('',(15.795191745892,211.76004804434,
    6.085311967886));
#731 = CARTESIAN_POINT('',(16.772595872859,212.50904462282,3.04265598399
    ));
#732 = CARTESIAN_POINT('',(17.749999999822,213.2580412013,9.458834E-11)
  );
#733 = CARTESIAN_POINT('',(14.817787618929,210.11304478102,
    9.096745316015));
#734 = CARTESIAN_POINT('',(15.795191745892,211.11774368982,
    6.064496877375));
#735 = CARTESIAN_POINT('',(16.772595872859,212.12244259861,
    3.032248438735));
#736 = CARTESIAN_POINT('',(17.749999999822,213.1271415074,9.458834E-11)
  );
#737 = CARTESIAN_POINT('',(14.817787618929,201.25712557911,
    8.801405536611));
#738 = CARTESIAN_POINT('',(15.795191745892,199.46773068447,
    5.867603691105));
#739 = CARTESIAN_POINT('',(16.772595872859,197.67833578984,2.9338018456)
  );
#740 = CARTESIAN_POINT('',(17.749999999822,195.8889408952,9.458834E-11)
  );
#741 = CARTESIAN_POINT('',(14.817787618929,200.35911889428,
    8.770182900844));
#742 = CARTESIAN_POINT('',(15.795191745892,198.82542632996,
    5.846788600594));
#743 = CARTESIAN_POINT('',(16.772595872859,197.29173376563,
    2.923394300344));
#744 = CARTESIAN_POINT('',(17.749999999822,195.7580412013,9.458834E-11)
  );
#745 = ADVANCED_FACE('',(#746),#775,.F.);
#746 = FACE_BOUND('',#747,.F.);
#747 = EDGE_LOOP('',(#748,#760,#767,#768));
#748 = ORIENTED_EDGE('',*,*,#749,.F.);
#749 = EDGE_CURVE('',#750,#752,#754,.T.);
#750 = VERTEX_POINT('',#751);
#751 = CARTESIAN_POINT('',(14.531892129733,211.00513811601,
    9.297340234447));
#752 = VERTEX_POINT('',#753);
#753 = CARTESIAN_POINT('',(14.536213593299,200.34896270038,
    8.926454086648));
#754 = B_SPLINE_CURVE_WITH_KNOTS('',3,(#755,#756,#757,#758,#759),
  .UNSPECIFIED.,.F.,.F.,(4,1,4),(0.,4.569698009,10.662628687667),
  .UNSPECIFIED.);
#755 = CARTESIAN_POINT('',(14.531892129733,211.00513811601,
    9.297340234447));
#756 = CARTESIAN_POINT('',(14.531944164788,209.48283104068,
    9.244246620685));
#757 = CARTESIAN_POINT('',(14.533686434676,205.93077058425,
    9.120676432293));
#758 = CARTESIAN_POINT('',(14.536136599487,202.37870551919,
    8.997244080887));
#759 = CARTESIAN_POINT('',(14.536213593299,200.34896270039,
    8.926454086648));
#760 = ORIENTED_EDGE('',*,*,#761,.F.);
#761 = EDGE_CURVE('',#714,#750,#762,.T.);
#762 = CIRCLE('',#763,0.25);
#763 = AXIS2_PLACEMENT_3D('',#764,#765,#766);
#764 = CARTESIAN_POINT('',(14.579597510343,211.01369359307,
    9.052083225428));
#765 = DIRECTION('',(3.444279321406E-05,-0.999392350543,
    -3.485582433161E-02));
#766 = DIRECTION('',(0.952782956338,-1.055124994625E-02,0.303468794502)
  );
#767 = ORIENTED_EDGE('',*,*,#721,.F.);
#768 = ORIENTED_EDGE('',*,*,#769,.F.);
#769 = EDGE_CURVE('',#752,#705,#770,.T.);
#770 = CIRCLE('',#771,0.25);
#771 = AXIS2_PLACEMENT_3D('',#772,#773,#774);
#772 = CARTESIAN_POINT('',(14.58395462955,200.35751793571,8.681204007328
    ));
#773 = DIRECTION('',(-3.822253035454E-05,0.999392376217,
    3.485508425672E-02));
#774 = DIRECTION('',(-0.190964145,-3.422094130526E-02,0.981000317279));
#775 = B_SPLINE_SURFACE_WITH_KNOTS('',3,3,(
    (#776,#777,#778,#779,#780)
    ,(#781,#782,#783,#784,#785)
    ,(#786,#787,#788,#789,#790)
    ,(#791,#792,#793,#794,#795)
    ,(#796,#797,#798,#799,#800
    )),.UNSPECIFIED.,.F.,.F.,.F.,(4,1,4),(4,1,4),(0.,0.571428571429,1.),
  (0.,4.569698009,10.662628687667),.UNSPECIFIED.);
#776 = CARTESIAN_POINT('',(14.531892129733,211.00513811601,
    9.297340234447));
#777 = CARTESIAN_POINT('',(14.531944164788,209.48283104068,
    9.244246620685));
#778 = CARTESIAN_POINT('',(14.533686434676,205.93077058425,
    9.120676432293));
#779 = CARTESIAN_POINT('',(14.536136599487,202.37870551919,
    8.997244080887));
#780 = CARTESIAN_POINT('',(14.536213593299,200.34896270039,
    8.926454086648));
#781 = CARTESIAN_POINT('',(14.599870663773,211.00467985057,
    9.310546874996));
#782 = CARTESIAN_POINT('',(14.599866140135,209.4827084044,9.257452128951
    ));
#783 = CARTESIAN_POINT('',(14.601244593978,205.93024383379,
    9.133799674604));
#784 = CARTESIAN_POINT('',(14.603387884283,202.3787422144,9.010343105953
    ));
#785 = CARTESIAN_POINT('',(14.603267187827,200.34851058079,
    8.939491147049));
#786 = CARTESIAN_POINT('',(14.728064295941,211.00571004525,
    9.281135625599));
#787 = CARTESIAN_POINT('',(14.727948826643,209.48431453034,
    9.228136328744));
#788 = CARTESIAN_POINT('',(14.728606010638,205.93113153274,
    9.104937235304));
#789 = CARTESIAN_POINT('',(14.730132163673,202.38058693511,
    8.981905612974));
#790 = CARTESIAN_POINT('',(14.729623282565,200.34949926406,8.91128140662
    ));
#791 = CARTESIAN_POINT('',(14.802022078438,211.00933036561,
    9.177406242599));
#792 = CARTESIAN_POINT('',(14.801936547719,209.48818483194,
    9.124579706937));
#793 = CARTESIAN_POINT('',(14.802793716572,205.93465224956,
    9.002434492623));
#794 = CARTESIAN_POINT('',(14.804485755278,202.38451922309,
    8.880324627364));
#795 = CARTESIAN_POINT('',(14.804068381942,200.35302547946,
    8.810256624155));
#796 = CARTESIAN_POINT('',(14.817793249429,211.01105578058,
    9.127950424053));
#797 = CARTESIAN_POINT('',(14.817754638512,209.48993663884,
    9.075184140568));
#798 = CARTESIAN_POINT('',(14.818913198422,205.93635463513,
    8.953424907098));
#799 = CARTESIAN_POINT('',(14.820853686488,202.38626631713,8.83165130565
    ));
#800 = CARTESIAN_POINT('',(14.820593274329,200.35471640333,8.76179124709
    ));
#801 = ADVANCED_FACE('',(#802),#834,.F.);
#802 = FACE_BOUND('',#803,.F.);
#803 = EDGE_LOOP('',(#804,#816,#823,#833));
#804 = ORIENTED_EDGE('',*,*,#805,.F.);
#805 = EDGE_CURVE('',#806,#750,#808,.T.);
#806 = VERTEX_POINT('',#807);
#807 = CARTESIAN_POINT('',(13.204684359895,212.493243299,9.121593506126)
  );
#808 = B_SPLINE_CURVE_WITH_KNOTS('',3,(#809,#810,#811,#812,#813,#814,
    #815),.UNSPECIFIED.,.F.,.F.,(4,1,1,1,4),(0.,0.635487435897,
    0.953231153846,1.588718589743,2.224206025641),.UNSPECIFIED.);
#809 = CARTESIAN_POINT('',(13.204684359895,212.493243299,9.121593506126)
  );
#810 = CARTESIAN_POINT('',(13.412491432995,212.4906080278,9.152407645531
    ));
#811 = CARTESIAN_POINT('',(13.721212959575,212.4008506981,9.198787355301
    ));
#812 = CARTESIAN_POINT('',(14.142908385587,212.08512932109,
    9.261270140298));
#813 = CARTESIAN_POINT('',(14.446090562822,211.64031188024,
    9.302608535921));
#814 = CARTESIAN_POINT('',(14.531884893451,211.21683854303,
    9.304723725523));
#815 = CARTESIAN_POINT('',(14.531892129733,211.00513811601,
    9.297340234447));
#816 = ORIENTED_EDGE('',*,*,#817,.F.);
#817 = EDGE_CURVE('',#673,#806,#818,.T.);
#818 = CIRCLE('',#819,0.25);
#819 = AXIS2_PLACEMENT_3D('',#820,#821,#822);
#820 = CARTESIAN_POINT('',(13.241439181347,212.50186422064,
    8.874460418884));
#821 = DIRECTION('',(0.989106822933,-1.248249264196E-02,0.146669288553)
  );
#822 = DIRECTION('',(-9.20177128938E-13,0.996398007206,
    8.479983040114E-02));
#823 = ORIENTED_EDGE('',*,*,#824,.F.);
#824 = EDGE_CURVE('',#714,#673,#825,.T.);
#825 = B_SPLINE_CURVE_WITH_KNOTS('',3,(#826,#827,#828,#829,#830,#831,
    #832),.UNSPECIFIED.,.F.,.F.,(4,1,1,1,4),(-2.224206025641,
    -1.588718589743,-0.953231153846,-0.635487435897,0.),.UNSPECIFIED.);
#826 = CARTESIAN_POINT('',(14.817793249429,211.01105578058,
    9.127950424053));
#827 = CARTESIAN_POINT('',(14.815705203426,211.25687046421,
    9.143052823027));
#828 = CARTESIAN_POINT('',(14.712311845418,211.74547339864,
    9.149040890977));
#829 = CARTESIAN_POINT('',(14.358052488104,212.26199812979,
    9.100904505021));
#830 = CARTESIAN_POINT('',(13.861309858381,212.63576316175,
    9.016517592809));
#831 = CARTESIAN_POINT('',(13.492066003062,212.74665688572,
    8.946265708097));
#832 = CARTESIAN_POINT('',(13.241439181347,212.75096372245,
    8.895660376484));
#833 = ORIENTED_EDGE('',*,*,#761,.T.);
#834 = B_SPLINE_SURFACE_WITH_KNOTS('',3,3,(
    (#835,#836,#837,#838,#839,#840,#841)
    ,(#842,#843,#844,#845,#846,#847,#848)
    ,(#849,#850,#851,#852,#853,#854,#855)
    ,(#856,#857,#858,#859,#860,#861,#862)
    ,(#863,#864,#865,#866,#867,#868,#869
    )),.UNSPECIFIED.,.F.,.F.,.F.,(4,1,4),(4,1,1,1,4),(0.,0.571428571429,
    1.),(0.,0.635487435897,0.953231153846,1.588718589743,2.224206025641)
  ,.UNSPECIFIED.);
#835 = CARTESIAN_POINT('',(13.204684359895,212.493243299,9.121593506126)
  );
#836 = CARTESIAN_POINT('',(13.412491432995,212.4906080278,9.152407645531
    ));
#837 = CARTESIAN_POINT('',(13.721212959575,212.4008506981,9.198787355301
    ));
#838 = CARTESIAN_POINT('',(14.142908385587,212.08512932109,
    9.261270140298));
#839 = CARTESIAN_POINT('',(14.446090562822,211.64031188024,
    9.302608535921));
#840 = CARTESIAN_POINT('',(14.531884893451,211.21683854303,
    9.304723725523));
#841 = CARTESIAN_POINT('',(14.531892129733,211.00513811601,
    9.297340234447));
#842 = CARTESIAN_POINT('',(13.20521186628,212.56563781586,9.124197349535
    ));
#843 = CARTESIAN_POINT('',(13.425578177896,212.56026012107,
    9.156689662311));
#844 = CARTESIAN_POINT('',(13.750137454881,212.46273158802,
    9.205521731519));
#845 = CARTESIAN_POINT('',(14.190917417927,212.1304818336,9.271291938516
    ));
#846 = CARTESIAN_POINT('',(14.507242865144,211.66684760443,
    9.315073784504));
#847 = CARTESIAN_POINT('',(14.598569990954,211.22599970526,
    9.317969669708));
#848 = CARTESIAN_POINT('',(14.599870663773,211.00467985057,
    9.310546874996));
#849 = CARTESIAN_POINT('',(13.214767894398,212.69310649525,
    9.070601904703));
#850 = CARTESIAN_POINT('',(13.456492373945,212.68313398958,
    9.110633397928));
#851 = CARTESIAN_POINT('',(13.808528318903,212.57199259753,
    9.168142910698));
#852 = CARTESIAN_POINT('',(14.282697753413,212.21106877475,
    9.242368940492));
#853 = CARTESIAN_POINT('',(14.62252887115,211.71464838193,9.289653048365
    ));
#854 = CARTESIAN_POINT('',(14.724210863922,211.24355983743,
    9.290758099389));
#855 = CARTESIAN_POINT('',(14.72805096782,211.00571333862,9.281041184359
    ));
#856 = CARTESIAN_POINT('',(13.233441473811,212.74640653004,
    8.949207387231));
#857 = CARTESIAN_POINT('',(13.483537614982,212.73935520996,
    8.997596345727));
#858 = CARTESIAN_POINT('',(13.849909983786,212.62654259091,
    9.064866464107));
#859 = CARTESIAN_POINT('',(14.342622988464,212.25371864366,
    9.146950930915));
#860 = CARTESIAN_POINT('',(14.694645587373,211.740392251,9.19513200841)
  );
#861 = CARTESIAN_POINT('',(14.79886260441,211.25437637181,9.19112558538)
  );
#862 = CARTESIAN_POINT('',(14.802022078438,211.00933036561,
    9.177406242599));
#863 = CARTESIAN_POINT('',(13.241439181347,212.75096372245,
    8.895660376484));
#864 = CARTESIAN_POINT('',(13.492066003062,212.74665688572,
    8.946265708097));
#865 = CARTESIAN_POINT('',(13.861309858381,212.63576316175,
    9.016517592809));
#866 = CARTESIAN_POINT('',(14.358052488104,212.26199812979,
    9.100904505021));
#867 = CARTESIAN_POINT('',(14.712311845418,211.74547339864,
    9.149040890977));
#868 = CARTESIAN_POINT('',(14.815705203426,211.25687046421,
    9.143052823027));
#869 = CARTESIAN_POINT('',(14.817793249429,211.01105578058,
    9.127950424053));
#870 = ADVANCED_FACE('',(#871),#905,.F.);
#871 = FACE_BOUND('',#872,.F.);
#872 = EDGE_LOOP('',(#873,#885,#886,#898));
#873 = ORIENTED_EDGE('',*,*,#874,.F.);
#874 = EDGE_CURVE('',#752,#875,#877,.T.);
#875 = VERTEX_POINT('',#876);
#876 = CARTESIAN_POINT('',(13.182673580963,198.78682624707,
    8.640197394886));
#877 = B_SPLINE_CURVE_WITH_KNOTS('',3,(#878,#879,#880,#881,#882,#883,
    #884),.UNSPECIFIED.,.F.,.F.,(4,1,1,1,4),(0.,0.655834824551,
    0.983752236827,1.639587061378,2.295421885929),.UNSPECIFIED.);
#878 = CARTESIAN_POINT('',(14.536213593299,200.34896270038,
    8.926454086648));
#879 = CARTESIAN_POINT('',(14.536221880808,200.13048392628,8.91883434733
    ));
#880 = CARTESIAN_POINT('',(14.46555844976,199.80449169364,8.893557180831
    ));
#881 = CARTESIAN_POINT('',(14.205100368959,199.32716331561,
    8.827866022056));
#882 = CARTESIAN_POINT('',(13.813853408821,198.94121666441,
    8.744050858998));
#883 = CARTESIAN_POINT('',(13.396797331759,198.79848302804,
    8.672288741023));
#884 = CARTESIAN_POINT('',(13.182673580966,198.78682624708,
    8.640197394886));
#885 = ORIENTED_EDGE('',*,*,#769,.T.);
#886 = ORIENTED_EDGE('',*,*,#887,.F.);
#887 = EDGE_CURVE('',#888,#705,#890,.T.);
#888 = VERTEX_POINT('',#889);
#889 = CARTESIAN_POINT('',(13.219246795332,198.56022808343,
    8.477722346571));
#890 = B_SPLINE_CURVE_WITH_KNOTS('',3,(#891,#892,#893,#894,#895,#896,
    #897),.UNSPECIFIED.,.F.,.F.,(4,1,1,1,4),(-2.295421885929,
    -1.639587061378,-0.983752236827,-0.655834824551,0.),.UNSPECIFIED.);
#891 = CARTESIAN_POINT('',(13.219246795336,198.56022808343,
    8.477722346571));
#892 = CARTESIAN_POINT('',(13.473855858436,198.57810680701,
    8.527382102105));
#893 = CARTESIAN_POINT('',(13.959100760636,198.74927739849,
    8.619013170683));
#894 = CARTESIAN_POINT('',(14.412171367858,199.18575230655,
    8.706352277784));
#895 = CARTESIAN_POINT('',(14.721900563858,199.72564884246,
    8.761996296339));
#896 = CARTESIAN_POINT('',(14.814211898923,200.09889896778,
    8.771636468262));
#897 = CARTESIAN_POINT('',(14.820593274333,200.35471640333,
    8.761791247089));
#898 = ORIENTED_EDGE('',*,*,#899,.F.);
#899 = EDGE_CURVE('',#875,#888,#900,.T.);
#900 = CIRCLE('',#901,0.25);
#901 = AXIS2_PLACEMENT_3D('',#902,#903,#904);
#902 = CARTESIAN_POINT('',(13.219246795328,198.79544810739,
    8.393037399103));
#903 = DIRECTION('',(0.98755253758,5.328021079436E-02,0.147990555972));
#904 = DIRECTION('',(-0.146292857464,-3.448744127701E-02,0.988639983133)
  );
#905 = B_SPLINE_SURFACE_WITH_KNOTS('',3,3,(
    (#906,#907,#908,#909,#910,#911,#912)
    ,(#913,#914,#915,#916,#917,#918,#919)
    ,(#920,#921,#922,#923,#924,#925,#926)
    ,(#927,#928,#929,#930,#931,#932,#933)
    ,(#934,#935,#936,#937,#938,#939,#940
    )),.UNSPECIFIED.,.F.,.F.,.F.,(4,1,4),(4,1,1,1,4),(0.,0.571428571429,
    1.),(0.,0.655834824551,0.983752236827,1.639587061378,2.295421885929)
  ,.UNSPECIFIED.);
#906 = CARTESIAN_POINT('',(14.536213593299,200.34896270038,
    8.926454086648));
#907 = CARTESIAN_POINT('',(14.536221880808,200.13048392628,8.91883434733
    ));
#908 = CARTESIAN_POINT('',(14.46555844976,199.80449169364,8.893557180831
    ));
#909 = CARTESIAN_POINT('',(14.205100368959,199.32716331561,
    8.827866022056));
#910 = CARTESIAN_POINT('',(13.813853408821,198.94121666441,
    8.744050858998));
#911 = CARTESIAN_POINT('',(13.396797331759,198.79848302804,
    8.672288741023));
#912 = CARTESIAN_POINT('',(13.182673580966,198.78682624708,
    8.640197394886));
#913 = CARTESIAN_POINT('',(14.603267187827,200.34851058078,
    8.939491147049));
#914 = CARTESIAN_POINT('',(14.599537020858,200.11991231398,
    8.930665644465));
#915 = CARTESIAN_POINT('',(14.521816462082,199.78284034103,
    8.903450398821));
#916 = CARTESIAN_POINT('',(14.248412716635,199.29155404182,
    8.834318062283));
#917 = CARTESIAN_POINT('',(13.842637401605,198.8946338612,8.747018450974
    ));
#918 = CARTESIAN_POINT('',(13.410063308347,198.7445485912,8.672349809323
    ));
#919 = CARTESIAN_POINT('',(13.185960500872,198.73005291083,
    8.638703307838));
#920 = CARTESIAN_POINT('',(14.729623282572,200.34949926407,
    8.911281406619));
#921 = CARTESIAN_POINT('',(14.718549562502,200.10320012224,8.90670486176
    ));
#922 = CARTESIAN_POINT('',(14.627374501113,199.74652535141,
    8.882079871822));
#923 = CARTESIAN_POINT('',(14.330103228727,199.23062679339,
    8.813122571588));
#924 = CARTESIAN_POINT('',(13.898040904125,198.81437011234,
    8.722376707191));
#925 = CARTESIAN_POINT('',(13.438134748772,198.65150749222,
    8.640556688543));
#926 = CARTESIAN_POINT('',(13.196865789094,198.63228136788,
    8.601131608761));
#927 = CARTESIAN_POINT('',(14.804068381945,200.35302547946,
    8.810256624155));
#928 = CARTESIAN_POINT('',(14.794720567326,200.0983575284,8.816172574353
    ));
#929 = CARTESIAN_POINT('',(14.700782346757,199.72872695195,
    8.802022247687));
#930 = CARTESIAN_POINT('',(14.392276714952,199.19465710884,
    8.742093208461));
#931 = CARTESIAN_POINT('',(13.94355399111,198.76334228996,8.653309133242
    ));
#932 = CARTESIAN_POINT('',(13.464362130089,198.59359240724,
    8.564288358014));
#933 = CARTESIAN_POINT('',(13.21253587828,198.5745008635,8.51736627114)
  );
#934 = CARTESIAN_POINT('',(14.820593274333,200.35471640333,
    8.761791247089));
#935 = CARTESIAN_POINT('',(14.814211898923,200.09889896778,
    8.771636468262));
#936 = CARTESIAN_POINT('',(14.721900563858,199.72564884246,
    8.761996296339));
#937 = CARTESIAN_POINT('',(14.412171367858,199.18575230655,
    8.706352277784));
#938 = CARTESIAN_POINT('',(13.959100760636,198.74927739849,
    8.619013170683));
#939 = CARTESIAN_POINT('',(13.473855858436,198.57810680701,
    8.527382102105));
#940 = CARTESIAN_POINT('',(13.219246795336,198.56022808343,
    8.477722346571));
#941 = ADVANCED_FACE('',(#942),#962,.F.);
#942 = FACE_BOUND('',#943,.F.);
#943 = EDGE_LOOP('',(#944,#953,#960,#961));
#944 = ORIENTED_EDGE('',*,*,#945,.F.);
#945 = EDGE_CURVE('',#946,#806,#948,.T.);
#946 = VERTEX_POINT('',#947);
#947 = CARTESIAN_POINT('',(4.295315639763,212.49324329898,9.121593506118
    ));
#948 = B_SPLINE_CURVE_WITH_KNOTS('',3,(#949,#950,#951,#952),
  .UNSPECIFIED.,.F.,.F.,(4,4),(0.,9.015495724561),
  .PIECEWISE_BEZIER_KNOTS.);
#949 = CARTESIAN_POINT('',(4.29531563976,212.49324329899,9.121593506118)
  );
#950 = CARTESIAN_POINT('',(7.243420784322,212.5306292091,8.684441288198)
  );
#951 = CARTESIAN_POINT('',(10.25657921534,212.53062920909,8.684441288201
    ));
#952 = CARTESIAN_POINT('',(13.204684359895,212.49324329898,
    9.121593506125));
#953 = ORIENTED_EDGE('',*,*,#954,.F.);
#954 = EDGE_CURVE('',#682,#946,#955,.T.);
#955 = CIRCLE('',#956,0.25);
#956 = AXIS2_PLACEMENT_3D('',#957,#958,#959);
#957 = CARTESIAN_POINT('',(4.258560818311,212.50186422064,8.874460418875
    ));
#958 = DIRECTION('',(0.989106822933,1.248249264301E-02,-0.146669288551)
  );
#959 = DIRECTION('',(3.589142871796E-15,0.996398007206,
    8.479983040311E-02));
#960 = ORIENTED_EDGE('',*,*,#689,.F.);
#961 = ORIENTED_EDGE('',*,*,#817,.T.);
#962 = B_SPLINE_SURFACE_WITH_KNOTS('',3,3,(
    (#963,#964,#965,#966)
    ,(#967,#968,#969,#970)
    ,(#971,#972,#973,#974)
    ,(#975,#976,#977,#978)
    ,(#979,#980,#981,#982
    )),.UNSPECIFIED.,.F.,.F.,.F.,(4,1,4),(4,4),(0.,0.571428571429,1.),(
    0.,9.015495724561),.UNSPECIFIED.);
#963 = CARTESIAN_POINT('',(4.29531563976,212.49324329899,9.121593506118)
  );
#964 = CARTESIAN_POINT('',(7.243420784322,212.5306292091,8.684441288198)
  );
#965 = CARTESIAN_POINT('',(10.25657921534,212.53062920909,8.684441288201
    ));
#966 = CARTESIAN_POINT('',(13.204684359895,212.49324329898,
    9.121593506125));
#967 = CARTESIAN_POINT('',(4.294788133375,212.56563781585,9.124197349528
    ));
#968 = CARTESIAN_POINT('',(7.243166491808,212.60299451557,8.686948875409
    ));
#969 = CARTESIAN_POINT('',(10.256833507854,212.60299451557,
    8.686948875414));
#970 = CARTESIAN_POINT('',(13.20521186628,212.56563781585,9.124197349537
    ));
#971 = CARTESIAN_POINT('',(4.285232105249,212.69310649525,9.070601904693
    ));
#972 = CARTESIAN_POINT('',(7.240003080675,212.73044529328,8.632371691996
    ));
#973 = CARTESIAN_POINT('',(10.25999691898,212.73044529328,8.632371692003
    ));
#974 = CARTESIAN_POINT('',(13.214767894398,212.69310649524,
    9.070601904704));
#975 = CARTESIAN_POINT('',(4.266558525844,212.74640653003,8.949207387224
    ));
#976 = CARTESIAN_POINT('',(7.233704133629,212.78385359505,8.509199632894
    ));
#977 = CARTESIAN_POINT('',(10.266295866037,212.78385359505,
    8.509199632899));
#978 = CARTESIAN_POINT('',(13.233441473814,212.74640653003,
    8.949207387233));
#979 = CARTESIAN_POINT('',(4.258560818307,212.75096372244,8.895660376477
    ));
#980 = CARTESIAN_POINT('',(7.230990262742,212.78847567546,8.454894928524
    ));
#981 = CARTESIAN_POINT('',(10.269009736923,212.78847567546,
    8.454894928528));
#982 = CARTESIAN_POINT('',(13.241439181351,212.75096372244,
    8.895660376485));
#983 = ADVANCED_FACE('',(#984),#1014,.F.);
#984 = FACE_BOUND('',#985,.F.);
#985 = EDGE_LOOP('',(#986,#996,#997,#1007));
#986 = ORIENTED_EDGE('',*,*,#987,.F.);
#987 = EDGE_CURVE('',#875,#988,#990,.T.);
#988 = VERTEX_POINT('',#989);
#989 = CARTESIAN_POINT('',(4.317326418772,198.78682624706,8.640197394862
    ));
#990 = B_SPLINE_CURVE_WITH_KNOTS('',3,(#991,#992,#993,#994,#995),
  .UNSPECIFIED.,.F.,.F.,(4,1,4),(0.,3.846677476546,8.975580778608),
  .UNSPECIFIED.);
#991 = CARTESIAN_POINT('',(13.182673580963,198.78682624708,
    8.640197394886));
#992 = CARTESIAN_POINT('',(11.926770450278,198.71845556122,8.45197155851
    ));
#993 = CARTESIAN_POINT('',(8.9646043557,198.62660361,8.199101338977));
#994 = CARTESIAN_POINT('',(5.99186392636,198.69566533259,8.389229613036)
  );
#995 = CARTESIAN_POINT('',(4.317326418775,198.78682624707,8.640197394862
    ));
#996 = ORIENTED_EDGE('',*,*,#899,.T.);
#997 = ORIENTED_EDGE('',*,*,#998,.F.);
#998 = EDGE_CURVE('',#999,#888,#1001,.T.);
#999 = VERTEX_POINT('',#1000);
#1000 = CARTESIAN_POINT('',(4.280753204377,198.56022808342,
    8.477722346558));
#1001 = B_SPLINE_CURVE_WITH_KNOTS('',3,(#1002,#1003,#1004,#1005,#1006),
  .UNSPECIFIED.,.F.,.F.,(4,1,4),(-8.975580778608,-3.846677476546,0.),
  .UNSPECIFIED.);
#1002 = CARTESIAN_POINT('',(4.28075320441,198.56022808342,8.477722346546
    ));
#1003 = CARTESIAN_POINT('',(5.969107028064,198.46913840041,
    8.224712596157));
#1004 = CARTESIAN_POINT('',(8.966375018703,198.40013064137,
    8.033037366724));
#1005 = CARTESIAN_POINT('',(11.952981427592,198.49191082117,
    8.287965033771));
#1006 = CARTESIAN_POINT('',(13.219246795328,198.56022808343,
    8.47772234657));
#1007 = ORIENTED_EDGE('',*,*,#1008,.F.);
#1008 = EDGE_CURVE('',#988,#999,#1009,.T.);
#1009 = CIRCLE('',#1010,0.25);
#1010 = AXIS2_PLACEMENT_3D('',#1011,#1012,#1013);
#1011 = CARTESIAN_POINT('',(4.280753204406,198.79544810739,
    8.393037399079));
#1012 = DIRECTION('',(0.987552537574,-5.32802109129E-02,-0.14799055597)
  );
#1013 = DIRECTION('',(0.146292857459,-3.448744127738E-02,0.988639983134)
  );
#1014 = B_SPLINE_SURFACE_WITH_KNOTS('',3,3,(
    (#1015,#1016,#1017,#1018,#1019)
    ,(#1020,#1021,#1022,#1023,#1024)
    ,(#1025,#1026,#1027,#1028,#1029)
    ,(#1030,#1031,#1032,#1033,#1034)
    ,(#1035,#1036,#1037,#1038,#1039
  )),.UNSPECIFIED.,.F.,.F.,.F.,(4,1,4),(4,1,4),(0.,0.571428571429,1.),(
    0.,3.846677476546,8.975580778608),.UNSPECIFIED.);
#1015 = CARTESIAN_POINT('',(13.182673580963,198.78682624708,
    8.640197394886));
#1016 = CARTESIAN_POINT('',(11.926770450278,198.71845556122,
    8.45197155851));
#1017 = CARTESIAN_POINT('',(8.9646043557,198.62660361,8.199101338977));
#1018 = CARTESIAN_POINT('',(5.99186392636,198.69566533259,8.389229613036
    ));
#1019 = CARTESIAN_POINT('',(4.317326418775,198.78682624707,
    8.640197394862));
#1020 = CARTESIAN_POINT('',(13.185960500869,198.73005291083,
    8.638703307838));
#1021 = CARTESIAN_POINT('',(11.929153266261,198.66175404877,
    8.450202933818));
#1022 = CARTESIAN_POINT('',(8.964778121295,198.569998199,8.196960523381)
  );
#1023 = CARTESIAN_POINT('',(5.989782478347,198.63898776141,
    8.387369475797));
#1024 = CARTESIAN_POINT('',(4.31403949887,198.73005291082,8.638703307814
    ));
#1025 = CARTESIAN_POINT('',(13.196867868963,198.6322946566,8.60111294532
    ));
#1026 = CARTESIAN_POINT('',(11.936965065048,198.56411797679,
    8.412068507017));
#1027 = CARTESIAN_POINT('',(8.965297665072,198.47252555233,
    8.158094220607));
#1028 = CARTESIAN_POINT('',(5.983002535999,198.54139241684,
    8.349053694235));
#1029 = CARTESIAN_POINT('',(4.303132130775,198.63229465659,
    8.601112945297));
#1030 = CARTESIAN_POINT('',(13.212535878272,198.5745008635,
    8.517366271139));
#1031 = CARTESIAN_POINT('',(11.948177604125,198.50625711494,
    8.327811604954));
#1032 = CARTESIAN_POINT('',(8.966051179501,198.41457523241,
    8.073154938372));
#1033 = CARTESIAN_POINT('',(5.973275153665,198.48350919874,8.26462671621
    ));
#1034 = CARTESIAN_POINT('',(4.287464121466,198.57450086349,
    8.517366271116));
#1035 = CARTESIAN_POINT('',(13.219246795328,198.56022808343,
    8.47772234657));
#1036 = CARTESIAN_POINT('',(11.952981427592,198.49191082117,
    8.287965033771));
#1037 = CARTESIAN_POINT('',(8.966375018703,198.40013064137,
    8.033037366724));
#1038 = CARTESIAN_POINT('',(5.969107028064,198.46913840041,
    8.224712596157));
#1039 = CARTESIAN_POINT('',(4.28075320441,198.56022808342,8.477722346546
    ));
#1040 = ADVANCED_FACE('',(#1041),#1073,.F.);
#1041 = FACE_BOUND('',#1042,.F.);
#1042 = EDGE_LOOP('',(#1043,#1054,#1063,#1072));
#1043 = ORIENTED_EDGE('',*,*,#1044,.F.);
#1044 = EDGE_CURVE('',#1045,#946,#1047,.T.);
#1045 = VERTEX_POINT('',#1046);
#1046 = CARTESIAN_POINT('',(2.968107869932,211.005138116,9.297340234434)
  );
#1047 = B_SPLINE_CURVE_WITH_KNOTS('',3,(#1048,#1049,#1050,#1051,#1052,
    #1053),.UNSPECIFIED.,.F.,.F.,(4,1,1,4),(0.,0.953240200488,
    1.58873366748,2.224227134472),.UNSPECIFIED.);
#1048 = CARTESIAN_POINT('',(2.968107869932,211.005138116,9.297340234434)
  );
#1049 = CARTESIAN_POINT('',(2.968118724457,211.32269177027,
    9.308415576158));
#1050 = CARTESIAN_POINT('',(3.130280609206,211.85202937413,
    9.294573955223));
#1051 = CARTESIAN_POINT('',(3.675422970933,212.37063095215,
    9.214268349543));
#1052 = CARTESIAN_POINT('',(4.087506594467,212.49060800279,
    9.152407937965));
#1053 = CARTESIAN_POINT('',(4.295315639767,212.49324329899,
    9.121593506118));
#1054 = ORIENTED_EDGE('',*,*,#1055,.F.);
#1055 = EDGE_CURVE('',#1056,#1045,#1058,.T.);
#1056 = VERTEX_POINT('',#1057);
#1057 = CARTESIAN_POINT('',(2.68220675024,211.01105578057,9.127950424041
    ));
#1058 = CIRCLE('',#1059,0.25);
#1059 = AXIS2_PLACEMENT_3D('',#1060,#1061,#1062);
#1060 = CARTESIAN_POINT('',(2.920402489322,211.01369359306,
    9.052083225415));
#1061 = DIRECTION('',(3.444279217727E-05,0.999392350543,
    3.485582433228E-02));
#1062 = DIRECTION('',(-0.952782956337,-1.055124994754E-02,0.303468794505
    ));
#1063 = ORIENTED_EDGE('',*,*,#1064,.F.);
#1064 = EDGE_CURVE('',#682,#1056,#1065,.T.);
#1065 = B_SPLINE_CURVE_WITH_KNOTS('',3,(#1066,#1067,#1068,#1069,#1070,
    #1071),.UNSPECIFIED.,.F.,.F.,(4,1,1,4),(-2.224227134472,
    -1.58873366748,-0.953240200488,0.),.UNSPECIFIED.);
#1066 = CARTESIAN_POINT('',(4.258560818311,212.75096372244,
    8.895660376477));
#1067 = CARTESIAN_POINT('',(4.007931618013,212.74665684483,
    8.946266188361));
#1068 = CARTESIAN_POINT('',(3.515038510039,212.59815871094,
    9.039935687466));
#1069 = CARTESIAN_POINT('',(2.877031688051,211.9888312214,9.1427396689)
  );
#1070 = CARTESIAN_POINT('',(2.685338848969,211.3797813054,9.150604237499
    ));
#1071 = CARTESIAN_POINT('',(2.68220675024,211.01105578057,9.127950424041
    ));
#1072 = ORIENTED_EDGE('',*,*,#954,.T.);
#1073 = B_SPLINE_SURFACE_WITH_KNOTS('',3,3,(
    (#1074,#1075,#1076,#1077,#1078,#1079)
    ,(#1080,#1081,#1082,#1083,#1084,#1085)
    ,(#1086,#1087,#1088,#1089,#1090,#1091)
    ,(#1092,#1093,#1094,#1095,#1096,#1097)
    ,(#1098,#1099,#1100,#1101,#1102,#1103
    )),.UNSPECIFIED.,.F.,.F.,.F.,(4,1,4),(4,1,1,4),(0.,0.571428571429,1.
    ),(0.,0.953240200488,1.58873366748,2.224227134472),.UNSPECIFIED.);
#1074 = CARTESIAN_POINT('',(2.968107869932,211.005138116,9.297340234434)
  );
#1075 = CARTESIAN_POINT('',(2.968118724457,211.32269177027,
    9.308415576158));
#1076 = CARTESIAN_POINT('',(3.130280609206,211.85202937413,
    9.294573955223));
#1077 = CARTESIAN_POINT('',(3.675422970933,212.37063095215,
    9.214268349543));
#1078 = CARTESIAN_POINT('',(4.087506594467,212.49060800279,
    9.152407937965));
#1079 = CARTESIAN_POINT('',(4.295315639767,212.49324329899,
    9.121593506118));
#1080 = CARTESIAN_POINT('',(2.900129335892,211.00467985056,
    9.310546874983));
#1081 = CARTESIAN_POINT('',(2.902080363638,211.33666278328,
    9.321681172722));
#1082 = CARTESIAN_POINT('',(3.072704309918,211.88666026251,9.30635802213
    ));
#1083 = CARTESIAN_POINT('',(3.641204392185,212.42985962711,
    9.221818912432));
#1084 = CARTESIAN_POINT('',(4.074419730372,212.56026007002,
    9.156689970672));
#1085 = CARTESIAN_POINT('',(4.294788133382,212.56563781585,
    9.124197349527));
#1086 = CARTESIAN_POINT('',(2.771949031845,211.00571333861,
    9.281041184344));
#1087 = CARTESIAN_POINT('',(2.77770924236,211.36248647278,9.295616695218
    ));
#1088 = CARTESIAN_POINT('',(2.964069733607,211.94868209443,
    9.280983256571));
#1089 = CARTESIAN_POINT('',(3.573662472238,212.53451741497,
    9.187326552886));
#1090 = CARTESIAN_POINT('',(4.043505331618,212.68313389493,
    9.110633777838));
#1091 = CARTESIAN_POINT('',(4.28523210526,212.69310649525,9.070601904692
    ));
#1092 = CARTESIAN_POINT('',(2.697977921231,211.0093303656,9.177406242587
    ));
#1093 = CARTESIAN_POINT('',(2.70271717725,211.37690286333,9.197985452065
    ));
#1094 = CARTESIAN_POINT('',(2.894573631169,211.98209083505,
    9.188112768168));
#1095 = CARTESIAN_POINT('',(3.527428706129,212.58835412338,
    9.087292807525));
#1096 = CARTESIAN_POINT('',(4.016460011131,212.73935514302,
    8.997596804956));
#1097 = CARTESIAN_POINT('',(4.266558525847,212.74640653003,
    8.949207387224));
#1098 = CARTESIAN_POINT('',(2.68220675024,211.01105578057,9.127950424041
    ));
#1099 = CARTESIAN_POINT('',(2.685338848969,211.3797813054,9.150604237499
    ));
#1100 = CARTESIAN_POINT('',(2.877031688051,211.9888312214,9.1427396689)
  );
#1101 = CARTESIAN_POINT('',(3.515038510039,212.59815871094,
    9.039935687466));
#1102 = CARTESIAN_POINT('',(4.007931618013,212.74665684483,
    8.946266188361));
#1103 = CARTESIAN_POINT('',(4.258560818311,212.75096372244,
    8.895660376477));
#1104 = ADVANCED_FACE('',(#1105),#1139,.F.);
#1105 = FACE_BOUND('',#1106,.F.);
#1106 = EDGE_LOOP('',(#1107,#1119,#1120,#1132));
#1107 = ORIENTED_EDGE('',*,*,#1108,.F.);
#1108 = EDGE_CURVE('',#988,#1109,#1111,.T.);
#1109 = VERTEX_POINT('',#1110);
#1110 = CARTESIAN_POINT('',(2.963786406366,200.34896270038,8.92645408663
    ));
#1111 = B_SPLINE_CURVE_WITH_KNOTS('',3,(#1112,#1113,#1114,#1115,#1116,
    #1117,#1118),.UNSPECIFIED.,.F.,.F.,(4,1,1,1,4),(0.,0.327917463405,
    0.983752390216,1.639587317027,2.295422243838),.UNSPECIFIED.);
#1112 = CARTESIAN_POINT('',(4.31732641871,198.78682624707,8.640197394872
    ));
#1113 = CARTESIAN_POINT('',(4.210264526617,198.79265463846,
    8.656243070442));
#1114 = CARTESIAN_POINT('',(3.89156023199,198.85451654469,8.707331222059
    ));
#1115 = CARTESIAN_POINT('',(3.427414624275,199.1486581802,8.796796857494
    ));
#1116 = CARTESIAN_POINT('',(3.057854724881,199.69608896708,8.88517653034
    ));
#1117 = CARTESIAN_POINT('',(2.963778118854,200.13048389221,
    8.918834346125));
#1118 = CARTESIAN_POINT('',(2.963786406366,200.34896270038,8.92645408663
    ));
#1119 = ORIENTED_EDGE('',*,*,#1008,.T.);
#1120 = ORIENTED_EDGE('',*,*,#1121,.F.);
#1121 = EDGE_CURVE('',#1122,#999,#1124,.T.);
#1122 = VERTEX_POINT('',#1123);
#1123 = CARTESIAN_POINT('',(2.679406725336,200.35471640332,
    8.761791247073));
#1124 = B_SPLINE_CURVE_WITH_KNOTS('',3,(#1125,#1126,#1127,#1128,#1129,
    #1130,#1131),.UNSPECIFIED.,.F.,.F.,(4,1,1,1,4),(-2.295422243838,
    -1.639587317027,-0.983752390216,-0.327917463405,0.),.UNSPECIFIED.);
#1125 = CARTESIAN_POINT('',(2.679406725332,200.35471640333,
    8.761791247074));
#1126 = CARTESIAN_POINT('',(2.685788101735,200.09889892789,
    8.771636469781));
#1127 = CARTESIAN_POINT('',(2.80879046406,199.60168336071,8.758691962827
    ));
#1128 = CARTESIAN_POINT('',(3.242370797685,198.98531205635,
    8.676364695813));
#1129 = CARTESIAN_POINT('',(3.778497751613,198.64711138258,
    8.574075427903));
#1130 = CARTESIAN_POINT('',(4.153448652942,198.56916744661,
    8.502552228194));
#1131 = CARTESIAN_POINT('',(4.280753204344,198.56022808342,
    8.477722346555));
#1132 = ORIENTED_EDGE('',*,*,#1133,.F.);
#1133 = EDGE_CURVE('',#1109,#1122,#1134,.T.);
#1134 = CIRCLE('',#1135,0.25);
#1135 = AXIS2_PLACEMENT_3D('',#1136,#1137,#1138);
#1136 = CARTESIAN_POINT('',(2.916045370115,200.3575179357,8.681204007311
    ));
#1137 = DIRECTION('',(-3.822253127591E-05,-0.999392376217,
    -3.4855084257E-02));
#1138 = DIRECTION('',(0.190964144997,-3.422094130573E-02,0.981000317279)
  );
#1139 = B_SPLINE_SURFACE_WITH_KNOTS('',3,3,(
    (#1140,#1141,#1142,#1143,#1144,#1145,#1146)
    ,(#1147,#1148,#1149,#1150,#1151,#1152,#1153)
    ,(#1154,#1155,#1156,#1157,#1158,#1159,#1160)
    ,(#1161,#1162,#1163,#1164,#1165,#1166,#1167)
    ,(#1168,#1169,#1170,#1171,#1172,#1173,#1174
  )),.UNSPECIFIED.,.F.,.F.,.F.,(4,1,4),(4,1,1,1,4),(0.,0.571428571429,1.
    ),(0.,0.327917463405,0.983752390216,1.639587317027,2.295422243838),
  .UNSPECIFIED.);
#1140 = CARTESIAN_POINT('',(4.31732641871,198.78682624707,8.640197394872
    ));
#1141 = CARTESIAN_POINT('',(4.210264526617,198.79265463846,
    8.656243070442));
#1142 = CARTESIAN_POINT('',(3.89156023199,198.85451654469,8.707331222059
    ));
#1143 = CARTESIAN_POINT('',(3.427414624275,199.1486581802,8.796796857494
    ));
#1144 = CARTESIAN_POINT('',(3.057854724881,199.69608896708,8.88517653034
    ));
#1145 = CARTESIAN_POINT('',(2.963778118854,200.13048389221,
    8.918834346125));
#1146 = CARTESIAN_POINT('',(2.963786406366,200.34896270038,8.92645408663
    ));
#1147 = CARTESIAN_POINT('',(4.314039498804,198.73005291082,
    8.638703307824));
#1148 = CARTESIAN_POINT('',(4.201988077592,198.73730075213,
    8.655526561189));
#1149 = CARTESIAN_POINT('',(3.870038733465,198.80417341756,
    8.708858437975));
#1150 = CARTESIAN_POINT('',(3.389480838672,199.10835135962,
    8.801889226922));
#1151 = CARTESIAN_POINT('',(3.003965354608,199.67077318292,
    8.894398917274));
#1152 = CARTESIAN_POINT('',(2.900462979389,200.11991227835,
    8.930665643072));
#1153 = CARTESIAN_POINT('',(2.896732811838,200.34851058078,
    8.939491147032));
#1154 = CARTESIAN_POINT('',(4.303134210579,198.63228136786,
    8.601131608746));
#1155 = CARTESIAN_POINT('',(4.182499711926,198.64189443153,8.62084415171
    ));
#1156 = CARTESIAN_POINT('',(3.827482990237,198.71735025056,
    8.681111318059));
#1157 = CARTESIAN_POINT('',(3.317640997873,199.03911882452,
    8.779910653342));
#1158 = CARTESIAN_POINT('',(2.902881274087,199.62799689122,
    8.873891753253));
#1159 = CARTESIAN_POINT('',(2.781450438884,200.10320008383,
    8.906704861028));
#1160 = CARTESIAN_POINT('',(2.77037671709,200.34949926405,8.911281406601
    ));
#1161 = CARTESIAN_POINT('',(4.2874641214,198.57450086349,8.517366271125)
  );
#1162 = CARTESIAN_POINT('',(4.161550975859,198.58404663685,8.54082731822
    ));
#1163 = CARTESIAN_POINT('',(3.791141425696,198.66225598298,
    8.609315918562));
#1164 = CARTESIAN_POINT('',(3.26107530564,198.99653249544,8.710960578252
    ));
#1165 = CARTESIAN_POINT('',(2.830441336293,199.6059399797,8.797246728908
    ));
#1166 = CARTESIAN_POINT('',(2.705279433798,200.0983574887,8.816172575259
    ));
#1167 = CARTESIAN_POINT('',(2.69593161772,200.35302547946,8.810256624139
    ));
#1168 = CARTESIAN_POINT('',(4.280753204344,198.56022808342,
    8.477722346555));
#1169 = CARTESIAN_POINT('',(4.153448652942,198.56916744661,
    8.502552228194));
#1170 = CARTESIAN_POINT('',(3.778497751613,198.64711138258,
    8.574075427903));
#1171 = CARTESIAN_POINT('',(3.242370797685,198.98531205635,
    8.676364695813));
#1172 = CARTESIAN_POINT('',(2.80879046406,199.60168336071,8.758691962827
    ));
#1173 = CARTESIAN_POINT('',(2.685788101735,200.09889892789,
    8.771636469781));
#1174 = CARTESIAN_POINT('',(2.679406725332,200.35471640333,
    8.761791247074));
#1175 = ADVANCED_FACE('',(#1176),#1196,.F.);
#1176 = FACE_BOUND('',#1177,.F.);
#1177 = EDGE_LOOP('',(#1178,#1186,#1187,#1195));
#1178 = ORIENTED_EDGE('',*,*,#1179,.F.);
#1179 = EDGE_CURVE('',#1109,#1045,#1180,.T.);
#1180 = B_SPLINE_CURVE_WITH_KNOTS('',3,(#1181,#1182,#1183,#1184,#1185),
  .UNSPECIFIED.,.F.,.F.,(4,1,4),(9.885E-14,6.092930678622,
    10.662628687588),.UNSPECIFIED.);
#1181 = CARTESIAN_POINT('',(2.963786406366,200.34896270038,8.92645408663
    ));
#1182 = CARTESIAN_POINT('',(2.963863400179,202.3787055191,8.997244080868
    ));
#1183 = CARTESIAN_POINT('',(2.966313565037,205.93077057941,
    9.120676432102));
#1184 = CARTESIAN_POINT('',(2.968055834877,209.48283104073,
    9.244246620674));
#1185 = CARTESIAN_POINT('',(2.968107869932,211.005138116,9.297340234434)
  );
#1186 = ORIENTED_EDGE('',*,*,#1133,.T.);
#1187 = ORIENTED_EDGE('',*,*,#1188,.F.);
#1188 = EDGE_CURVE('',#1056,#1122,#1189,.T.);
#1189 = B_SPLINE_CURVE_WITH_KNOTS('',3,(#1190,#1191,#1192,#1193,#1194),
  .UNSPECIFIED.,.F.,.F.,(4,1,4),(-10.66262868758,-6.092930678622,
    -9.885E-14),.UNSPECIFIED.);
#1190 = CARTESIAN_POINT('',(2.68220675024,211.01105578057,9.127950424041
    ));
#1191 = CARTESIAN_POINT('',(2.682245361157,209.4899366389,9.075184140558
    ));
#1192 = CARTESIAN_POINT('',(2.681086801247,205.93635463118,
    8.953424906796));
#1193 = CARTESIAN_POINT('',(2.679146313178,202.38626631705,
    8.831651305632));
#1194 = CARTESIAN_POINT('',(2.679406725336,200.35471640333,
    8.761791247074));
#1195 = ORIENTED_EDGE('',*,*,#1055,.T.);
#1196 = B_SPLINE_SURFACE_WITH_KNOTS('',3,3,(
    (#1197,#1198,#1199,#1200,#1201)
    ,(#1202,#1203,#1204,#1205,#1206)
    ,(#1207,#1208,#1209,#1210,#1211)
    ,(#1212,#1213,#1214,#1215,#1216)
    ,(#1217,#1218,#1219,#1220,#1221
  )),.UNSPECIFIED.,.F.,.F.,.F.,(4,1,4),(4,1,4),(0.,0.571428571429,1.),(
    9.885E-14,6.092930678622,10.662628687588),.UNSPECIFIED.);
#1197 = CARTESIAN_POINT('',(2.963786406366,200.34896270038,8.92645408663
    ));
#1198 = CARTESIAN_POINT('',(2.963863400179,202.3787055191,8.997244080868
    ));
#1199 = CARTESIAN_POINT('',(2.966313565037,205.93077057941,
    9.120676432102));
#1200 = CARTESIAN_POINT('',(2.968055834877,209.48283104073,
    9.244246620674));
#1201 = CARTESIAN_POINT('',(2.968107869932,211.005138116,9.297340234434)
  );
#1202 = CARTESIAN_POINT('',(2.896732811838,200.34851058078,
    8.939491147032));
#1203 = CARTESIAN_POINT('',(2.896612115383,202.37874221432,
    9.010343105934));
#1204 = CARTESIAN_POINT('',(2.898755405713,205.93024382919,
    9.133799674426));
#1205 = CARTESIAN_POINT('',(2.90013385953,209.48270840445,9.25745212894)
  );
#1206 = CARTESIAN_POINT('',(2.900129335892,211.00467985056,
    9.310546874983));
#1207 = CARTESIAN_POINT('',(2.770376717093,200.34949926406,
    8.911281406602));
#1208 = CARTESIAN_POINT('',(2.769867835988,202.38058693504,
    8.981905612953));
#1209 = CARTESIAN_POINT('',(2.771393988991,205.93113152857,
    9.104937235104));
#1210 = CARTESIAN_POINT('',(2.772051173019,209.48431453041,
    9.228136328731));
#1211 = CARTESIAN_POINT('',(2.77193570372,211.00571004524,9.281135625585
    ));
#1212 = CARTESIAN_POINT('',(2.695931617724,200.35302547946,
    8.810256624139));
#1213 = CARTESIAN_POINT('',(2.695514244388,202.38451922301,
    8.880324627345));
#1214 = CARTESIAN_POINT('',(2.697206283075,205.93465224558,9.00243449235
    ));
#1215 = CARTESIAN_POINT('',(2.69806345195,209.488184832,9.124579706927)
  );
#1216 = CARTESIAN_POINT('',(2.697977921231,211.0093303656,9.177406242587
    ));
#1217 = CARTESIAN_POINT('',(2.679406725336,200.35471640333,
    8.761791247074));
#1218 = CARTESIAN_POINT('',(2.679146313178,202.38626631705,
    8.831651305632));
#1219 = CARTESIAN_POINT('',(2.681086801247,205.93635463118,
    8.953424906796));
#1220 = CARTESIAN_POINT('',(2.682245361157,209.4899366389,9.075184140558
    ));
#1221 = CARTESIAN_POINT('',(2.68220675024,211.01105578057,9.127950424041
    ));
#1222 = ADVANCED_FACE('',(#1223),#1234,.T.);
#1223 = FACE_BOUND('',#1224,.T.);
#1224 = EDGE_LOOP('',(#1225,#1226,#1227,#1228));
#1225 = ORIENTED_EDGE('',*,*,#1064,.F.);
#1226 = ORIENTED_EDGE('',*,*,#681,.T.);
#1227 = ORIENTED_EDGE('',*,*,#646,.F.);
#1228 = ORIENTED_EDGE('',*,*,#1229,.F.);
#1229 = EDGE_CURVE('',#1056,#639,#1230,.T.);
#1230 = LINE('',#1231,#1232);
#1231 = CARTESIAN_POINT('',(2.749999999836,210.95910499523,
    9.338990597558));
#1232 = VECTOR('',#1233,1.);
#1233 = DIRECTION('',(-0.29777228203,0.228186493439,-0.926964180682));
#1234 = B_SPLINE_SURFACE_WITH_KNOTS('',3,3,(
    (#1235,#1236,#1237,#1238)
    ,(#1239,#1240,#1241,#1242)
    ,(#1243,#1244,#1245,#1246)
    ,(#1247,#1248,#1249,#1250)
    ,(#1251,#1252,#1253,#1254)
    ,(#1255,#1256,#1257,#1258)
    ,(#1259,#1260,#1261,#1262
    )),.UNSPECIFIED.,.F.,.F.,.F.,(4,1,1,1,4),(4,4),(0.,0.285714285714,
    0.571428571429,0.714285714286,1.),(2.222002432515E-02,1.),
  .UNSPECIFIED.);
#1235 = CARTESIAN_POINT('',(2.683339926862,211.01018741366,9.13147799931
    ));
#1236 = CARTESIAN_POINT('',(1.70555995118,211.75947200954,6.087651999572
    ));
#1237 = CARTESIAN_POINT('',(0.727779975499,212.50875660542,
    3.043825999833));
#1238 = CARTESIAN_POINT('',(-0.250000000182,213.2580412013,9.458923E-11)
  );
#1239 = CARTESIAN_POINT('',(2.683339926862,211.26684503262,
    9.140402182752));
#1240 = CARTESIAN_POINT('',(1.705612175185,211.94310367998,6.09360389542
    ));
#1241 = CARTESIAN_POINT('',(0.727727751495,212.61918246648,
    3.046798287427));
#1242 = CARTESIAN_POINT('',(-0.250000000182,213.29544111384,9.458923E-11
    ));
#1243 = CARTESIAN_POINT('',(2.800547817613,211.78011012712,9.15824880611
    ));
#1244 = CARTESIAN_POINT('',(1.78941480819,212.31010599928,6.10549736047)
  );
#1245 = CARTESIAN_POINT('',(0.77820208676,212.84023775992,3.052751445735
    ));
#1246 = CARTESIAN_POINT('',(-0.232930922662,213.37023363207,9.458923E-11
    ));
#1247 = CARTESIAN_POINT('',(3.211159563249,212.29408330406,
    9.176120050041));
#1248 = CARTESIAN_POINT('',(2.083111418393,212.67770262913,
    6.117410815371));
#1249 = CARTESIAN_POINT('',(0.954914934384,213.06151000635,
    3.058709234764));
#1250 = CARTESIAN_POINT('',(-0.173133210472,213.44512933142,9.458878E-11
    ));
#1251 = CARTESIAN_POINT('',(3.758479214248,212.63755175801,
    9.188062713196));
#1252 = CARTESIAN_POINT('',(2.474518489864,212.92340861138,6.1253743699)
  );
#1253 = CARTESIAN_POINT('',(1.190534106136,213.20932238577,
    3.062688343391));
#1254 = CARTESIAN_POINT('',(-9.342661824849E-02,213.49517923914,
    9.458967E-11));
#1255 = CARTESIAN_POINT('',(4.143196664372,212.72581722074,
    9.191131771438));
#1256 = CARTESIAN_POINT('',(2.749721763172,212.98641052847,
    6.127415156345));
#1257 = CARTESIAN_POINT('',(1.356074988475,213.24744789357,
    3.063716615187));
#1258 = CARTESIAN_POINT('',(-3.739991272596E-02,213.5080412013,
    9.458923E-11));
#1259 = CARTESIAN_POINT('',(4.400009890371,212.72581722074,
    9.191131771438));
#1260 = CARTESIAN_POINT('',(2.933339926854,212.9865585476,6.12742118099)
  );
#1261 = CARTESIAN_POINT('',(1.466669963334,213.24729987444,
    3.063710590542));
#1262 = CARTESIAN_POINT('',(-1.8189894E-10,213.5080412013,9.458923E-11)
  );
#1263 = ADVANCED_FACE('',(#1264),#1270,.T.);
#1264 = FACE_BOUND('',#1265,.T.);
#1265 = EDGE_LOOP('',(#1266,#1267,#1268,#1269));
#1266 = ORIENTED_EDGE('',*,*,#824,.F.);
#1267 = ORIENTED_EDGE('',*,*,#713,.T.);
#1268 = ORIENTED_EDGE('',*,*,#595,.F.);
#1269 = ORIENTED_EDGE('',*,*,#672,.F.);
#1270 = B_SPLINE_SURFACE_WITH_KNOTS('',3,3,(
    (#1271,#1272,#1273,#1274)
    ,(#1275,#1276,#1277,#1278)
    ,(#1279,#1280,#1281,#1282)
    ,(#1283,#1284,#1285,#1286)
    ,(#1287,#1288,#1289,#1290)
    ,(#1291,#1292,#1293,#1294)
    ,(#1295,#1296,#1297,#1298
    )),.UNSPECIFIED.,.F.,.F.,.F.,(4,1,1,1,4),(4,4),(0.,0.285714285714,
    0.571428571429,0.714285714286,1.),(2.193887372374E-02,1.),
  .UNSPECIFIED.);
#1271 = CARTESIAN_POINT('',(13.098724931591,212.72559230027,
    9.193774587092));
#1272 = CARTESIAN_POINT('',(14.565816621001,212.98640860062,
    6.129183058093));
#1273 = CARTESIAN_POINT('',(16.032908310412,213.24722490095,
    3.064591529094));
#1274 = CARTESIAN_POINT('',(17.499999999822,213.5080412013,9.458834E-11)
  );
#1275 = CARTESIAN_POINT('',(13.35560124764,212.72559230027,
    9.193774587092));
#1276 = CARTESIAN_POINT('',(14.749594149303,212.98635639865,
    6.129180933379));
#1277 = CARTESIAN_POINT('',(16.143407010703,213.24727710292,
    3.064593653808));
#1278 = CARTESIAN_POINT('',(17.537399912366,213.5080412013,9.458834E-11)
  );
#1279 = CARTESIAN_POINT('',(13.869303693613,212.60842665411,
    9.189700476517));
#1280 = CARTESIAN_POINT('',(15.116887931279,212.90258191788,
    6.126465903358));
#1281 = CARTESIAN_POINT('',(16.364608192936,213.19681686001,
    3.063234573253));
#1282 = CARTESIAN_POINT('',(17.612192430603,213.49097212378,9.458967E-11
    ));
#1283 = CARTESIAN_POINT('',(14.383714825348,212.19796290293,
    9.175427737328));
#1284 = CARTESIAN_POINT('',(15.48477651364,212.60898398029,
    6.116949813209));
#1285 = CARTESIAN_POINT('',(16.586026441662,213.02015333422,
    3.058477924214));
#1286 = CARTESIAN_POINT('',(17.687088129955,213.43117441159,9.458878E-11
    ));
#1287 = CARTESIAN_POINT('',(14.727475947595,211.65084051924,
    9.156403072998));
#1288 = CARTESIAN_POINT('',(15.730677651693,212.21770840283,
    6.104268394506));
#1289 = CARTESIAN_POINT('',(16.733936333549,212.78459993578,
    3.052134678586));
#1290 = CARTESIAN_POINT('',(17.737138037646,213.35146781937,9.458834E-11
    ));
#1291 = CARTESIAN_POINT('',(14.815816621005,211.26626173064,
    9.143030411633));
#1292 = CARTESIAN_POINT('',(15.79372958051,211.94259759138,
    6.095351276917));
#1293 = CARTESIAN_POINT('',(16.772087040317,212.6191052531,3.04767913481
    ));
#1294 = CARTESIAN_POINT('',(17.749999999822,213.29544111384,9.458834E-11
    ));
#1295 = CARTESIAN_POINT('',(14.815816621005,211.00954106637,
    9.134103662134));
#1296 = CARTESIAN_POINT('',(15.793877747277,211.75904111135,
    6.089402441454));
#1297 = CARTESIAN_POINT('',(16.77193887355,212.50854115632,
    3.044701220774));
#1298 = CARTESIAN_POINT('',(17.749999999822,213.2580412013,9.458834E-11)
  );
#1299 = ADVANCED_FACE('',(#1300),#1310,.T.);
#1300 = FACE_BOUND('',#1301,.T.);
#1301 = EDGE_LOOP('',(#1302,#1303,#1304,#1305,#1306,#1307,#1308,#1309));
#1302 = ORIENTED_EDGE('',*,*,#749,.F.);
#1303 = ORIENTED_EDGE('',*,*,#805,.F.);
#1304 = ORIENTED_EDGE('',*,*,#945,.F.);
#1305 = ORIENTED_EDGE('',*,*,#1044,.F.);
#1306 = ORIENTED_EDGE('',*,*,#1179,.F.);
#1307 = ORIENTED_EDGE('',*,*,#1108,.F.);
#1308 = ORIENTED_EDGE('',*,*,#987,.F.);
#1309 = ORIENTED_EDGE('',*,*,#874,.F.);
#1310 = ( BOUNDED_SURFACE() B_SPLINE_SURFACE(1,2,(
    (#1311,#1312,#1313)
    ,(#1314,#1315,#1316
)),.UNSPECIFIED.,.F.,.F.,.F.) B_SPLINE_SURFACE_WITH_KNOTS((2,2),(3,3),(
    -1.09179E-12,0.814785289846),(-6.E-17,0.656572431503),
.PIECEWISE_BEZIER_KNOTS.) GEOMETRIC_REPRESENTATION_ITEM() 
RATIONAL_B_SPLINE_SURFACE((
    (1.,0.946596293805,1.)
,(1.,0.946596293805,1.))) REPRESENTATION_ITEM('') SURFACE() );
#1311 = CARTESIAN_POINT('',(-1.315146865982,215.89882552326,
    10.632575534387));
#1312 = CARTESIAN_POINT('',(8.419319347267,216.01834472529,
    7.206358409783));
#1313 = CARTESIAN_POINT('',(18.222537676931,215.90586249729,
    10.430848944852));
#1314 = CARTESIAN_POINT('',(-1.315146866011,191.22583863468,
    9.771889945123));
#1315 = CARTESIAN_POINT('',(8.419319347238,191.3453578367,6.345672820519
    ));
#1316 = CARTESIAN_POINT('',(18.222537676902,191.2328756087,
    9.570163355587));
#1317 = ADVANCED_FACE('',(#1318),#1358,.T.);
#1318 = FACE_BOUND('',#1319,.T.);
#1319 = EDGE_LOOP('',(#1320,#1330,#1339,#1340,#1341,#1342,#1343,#1352));
#1320 = ORIENTED_EDGE('',*,*,#1321,.F.);
#1321 = EDGE_CURVE('',#1322,#1324,#1326,.T.);
#1322 = VERTEX_POINT('',#1323);
#1323 = CARTESIAN_POINT('',(3.552336976845,204.18304120131,
    7.293506480305));
#1324 = VERTEX_POINT('',#1325);
#1325 = CARTESIAN_POINT('',(2.542987870671,204.18304120131,
    4.332749102223));
#1326 = LINE('',#1327,#1328);
#1327 = CARTESIAN_POINT('',(3.453087007103,204.1830412013,7.002373235734
    ));
#1328 = VECTOR('',#1329,1.);
#1329 = DIRECTION('',(-0.32267392779,1.3043E-13,-0.946510188178));
#1330 = ORIENTED_EDGE('',*,*,#1331,.T.);
#1331 = EDGE_CURVE('',#1322,#75,#1332,.T.);
#1332 = B_SPLINE_CURVE_WITH_KNOTS('',3,(#1333,#1334,#1335,#1336,#1337,
    #1338),.UNSPECIFIED.,.F.,.F.,(4,2,4),(1.338422441627E-02,
    2.606286282544,4.796948654802),.UNSPECIFIED.);
#1333 = CARTESIAN_POINT('',(3.552336976842,204.18304120131,
    7.293506480306));
#1334 = CARTESIAN_POINT('',(3.552336976842,203.31926590832,
    7.263374784034));
#1335 = CARTESIAN_POINT('',(3.552336976834,202.45549061534,
    7.233243087763));
#1336 = CARTESIAN_POINT('',(3.552336976834,200.86193841986,
    7.177654057681));
#1337 = CARTESIAN_POINT('',(3.552336976834,200.13216151738,
    7.152196723869));
#1338 = CARTESIAN_POINT('',(3.552336976834,199.40238461489,
    7.126739390058));
#1339 = ORIENTED_EDGE('',*,*,#74,.F.);
#1340 = ORIENTED_EDGE('',*,*,#656,.F.);
#1341 = ORIENTED_EDGE('',*,*,#547,.F.);
#1342 = ORIENTED_EDGE('',*,*,#494,.T.);
#1343 = ORIENTED_EDGE('',*,*,#1344,.F.);
#1344 = EDGE_CURVE('',#1345,#495,#1347,.T.);
#1345 = VERTEX_POINT('',#1346);
#1346 = CARTESIAN_POINT('',(2.535257955238,204.8330412013,4.332749102223
    ));
#1347 = B_SPLINE_CURVE_WITH_KNOTS('',3,(#1348,#1349,#1350,#1351),
  .UNSPECIFIED.,.F.,.F.,(4,4),(-3.830356921725,-0.678323447668),
  .PIECEWISE_BEZIER_KNOTS.);
#1348 = CARTESIAN_POINT('',(2.535257955238,204.83304120131,
    4.332749102223));
#1349 = CARTESIAN_POINT('',(2.874284295773,204.83304120131,
    5.327226367781));
#1350 = CARTESIAN_POINT('',(3.213310636304,204.83304120131,
    6.321703633336));
#1351 = CARTESIAN_POINT('',(3.552336976838,204.83304120131,
    7.316180898894));
#1352 = ORIENTED_EDGE('',*,*,#1353,.F.);
#1353 = EDGE_CURVE('',#1324,#1345,#1354,.T.);
#1354 = LINE('',#1355,#1356);
#1355 = CARTESIAN_POINT('',(2.537041007501,204.68310631796,
    4.332749102223));
#1356 = VECTOR('',#1357,1.);
#1357 = DIRECTION('',(-1.189133676013E-02,0.999929295555,0.));
#1358 = PLANE('',#1359);
#1359 = AXIS2_PLACEMENT_3D('',#1360,#1361,#1362);
#1360 = CARTESIAN_POINT('',(3.25419201679,204.61558553347,6.434036686597
    ));
#1361 = DIRECTION('',(0.946450232904,1.125535424974E-02,-0.322653488492)
  );
#1362 = DIRECTION('',(-1.189133676013E-02,0.999929295555,
    8.673617379884E-19));
#1363 = ADVANCED_FACE('',(#1364),#1407,.F.);
#1364 = FACE_BOUND('',#1365,.F.);
#1365 = EDGE_LOOP('',(#1366,#1383,#1396,#1397,#1398));
#1366 = ORIENTED_EDGE('',*,*,#1367,.T.);
#1367 = EDGE_CURVE('',#1368,#1370,#1372,.T.);
#1368 = VERTEX_POINT('',#1369);
#1369 = CARTESIAN_POINT('',(8.424999999817,201.82767275649,
    6.771890361587));
#1370 = VERTEX_POINT('',#1371);
#1371 = CARTESIAN_POINT('',(6.069631554998,204.18304120131,
    6.972384845028));
#1372 = B_SPLINE_CURVE_WITH_KNOTS('',3,(#1373,#1374,#1375,#1376,#1377,
    #1378,#1379,#1380,#1381,#1382),.UNSPECIFIED.,.F.,.F.,(4,2,2,2,4),(
    4.327963846855E-02,1.055975196999,2.121600377875,2.926084361604,
    3.648168218823),.UNSPECIFIED.);
#1373 = CARTESIAN_POINT('',(8.424999999817,201.82767275649,
    6.771890361587));
#1374 = CARTESIAN_POINT('',(8.090205217744,201.86826728907,
    6.777745746636));
#1375 = CARTESIAN_POINT('',(7.766106054783,201.97120127252,
    6.791054455911));
#1376 = CARTESIAN_POINT('',(7.157142224558,202.29928728852,
    6.828822977791));
#1377 = CARTESIAN_POINT('',(6.881256350665,202.52729942029,
    6.853348652942));
#1378 = CARTESIAN_POINT('',(6.488337565035,203.00923059597,
    6.897184861589));
#1379 = CARTESIAN_POINT('',(6.351010675928,203.24057363261,
    6.916019757791));
#1380 = CARTESIAN_POINT('',(6.159223795024,203.71080748866,
    6.948082168445));
#1381 = CARTESIAN_POINT('',(6.098565773398,203.94441238293,
    6.961533038613));
#1382 = CARTESIAN_POINT('',(6.069631554998,204.1830412013,6.972384845028
    ));
#1383 = ORIENTED_EDGE('',*,*,#1384,.T.);
#1384 = EDGE_CURVE('',#1370,#1322,#1385,.T.);
#1385 = B_SPLINE_CURVE_WITH_KNOTS('',3,(#1386,#1387,#1388,#1389,#1390,
    #1391,#1392,#1393,#1394,#1395),.UNSPECIFIED.,.F.,.F.,(4,3,3,4),(
    2.402191707349,2.535032462548,3.88281530539,4.940885154056),
  .UNSPECIFIED.);
#1386 = CARTESIAN_POINT('',(6.069659940814,204.18303650831,
    6.972519377499));
#1387 = CARTESIAN_POINT('',(6.025549576059,204.18303649615,
    6.976372996594));
#1388 = CARTESIAN_POINT('',(5.981446356091,204.18303649322,
    6.980318174573));
#1389 = CARTESIAN_POINT('',(5.937350567279,204.18303649951,
    6.984354895678));
#1390 = CARTESIAN_POINT('',(5.48996111073,204.18303656333,7.025310880589
    ));
#1391 = CARTESIAN_POINT('',(5.043523497855,204.18303772175,
    7.075668880387));
#1392 = CARTESIAN_POINT('',(4.598338317675,204.18303904889,
    7.135416144571));
#1393 = CARTESIAN_POINT('',(4.248848027958,204.18304009075,
    7.182320420812));
#1394 = CARTESIAN_POINT('',(3.900129739377,204.18304120204,
    7.235012246713));
#1395 = CARTESIAN_POINT('',(3.552336976854,204.18304120131,
    7.293506480303));
#1396 = ORIENTED_EDGE('',*,*,#1331,.T.);
#1397 = ORIENTED_EDGE('',*,*,#82,.T.);
#1398 = ORIENTED_EDGE('',*,*,#1399,.T.);
#1399 = EDGE_CURVE('',#24,#1368,#1400,.T.);
#1400 = B_SPLINE_CURVE_WITH_KNOTS('',3,(#1401,#1402,#1403,#1404,#1405,
    #1406),.UNSPECIFIED.,.F.,.F.,(4,2,4),(0.239980294217,2.606286282529,
    2.827066832403),.UNSPECIFIED.);
#1401 = CARTESIAN_POINT('',(8.424999999817,199.24215886232,
    6.681698016428));
#1402 = CARTESIAN_POINT('',(8.424999999817,200.03044804661,
    6.709196476349));
#1403 = CARTESIAN_POINT('',(8.424999999817,200.81873723091,6.73669493627
    ));
#1404 = CARTESIAN_POINT('',(8.424999999817,201.68057519563,
    6.766759051323));
#1405 = CARTESIAN_POINT('',(8.424999999821,201.75412397607,
    6.769324706455));
#1406 = CARTESIAN_POINT('',(8.424999999821,201.82767275651,
    6.771890361587));
#1407 = B_SPLINE_SURFACE_WITH_KNOTS('',3,3,(
    (#1408,#1409,#1410,#1411)
    ,(#1412,#1413,#1414,#1415)
    ,(#1416,#1417,#1418,#1419)
    ,(#1420,#1421,#1422,#1423
    )),.UNSPECIFIED.,.F.,.F.,.F.,(4,4),(4,4),(0.390266364777,
    0.553936597333),(0.173178815627,0.325392479174),
  .PIECEWISE_BEZIER_KNOTS.);
#1408 = CARTESIAN_POINT('',(3.552336976834,204.18304120131,
    7.293506480307));
#1409 = CARTESIAN_POINT('',(5.155681415446,204.19243657348,
    7.024172478206));
#1410 = CARTESIAN_POINT('',(6.789354088367,204.19759664635,
    6.876250388847));
#1411 = CARTESIAN_POINT('',(8.424999999825,204.19835229415,
    6.854588485006));
#1412 = CARTESIAN_POINT('',(3.552336976831,202.53097672403,
    7.235876324114));
#1413 = CARTESIAN_POINT('',(5.155681415443,202.54037209619,
    6.966542322013));
#1414 = CARTESIAN_POINT('',(6.789354088363,202.54553216906,
    6.818620232654));
#1415 = CARTESIAN_POINT('',(8.424999999821,202.54628781687,
    6.796958328813));
#1416 = CARTESIAN_POINT('',(3.552336976834,200.87891224674,
    7.178246167921));
#1417 = CARTESIAN_POINT('',(5.155681415446,200.8883076189,6.90891216582)
  );
#1418 = CARTESIAN_POINT('',(6.789354088367,200.89346769177,
    6.760990076461));
#1419 = CARTESIAN_POINT('',(8.424999999825,200.89422333958,6.73932817262
    ));
#1420 = CARTESIAN_POINT('',(3.552336976831,199.22684776946,
    7.120616011728));
#1421 = CARTESIAN_POINT('',(5.155681415443,199.23624314162,
    6.851282009627));
#1422 = CARTESIAN_POINT('',(6.789354088363,199.24140321449,
    6.703359920269));
#1423 = CARTESIAN_POINT('',(8.424999999821,199.2421588623,6.681698016427
    ));
#1424 = ADVANCED_FACE('',(#1425),#1436,.T.);
#1425 = FACE_BOUND('',#1426,.T.);
#1426 = EDGE_LOOP('',(#1427,#1428,#1434,#1435));
#1427 = ORIENTED_EDGE('',*,*,#638,.F.);
#1428 = ORIENTED_EDGE('',*,*,#1429,.F.);
#1429 = EDGE_CURVE('',#1122,#630,#1430,.T.);
#1430 = LINE('',#1431,#1432);
#1431 = CARTESIAN_POINT('',(2.749999999836,200.465487759,8.972934182341)
  );
#1432 = VECTOR('',#1433,1.);
#1433 = DIRECTION('',(-0.283887319779,-0.445461462087,-0.849100745179));
#1434 = ORIENTED_EDGE('',*,*,#1188,.F.);
#1435 = ORIENTED_EDGE('',*,*,#1229,.T.);
#1436 = B_SPLINE_SURFACE_WITH_KNOTS('',3,3,(
    (#1437,#1438,#1439,#1440)
    ,(#1441,#1442,#1443,#1444)
    ,(#1445,#1446,#1447,#1448)
    ,(#1449,#1450,#1451,#1452
    )),.UNSPECIFIED.,.F.,.F.,.F.,(4,4),(4,4),(0.,1.),(2.259599024663E-02
    ,1.),.PIECEWISE_BEZIER_KNOTS.);
#1437 = CARTESIAN_POINT('',(2.682212029096,200.3591183425,8.770181849075
    ));
#1438 = CARTESIAN_POINT('',(1.704808019338,198.8254259621,5.846787899415
    ));
#1439 = CARTESIAN_POINT('',(0.727404009576,197.2917335817,2.923393949755
    ));
#1440 = CARTESIAN_POINT('',(-0.250000000182,195.7580412013,9.458923E-11)
  );
#1441 = CARTESIAN_POINT('',(2.682212029096,201.25712493534,
    8.801404481097));
#1442 = CARTESIAN_POINT('',(1.704808019338,199.46773025529,5.86760298743
    ));
#1443 = CARTESIAN_POINT('',(0.727404009576,197.67833557524,
    2.933801493762));
#1444 = CARTESIAN_POINT('',(-0.250000000182,195.8889408952,9.458923E-11)
  );
#1445 = CARTESIAN_POINT('',(2.682212029096,210.11304514249,
    9.096744225083));
#1446 = CARTESIAN_POINT('',(1.704808019338,211.1177439308,6.064496150087
    ));
#1447 = CARTESIAN_POINT('',(0.727404009576,212.12244271909,
    3.032248075091));
#1448 = CARTESIAN_POINT('',(-0.250000000182,213.1271415074,9.458923E-11)
  );
#1449 = CARTESIAN_POINT('',(2.682212029096,211.01105173532,
    9.127966857105));
#1450 = CARTESIAN_POINT('',(1.704808019338,211.76004822398,
    6.085311238101));
#1451 = CARTESIAN_POINT('',(0.727404009576,212.50904471264,
    3.042655619098));
#1452 = CARTESIAN_POINT('',(-0.250000000182,213.2580412013,9.458923E-11)
  );
#1453 = ADVANCED_FACE('',(#1454),#1465,.T.);
#1454 = FACE_BOUND('',#1455,.T.);
#1455 = EDGE_LOOP('',(#1456,#1457,#1463,#1464));
#1456 = ORIENTED_EDGE('',*,*,#887,.F.);
#1457 = ORIENTED_EDGE('',*,*,#1458,.T.);
#1458 = EDGE_CURVE('',#888,#613,#1459,.T.);
#1459 = LINE('',#1460,#1461);
#1460 = CARTESIAN_POINT('',(12.999999999836,198.71655155296,
    8.911924779804));
#1461 = VECTOR('',#1462,1.);
#1462 = DIRECTION('',(0.429122651621,-0.305965437747,-0.849846398339));
#1463 = ORIENTED_EDGE('',*,*,#612,.F.);
#1464 = ORIENTED_EDGE('',*,*,#704,.F.);
#1465 = B_SPLINE_SURFACE_WITH_KNOTS('',3,3,(
    (#1466,#1467,#1468,#1469)
    ,(#1470,#1471,#1472,#1473)
    ,(#1474,#1475,#1476,#1477)
    ,(#1478,#1479,#1480,#1481)
    ,(#1482,#1483,#1484,#1485)
    ,(#1486,#1487,#1488,#1489)
    ,(#1490,#1491,#1492,#1493
    )),.UNSPECIFIED.,.F.,.F.,.F.,(4,1,1,1,4),(4,4),(0.,0.285714285714,
    0.571428571429,0.714285714286,1.),(2.121410279854E-02,1.),
  .UNSPECIFIED.);
#1466 = CARTESIAN_POINT('',(14.813642308232,200.36562350381,
    8.782581434194));
#1467 = CARTESIAN_POINT('',(15.79242820543,198.82976273631,
    5.855054289494));
#1468 = CARTESIAN_POINT('',(16.771214102624,197.2939019688,
    2.927527144794));
#1469 = CARTESIAN_POINT('',(17.749999999822,195.7580412013,9.458834E-11)
  );
#1470 = CARTESIAN_POINT('',(14.813642308232,200.10874031667,
    8.773648069721));
#1471 = CARTESIAN_POINT('',(15.792375927696,198.64598062539,
    5.849096270448));
#1472 = CARTESIAN_POINT('',(16.771266380358,197.18340098003,
    2.924551799368));
#1473 = CARTESIAN_POINT('',(17.749999999822,195.72064128876,9.458834E-11
    ));
#1474 = CARTESIAN_POINT('',(14.696331396586,199.59502412984,
    8.755783086094));
#1475 = CARTESIAN_POINT('',(15.708504640494,198.27867768615,
    5.837190569626));
#1476 = CARTESIAN_POINT('',(16.720757678391,196.96219521421,
    2.918592516563));
#1477 = CARTESIAN_POINT('',(17.732930922299,195.64584877051,9.4587E-11)
  );
#1478 = CARTESIAN_POINT('',(14.285358740104,199.08059923831,
    8.737893456566));
#1479 = CARTESIAN_POINT('',(15.414567399526,197.91077993113,
    5.825264858387));
#1480 = CARTESIAN_POINT('',(16.543924550682,196.74077237835,
    2.912628598273));
#1481 = CARTESIAN_POINT('',(17.673133210104,195.57095307117,9.458789E-11
    ));
#1482 = CARTESIAN_POINT('',(13.737558017645,198.73682892092,
    8.725938507025));
#1483 = CARTESIAN_POINT('',(15.0228396565,197.66487266162,5.817293111105
    ));
#1484 = CARTESIAN_POINT('',(16.30814497903,196.59285942276,
    2.908645396015));
#1485 = CARTESIAN_POINT('',(17.593426617885,195.52090316346,9.458745E-11
    ));
#1486 = CARTESIAN_POINT('',(13.352502416692,198.64848588453,
    8.722866291395));
#1487 = CARTESIAN_POINT('',(14.747410898479,197.60181916152,
    5.815250225138));
#1488 = CARTESIAN_POINT('',(16.142491430579,196.55470792431,
    2.907616066352));
#1489 = CARTESIAN_POINT('',(17.537399912366,195.5080412013,9.458834E-11)
  );
#1490 = CARTESIAN_POINT('',(13.095463462429,198.64848588453,
    8.722866291395));
#1491 = CARTESIAN_POINT('',(14.563642308225,197.60167099012,
    5.815244194295));
#1492 = CARTESIAN_POINT('',(16.031821154025,196.55485609571,
    2.907622097195));
#1493 = CARTESIAN_POINT('',(17.499999999822,195.5080412013,9.458834E-11)
  );
#1494 = ADVANCED_FACE('',(#1495),#1506,.T.);
#1495 = FACE_BOUND('',#1496,.T.);
#1496 = EDGE_LOOP('',(#1497,#1498,#1499,#1500));
#1497 = ORIENTED_EDGE('',*,*,#621,.F.);
#1498 = ORIENTED_EDGE('',*,*,#1458,.F.);
#1499 = ORIENTED_EDGE('',*,*,#998,.F.);
#1500 = ORIENTED_EDGE('',*,*,#1501,.T.);
#1501 = EDGE_CURVE('',#999,#622,#1502,.T.);
#1502 = LINE('',#1503,#1504);
#1503 = CARTESIAN_POINT('',(4.499999999836,198.71655155296,
    8.911924779804));
#1504 = VECTOR('',#1505,1.);
#1505 = DIRECTION('',(-0.429122651623,-0.305965437746,-0.849846398338));
#1506 = PLANE('',#1507);
#1507 = AXIS2_PLACEMENT_3D('',#1508,#1509,#1510);
#1508 = CARTESIAN_POINT('',(12.999999999836,198.71655155296,
    8.911924779804));
#1509 = DIRECTION('',(-2.E-17,-0.940880095847,0.338739789867));
#1510 = DIRECTION('',(7.703719777549E-34,-0.338739789867,-0.940880095847
    ));
#1511 = ADVANCED_FACE('',(#1512),#1518,.T.);
#1512 = FACE_BOUND('',#1513,.T.);
#1513 = EDGE_LOOP('',(#1514,#1515,#1516,#1517));
#1514 = ORIENTED_EDGE('',*,*,#1121,.F.);
#1515 = ORIENTED_EDGE('',*,*,#1429,.T.);
#1516 = ORIENTED_EDGE('',*,*,#629,.F.);
#1517 = ORIENTED_EDGE('',*,*,#1501,.F.);
#1518 = B_SPLINE_SURFACE_WITH_KNOTS('',3,3,(
    (#1519,#1520,#1521,#1522)
    ,(#1523,#1524,#1525,#1526)
    ,(#1527,#1528,#1529,#1530)
    ,(#1531,#1532,#1533,#1534)
    ,(#1535,#1536,#1537,#1538)
    ,(#1539,#1540,#1541,#1542)
    ,(#1543,#1544,#1545,#1546
    )),.UNSPECIFIED.,.F.,.F.,.F.,(4,1,1,1,4),(4,4),(0.,0.285714285714,
    0.571428571429,0.714285714286,1.),(2.121039652669E-02,1.),
  .UNSPECIFIED.);
#1519 = CARTESIAN_POINT('',(4.404553215467,198.64849777614,
    8.722899321411));
#1520 = CARTESIAN_POINT('',(2.936368810249,197.60167891786,
    5.815266214305));
#1521 = CARTESIAN_POINT('',(1.468184405036,196.55486005958,2.9076331072)
  );
#1522 = CARTESIAN_POINT('',(-1.8189894E-10,195.5080412013,9.458834E-11)
  );
#1523 = CARTESIAN_POINT('',(4.147513429518,198.64849777614,
    8.722899321411));
#1524 = CARTESIAN_POINT('',(2.752482257314,197.60173115871,
    5.815268340602));
#1525 = CARTESIAN_POINT('',(1.357631259478,196.55480781873,
    2.907630980903));
#1526 = CARTESIAN_POINT('',(-3.739991272596E-02,195.5080412013,
    9.458834E-11));
#1527 = CARTESIAN_POINT('',(3.633484075675,198.76573797598,
    8.726976466456));
#1528 = CARTESIAN_POINT('',(2.384970615232,197.68555532282,
    5.817985392825));
#1529 = CARTESIAN_POINT('',(1.136321029477,196.60529293197,
    2.908991073725));
#1530 = CARTESIAN_POINT('',(-0.112192430966,195.52511027881,9.458745E-11
    ));
#1531 = CARTESIAN_POINT('',(3.118745585085,199.17646290944,
    8.741259836232));
#1532 = CARTESIAN_POINT('',(2.016863806595,197.97932739896,
    5.827508570725));
#1533 = CARTESIAN_POINT('',(0.914793648175,196.78204350149,
    2.913751265601));
#1534 = CARTESIAN_POINT('',(-0.187088130315,195.58490799101,9.458745E-11
    ));
#1535 = CARTESIAN_POINT('',(2.774765701539,199.72393343264,
    8.760298670469));
#1536 = CARTESIAN_POINT('',(1.770816795088,198.37083503849,
    5.840199434773));
#1537 = CARTESIAN_POINT('',(0.766810868434,197.01771297737,2.92009923579
    ));
#1538 = CARTESIAN_POINT('',(-0.237138038017,195.66461458322,9.458789E-11
    ));
#1539 = CARTESIAN_POINT('',(2.686368810257,200.10875693264,
    8.773681292028));
#1540 = CARTESIAN_POINT('',(1.707727483903,198.64610902766,
    5.849123193989));
#1541 = CARTESIAN_POINT('',(0.728641326172,197.18328919374,
    2.924558098133));
#1542 = CARTESIAN_POINT('',(-0.250000000182,195.72064128876,9.458834E-11
    ));
#1543 = CARTESIAN_POINT('',(2.686368810257,200.36564095088,
    8.782614690328));
#1544 = CARTESIAN_POINT('',(1.707579206777,198.82977436768,5.85507646025
    ));
#1545 = CARTESIAN_POINT('',(0.728789603298,197.2939077845,2.927538230172
    ));
#1546 = CARTESIAN_POINT('',(-0.250000000182,195.7580412013,9.458834E-11)
  );
#1547 = ADVANCED_FACE('',(#1548),#1582,.F.);
#1548 = FACE_BOUND('',#1549,.T.);
#1549 = EDGE_LOOP('',(#1550,#1561,#1567,#1568,#1575));
#1550 = ORIENTED_EDGE('',*,*,#1551,.F.);
#1551 = EDGE_CURVE('',#1552,#1554,#1556,.T.);
#1552 = VERTEX_POINT('',#1553);
#1553 = CARTESIAN_POINT('',(9.074999999822,201.82767275649,
    4.332749102223));
#1554 = VERTEX_POINT('',#1555);
#1555 = CARTESIAN_POINT('',(8.749999999818,201.80804120132,
    4.332749102223));
#1556 = CIRCLE('',#1557,2.7);
#1557 = AXIS2_PLACEMENT_3D('',#1558,#1559,#1560);
#1558 = CARTESIAN_POINT('',(8.749999999818,204.50804120131,
    4.332749102223));
#1559 = DIRECTION('',(0.,0.,-1.));
#1560 = DIRECTION('',(0.,1.,0.));
#1561 = ORIENTED_EDGE('',*,*,#1562,.T.);
#1562 = EDGE_CURVE('',#1552,#32,#1563,.T.);
#1563 = LINE('',#1564,#1565);
#1564 = CARTESIAN_POINT('',(9.074999999822,204.5080412013,4.332749102223
    ));
#1565 = VECTOR('',#1566,1.);
#1566 = DIRECTION('',(-2.0211E-13,-1.,0.));
#1567 = ORIENTED_EDGE('',*,*,#31,.T.);
#1568 = ORIENTED_EDGE('',*,*,#1569,.T.);
#1569 = EDGE_CURVE('',#22,#1570,#1572,.T.);
#1570 = VERTEX_POINT('',#1571);
#1571 = CARTESIAN_POINT('',(8.424999999821,201.82767275649,
    4.332749102223));
#1572 = B_SPLINE_CURVE_WITH_KNOTS('',1,(#1573,#1574),.UNSPECIFIED.,.F.,
  .F.,(2,2),(2.88843874283,6.319631555191),.PIECEWISE_BEZIER_KNOTS.);
#1573 = CARTESIAN_POINT('',(8.424999999821,198.39647994413,
    4.332749102223));
#1574 = CARTESIAN_POINT('',(8.424999999821,201.82767275649,
    4.332749102223));
#1575 = ORIENTED_EDGE('',*,*,#1576,.F.);
#1576 = EDGE_CURVE('',#1554,#1570,#1577,.T.);
#1577 = CIRCLE('',#1578,2.7);
#1578 = AXIS2_PLACEMENT_3D('',#1579,#1580,#1581);
#1579 = CARTESIAN_POINT('',(8.749999999818,204.50804120131,
    4.332749102223));
#1580 = DIRECTION('',(0.,0.,-1.));
#1581 = DIRECTION('',(0.,1.,0.));
#1582 = PLANE('',#1583);
#1583 = AXIS2_PLACEMENT_3D('',#1584,#1585,#1586);
#1584 = CARTESIAN_POINT('',(8.749999999818,204.8330412013,4.332749102223
    ));
#1585 = DIRECTION('',(0.,0.,1.));
#1586 = DIRECTION('',(1.,0.,-0.));
#1587 = ADVANCED_FACE('',(#1588),#1599,.T.);
#1588 = FACE_BOUND('',#1589,.T.);
#1589 = EDGE_LOOP('',(#1590,#1596,#1597,#1598));
#1590 = ORIENTED_EDGE('',*,*,#1591,.F.);
#1591 = EDGE_CURVE('',#412,#1552,#1592,.T.);
#1592 = LINE('',#1593,#1594);
#1593 = CARTESIAN_POINT('',(9.074999999822,201.82767275649,9.381917E-11)
  );
#1594 = VECTOR('',#1595,1.);
#1595 = DIRECTION('',(0.,0.,-1.));
#1596 = ORIENTED_EDGE('',*,*,#426,.T.);
#1597 = ORIENTED_EDGE('',*,*,#39,.T.);
#1598 = ORIENTED_EDGE('',*,*,#1562,.F.);
#1599 = PLANE('',#1600);
#1600 = AXIS2_PLACEMENT_3D('',#1601,#1602,#1603);
#1601 = CARTESIAN_POINT('',(9.074999999822,204.5080412013,5.832749102223
    ));
#1602 = DIRECTION('',(1.,-2.0211E-13,0.));
#1603 = DIRECTION('',(0.,0.,-1.));
#1604 = ADVANCED_FACE('',(#1605),#1615,.F.);
#1605 = FACE_BOUND('',#1606,.F.);
#1606 = EDGE_LOOP('',(#1607,#1608,#1609,#1610));
#1607 = ORIENTED_EDGE('',*,*,#1399,.F.);
#1608 = ORIENTED_EDGE('',*,*,#21,.F.);
#1609 = ORIENTED_EDGE('',*,*,#1569,.T.);
#1610 = ORIENTED_EDGE('',*,*,#1611,.T.);
#1611 = EDGE_CURVE('',#1570,#1368,#1612,.T.);
#1612 = B_SPLINE_CURVE_WITH_KNOTS('',1,(#1613,#1614),.UNSPECIFIED.,.F.,
  .F.,(2,2),(0.,2.439141259364),.PIECEWISE_BEZIER_KNOTS.);
#1613 = CARTESIAN_POINT('',(8.424999999821,201.82767275649,
    4.332749102223));
#1614 = CARTESIAN_POINT('',(8.424999999821,201.82767275649,
    6.771890361587));
#1615 = B_SPLINE_SURFACE_WITH_KNOTS('',1,1,(
    (#1616,#1617,#1618)
    ,(#1619,#1620,#1621)
    ,(#1622,#1623,#1624)
    ,(#1625,#1626,#1627
    )),.UNSPECIFIED.,.F.,.F.,.F.,(2,1,1,2),(2,1,2),(-66.20000000002,
    -3.43547E-12,18.000000000003,20.700000000005),(0.,3.,10.5),
  .UNSPECIFIED.);
#1616 = CARTESIAN_POINT('',(8.424999999803,129.3080412013,4.332749102223
    ));
#1617 = CARTESIAN_POINT('',(8.424999999803,129.3080412013,7.332749102223
    ));
#1618 = CARTESIAN_POINT('',(8.424999999803,129.3080412013,
    14.832749102223));
#1619 = CARTESIAN_POINT('',(8.424999999817,195.5080412013,4.332749102223
    ));
#1620 = CARTESIAN_POINT('',(8.424999999817,195.5080412013,7.332749102223
    ));
#1621 = CARTESIAN_POINT('',(8.424999999817,195.5080412013,
    14.832749102223));
#1622 = CARTESIAN_POINT('',(8.424999999821,213.5080412013,4.332749102223
    ));
#1623 = CARTESIAN_POINT('',(8.424999999821,213.5080412013,7.332749102223
    ));
#1624 = CARTESIAN_POINT('',(8.424999999821,213.5080412013,
    14.832749102223));
#1625 = CARTESIAN_POINT('',(8.424999999821,216.2080412013,4.332749102223
    ));
#1626 = CARTESIAN_POINT('',(8.424999999821,216.2080412013,7.332749102223
    ));
#1627 = CARTESIAN_POINT('',(8.424999999821,216.2080412013,
    14.832749102223));
#1628 = ADVANCED_FACE('',(#1629),#1647,.F.);
#1629 = FACE_BOUND('',#1630,.F.);
#1630 = EDGE_LOOP('',(#1631,#1632,#1633,#1640));
#1631 = ORIENTED_EDGE('',*,*,#505,.F.);
#1632 = ORIENTED_EDGE('',*,*,#1344,.F.);
#1633 = ORIENTED_EDGE('',*,*,#1634,.T.);
#1634 = EDGE_CURVE('',#1345,#1635,#1637,.T.);
#1635 = VERTEX_POINT('',#1636);
#1636 = CARTESIAN_POINT('',(6.069631554994,204.8330412013,4.332749102223
    ));
#1637 = B_SPLINE_CURVE_WITH_KNOTS('',1,(#1638,#1639),.UNSPECIFIED.,.F.,
  .F.,(2,2),(2.78525795542,6.319631555174),.PIECEWISE_BEZIER_KNOTS.);
#1638 = CARTESIAN_POINT('',(2.535257955242,204.8330412013,4.332749102223
    ));
#1639 = CARTESIAN_POINT('',(6.069631554998,204.8330412013,4.332749102223
    ));
#1640 = ORIENTED_EDGE('',*,*,#1641,.T.);
#1641 = EDGE_CURVE('',#1635,#456,#1642,.T.);
#1642 = B_SPLINE_CURVE_WITH_KNOTS('',3,(#1643,#1644,#1645,#1646),
  .UNSPECIFIED.,.F.,.F.,(4,4),(0.,2.662310161586),
  .PIECEWISE_BEZIER_KNOTS.);
#1643 = CARTESIAN_POINT('',(6.069631553073,204.83304120131,
    4.332749102223));
#1644 = CARTESIAN_POINT('',(6.069631553058,204.83304120131,
    5.220185822751));
#1645 = CARTESIAN_POINT('',(6.069631553043,204.83304120131,6.10762254328
    ));
#1646 = CARTESIAN_POINT('',(6.069631553028,204.83304120131,
    6.995059263809));
#1647 = B_SPLINE_SURFACE_WITH_KNOTS('',1,1,(
    (#1648,#1649,#1650,#1651)
    ,(#1652,#1653,#1654,#1655)
    ,(#1656,#1657,#1658,#1659
    )),.UNSPECIFIED.,.F.,.F.,.F.,(2,1,2),(2,1,1,2),(-48.49999999999,
    2.025E-13,18.),(-113.9999999999,0.,3.,39.650002000038),
  .UNSPECIFIED.);
#1648 = CARTESIAN_POINT('',(-48.75000000018,204.83304120133,
    -109.6672508977));
#1649 = CARTESIAN_POINT('',(-48.75000000018,204.83304120133,
    4.332749102223));
#1650 = CARTESIAN_POINT('',(-48.75000000018,204.83304120133,
    7.332749102223));
#1651 = CARTESIAN_POINT('',(-48.75000000018,204.83304120133,
    43.982751102261));
#1652 = CARTESIAN_POINT('',(-0.250000000182,204.83304120131,
    -109.6672508977));
#1653 = CARTESIAN_POINT('',(-0.250000000182,204.83304120131,
    4.332749102223));
#1654 = CARTESIAN_POINT('',(-0.250000000182,204.83304120131,
    7.332749102223));
#1655 = CARTESIAN_POINT('',(-0.250000000182,204.83304120131,
    43.982751102261));
#1656 = CARTESIAN_POINT('',(17.749999999818,204.8330412013,
    -109.6672508977));
#1657 = CARTESIAN_POINT('',(17.749999999818,204.8330412013,
    4.332749102223));
#1658 = CARTESIAN_POINT('',(17.749999999818,204.8330412013,
    7.332749102223));
#1659 = CARTESIAN_POINT('',(17.749999999818,204.8330412013,
    43.982751102261));
#1660 = ADVANCED_FACE('',(#1661),#1680,.F.);
#1661 = FACE_BOUND('',#1662,.T.);
#1662 = EDGE_LOOP('',(#1663,#1672,#1678,#1679));
#1663 = ORIENTED_EDGE('',*,*,#1664,.F.);
#1664 = EDGE_CURVE('',#1665,#1635,#1667,.T.);
#1665 = VERTEX_POINT('',#1666);
#1666 = CARTESIAN_POINT('',(6.069631554998,204.18304120131,
    4.332749102223));
#1667 = CIRCLE('',#1668,2.7);
#1668 = AXIS2_PLACEMENT_3D('',#1669,#1670,#1671);
#1669 = CARTESIAN_POINT('',(8.749999999818,204.50804120131,
    4.332749102223));
#1670 = DIRECTION('',(0.,0.,-1.));
#1671 = DIRECTION('',(0.,1.,0.));
#1672 = ORIENTED_EDGE('',*,*,#1673,.T.);
#1673 = EDGE_CURVE('',#1665,#1324,#1674,.T.);
#1674 = LINE('',#1675,#1676);
#1675 = CARTESIAN_POINT('',(8.749999999818,204.18304120131,
    4.332749102223));
#1676 = VECTOR('',#1677,1.);
#1677 = DIRECTION('',(-1.,4.0422E-13,0.));
#1678 = ORIENTED_EDGE('',*,*,#1353,.T.);
#1679 = ORIENTED_EDGE('',*,*,#1634,.T.);
#1680 = PLANE('',#1681);
#1681 = AXIS2_PLACEMENT_3D('',#1682,#1683,#1684);
#1682 = CARTESIAN_POINT('',(8.749999999818,204.8330412013,4.332749102223
    ));
#1683 = DIRECTION('',(0.,0.,1.));
#1684 = DIRECTION('',(1.,0.,-0.));
#1685 = ADVANCED_FACE('',(#1686),#1697,.T.);
#1686 = FACE_BOUND('',#1687,.T.);
#1687 = EDGE_LOOP('',(#1688,#1694,#1695,#1696));
#1688 = ORIENTED_EDGE('',*,*,#1689,.F.);
#1689 = EDGE_CURVE('',#1370,#1665,#1690,.T.);
#1690 = LINE('',#1691,#1692);
#1691 = CARTESIAN_POINT('',(6.069631554998,204.1830412013,9.381917E-11)
  );
#1692 = VECTOR('',#1693,1.);
#1693 = DIRECTION('',(0.,0.,-1.));
#1694 = ORIENTED_EDGE('',*,*,#1384,.T.);
#1695 = ORIENTED_EDGE('',*,*,#1321,.T.);
#1696 = ORIENTED_EDGE('',*,*,#1673,.F.);
#1697 = PLANE('',#1698);
#1698 = AXIS2_PLACEMENT_3D('',#1699,#1700,#1701);
#1699 = CARTESIAN_POINT('',(8.749999999818,204.1830412013,5.832749102223
    ));
#1700 = DIRECTION('',(-4.0422E-13,-1.,0.));
#1701 = DIRECTION('',(-0.,0.,-1.));
#1702 = ADVANCED_FACE('',(#1703),#1778,.T.);
#1703 = FACE_BOUND('',#1704,.T.);
#1704 = EDGE_LOOP('',(#1705,#1706,#1707,#1708,#1709,#1710,#1711,#1718,
    #1727,#1733,#1734,#1743,#1752,#1758,#1759,#1760,#1761,#1769,#1776,
    #1777));
#1705 = ORIENTED_EDGE('',*,*,#1611,.T.);
#1706 = ORIENTED_EDGE('',*,*,#1367,.T.);
#1707 = ORIENTED_EDGE('',*,*,#1689,.T.);
#1708 = ORIENTED_EDGE('',*,*,#1664,.T.);
#1709 = ORIENTED_EDGE('',*,*,#1641,.T.);
#1710 = ORIENTED_EDGE('',*,*,#455,.T.);
#1711 = ORIENTED_EDGE('',*,*,#1712,.T.);
#1712 = EDGE_CURVE('',#458,#1713,#1715,.T.);
#1713 = VERTEX_POINT('',#1714);
#1714 = CARTESIAN_POINT('',(8.424999999821,207.18840964614,
    4.332749102223));
#1715 = B_SPLINE_CURVE_WITH_KNOTS('',1,(#1716,#1717),.UNSPECIFIED.,.F.,
  .F.,(2,2),(-2.62614370903,0.),.PIECEWISE_BEZIER_KNOTS.);
#1716 = CARTESIAN_POINT('',(8.424999999821,207.18840964612,
    6.958892811253));
#1717 = CARTESIAN_POINT('',(8.424999999821,207.18840964612,
    4.332749102223));
#1718 = ORIENTED_EDGE('',*,*,#1719,.T.);
#1719 = EDGE_CURVE('',#1713,#1720,#1722,.T.);
#1720 = VERTEX_POINT('',#1721);
#1721 = CARTESIAN_POINT('',(9.074999999822,207.18840964614,
    4.332749102223));
#1722 = CIRCLE('',#1723,2.7);
#1723 = AXIS2_PLACEMENT_3D('',#1724,#1725,#1726);
#1724 = CARTESIAN_POINT('',(8.749999999818,204.50804120131,
    4.332749102223));
#1725 = DIRECTION('',(0.,0.,-1.));
#1726 = DIRECTION('',(0.,1.,0.));
#1727 = ORIENTED_EDGE('',*,*,#1728,.T.);
#1728 = EDGE_CURVE('',#1720,#336,#1729,.T.);
#1729 = LINE('',#1730,#1731);
#1730 = CARTESIAN_POINT('',(9.074999999822,207.18840964614,9.381917E-11)
  );
#1731 = VECTOR('',#1732,1.);
#1732 = DIRECTION('',(0.,0.,1.));
#1733 = ORIENTED_EDGE('',*,*,#346,.T.);
#1734 = ORIENTED_EDGE('',*,*,#1735,.F.);
#1735 = EDGE_CURVE('',#1736,#347,#1738,.T.);
#1736 = VERTEX_POINT('',#1737);
#1737 = CARTESIAN_POINT('',(11.430368444642,204.8330412013,
    4.332749102223));
#1738 = B_SPLINE_CURVE_WITH_KNOTS('',3,(#1739,#1740,#1741,#1742),
  .UNSPECIFIED.,.F.,.F.,(4,4),(-3.074645731657,-0.428906526168),
  .PIECEWISE_BEZIER_KNOTS.);
#1739 = CARTESIAN_POINT('',(11.430368444642,204.8330412013,
    4.332749102223));
#1740 = CARTESIAN_POINT('',(11.430368444642,204.8330412013,
    5.214662170719));
#1741 = CARTESIAN_POINT('',(11.430368446563,204.83304120108,
    6.096575239526));
#1742 = CARTESIAN_POINT('',(11.430368447069,204.83304120101,
    6.978488308104));
#1743 = ORIENTED_EDGE('',*,*,#1744,.F.);
#1744 = EDGE_CURVE('',#1745,#1736,#1747,.T.);
#1745 = VERTEX_POINT('',#1746);
#1746 = CARTESIAN_POINT('',(11.430368444639,204.1830412013,
    4.332749102223));
#1747 = CIRCLE('',#1748,2.7);
#1748 = AXIS2_PLACEMENT_3D('',#1749,#1750,#1751);
#1749 = CARTESIAN_POINT('',(8.749999999818,204.50804120131,
    4.332749102223));
#1750 = DIRECTION('',(0.,-0.,1.));
#1751 = DIRECTION('',(0.,1.,0.));
#1752 = ORIENTED_EDGE('',*,*,#1753,.F.);
#1753 = EDGE_CURVE('',#397,#1745,#1754,.T.);
#1754 = LINE('',#1755,#1756);
#1755 = CARTESIAN_POINT('',(11.430368444639,204.1830412013,9.381917E-11)
  );
#1756 = VECTOR('',#1757,1.);
#1757 = DIRECTION('',(0.,0.,-1.));
#1758 = ORIENTED_EDGE('',*,*,#411,.T.);
#1759 = ORIENTED_EDGE('',*,*,#1591,.T.);
#1760 = ORIENTED_EDGE('',*,*,#1551,.T.);
#1761 = ORIENTED_EDGE('',*,*,#1762,.T.);
#1762 = EDGE_CURVE('',#1554,#1763,#1765,.T.);
#1763 = VERTEX_POINT('',#1764);
#1764 = CARTESIAN_POINT('',(8.749999999818,201.80804120132,
    0.200000000094));
#1765 = LINE('',#1766,#1767);
#1766 = CARTESIAN_POINT('',(8.749999999818,201.80804120132,9.381917E-11)
  );
#1767 = VECTOR('',#1768,1.);
#1768 = DIRECTION('',(0.,0.,-1.));
#1769 = ORIENTED_EDGE('',*,*,#1770,.F.);
#1770 = EDGE_CURVE('',#1763,#1763,#1771,.T.);
#1771 = CIRCLE('',#1772,2.7);
#1772 = AXIS2_PLACEMENT_3D('',#1773,#1774,#1775);
#1773 = CARTESIAN_POINT('',(8.749999999818,204.50804120131,
    0.200000000094));
#1774 = DIRECTION('',(0.,-3.1E-16,-1.));
#1775 = DIRECTION('',(0.,1.,-3.1E-16));
#1776 = ORIENTED_EDGE('',*,*,#1762,.F.);
#1777 = ORIENTED_EDGE('',*,*,#1576,.T.);
#1778 = CYLINDRICAL_SURFACE('',#1779,2.7);
#1779 = AXIS2_PLACEMENT_3D('',#1780,#1781,#1782);
#1780 = CARTESIAN_POINT('',(8.749999999818,204.50804120131,9.381917E-11)
  );
#1781 = DIRECTION('',(0.,0.,1.));
#1782 = DIRECTION('',(0.,1.,0.));
#1783 = ADVANCED_FACE('',(#1784),#1795,.T.);
#1784 = FACE_BOUND('',#1785,.T.);
#1785 = EDGE_LOOP('',(#1786,#1787,#1793,#1794));
#1786 = ORIENTED_EDGE('',*,*,#1728,.F.);
#1787 = ORIENTED_EDGE('',*,*,#1788,.F.);
#1788 = EDGE_CURVE('',#564,#1720,#1789,.T.);
#1789 = LINE('',#1790,#1791);
#1790 = CARTESIAN_POINT('',(9.074999999822,204.5080412013,4.332749102223
    ));
#1791 = VECTOR('',#1792,1.);
#1792 = DIRECTION('',(-2.0211E-13,-1.,0.));
#1793 = ORIENTED_EDGE('',*,*,#563,.T.);
#1794 = ORIENTED_EDGE('',*,*,#335,.T.);
#1795 = PLANE('',#1796);
#1796 = AXIS2_PLACEMENT_3D('',#1797,#1798,#1799);
#1797 = CARTESIAN_POINT('',(9.074999999822,204.5080412013,5.832749102223
    ));
#1798 = DIRECTION('',(1.,-2.0211E-13,0.));
#1799 = DIRECTION('',(0.,0.,-1.));
#1800 = ADVANCED_FACE('',(#1801),#1811,.F.);
#1801 = FACE_BOUND('',#1802,.T.);
#1802 = EDGE_LOOP('',(#1803,#1804,#1809,#1810));
#1803 = ORIENTED_EDGE('',*,*,#1719,.F.);
#1804 = ORIENTED_EDGE('',*,*,#1805,.T.);
#1805 = EDGE_CURVE('',#1713,#539,#1806,.T.);
#1806 = B_SPLINE_CURVE_WITH_KNOTS('',1,(#1807,#1808),.UNSPECIFIED.,.F.,
  .F.,(2,2),(11.680368444838,16.376736628857),.PIECEWISE_BEZIER_KNOTS.);
#1807 = CARTESIAN_POINT('',(8.424999999821,207.18840964614,
    4.332749102223));
#1808 = CARTESIAN_POINT('',(8.424999999821,211.88477783015,
    4.332749102223));
#1809 = ORIENTED_EDGE('',*,*,#571,.T.);
#1810 = ORIENTED_EDGE('',*,*,#1788,.T.);
#1811 = PLANE('',#1812);
#1812 = AXIS2_PLACEMENT_3D('',#1813,#1814,#1815);
#1813 = CARTESIAN_POINT('',(8.749999999818,204.8330412013,4.332749102223
    ));
#1814 = DIRECTION('',(0.,0.,1.));
#1815 = DIRECTION('',(1.,0.,-0.));
#1816 = ADVANCED_FACE('',(#1817),#1823,.F.);
#1817 = FACE_BOUND('',#1818,.F.);
#1818 = EDGE_LOOP('',(#1819,#1820,#1821,#1822));
#1819 = ORIENTED_EDGE('',*,*,#1805,.T.);
#1820 = ORIENTED_EDGE('',*,*,#538,.F.);
#1821 = ORIENTED_EDGE('',*,*,#472,.F.);
#1822 = ORIENTED_EDGE('',*,*,#1712,.T.);
#1823 = B_SPLINE_SURFACE_WITH_KNOTS('',1,1,(
    (#1824,#1825,#1826)
    ,(#1827,#1828,#1829)
    ,(#1830,#1831,#1832)
    ,(#1833,#1834,#1835
    )),.UNSPECIFIED.,.F.,.F.,.F.,(2,1,1,2),(2,1,2),(-66.20000000002,
    -3.43547E-12,18.000000000003,20.700000000005),(0.,3.,10.5),
  .UNSPECIFIED.);
#1824 = CARTESIAN_POINT('',(8.424999999803,129.3080412013,4.332749102223
    ));
#1825 = CARTESIAN_POINT('',(8.424999999803,129.3080412013,7.332749102223
    ));
#1826 = CARTESIAN_POINT('',(8.424999999803,129.3080412013,
    14.832749102223));
#1827 = CARTESIAN_POINT('',(8.424999999817,195.5080412013,4.332749102223
    ));
#1828 = CARTESIAN_POINT('',(8.424999999817,195.5080412013,7.332749102223
    ));
#1829 = CARTESIAN_POINT('',(8.424999999817,195.5080412013,
    14.832749102223));
#1830 = CARTESIAN_POINT('',(8.424999999821,213.5080412013,4.332749102223
    ));
#1831 = CARTESIAN_POINT('',(8.424999999821,213.5080412013,7.332749102223
    ));
#1832 = CARTESIAN_POINT('',(8.424999999821,213.5080412013,
    14.832749102223));
#1833 = CARTESIAN_POINT('',(8.424999999821,216.2080412013,4.332749102223
    ));
#1834 = CARTESIAN_POINT('',(8.424999999821,216.2080412013,7.332749102223
    ));
#1835 = CARTESIAN_POINT('',(8.424999999821,216.2080412013,
    14.832749102223));
#1836 = ADVANCED_FACE('',(#1837,#1840),#1938,.T.);
#1837 = FACE_BOUND('',#1838,.T.);
#1838 = EDGE_LOOP('',(#1839));
#1839 = ORIENTED_EDGE('',*,*,#1770,.T.);
#1840 = FACE_BOUND('',#1841,.T.);
#1841 = EDGE_LOOP('',(#1842,#1852,#1860,#1868,#1876,#1884,#1892,#1900,
    #1908,#1916,#1924,#1932));
#1842 = ORIENTED_EDGE('',*,*,#1843,.T.);
#1843 = EDGE_CURVE('',#1844,#1846,#1848,.T.);
#1844 = VERTEX_POINT('',#1845);
#1845 = CARTESIAN_POINT('',(8.249999999818,206.50804120131,
    0.200000000094));
#1846 = VERTEX_POINT('',#1847);
#1847 = CARTESIAN_POINT('',(8.249999999818,205.00804120131,
    0.200000000094));
#1848 = LINE('',#1849,#1850);
#1849 = CARTESIAN_POINT('',(8.249999999818,200.26202744682,
    0.200000000094));
#1850 = VECTOR('',#1851,1.);
#1851 = DIRECTION('',(0.,-1.,3.1E-16));
#1852 = ORIENTED_EDGE('',*,*,#1853,.T.);
#1853 = EDGE_CURVE('',#1846,#1854,#1856,.T.);
#1854 = VERTEX_POINT('',#1855);
#1855 = CARTESIAN_POINT('',(6.749999999818,205.00804120131,
    0.200000000094));
#1856 = LINE('',#1857,#1858);
#1857 = CARTESIAN_POINT('',(3.249999999818,205.00804120131,
    0.200000000094));
#1858 = VECTOR('',#1859,1.);
#1859 = DIRECTION('',(-1.,0.,0.));
#1860 = ORIENTED_EDGE('',*,*,#1861,.T.);
#1861 = EDGE_CURVE('',#1854,#1862,#1864,.T.);
#1862 = VERTEX_POINT('',#1863);
#1863 = CARTESIAN_POINT('',(6.749999999818,204.00804120131,
    0.200000000094));
#1864 = LINE('',#1865,#1866);
#1865 = CARTESIAN_POINT('',(6.749999999818,199.76202744682,
    0.200000000094));
#1866 = VECTOR('',#1867,1.);
#1867 = DIRECTION('',(0.,-1.,3.1E-16));
#1868 = ORIENTED_EDGE('',*,*,#1869,.T.);
#1869 = EDGE_CURVE('',#1862,#1870,#1872,.T.);
#1870 = VERTEX_POINT('',#1871);
#1871 = CARTESIAN_POINT('',(8.249999999818,204.00804120131,
    0.200000000094));
#1872 = LINE('',#1873,#1874);
#1873 = CARTESIAN_POINT('',(3.999999999818,204.00804120131,
    0.200000000094));
#1874 = VECTOR('',#1875,1.);
#1875 = DIRECTION('',(1.,0.,0.));
#1876 = ORIENTED_EDGE('',*,*,#1877,.T.);
#1877 = EDGE_CURVE('',#1870,#1878,#1880,.T.);
#1878 = VERTEX_POINT('',#1879);
#1879 = CARTESIAN_POINT('',(8.249999999818,202.50804120131,
    0.200000000094));
#1880 = LINE('',#1881,#1882);
#1881 = CARTESIAN_POINT('',(8.249999999818,200.26202744682,
    0.200000000094));
#1882 = VECTOR('',#1883,1.);
#1883 = DIRECTION('',(0.,-1.,3.1E-16));
#1884 = ORIENTED_EDGE('',*,*,#1885,.T.);
#1885 = EDGE_CURVE('',#1878,#1886,#1888,.T.);
#1886 = VERTEX_POINT('',#1887);
#1887 = CARTESIAN_POINT('',(9.249999999818,202.50804120131,
    0.200000000094));
#1888 = LINE('',#1889,#1890);
#1889 = CARTESIAN_POINT('',(4.499999999818,202.50804120131,
    0.200000000094));
#1890 = VECTOR('',#1891,1.);
#1891 = DIRECTION('',(1.,0.,0.));
#1892 = ORIENTED_EDGE('',*,*,#1893,.T.);
#1893 = EDGE_CURVE('',#1886,#1894,#1896,.T.);
#1894 = VERTEX_POINT('',#1895);
#1895 = CARTESIAN_POINT('',(9.249999999818,204.00804120131,
    0.200000000094));
#1896 = LINE('',#1897,#1898);
#1897 = CARTESIAN_POINT('',(9.249999999818,199.76202744682,
    0.200000000094));
#1898 = VECTOR('',#1899,1.);
#1899 = DIRECTION('',(0.,1.,-3.1E-16));
#1900 = ORIENTED_EDGE('',*,*,#1901,.T.);
#1901 = EDGE_CURVE('',#1894,#1902,#1904,.T.);
#1902 = VERTEX_POINT('',#1903);
#1903 = CARTESIAN_POINT('',(10.749999999818,204.00804120131,
    0.200000000094));
#1904 = LINE('',#1905,#1906);
#1905 = CARTESIAN_POINT('',(3.999999999818,204.00804120131,
    0.200000000094));
#1906 = VECTOR('',#1907,1.);
#1907 = DIRECTION('',(1.,0.,0.));
#1908 = ORIENTED_EDGE('',*,*,#1909,.T.);
#1909 = EDGE_CURVE('',#1902,#1910,#1912,.T.);
#1910 = VERTEX_POINT('',#1911);
#1911 = CARTESIAN_POINT('',(10.749999999818,205.00804120131,
    0.200000000094));
#1912 = LINE('',#1913,#1914);
#1913 = CARTESIAN_POINT('',(10.749999999818,200.26202744682,
    0.200000000094));
#1914 = VECTOR('',#1915,1.);
#1915 = DIRECTION('',(0.,1.,-3.1E-16));
#1916 = ORIENTED_EDGE('',*,*,#1917,.T.);
#1917 = EDGE_CURVE('',#1910,#1918,#1920,.T.);
#1918 = VERTEX_POINT('',#1919);
#1919 = CARTESIAN_POINT('',(9.249999999818,205.00804120131,
    0.200000000094));
#1920 = LINE('',#1921,#1922);
#1921 = CARTESIAN_POINT('',(4.499999999818,205.00804120131,
    0.200000000094));
#1922 = VECTOR('',#1923,1.);
#1923 = DIRECTION('',(-1.,0.,0.));
#1924 = ORIENTED_EDGE('',*,*,#1925,.T.);
#1925 = EDGE_CURVE('',#1918,#1926,#1928,.T.);
#1926 = VERTEX_POINT('',#1927);
#1927 = CARTESIAN_POINT('',(9.249999999818,206.50804120131,
    0.200000000094));
#1928 = LINE('',#1929,#1930);
#1929 = CARTESIAN_POINT('',(9.249999999818,201.01202744682,
    0.200000000094));
#1930 = VECTOR('',#1931,1.);
#1931 = DIRECTION('',(0.,1.,-3.1E-16));
#1932 = ORIENTED_EDGE('',*,*,#1933,.T.);
#1933 = EDGE_CURVE('',#1926,#1844,#1934,.T.);
#1934 = LINE('',#1935,#1936);
#1935 = CARTESIAN_POINT('',(3.999999999818,206.50804120131,
    0.200000000094));
#1936 = VECTOR('',#1937,1.);
#1937 = DIRECTION('',(-1.,0.,0.));
#1938 = PLANE('',#1939);
#1939 = AXIS2_PLACEMENT_3D('',#1940,#1941,#1942);
#1940 = CARTESIAN_POINT('',(-0.250000000182,195.51601369232,
    0.200000000094));
#1941 = DIRECTION('',(0.,-3.1E-16,-1.));
#1942 = DIRECTION('',(0.,1.,-3.1E-16));
#1943 = ADVANCED_FACE('',(#1944),#1960,.T.);
#1944 = FACE_BOUND('',#1945,.T.);
#1945 = EDGE_LOOP('',(#1946,#1947,#1953,#1954));
#1946 = ORIENTED_EDGE('',*,*,#283,.T.);
#1947 = ORIENTED_EDGE('',*,*,#1948,.F.);
#1948 = EDGE_CURVE('',#1844,#169,#1949,.T.);
#1949 = LINE('',#1950,#1951);
#1950 = CARTESIAN_POINT('',(8.249999999818,206.50804120131,9.381562E-11)
  );
#1951 = VECTOR('',#1952,1.);
#1952 = DIRECTION('',(0.,0.,1.));
#1953 = ORIENTED_EDGE('',*,*,#1933,.F.);
#1954 = ORIENTED_EDGE('',*,*,#1955,.T.);
#1955 = EDGE_CURVE('',#1926,#275,#1956,.T.);
#1956 = LINE('',#1957,#1958);
#1957 = CARTESIAN_POINT('',(9.249999999818,206.50804120131,9.381562E-11)
  );
#1958 = VECTOR('',#1959,1.);
#1959 = DIRECTION('',(0.,0.,1.));
#1960 = PLANE('',#1961);
#1961 = AXIS2_PLACEMENT_3D('',#1962,#1963,#1964);
#1962 = CARTESIAN_POINT('',(8.249999999818,206.50804120131,9.381562E-11)
  );
#1963 = DIRECTION('',(0.,-1.,0.));
#1964 = DIRECTION('',(1.,0.,0.));
#1965 = ADVANCED_FACE('',(#1966),#1977,.T.);
#1966 = FACE_BOUND('',#1967,.T.);
#1967 = EDGE_LOOP('',(#1968,#1969,#1970,#1971));
#1968 = ORIENTED_EDGE('',*,*,#274,.T.);
#1969 = ORIENTED_EDGE('',*,*,#1955,.F.);
#1970 = ORIENTED_EDGE('',*,*,#1925,.F.);
#1971 = ORIENTED_EDGE('',*,*,#1972,.T.);
#1972 = EDGE_CURVE('',#1918,#263,#1973,.T.);
#1973 = LINE('',#1974,#1975);
#1974 = CARTESIAN_POINT('',(9.249999999818,205.00804120131,9.381562E-11)
  );
#1975 = VECTOR('',#1976,1.);
#1976 = DIRECTION('',(0.,0.,1.));
#1977 = PLANE('',#1978);
#1978 = AXIS2_PLACEMENT_3D('',#1979,#1980,#1981);
#1979 = CARTESIAN_POINT('',(9.249999999818,206.50804120131,9.381562E-11)
  );
#1980 = DIRECTION('',(-1.,0.,0.));
#1981 = DIRECTION('',(0.,-1.,3.1E-16));
#1982 = ADVANCED_FACE('',(#1983),#1994,.T.);
#1983 = FACE_BOUND('',#1984,.T.);
#1984 = EDGE_LOOP('',(#1985,#1986,#1992,#1993));
#1985 = ORIENTED_EDGE('',*,*,#168,.T.);
#1986 = ORIENTED_EDGE('',*,*,#1987,.F.);
#1987 = EDGE_CURVE('',#1846,#171,#1988,.T.);
#1988 = LINE('',#1989,#1990);
#1989 = CARTESIAN_POINT('',(8.249999999818,205.00804120131,9.381562E-11)
  );
#1990 = VECTOR('',#1991,1.);
#1991 = DIRECTION('',(0.,0.,1.));
#1992 = ORIENTED_EDGE('',*,*,#1843,.F.);
#1993 = ORIENTED_EDGE('',*,*,#1948,.T.);
#1994 = PLANE('',#1995);
#1995 = AXIS2_PLACEMENT_3D('',#1996,#1997,#1998);
#1996 = CARTESIAN_POINT('',(8.249999999818,205.00804120131,9.381562E-11)
  );
#1997 = DIRECTION('',(1.,0.,0.));
#1998 = DIRECTION('',(0.,1.,-3.1E-16));
#1999 = ADVANCED_FACE('',(#2000),#2011,.T.);
#2000 = FACE_BOUND('',#2001,.T.);
#2001 = EDGE_LOOP('',(#2002,#2003,#2004,#2005));
#2002 = ORIENTED_EDGE('',*,*,#262,.T.);
#2003 = ORIENTED_EDGE('',*,*,#1972,.F.);
#2004 = ORIENTED_EDGE('',*,*,#1917,.F.);
#2005 = ORIENTED_EDGE('',*,*,#2006,.T.);
#2006 = EDGE_CURVE('',#1910,#254,#2007,.T.);
#2007 = LINE('',#2008,#2009);
#2008 = CARTESIAN_POINT('',(10.749999999818,205.00804120131,9.381562E-11
    ));
#2009 = VECTOR('',#2010,1.);
#2010 = DIRECTION('',(0.,0.,1.));
#2011 = PLANE('',#2012);
#2012 = AXIS2_PLACEMENT_3D('',#2013,#2014,#2015);
#2013 = CARTESIAN_POINT('',(9.249999999818,205.00804120131,9.381562E-11)
  );
#2014 = DIRECTION('',(0.,-1.,0.));
#2015 = DIRECTION('',(1.,0.,0.));
#2016 = ADVANCED_FACE('',(#2017),#2028,.T.);
#2017 = FACE_BOUND('',#2018,.T.);
#2018 = EDGE_LOOP('',(#2019,#2020,#2026,#2027));
#2019 = ORIENTED_EDGE('',*,*,#179,.T.);
#2020 = ORIENTED_EDGE('',*,*,#2021,.F.);
#2021 = EDGE_CURVE('',#1854,#180,#2022,.T.);
#2022 = LINE('',#2023,#2024);
#2023 = CARTESIAN_POINT('',(6.749999999818,205.00804120131,9.381562E-11)
  );
#2024 = VECTOR('',#2025,1.);
#2025 = DIRECTION('',(0.,0.,1.));
#2026 = ORIENTED_EDGE('',*,*,#1853,.F.);
#2027 = ORIENTED_EDGE('',*,*,#1987,.T.);
#2028 = PLANE('',#2029);
#2029 = AXIS2_PLACEMENT_3D('',#2030,#2031,#2032);
#2030 = CARTESIAN_POINT('',(6.749999999818,205.00804120131,9.381562E-11)
  );
#2031 = DIRECTION('',(0.,-1.,0.));
#2032 = DIRECTION('',(1.,0.,0.));
#2033 = ADVANCED_FACE('',(#2034),#2045,.T.);
#2034 = FACE_BOUND('',#2035,.T.);
#2035 = EDGE_LOOP('',(#2036,#2037,#2038,#2039));
#2036 = ORIENTED_EDGE('',*,*,#253,.T.);
#2037 = ORIENTED_EDGE('',*,*,#2006,.F.);
#2038 = ORIENTED_EDGE('',*,*,#1909,.F.);
#2039 = ORIENTED_EDGE('',*,*,#2040,.T.);
#2040 = EDGE_CURVE('',#1902,#245,#2041,.T.);
#2041 = LINE('',#2042,#2043);
#2042 = CARTESIAN_POINT('',(10.749999999818,204.00804120131,9.381651E-11
    ));
#2043 = VECTOR('',#2044,1.);
#2044 = DIRECTION('',(0.,0.,1.));
#2045 = PLANE('',#2046);
#2046 = AXIS2_PLACEMENT_3D('',#2047,#2048,#2049);
#2047 = CARTESIAN_POINT('',(10.749999999818,205.00804120131,9.381562E-11
    ));
#2048 = DIRECTION('',(-1.,0.,0.));
#2049 = DIRECTION('',(0.,-1.,3.1E-16));
#2050 = ADVANCED_FACE('',(#2051),#2062,.T.);
#2051 = FACE_BOUND('',#2052,.T.);
#2052 = EDGE_LOOP('',(#2053,#2054,#2060,#2061));
#2053 = ORIENTED_EDGE('',*,*,#188,.T.);
#2054 = ORIENTED_EDGE('',*,*,#2055,.F.);
#2055 = EDGE_CURVE('',#1862,#189,#2056,.T.);
#2056 = LINE('',#2057,#2058);
#2057 = CARTESIAN_POINT('',(6.749999999818,204.00804120131,9.381651E-11)
  );
#2058 = VECTOR('',#2059,1.);
#2059 = DIRECTION('',(0.,0.,1.));
#2060 = ORIENTED_EDGE('',*,*,#1861,.F.);
#2061 = ORIENTED_EDGE('',*,*,#2021,.T.);
#2062 = PLANE('',#2063);
#2063 = AXIS2_PLACEMENT_3D('',#2064,#2065,#2066);
#2064 = CARTESIAN_POINT('',(6.749999999818,204.00804120131,9.381651E-11)
  );
#2065 = DIRECTION('',(1.,0.,0.));
#2066 = DIRECTION('',(0.,1.,-3.1E-16));
#2067 = ADVANCED_FACE('',(#2068),#2079,.T.);
#2068 = FACE_BOUND('',#2069,.T.);
#2069 = EDGE_LOOP('',(#2070,#2071,#2072,#2073));
#2070 = ORIENTED_EDGE('',*,*,#244,.T.);
#2071 = ORIENTED_EDGE('',*,*,#2040,.F.);
#2072 = ORIENTED_EDGE('',*,*,#1901,.F.);
#2073 = ORIENTED_EDGE('',*,*,#2074,.T.);
#2074 = EDGE_CURVE('',#1894,#236,#2075,.T.);
#2075 = LINE('',#2076,#2077);
#2076 = CARTESIAN_POINT('',(9.249999999818,204.00804120131,9.381651E-11)
  );
#2077 = VECTOR('',#2078,1.);
#2078 = DIRECTION('',(0.,0.,1.));
#2079 = PLANE('',#2080);
#2080 = AXIS2_PLACEMENT_3D('',#2081,#2082,#2083);
#2081 = CARTESIAN_POINT('',(8.249999999818,204.00804120131,9.381651E-11)
  );
#2082 = DIRECTION('',(0.,1.,0.));
#2083 = DIRECTION('',(-1.,0.,0.));
#2084 = ADVANCED_FACE('',(#2085),#2096,.T.);
#2085 = FACE_BOUND('',#2086,.T.);
#2086 = EDGE_LOOP('',(#2087,#2088,#2094,#2095));
#2087 = ORIENTED_EDGE('',*,*,#199,.T.);
#2088 = ORIENTED_EDGE('',*,*,#2089,.F.);
#2089 = EDGE_CURVE('',#1870,#200,#2090,.T.);
#2090 = LINE('',#2091,#2092);
#2091 = CARTESIAN_POINT('',(8.249999999818,204.00804120131,9.381651E-11)
  );
#2092 = VECTOR('',#2093,1.);
#2093 = DIRECTION('',(0.,0.,1.));
#2094 = ORIENTED_EDGE('',*,*,#1869,.F.);
#2095 = ORIENTED_EDGE('',*,*,#2055,.T.);
#2096 = PLANE('',#2097);
#2097 = AXIS2_PLACEMENT_3D('',#2098,#2099,#2100);
#2098 = CARTESIAN_POINT('',(8.249999999818,204.00804120131,9.381651E-11)
  );
#2099 = DIRECTION('',(0.,1.,0.));
#2100 = DIRECTION('',(-1.,0.,0.));
#2101 = ADVANCED_FACE('',(#2102),#2113,.T.);
#2102 = FACE_BOUND('',#2103,.T.);
#2103 = EDGE_LOOP('',(#2104,#2105,#2106,#2107));
#2104 = ORIENTED_EDGE('',*,*,#235,.T.);
#2105 = ORIENTED_EDGE('',*,*,#2074,.F.);
#2106 = ORIENTED_EDGE('',*,*,#1893,.F.);
#2107 = ORIENTED_EDGE('',*,*,#2108,.T.);
#2108 = EDGE_CURVE('',#1886,#221,#2109,.T.);
#2109 = LINE('',#2110,#2111);
#2110 = CARTESIAN_POINT('',(9.249999999818,202.50804120131,9.381651E-11)
  );
#2111 = VECTOR('',#2112,1.);
#2112 = DIRECTION('',(0.,0.,1.));
#2113 = PLANE('',#2114);
#2114 = AXIS2_PLACEMENT_3D('',#2115,#2116,#2117);
#2115 = CARTESIAN_POINT('',(9.249999999818,204.00804120131,9.381651E-11)
  );
#2116 = DIRECTION('',(-1.,0.,0.));
#2117 = DIRECTION('',(0.,-1.,3.1E-16));
#2118 = ADVANCED_FACE('',(#2119),#2130,.T.);
#2119 = FACE_BOUND('',#2120,.T.);
#2120 = EDGE_LOOP('',(#2121,#2122,#2123,#2124));
#2121 = ORIENTED_EDGE('',*,*,#220,.T.);
#2122 = ORIENTED_EDGE('',*,*,#2108,.F.);
#2123 = ORIENTED_EDGE('',*,*,#1885,.F.);
#2124 = ORIENTED_EDGE('',*,*,#2125,.T.);
#2125 = EDGE_CURVE('',#1878,#212,#2126,.T.);
#2126 = LINE('',#2127,#2128);
#2127 = CARTESIAN_POINT('',(8.249999999818,202.50804120131,9.381651E-11)
  );
#2128 = VECTOR('',#2129,1.);
#2129 = DIRECTION('',(0.,0.,1.));
#2130 = PLANE('',#2131);
#2131 = AXIS2_PLACEMENT_3D('',#2132,#2133,#2134);
#2132 = CARTESIAN_POINT('',(9.249999999818,202.50804120131,9.38174E-11)
  );
#2133 = DIRECTION('',(0.,1.,0.));
#2134 = DIRECTION('',(-1.,0.,0.));
#2135 = ADVANCED_FACE('',(#2136),#2142,.T.);
#2136 = FACE_BOUND('',#2137,.T.);
#2137 = EDGE_LOOP('',(#2138,#2139,#2140,#2141));
#2138 = ORIENTED_EDGE('',*,*,#211,.T.);
#2139 = ORIENTED_EDGE('',*,*,#2125,.F.);
#2140 = ORIENTED_EDGE('',*,*,#1877,.F.);
#2141 = ORIENTED_EDGE('',*,*,#2089,.T.);
#2142 = PLANE('',#2143);
#2143 = AXIS2_PLACEMENT_3D('',#2144,#2145,#2146);
#2144 = CARTESIAN_POINT('',(8.249999999818,205.00804120131,9.381562E-11)
  );
#2145 = DIRECTION('',(1.,0.,0.));
#2146 = DIRECTION('',(0.,1.,-3.1E-16));
#2147 = ADVANCED_FACE('',(#2148),#2158,.F.);
#2148 = FACE_BOUND('',#2149,.F.);
#2149 = EDGE_LOOP('',(#2150,#2155,#2156,#2157));
#2150 = ORIENTED_EDGE('',*,*,#2151,.T.);
#2151 = EDGE_CURVE('',#1736,#110,#2152,.T.);
#2152 = B_SPLINE_CURVE_WITH_KNOTS('',1,(#2153,#2154),.UNSPECIFIED.,.F.,
  .F.,(2,2),(11.680368444824,15.380783457956),.PIECEWISE_BEZIER_KNOTS.);
#2153 = CARTESIAN_POINT('',(11.430368444642,204.8330412013,
    4.332749102223));
#2154 = CARTESIAN_POINT('',(15.130783457775,204.8330412013,
    4.332749102223));
#2155 = ORIENTED_EDGE('',*,*,#117,.F.);
#2156 = ORIENTED_EDGE('',*,*,#361,.F.);
#2157 = ORIENTED_EDGE('',*,*,#1735,.F.);
#2158 = B_SPLINE_SURFACE_WITH_KNOTS('',1,1,(
    (#2159,#2160,#2161)
    ,(#2162,#2163,#2164)
    ,(#2165,#2166,#2167
    )),.UNSPECIFIED.,.F.,.F.,.F.,(2,1,2),(2,1,2),(2.025E-13,18.,
    66.499999999999),(0.,3.,10.5),.UNSPECIFIED.);
#2159 = CARTESIAN_POINT('',(-0.250000000182,204.83304120131,
    4.332749102223));
#2160 = CARTESIAN_POINT('',(-0.250000000182,204.83304120131,
    7.332749102223));
#2161 = CARTESIAN_POINT('',(-0.250000000182,204.83304120131,
    14.832749102223));
#2162 = CARTESIAN_POINT('',(17.749999999818,204.8330412013,
    4.332749102223));
#2163 = CARTESIAN_POINT('',(17.749999999818,204.8330412013,
    7.332749102223));
#2164 = CARTESIAN_POINT('',(17.749999999818,204.8330412013,
    14.832749102223));
#2165 = CARTESIAN_POINT('',(66.249999999818,204.83304120128,
    4.332749102223));
#2166 = CARTESIAN_POINT('',(66.249999999818,204.83304120128,
    7.332749102223));
#2167 = CARTESIAN_POINT('',(66.249999999818,204.83304120128,
    14.832749102223));
#2168 = ADVANCED_FACE('',(#2169),#2180,.F.);
#2169 = FACE_BOUND('',#2170,.T.);
#2170 = EDGE_LOOP('',(#2171,#2172,#2173,#2174));
#2171 = ORIENTED_EDGE('',*,*,#1744,.T.);
#2172 = ORIENTED_EDGE('',*,*,#2151,.T.);
#2173 = ORIENTED_EDGE('',*,*,#109,.T.);
#2174 = ORIENTED_EDGE('',*,*,#2175,.F.);
#2175 = EDGE_CURVE('',#1745,#100,#2176,.T.);
#2176 = LINE('',#2177,#2178);
#2177 = CARTESIAN_POINT('',(8.749999999818,204.1830412013,4.332749102223
    ));
#2178 = VECTOR('',#2179,1.);
#2179 = DIRECTION('',(1.,-4.0422E-13,0.));
#2180 = PLANE('',#2181);
#2181 = AXIS2_PLACEMENT_3D('',#2182,#2183,#2184);
#2182 = CARTESIAN_POINT('',(8.749999999818,204.8330412013,4.332749102223
    ));
#2183 = DIRECTION('',(0.,0.,1.));
#2184 = DIRECTION('',(1.,0.,-0.));
#2185 = ADVANCED_FACE('',(#2186),#2192,.T.);
#2186 = FACE_BOUND('',#2187,.T.);
#2187 = EDGE_LOOP('',(#2188,#2189,#2190,#2191));
#2188 = ORIENTED_EDGE('',*,*,#1753,.T.);
#2189 = ORIENTED_EDGE('',*,*,#2175,.T.);
#2190 = ORIENTED_EDGE('',*,*,#99,.T.);
#2191 = ORIENTED_EDGE('',*,*,#396,.T.);
#2192 = PLANE('',#2193);
#2193 = AXIS2_PLACEMENT_3D('',#2194,#2195,#2196);
#2194 = CARTESIAN_POINT('',(8.749999999818,204.1830412013,5.832749102223
    ));
#2195 = DIRECTION('',(-4.0422E-13,-1.,0.));
#2196 = DIRECTION('',(-0.,0.,-1.));
#2197 = ( GEOMETRIC_REPRESENTATION_CONTEXT(3) 
GLOBAL_UNCERTAINTY_ASSIGNED_CONTEXT((#2201)) 
GLOBAL_UNIT_ASSIGNED_CONTEXT((#2198,#2199,#2200)) REPRESENTATION_CONTEXT
('Context #1','3D Context with UNIT and UNCERTAINTY') );
#2198 = ( LENGTH_UNIT() NAMED_UNIT(*) SI_UNIT(.MILLI.,.METRE.) );
#2199 = ( NAMED_UNIT(*) PLANE_ANGLE_UNIT() SI_UNIT($,.RADIAN.) );
#2200 = ( NAMED_UNIT(*) SI_UNIT($,.STERADIAN.) SOLID_ANGLE_UNIT() );
#2201 = UNCERTAINTY_MEASURE_WITH_UNIT(LENGTH_MEASURE(5.E-04),#2198,
  'distance_accuracy_value','confusion accuracy');
#2202 = PRODUCT_RELATED_PRODUCT_CATEGORY('part',$,(#7));
#2203 = MECHANICAL_DESIGN_GEOMETRIC_PRESENTATION_REPRESENTATION('',(
    #2204),#2197);
#2204 = STYLED_ITEM('color',(#2205),#15);
#2205 = PRESENTATION_STYLE_ASSIGNMENT((#2206,#2212));
#2206 = SURFACE_STYLE_USAGE(.BOTH.,#2207);
#2207 = SURFACE_SIDE_STYLE('',(#2208));
#2208 = SURFACE_STYLE_FILL_AREA(#2209);
#2209 = FILL_AREA_STYLE('',(#2210));
#2210 = FILL_AREA_STYLE_COLOUR('',#2211);
#2211 = DRAUGHTING_PRE_DEFINED_COLOUR('white');
#2212 = CURVE_STYLE('',#2213,POSITIVE_LENGTH_MEASURE(0.1),#2214);
#2213 = DRAUGHTING_PRE_DEFINED_CURVE_FONT('continuous');
#2214 = COLOUR_RGB('',9.803921802644E-02,9.803921802644E-02,
  9.803921802644E-02);
ENDSEC;
END-ISO-10303-21;
