ISO-10303-21;
HEADER;
FILE_DESCRIPTION(('FreeCAD Model'),'2;1');
FILE_NAME('Open CASCADE Shape Model','2026-09-14T23:46:31',('Author'),(
    ''),'Open CASCADE STEP processor 7.9','FreeCAD','Unknown');
FILE_SCHEMA(('AUTOMOTIVE_DESIGN { 1 0 10303 214 1 1 1 1 }'));
ENDSEC;
DATA;
#1 = APPLICATION_PROTOCOL_DEFINITION('international standard',
  'automotive_design',2000,#2);
#2 = APPLICATION_CONTEXT(
  'core data for automotive mechanical design processes');
#3 = SHAPE_DEFINITION_REPRESENTATION(#4,#10);
#4 = PRODUCT_DEFINITION_SHAPE('','',#5);
#5 = PRODUCT_DEFINITION('design','',#6,#9);
#6 = PRODUCT_DEFINITION_FORMATION('','',#7);
#7 = PRODUCT('Product041','Product041','',(#8));
#8 = PRODUCT_CONTEXT('',#2,'mechanical');
#9 = PRODUCT_DEFINITION_CONTEXT('part definition',#2,'design');
#10 = ADVANCED_BREP_SHAPE_REPRESENTATION('',(#11,#15),#2262);
#11 = AXIS2_PLACEMENT_3D('',#12,#13,#14);
#12 = CARTESIAN_POINT('',(0.,0.,0.));
#13 = DIRECTION('',(0.,0.,1.));
#14 = DIRECTION('',(1.,0.,-0.));
#15 = MANIFOLD_SOLID_BREP('',#16);
#16 = CLOSED_SHELL('',(#17,#93,#169,#319,#410,#483,#580,#637,#678,#733,
    #815,#865,#928,#985,#1041,#1107,#1149,#1187,#1239,#1295,#1331,#1380,
    #1404,#1446,#1481,#1547,#1588,#1600,#1631,#1655,#1679,#1703,#1727,
    #1751,#1822,#1951,#1968,#1985,#2002,#2019,#2036,#2048,#2071,#2088,
    #2100,#2124,#2141,#2153,#2179,#2196,#2208,#2232,#2250));
#17 = ADVANCED_FACE('',(#18),#88,.F.);
#18 = FACE_BOUND('',#19,.T.);
#19 = EDGE_LOOP('',(#20,#30,#38,#46,#55,#63,#71,#79));
#20 = ORIENTED_EDGE('',*,*,#21,.F.);
#21 = EDGE_CURVE('',#22,#24,#26,.T.);
#22 = VERTEX_POINT('',#23);
#23 = CARTESIAN_POINT('',(154.77589099036,204.18304120131,4.332749102223
    ));
#24 = VERTEX_POINT('',#25);
#25 = CARTESIAN_POINT('',(153.67214988624,204.18304120131,7.739831489069
    ));
#26 = LINE('',#27,#28);
#27 = CARTESIAN_POINT('',(153.62784859958,204.18304120131,7.876582882062
    ));
#28 = VECTOR('',#29,1.);
#29 = DIRECTION('',(-0.308186704245,1.2458E-13,0.951325893333));
#30 = ORIENTED_EDGE('',*,*,#31,.F.);
#31 = EDGE_CURVE('',#32,#22,#34,.T.);
#32 = VERTEX_POINT('',#33);
#33 = CARTESIAN_POINT('',(154.77589099036,204.83304120132,4.332749102223
    ));
#34 = LINE('',#35,#36);
#35 = CARTESIAN_POINT('',(154.77589099037,204.96100052311,4.332749102223
    ));
#36 = VECTOR('',#37,1.);
#37 = DIRECTION('',(-1.1067E-13,-1.,0.));
#38 = ORIENTED_EDGE('',*,*,#39,.F.);
#39 = EDGE_CURVE('',#40,#32,#42,.T.);
#40 = VERTEX_POINT('',#41);
#41 = CARTESIAN_POINT('',(153.6650184246,204.83304120133,7.761845235991)
  );
#42 = LINE('',#43,#44);
#43 = CARTESIAN_POINT('',(154.20413246387,204.83304120133,6.097681474365
    ));
#44 = VECTOR('',#45,1.);
#45 = DIRECTION('',(0.308186704245,-3.411E-14,-0.951325893333));
#46 = ORIENTED_EDGE('',*,*,#47,.T.);
#47 = EDGE_CURVE('',#40,#48,#50,.T.);
#48 = VERTEX_POINT('',#49);
#49 = CARTESIAN_POINT('',(153.59105897249,211.57350993125,7.990146914441
    ));
#50 = B_SPLINE_CURVE_WITH_KNOTS('',3,(#51,#52,#53,#54),.UNSPECIFIED.,.F.
  ,.F.,(4,4),(7.120064787886E-02,6.815940105851),
  .PIECEWISE_BEZIER_KNOTS.);
#51 = CARTESIAN_POINT('',(153.6650184246,204.83304120133,7.761845235992)
  );
#52 = CARTESIAN_POINT('',(153.64036725912,207.07986434064,7.837939667555
    ));
#53 = CARTESIAN_POINT('',(153.61571410863,209.32668725065,7.914040226232
    ));
#54 = CARTESIAN_POINT('',(153.59105897247,211.57350993126,7.990146914012
    ));
#55 = ORIENTED_EDGE('',*,*,#56,.T.);
#56 = EDGE_CURVE('',#48,#57,#59,.T.);
#57 = VERTEX_POINT('',#58);
#58 = CARTESIAN_POINT('',(156.17950638175,212.25352243462,9.4929E-11));
#59 = LINE('',#60,#61);
#60 = CARTESIAN_POINT('',(154.0217631166,211.68666046396,6.660628155141)
  );
#61 = VECTOR('',#62,1.);
#62 = DIRECTION('',(0.30718153766,8.069983792692E-02,-0.948223095626));
#63 = ORIENTED_EDGE('',*,*,#64,.T.);
#64 = EDGE_CURVE('',#57,#65,#67,.T.);
#65 = VERTEX_POINT('',#66);
#66 = CARTESIAN_POINT('',(156.17950638175,196.83658455802,9.4929E-11));
#67 = LINE('',#68,#69);
#68 = CARTESIAN_POINT('',(156.17950638175,204.7985005231,9.49294E-11));
#69 = VECTOR('',#70,1.);
#70 = DIRECTION('',(-1.1067E-13,-1.,-1.E-17));
#71 = ORIENTED_EDGE('',*,*,#72,.F.);
#72 = EDGE_CURVE('',#73,#65,#75,.T.);
#73 = VERTEX_POINT('',#74);
#74 = CARTESIAN_POINT('',(153.72279335641,199.56683056186,7.583502731746
    ));
#75 = LINE('',#76,#77);
#76 = CARTESIAN_POINT('',(153.50159866508,199.81265329974,8.266297396237
    ));
#77 = VECTOR('',#78,1.);
#78 = DIRECTION('',(0.291559846988,-0.324022423013,-0.900001291671));
#79 = ORIENTED_EDGE('',*,*,#80,.T.);
#80 = EDGE_CURVE('',#73,#24,#81,.T.);
#81 = B_SPLINE_CURVE_WITH_KNOTS('',3,(#82,#83,#84,#85,#86,#87),
  .UNSPECIFIED.,.F.,.F.,(4,2,4),(0.453661839677,2.566576736873,
    5.072796402464),.UNSPECIFIED.);
#82 = CARTESIAN_POINT('',(153.72279335641,199.56683056186,7.583502731747
    ));
#83 = CARTESIAN_POINT('',(153.7150718925,200.27068975003,7.607337726711)
  );
#84 = CARTESIAN_POINT('',(153.70735023414,200.97454891571,7.631173322862
    ));
#85 = CARTESIAN_POINT('',(153.69046915669,202.51328580468,7.683282663923
    ));
#86 = CARTESIAN_POINT('',(153.68130965835,203.34816351883,7.711556653493
    ));
#87 = CARTESIAN_POINT('',(153.67214988624,204.18304120132,7.739831489069
    ));
#88 = PLANE('',#89);
#89 = AXIS2_PLACEMENT_3D('',#90,#91,#92);
#90 = CARTESIAN_POINT('',(154.20413246387,205.08895984489,6.097681474365
    ));
#91 = DIRECTION('',(0.951325893333,-1.0528E-13,0.308186704245));
#92 = DIRECTION('',(1.106669209241E-13,1.,-9.974817766633E-19));
#93 = ADVANCED_FACE('',(#94),#164,.F.);
#94 = FACE_BOUND('',#95,.T.);
#95 = EDGE_LOOP('',(#96,#106,#114,#122,#140,#148,#154,#155));
#96 = ORIENTED_EDGE('',*,*,#97,.F.);
#97 = EDGE_CURVE('',#98,#100,#102,.T.);
#98 = VERTEX_POINT('',#99);
#99 = CARTESIAN_POINT('',(141.57635753241,211.88477783017,4.332749102223
    ));
#100 = VERTEX_POINT('',#101);
#101 = CARTESIAN_POINT('',(141.57635753241,211.61794155273,
    7.468075362081));
#102 = LINE('',#103,#104);
#103 = CARTESIAN_POINT('',(141.57635753241,211.76517548294,
    5.738076682139));
#104 = VECTOR('',#105,1.);
#105 = DIRECTION('',(-1.714E-14,-8.479983040192E-02,0.996398007206));
#106 = ORIENTED_EDGE('',*,*,#107,.F.);
#107 = EDGE_CURVE('',#108,#98,#110,.T.);
#108 = VERTEX_POINT('',#109);
#109 = CARTESIAN_POINT('',(140.92635753241,211.88477783017,
    4.332749102223));
#110 = LINE('',#111,#112);
#111 = CARTESIAN_POINT('',(145.00956802383,211.88477783017,
    4.332749102223));
#112 = VECTOR('',#113,1.);
#113 = DIRECTION('',(1.,-3.0598E-13,0.));
#114 = ORIENTED_EDGE('',*,*,#115,.F.);
#115 = EDGE_CURVE('',#116,#108,#118,.T.);
#116 = VERTEX_POINT('',#117);
#117 = CARTESIAN_POINT('',(140.9263575324,211.61794631522,7.468019402882
    ));
#118 = LINE('',#119,#120);
#119 = CARTESIAN_POINT('',(140.9263575324,211.82536090473,5.030897976101
    ));
#120 = VECTOR('',#121,1.);
#121 = DIRECTION('',(2.595E-14,8.479983040192E-02,-0.996398007206));
#122 = ORIENTED_EDGE('',*,*,#123,.T.);
#123 = EDGE_CURVE('',#116,#124,#126,.T.);
#124 = VERTEX_POINT('',#125);
#125 = CARTESIAN_POINT('',(129.04645819344,211.57453180944,
    7.978139845815));
#126 = B_SPLINE_CURVE_WITH_KNOTS('',3,(#127,#128,#129,#130,#131,#132,
    #133,#134,#135,#136,#137,#138,#139),.UNSPECIFIED.,.F.,.F.,(4,3,3,3,4
    ),(0.117163190121,1.248827269756,5.158789574249,6.088609100826,
    12.022677504986),.UNSPECIFIED.);
#127 = CARTESIAN_POINT('',(140.92635753241,211.61794631522,
    7.468019402882));
#128 = CARTESIAN_POINT('',(140.54914921566,211.61787745512,
    7.468828227041));
#129 = CARTESIAN_POINT('',(140.1720025113,211.61768381238,7.471101972442
    ));
#130 = CARTESIAN_POINT('',(139.79492236808,211.61736546966,
    7.474841779397));
#131 = CARTESIAN_POINT('',(138.49208951134,211.61626557788,
    7.487763020322));
#132 = CARTESIAN_POINT('',(137.19008400142,211.61367727064,
    7.518180087126));
#133 = CARTESIAN_POINT('',(135.88911094956,211.60960973727,
    7.565973931997));
#134 = CARTESIAN_POINT('',(135.57972941261,211.60864244612,
    7.577339681012));
#135 = CARTESIAN_POINT('',(135.27040626828,211.60759149289,7.58968836286
    ));
#136 = CARTESIAN_POINT('',(134.961144292,211.60645698612,7.603018808909)
  );
#137 = CARTESIAN_POINT('',(132.98744760953,211.59921661254,
    7.688093144457));
#138 = CARTESIAN_POINT('',(131.01507182076,211.58856878019,7.81320543491
    ));
#139 = CARTESIAN_POINT('',(129.04645819345,211.57453180944,
    7.978139845814));
#140 = ORIENTED_EDGE('',*,*,#141,.T.);
#141 = EDGE_CURVE('',#124,#142,#144,.T.);
#142 = VERTEX_POINT('',#143);
#143 = CARTESIAN_POINT('',(126.31856311438,212.25352243462,9.493E-11));
#144 = LINE('',#145,#146);
#145 = CARTESIAN_POINT('',(129.45266321066,211.47342476881,
    9.166147573178));
#146 = VECTOR('',#147,1.);
#147 = DIRECTION('',(-0.322487783801,8.026928294157E-02,-0.943164074546)
  );
#148 = ORIENTED_EDGE('',*,*,#149,.T.);
#149 = EDGE_CURVE('',#142,#57,#150,.T.);
#150 = LINE('',#151,#152);
#151 = CARTESIAN_POINT('',(148.58144302383,212.25352243462,9.49294E-11)
  );
#152 = VECTOR('',#153,1.);
#153 = DIRECTION('',(1.,-3.0598E-13,-3.E-17));
#154 = ORIENTED_EDGE('',*,*,#56,.F.);
#155 = ORIENTED_EDGE('',*,*,#156,.T.);
#156 = EDGE_CURVE('',#48,#100,#157,.T.);
#157 = B_SPLINE_CURVE_WITH_KNOTS('',3,(#158,#159,#160,#161,#162,#163),
  .UNSPECIFIED.,.F.,.F.,(4,2,4),(0.214038960038,6.178440042111,
    12.242647228696),.UNSPECIFIED.);
#158 = CARTESIAN_POINT('',(153.59105897249,211.57350993125,
    7.990146914441));
#159 = CARTESIAN_POINT('',(151.61003379645,211.58778385537,
    7.822428306098));
#160 = CARTESIAN_POINT('',(149.6251732993,211.59863089943,7.694975538488
    ));
#161 = CARTESIAN_POINT('',(145.61950312243,211.61356697954,
    7.519476597116));
#162 = CARTESIAN_POINT('',(143.59777380674,211.61754315612,
    7.472756522234));
#163 = CARTESIAN_POINT('',(141.5763575324,211.61794155273,7.468075362081
    ));
#164 = PLANE('',#165);
#165 = AXIS2_PLACEMENT_3D('',#166,#167,#168);
#166 = CARTESIAN_POINT('',(148.76777851525,211.82536090473,
    5.030897976101));
#167 = DIRECTION('',(3.0488E-13,0.996398007206,8.479983040192E-02));
#168 = DIRECTION('',(-1.,3.05982130055E-13,1.812812742933E-19));
#169 = ADVANCED_FACE('',(#170),#294,.F.);
#170 = FACE_BOUND('',#171,.F.);
#171 = EDGE_LOOP('',(#172,#183,#192,#203,#212,#221,#232,#241,#253,#264,
    #276,#285));
#172 = ORIENTED_EDGE('',*,*,#173,.T.);
#173 = EDGE_CURVE('',#174,#176,#178,.T.);
#174 = VERTEX_POINT('',#175);
#175 = CARTESIAN_POINT('',(141.7513575324,202.50804120133,7.151518811237
    ));
#176 = VERTEX_POINT('',#177);
#177 = CARTESIAN_POINT('',(141.7513575324,204.00804120133,7.203726024525
    ));
#178 = B_SPLINE_CURVE_WITH_KNOTS('',3,(#179,#180,#181,#182),
  .UNSPECIFIED.,.F.,.F.,(4,4),(2.614463559301E-02,1.527052891656),
  .PIECEWISE_BEZIER_KNOTS.);
#179 = CARTESIAN_POINT('',(141.7513575324,202.50804120133,7.151518811238
    ));
#180 = CARTESIAN_POINT('',(141.7513575324,203.00804120133,7.168921215667
    ));
#181 = CARTESIAN_POINT('',(141.75135753241,203.50804120133,
    7.186323620096));
#182 = CARTESIAN_POINT('',(141.75135753241,204.00804120133,
    7.203726024525));
#183 = ORIENTED_EDGE('',*,*,#184,.T.);
#184 = EDGE_CURVE('',#176,#185,#187,.T.);
#185 = VERTEX_POINT('',#186);
#186 = CARTESIAN_POINT('',(143.2513575324,204.00804120133,7.216748596831
    ));
#187 = B_SPLINE_CURVE_WITH_KNOTS('',3,(#188,#189,#190,#191),
  .UNSPECIFIED.,.F.,.F.,(4,4),(2.546398856405,4.047019643654),
  .PIECEWISE_BEZIER_KNOTS.);
#188 = CARTESIAN_POINT('',(141.7513575324,204.00804120133,7.203726024525
    ));
#189 = CARTESIAN_POINT('',(142.25137527985,204.00804120133,
    7.205489256443));
#190 = CARTESIAN_POINT('',(142.75138834296,204.00804120133,
    7.209831736092));
#191 = CARTESIAN_POINT('',(143.2513575324,204.00804120133,7.216748596831
    ));
#192 = ORIENTED_EDGE('',*,*,#193,.T.);
#193 = EDGE_CURVE('',#185,#194,#196,.T.);
#194 = VERTEX_POINT('',#195);
#195 = CARTESIAN_POINT('',(143.2513575324,205.00804120133,7.251553405881
    ));
#196 = B_SPLINE_CURVE_WITH_KNOTS('',3,(#197,#198,#199,#200,#201,#202),
  .UNSPECIFIED.,.F.,.F.,(4,2,4),(1.527505837639,2.021244331014,
    2.528111341658),.UNSPECIFIED.);
#197 = CARTESIAN_POINT('',(143.2513575324,204.00804120136,7.216748596832
    ));
#198 = CARTESIAN_POINT('',(143.2513575324,204.1725211059,7.222473288502)
  );
#199 = CARTESIAN_POINT('',(143.2513575324,204.33700101045,7.228197980172
    ));
#200 = CARTESIAN_POINT('',(143.2513575324,204.67033434377,7.239799583189
    ));
#201 = CARTESIAN_POINT('',(143.2513575324,204.83918777255,7.245676494535
    ));
#202 = CARTESIAN_POINT('',(143.2513575324,205.00804120134,7.251553405881
    ));
#203 = ORIENTED_EDGE('',*,*,#204,.T.);
#204 = EDGE_CURVE('',#194,#205,#207,.T.);
#205 = VERTEX_POINT('',#206);
#206 = CARTESIAN_POINT('',(141.7513575324,205.00804120133,7.238530833383
    ));
#207 = B_SPLINE_CURVE_WITH_KNOTS('',3,(#208,#209,#210,#211),
  .UNSPECIFIED.,.F.,.F.,(4,4),(4.565834476243E-02,1.545707900578),
  .PIECEWISE_BEZIER_KNOTS.);
#208 = CARTESIAN_POINT('',(143.25135753241,205.00804120133,
    7.251553405881));
#209 = CARTESIAN_POINT('',(142.75138834294,205.00804120133,
    7.244636545078));
#210 = CARTESIAN_POINT('',(142.25137527983,205.00804120133,
    7.240294065366));
#211 = CARTESIAN_POINT('',(141.7513575324,205.00804120133,7.238530833383
    ));
#212 = ORIENTED_EDGE('',*,*,#213,.T.);
#213 = EDGE_CURVE('',#205,#214,#216,.T.);
#214 = VERTEX_POINT('',#215);
#215 = CARTESIAN_POINT('',(141.7513575324,206.50804120133,7.290738046671
    ));
#216 = B_SPLINE_CURVE_WITH_KNOTS('',3,(#217,#218,#219,#220),
  .UNSPECIFIED.,.F.,.F.,(4,4),(2.527658395694,4.028566651712),
  .PIECEWISE_BEZIER_KNOTS.);
#217 = CARTESIAN_POINT('',(141.7513575324,205.00804120132,7.238530833383
    ));
#218 = CARTESIAN_POINT('',(141.7513575324,205.50804120131,7.255933237811
    ));
#219 = CARTESIAN_POINT('',(141.7513575324,206.00804120128,7.27333564224)
  );
#220 = CARTESIAN_POINT('',(141.7513575324,206.50804120127,7.290738046669
    ));
#221 = ORIENTED_EDGE('',*,*,#222,.T.);
#222 = EDGE_CURVE('',#214,#223,#225,.T.);
#223 = VERTEX_POINT('',#224);
#224 = CARTESIAN_POINT('',(140.7513575324,206.50804120133,7.29065192036)
  );
#225 = B_SPLINE_CURVE_WITH_KNOTS('',3,(#226,#227,#228,#229,#230,#231),
  .UNSPECIFIED.,.F.,.F.,(4,2,4),(1.545707872649,2.045733695319,
    2.545708254693),.UNSPECIFIED.);
#226 = CARTESIAN_POINT('',(141.7513575324,206.50804120133,7.29073804667)
  );
#227 = CARTESIAN_POINT('',(141.58468184856,206.50804120133,
    7.290150291708));
#228 = CARTESIAN_POINT('',(141.41800564423,206.50804120133,
    7.289849130492));
#229 = CARTESIAN_POINT('',(141.0846721854,206.50804120133,7.289820357541
    ));
#230 = CARTESIAN_POINT('',(140.91801580497,206.50804120133,
    7.290092681177));
#231 = CARTESIAN_POINT('',(140.7513575324,206.50804120133,7.29065192036)
  );
#232 = ORIENTED_EDGE('',*,*,#233,.T.);
#233 = EDGE_CURVE('',#223,#234,#236,.T.);
#234 = VERTEX_POINT('',#235);
#235 = CARTESIAN_POINT('',(140.7513575324,205.00804120133,7.238444707265
    ));
#236 = B_SPLINE_CURVE_WITH_KNOTS('',3,(#237,#238,#239,#240),
  .UNSPECIFIED.,.F.,.F.,(4,4),(1.392498745552E-02,1.514833243542),
  .PIECEWISE_BEZIER_KNOTS.);
#237 = CARTESIAN_POINT('',(140.75135753239,206.50804120133,7.29065192036
    ));
#238 = CARTESIAN_POINT('',(140.7513575324,206.00804120132,7.273249515995
    ));
#239 = CARTESIAN_POINT('',(140.75135753241,205.50804120131,
    7.255847111629));
#240 = CARTESIAN_POINT('',(140.75135753241,205.00804120129,
    7.238444707264));
#241 = ORIENTED_EDGE('',*,*,#242,.T.);
#242 = EDGE_CURVE('',#234,#243,#245,.T.);
#243 = VERTEX_POINT('',#244);
#244 = CARTESIAN_POINT('',(139.2513575324,205.00804120133,7.251231143691
    ));
#245 = B_SPLINE_CURVE_WITH_KNOTS('',3,(#246,#247,#248,#249,#250,#251,
    #252),.UNSPECIFIED.,.F.,.F.,(4,3,4),(2.545708282615,3.502096536948,
    4.045556620755),.UNSPECIFIED.);
#246 = CARTESIAN_POINT('',(140.75135753203,205.00804120141,
    7.238444705228));
#247 = CARTESIAN_POINT('',(140.43256172946,205.00804120434,
    7.239514459091));
#248 = CARTESIAN_POINT('',(140.11375905369,205.00804121389,
    7.241633998981));
#249 = CARTESIAN_POINT('',(139.79492249193,205.00804121061,
    7.244805506554));
#250 = CARTESIAN_POINT('',(139.61374612994,205.00804120874,
    7.246607690724));
#251 = CARTESIAN_POINT('',(139.43255945913,205.00804120228,
    7.248749567247));
#252 = CARTESIAN_POINT('',(139.2513575324,205.00804120133,7.251231143691
    ));
#253 = ORIENTED_EDGE('',*,*,#254,.T.);
#254 = EDGE_CURVE('',#243,#255,#257,.T.);
#255 = VERTEX_POINT('',#256);
#256 = CARTESIAN_POINT('',(139.2513575324,204.00804120134,7.216426335154
    ));
#257 = B_SPLINE_CURVE_WITH_KNOTS('',3,(#258,#259,#260,#261,#262,#263),
  .UNSPECIFIED.,.F.,.F.,(4,2,4),(1.514388455432,2.021244331014,
    2.514993959456),.UNSPECIFIED.);
#258 = CARTESIAN_POINT('',(139.2513575324,205.00804120132,7.251231143691
    ));
#259 = CARTESIAN_POINT('',(139.2513575324,204.83919148198,7.245354361538
    ));
#260 = CARTESIAN_POINT('',(139.2513575324,204.67034176264,7.239477579385
    ));
#261 = CARTESIAN_POINT('',(139.2513575324,204.33700842932,7.227875976539
    ));
#262 = CARTESIAN_POINT('',(139.2513575324,204.17252481533,7.222151155846
    ));
#263 = CARTESIAN_POINT('',(139.2513575324,204.00804120134,7.216426335154
    ));
#264 = ORIENTED_EDGE('',*,*,#265,.T.);
#265 = EDGE_CURVE('',#255,#266,#268,.T.);
#266 = VERTEX_POINT('',#267);
#267 = CARTESIAN_POINT('',(140.7513575324,204.00804120133,7.203639898535
    ));
#268 = B_SPLINE_CURVE_WITH_KNOTS('',3,(#269,#270,#271,#272,#273,#274,
    #275),.UNSPECIFIED.,.F.,.F.,(4,3,4),(4.559817256062E-02,
    0.589265229278,1.546017665853),.UNSPECIFIED.);
#269 = CARTESIAN_POINT('',(139.2513575324,204.00804120132,7.216426335153
    ));
#270 = CARTESIAN_POINT('',(139.43255946534,204.00804120229,
    7.213944758601));
#271 = CARTESIAN_POINT('',(139.61374614235,204.00804120876,
    7.211802881993));
#272 = CARTESIAN_POINT('',(139.79492251055,204.00804121062,
    7.210000697762));
#273 = CARTESIAN_POINT('',(140.11375906609,204.0080412139,7.206829190251
    ));
#274 = CARTESIAN_POINT('',(140.43256173563,204.00804120433,7.20470965038
    ));
#275 = CARTESIAN_POINT('',(140.75135753204,204.00804120141,
    7.203639896498));
#276 = ORIENTED_EDGE('',*,*,#277,.T.);
#277 = EDGE_CURVE('',#266,#278,#280,.T.);
#278 = VERTEX_POINT('',#279);
#279 = CARTESIAN_POINT('',(140.7513575324,202.50804120133,7.15143268544)
  );
#280 = B_SPLINE_CURVE_WITH_KNOTS('',3,(#281,#282,#283,#284),
  .UNSPECIFIED.,.F.,.F.,(4,4),(2.515438747554,4.016347003656),
  .PIECEWISE_BEZIER_KNOTS.);
#281 = CARTESIAN_POINT('',(140.75135753241,204.00804120132,
    7.203639898535));
#282 = CARTESIAN_POINT('',(140.75135753241,203.50804120131,
    7.186237494169));
#283 = CARTESIAN_POINT('',(140.7513575324,203.00804120129,7.168835089804
    ));
#284 = CARTESIAN_POINT('',(140.7513575324,202.50804120128,7.151432685438
    ));
#285 = ORIENTED_EDGE('',*,*,#286,.T.);
#286 = EDGE_CURVE('',#278,#174,#287,.T.);
#287 = B_SPLINE_CURVE_WITH_KNOTS('',3,(#288,#289,#290,#291,#292,#293),
  .UNSPECIFIED.,.F.,.F.,(4,2,4),(1.546017637909,2.046182037837,
    2.546398828469),.UNSPECIFIED.);
#288 = CARTESIAN_POINT('',(140.7513575324,202.50804120133,7.15143268544)
  );
#289 = CARTESIAN_POINT('',(140.91801562038,202.50804120133,7.15087344679
    ));
#290 = CARTESIAN_POINT('',(141.08467181622,202.50804120133,
    7.150601123053));
#291 = CARTESIAN_POINT('',(141.41800527506,202.50804120133,
    7.150629894562));
#292 = CARTESIAN_POINT('',(141.58468166398,202.50804120133,
    7.150931055709));
#293 = CARTESIAN_POINT('',(141.7513575324,202.50804120133,7.151518811238
    ));
#294 = B_SPLINE_SURFACE_WITH_KNOTS('',3,3,(
    (#295,#296,#297,#298,#299,#300)
    ,(#301,#302,#303,#304,#305,#306)
    ,(#307,#308,#309,#310,#311,#312)
    ,(#313,#314,#315,#316,#317,#318
    )),.UNSPECIFIED.,.F.,.F.,.F.,(4,4),(4,2,4),(0.133233243434,
    0.160917671503),(0.11543594138,0.119158176945,0.142824271216),
  .UNSPECIFIED.);
#295 = CARTESIAN_POINT('',(139.25135748587,206.50759965779,
    7.303422989297));
#296 = CARTESIAN_POINT('',(139.43253764512,206.50768591709,
    7.300944713142));
#297 = CARTESIAN_POINT('',(139.61372659007,206.5077603815,7.298805323862
    ));
#298 = CARTESIAN_POINT('',(140.94697169875,206.50822142775,
    7.285559412423));
#299 = CARTESIAN_POINT('',(142.09927545862,206.50814257556,7.28782558294
    ));
#300 = CARTESIAN_POINT('',(143.25135750449,206.50758852947,
    7.303744863912));
#301 = CARTESIAN_POINT('',(139.25135751069,205.17425569481,7.25701620761
    ));
#302 = CARTESIAN_POINT('',(139.43253766994,205.17434195411,
    7.254537931455));
#303 = CARTESIAN_POINT('',(139.61372661489,205.17441641852,
    7.252398542176));
#304 = CARTESIAN_POINT('',(140.94697172357,205.17487746477,
    7.239152630737));
#305 = CARTESIAN_POINT('',(142.09927548344,205.17479861258,
    7.241418801254));
#306 = CARTESIAN_POINT('',(143.25135752931,205.1742445665,7.257338082226
    ));
#307 = CARTESIAN_POINT('',(139.25135753551,203.84091173183,
    7.210609425924));
#308 = CARTESIAN_POINT('',(139.43253769476,203.84099799113,
    7.208131149769));
#309 = CARTESIAN_POINT('',(139.61372663972,203.84107245555,7.20599176049
    ));
#310 = CARTESIAN_POINT('',(140.94697174839,203.84153350179,
    7.192745849051));
#311 = CARTESIAN_POINT('',(142.09927550826,203.8414546496,7.195012019568
    ));
#312 = CARTESIAN_POINT('',(143.25135755413,203.84090060352,7.21093130054
    ));
#313 = CARTESIAN_POINT('',(139.25135756033,202.50756776885,
    7.164202644238));
#314 = CARTESIAN_POINT('',(139.43253771958,202.50765402815,
    7.161724368083));
#315 = CARTESIAN_POINT('',(139.61372666454,202.50772849257,
    7.159584978804));
#316 = CARTESIAN_POINT('',(140.94697177321,202.50818953881,
    7.146339067365));
#317 = CARTESIAN_POINT('',(142.09927553308,202.50811068662,
    7.148605237881));
#318 = CARTESIAN_POINT('',(143.25135757896,202.50755664054,
    7.164524518854));
#319 = ADVANCED_FACE('',(#320),#385,.F.);
#320 = FACE_BOUND('',#321,.F.);
#321 = EDGE_LOOP('',(#322,#323,#334,#346,#376));
#322 = ORIENTED_EDGE('',*,*,#123,.T.);
#323 = ORIENTED_EDGE('',*,*,#324,.T.);
#324 = EDGE_CURVE('',#124,#325,#327,.T.);
#325 = VERTEX_POINT('',#326);
#326 = CARTESIAN_POINT('',(129.04663450501,204.83304120133,
    7.743488749383));
#327 = B_SPLINE_CURVE_WITH_KNOTS('',3,(#328,#329,#330,#331,#332,#333),
  .UNSPECIFIED.,.F.,.F.,(4,2,4),(7.312472778725E-02,3.444635260639,
    6.818697852989),.UNSPECIFIED.);
#328 = CARTESIAN_POINT('',(129.04645819345,211.57453180944,
    7.978139845815));
#329 = CARTESIAN_POINT('',(129.04648756758,210.45137512725,7.93904612569
    ));
#330 = CARTESIAN_POINT('',(129.04651694172,209.32821844505,
    7.899952405573));
#331 = CARTESIAN_POINT('',(129.04657571225,207.08105490902,
    7.821735373429));
#332 = CARTESIAN_POINT('',(129.04660510863,205.95704805517,
    7.782612061402));
#333 = CARTESIAN_POINT('',(129.04663450501,204.83304120133,
    7.743488749383));
#334 = ORIENTED_EDGE('',*,*,#335,.T.);
#335 = EDGE_CURVE('',#325,#336,#338,.T.);
#336 = VERTEX_POINT('',#337);
#337 = CARTESIAN_POINT('',(138.57098908758,204.83304120133,7.25605311297
    ));
#338 = B_SPLINE_CURVE_WITH_KNOTS('',3,(#339,#340,#341,#342,#343,#344,
    #345),.UNSPECIFIED.,.F.,.F.,(4,3,4),(0.150801456507,6.077085650156,
    9.687817975425),.UNSPECIFIED.);
#339 = CARTESIAN_POINT('',(129.04663450501,204.83304120132,
    7.743488749383));
#340 = CARTESIAN_POINT('',(131.01514613623,204.83304120158,
    7.578076756926));
#341 = CARTESIAN_POINT('',(132.98741612954,204.83304121692,
    7.452600982846));
#342 = CARTESIAN_POINT('',(134.96100358508,204.83304121374,
    7.367277456603));
#343 = CARTESIAN_POINT('',(136.16346205654,204.8330412118,7.315291923022
    ));
#344 = CARTESIAN_POINT('',(137.36684470758,204.83304119441,
    7.278189479196));
#345 = CARTESIAN_POINT('',(138.57098908966,204.83304120176,
    7.256053101102));
#346 = ORIENTED_EDGE('',*,*,#347,.T.);
#347 = EDGE_CURVE('',#336,#348,#350,.T.);
#348 = VERTEX_POINT('',#349);
#349 = CARTESIAN_POINT('',(140.92635753241,207.18840964616,
    7.313850226253));
#350 = B_SPLINE_CURVE_WITH_KNOTS('',3,(#351,#352,#353,#354,#355,#356,
    #357,#358,#359,#360,#361,#362,#363,#364,#365,#366,#367,#368,#369,
    #370,#371,#372,#373,#374,#375),.UNSPECIFIED.,.F.,.F.,(4,3,3,3,3,3,3,
    3,4),(5.397430873115E-02,0.662649277749,1.072454891292,
    1.953194242872,2.138178768252,2.439002716283,2.973892008665,
    3.392160431222,3.65308009753),.UNSPECIFIED.);
#351 = CARTESIAN_POINT('',(138.57098908967,204.83304120175,
    7.256053101101));
#352 = CARTESIAN_POINT('',(138.5953755788,205.03416264137,7.26260478546)
  );
#353 = CARTESIAN_POINT('',(138.64227920585,205.23154593447,
    7.268613855849));
#354 = CARTESIAN_POINT('',(138.71058221771,205.42152636102,
    7.274036128248));
#355 = CARTESIAN_POINT('',(138.75656892508,205.54943542452,
    7.277686808463));
#356 = CARTESIAN_POINT('',(138.81225599696,205.67398873174,
    7.281072730067));
#357 = CARTESIAN_POINT('',(138.87730262756,205.79406737154,
    7.284193538312));
#358 = CARTESIAN_POINT('',(139.0170984847,206.05213602509,7.290900666101
    ));
#359 = CARTESIAN_POINT('',(139.19785587995,206.28534694893,
    7.296271808931));
#360 = CARTESIAN_POINT('',(139.41216529879,206.48474832757,
    7.300514525133));
#361 = CARTESIAN_POINT('',(139.45717739693,206.52662924196,
    7.301405636495));
#362 = CARTESIAN_POINT('',(139.50366959624,206.56701867693,
    7.302247160229));
#363 = CARTESIAN_POINT('',(139.5515732208,206.60583368361,7.30304121281)
  );
#364 = CARTESIAN_POINT('',(139.62947464219,206.66895509081,
    7.304332510188));
#365 = CARTESIAN_POINT('',(139.71072484635,206.72760176267,
    7.305492017958));
#366 = CARTESIAN_POINT('',(139.79492245811,206.7815398076,7.306531791874
    ));
#367 = CARTESIAN_POINT('',(139.94463261672,206.87744601079,
    7.308380593932));
#368 = CARTESIAN_POINT('',(140.10366084519,206.95846550744,
    7.309852179348));
#369 = CARTESIAN_POINT('',(140.26974977524,207.02328397504,
    7.310999783692));
#370 = CARTESIAN_POINT('',(140.39962665962,207.0739701985,7.311897178097
    ));
#371 = CARTESIAN_POINT('',(140.53323561076,207.11452130799,
    7.312592280534));
#372 = CARTESIAN_POINT('',(140.66937725571,207.14457281647,
    7.313104515644));
#373 = CARTESIAN_POINT('',(140.75430365904,207.16331922233,
    7.313424052591));
#374 = CARTESIAN_POINT('',(140.84006410594,207.17794639669,
    7.313671636774));
#375 = CARTESIAN_POINT('',(140.9263575324,207.18840964616,7.313850226253
    ));
#376 = ORIENTED_EDGE('',*,*,#377,.T.);
#377 = EDGE_CURVE('',#348,#116,#378,.T.);
#378 = B_SPLINE_CURVE_WITH_KNOTS('',3,(#379,#380,#381,#382,#383,#384),
  .UNSPECIFIED.,.F.,.F.,(4,2,4),(2.409571133808,3.444635260225,
    6.841789905164),.UNSPECIFIED.);
#379 = CARTESIAN_POINT('',(140.9263575324,207.18840964616,7.313850226253
    ));
#380 = CARTESIAN_POINT('',(140.9263575324,207.53322223622,7.325851362506
    ));
#381 = CARTESIAN_POINT('',(140.9263575324,207.87803482628,7.337852498758
    ));
#382 = CARTESIAN_POINT('',(140.9263575324,209.35454704928,7.3892422243)
  );
#383 = CARTESIAN_POINT('',(140.92635753241,210.48624668221,7.42863081359
    ));
#384 = CARTESIAN_POINT('',(140.92635753241,211.61794631517,
    7.468019402881));
#385 = B_SPLINE_SURFACE_WITH_KNOTS('',3,3,(
    (#386,#387,#388,#389,#390,#391)
    ,(#392,#393,#394,#395,#396,#397)
    ,(#398,#399,#400,#401,#402,#403)
    ,(#404,#405,#406,#407,#408,#409
    )),.UNSPECIFIED.,.F.,.F.,.F.,(4,4),(4,2,4),(9.786746176882E-02,
    0.144820323673),(4.540288928407E-02,0.119158176945,0.126905273552),
  .UNSPECIFIED.);
#386 = CARTESIAN_POINT('',(129.04645819297,211.60016040375,
    7.979031844139));
#387 = CARTESIAN_POINT('',(132.61692955161,211.61059023084,
    7.679367487684));
#388 = CARTESIAN_POINT('',(136.20456553314,211.61646684711,
    7.510524454926));
#389 = CARTESIAN_POINT('',(140.17204571927,211.6178388401,7.471106938354
    ));
#390 = CARTESIAN_POINT('',(140.54919634049,211.61791811151,
    7.468829540733));
#391 = CARTESIAN_POINT('',(140.92635753241,211.61794631522,
    7.468019402882));
#392 = CARTESIAN_POINT('',(129.04645823507,209.33880557972,
    7.900325821877));
#393 = CARTESIAN_POINT('',(132.61692959371,209.34923540682,
    7.600661465422));
#394 = CARTESIAN_POINT('',(136.20456557524,209.35511202309,
    7.431818432663));
#395 = CARTESIAN_POINT('',(140.17204576137,209.35648401607,
    7.392400916092));
#396 = CARTESIAN_POINT('',(140.54919638259,209.35656328748,
    7.390123518471));
#397 = CARTESIAN_POINT('',(140.92635757451,209.3565914912,7.38931338062)
  );
#398 = CARTESIAN_POINT('',(129.04645827717,207.0774507557,7.821619799615
    ));
#399 = CARTESIAN_POINT('',(132.61692963581,207.0878805828,7.52195544316)
  );
#400 = CARTESIAN_POINT('',(136.20456561735,207.09375719907,
    7.353112410401));
#401 = CARTESIAN_POINT('',(140.17204580347,207.09512919206,7.31369489383
    ));
#402 = CARTESIAN_POINT('',(140.54919642469,207.09520846347,
    7.311417496209));
#403 = CARTESIAN_POINT('',(140.92635761661,207.09523666718,
    7.310607358357));
#404 = CARTESIAN_POINT('',(129.04645831927,204.81609593168,
    7.742913777352));
#405 = CARTESIAN_POINT('',(132.61692967791,204.82652575877,
    7.443249420897));
#406 = CARTESIAN_POINT('',(136.20456565945,204.83240237504,
    7.274406388139));
#407 = CARTESIAN_POINT('',(140.17204584557,204.83377436803,
    7.234988871567));
#408 = CARTESIAN_POINT('',(140.54919646679,204.83385363944,
    7.232711473946));
#409 = CARTESIAN_POINT('',(140.92635765871,204.83388184315,
    7.231901336095));
#410 = ADVANCED_FACE('',(#411),#466,.F.);
#411 = FACE_BOUND('',#412,.F.);
#412 = EDGE_LOOP('',(#413,#414,#415,#426,#450));
#413 = ORIENTED_EDGE('',*,*,#47,.T.);
#414 = ORIENTED_EDGE('',*,*,#156,.T.);
#415 = ORIENTED_EDGE('',*,*,#416,.T.);
#416 = EDGE_CURVE('',#100,#417,#419,.T.);
#417 = VERTEX_POINT('',#418);
#418 = CARTESIAN_POINT('',(141.57635753241,207.18840964615,7.31390635084
    ));
#419 = B_SPLINE_CURVE_WITH_KNOTS('',3,(#420,#421,#422,#423,#424,#425),
  .UNSPECIFIED.,.F.,.F.,(4,2,4),(4.748043705601E-02,3.444626567241,
    4.479694443103),.UNSPECIFIED.);
#420 = CARTESIAN_POINT('',(141.57635753241,211.61794155272,
    7.468075362081));
#421 = CARTESIAN_POINT('',(141.57635753241,210.48624475632,
    7.428686871422));
#422 = CARTESIAN_POINT('',(141.57635753241,209.35454795991,
    7.389298380763));
#423 = CARTESIAN_POINT('',(141.57635753241,207.87803732438,
    7.337908710349));
#424 = CARTESIAN_POINT('',(141.57635753241,207.53322348527,
    7.325907530595));
#425 = CARTESIAN_POINT('',(141.57635753241,207.18840964615,
    7.313906350841));
#426 = ORIENTED_EDGE('',*,*,#427,.T.);
#427 = EDGE_CURVE('',#417,#428,#430,.T.);
#428 = VERTEX_POINT('',#429);
#429 = CARTESIAN_POINT('',(143.93172595337,204.83304121115,
    7.256464112318));
#430 = B_SPLINE_CURVE_WITH_KNOTS('',3,(#431,#432,#433,#434,#435,#436,
    #437,#438,#439,#440,#441,#442,#443,#444,#445,#446,#447,#448,#449),
  .UNSPECIFIED.,.F.,.F.,(4,3,3,3,3,3,4),(0.119875769072,0.658265643537,
    1.325805072862,1.546145796864,2.510283647984,3.156101317747,
    3.716720104368),.UNSPECIFIED.);
#431 = CARTESIAN_POINT('',(141.57635753241,207.18840964616,7.31390635084
    ));
#432 = CARTESIAN_POINT('',(141.75431909877,207.16683141963,
    7.313568665693));
#433 = CARTESIAN_POINT('',(141.92978947341,207.12757098023,
    7.312939570889));
#434 = CARTESIAN_POINT('',(142.10015176272,207.07115422167,
    7.311985330743));
#435 = CARTESIAN_POINT('',(142.31138074321,207.00120414974,
    7.310802186434));
#436 = CARTESIAN_POINT('',(142.51288363824,206.90550006082,
    7.309130012336));
#437 = CARTESIAN_POINT('',(142.70016905467,206.78640563408,
    7.306866855943));
#438 = CARTESIAN_POINT('',(142.7619880311,206.74709506895,7.306119835623
    ));
#439 = CARTESIAN_POINT('',(142.8222580012,206.70523609245,7.305307978464
    ));
#440 = CARTESIAN_POINT('',(142.88081749671,206.66091374983,
    7.304426447947));
#441 = CARTESIAN_POINT('',(143.13705440623,206.46697389435,
    7.300569163087));
#442 = CARTESIAN_POINT('',(143.35660171668,206.22885145563,
    7.295435144706));
#443 = CARTESIAN_POINT('',(143.52912763168,205.95778714933,
    7.288716669033));
#444 = CARTESIAN_POINT('',(143.64469231392,205.77621755485,
    7.284216368273));
#445 = CARTESIAN_POINT('',(143.73812398199,205.58149419303,
    7.279043292591));
#446 = CARTESIAN_POINT('',(143.80744287464,205.3777696797,7.273176354193
    ));
#447 = CARTESIAN_POINT('',(143.86761693821,205.20092132933,
    7.268083406071));
#448 = CARTESIAN_POINT('',(143.90925510116,205.01836466646,
    7.262498421223));
#449 = CARTESIAN_POINT('',(143.93172595337,204.83304121115,
    7.256464112318));
#450 = ORIENTED_EDGE('',*,*,#451,.T.);
#451 = EDGE_CURVE('',#428,#40,#452,.T.);
#452 = B_SPLINE_CURVE_WITH_KNOTS('',3,(#453,#454,#455,#456,#457,#458,
    #459,#460,#461,#462,#463,#464,#465),.UNSPECIFIED.,.F.,.F.,(4,3,3,3,4
    ),(2.474578972206,4.911445225552,5.969356158329,6.64239888262,
    12.22204398559),.UNSPECIFIED.);
#453 = CARTESIAN_POINT('',(143.93172595337,204.83304121115,
    7.256464112318));
#454 = CARTESIAN_POINT('',(144.74396026935,204.83304121632,
    7.271495067529));
#455 = CARTESIAN_POINT('',(145.55608298822,204.83304122157,
    7.293316807465));
#456 = CARTESIAN_POINT('',(146.36792609572,204.83304122424,
    7.321911102161));
#457 = CARTESIAN_POINT('',(146.72036960711,204.83304122539,
    7.334324675098));
#458 = CARTESIAN_POINT('',(147.07276041967,204.8330412261,7.348014648642
    ));
#459 = CARTESIAN_POINT('',(147.42508478045,204.83304122629,
    7.362979526573));
#460 = CARTESIAN_POINT('',(147.64923346846,204.83304122641,
    7.372500178926));
#461 = CARTESIAN_POINT('',(147.87335561186,204.83304122634,
    7.382536842409));
#462 = CARTESIAN_POINT('',(148.0974616741,204.83304122611,7.393089860172
    ));
#463 = CARTESIAN_POINT('',(149.95534119288,204.83304122424,
    7.480576273382));
#464 = CARTESIAN_POINT('',(151.81187011831,204.83304120151,
    7.603540346198));
#465 = CARTESIAN_POINT('',(153.6650184246,204.83304120132,7.761845235991
    ));
#466 = B_SPLINE_SURFACE_WITH_KNOTS('',3,3,(
    (#467,#468,#469,#470)
    ,(#471,#472,#473,#474)
    ,(#475,#476,#477,#478)
    ,(#479,#480,#481,#482
    )),.UNSPECIFIED.,.F.,.F.,.F.,(4,4),(4,4),(9.786748131054E-02,
    0.14482022541),(0.131355674546,0.214261330379),
  .PIECEWISE_BEZIER_KNOTS.);
#467 = CARTESIAN_POINT('',(141.57635744995,211.61794155275,7.46807536189
    ));
#468 = CARTESIAN_POINT('',(145.61262383323,211.61761573448,
    7.477438821248));
#469 = CARTESIAN_POINT('',(149.64900116209,211.61144631254,
    7.654698725319));
#470 = CARTESIAN_POINT('',(153.66501829863,211.59952043165,
    7.997351251801));
#471 = CARTESIAN_POINT('',(141.57635749204,209.35659240242,
    7.389369537099));
#472 = CARTESIAN_POINT('',(145.61262387533,209.35626658415,
    7.398732996458));
#473 = CARTESIAN_POINT('',(149.64900120419,209.35009716222,
    7.575992900528));
#474 = CARTESIAN_POINT('',(153.66501834073,209.33817128132,
    7.918645427011));
#475 = CARTESIAN_POINT('',(141.57635753414,207.0952432521,7.310663712309
    ));
#476 = CARTESIAN_POINT('',(145.61262391742,207.09491743383,
    7.320027171667));
#477 = CARTESIAN_POINT('',(149.64900124629,207.0887480119,7.497287075738
    ));
#478 = CARTESIAN_POINT('',(153.66501838283,207.076822131,7.839939602221)
  );
#479 = CARTESIAN_POINT('',(141.57635757624,204.83389410177,
    7.231957887519));
#480 = CARTESIAN_POINT('',(145.61262395952,204.8335682835,7.241321346877
    ));
#481 = CARTESIAN_POINT('',(149.64900128839,204.82739886158,
    7.418581250948));
#482 = CARTESIAN_POINT('',(153.66501842493,204.81547298067,
    7.761233777431));
#483 = ADVANCED_FACE('',(#484),#555,.F.);
#484 = FACE_BOUND('',#485,.F.);
#485 = EDGE_LOOP('',(#486,#505,#517,#528,#546));
#486 = ORIENTED_EDGE('',*,*,#487,.T.);
#487 = EDGE_CURVE('',#488,#490,#492,.T.);
#488 = VERTEX_POINT('',#489);
#489 = CARTESIAN_POINT('',(140.92635753241,201.82767275651,
    7.127270804036));
#490 = VERTEX_POINT('',#491);
#491 = CARTESIAN_POINT('',(138.57098908759,204.18304120132,
    7.233429987477));
#492 = B_SPLINE_CURVE_WITH_KNOTS('',3,(#493,#494,#495,#496,#497,#498,
    #499,#500,#501,#502,#503,#504),.UNSPECIFIED.,.F.,.F.,(4,2,2,2,2,4),(
    0.11779767461,0.51701835095,1.303949128442,2.385289443188,
    3.091177853135,3.716133826308),.UNSPECIFIED.);
#493 = CARTESIAN_POINT('',(140.9263575324,201.82767275651,7.127270804036
    ));
#494 = CARTESIAN_POINT('',(140.79436180256,201.84367750103,
    7.128111715106));
#495 = CARTESIAN_POINT('',(140.6636796404,201.86941658601,7.129469469264
    ));
#496 = CARTESIAN_POINT('',(140.28248721982,201.97425278225,
    7.134964459898));
#497 = CARTESIAN_POINT('',(140.04110668391,202.08027457121,
    7.140494959598));
#498 = CARTESIAN_POINT('',(139.51341624339,202.41056893473,7.15715275177
    ));
#499 = CARTESIAN_POINT('',(139.24938148401,202.66092490773,
    7.169419472826));
#500 = CARTESIAN_POINT('',(138.90708114624,203.14801993344,
    7.191553842777));
#501 = CARTESIAN_POINT('',(138.79759796999,203.35723810237,
    7.200676484434));
#502 = CARTESIAN_POINT('',(138.64489723425,203.7733996077,7.217814897733
    ));
#503 = CARTESIAN_POINT('',(138.59603986889,203.97644020523,
    7.225778756763));
#504 = CARTESIAN_POINT('',(138.57098908758,204.18304120133,
    7.233429987477));
#505 = ORIENTED_EDGE('',*,*,#506,.T.);
#506 = EDGE_CURVE('',#490,#507,#509,.T.);
#507 = VERTEX_POINT('',#508);
#508 = CARTESIAN_POINT('',(129.0466515046,204.18304120133,7.720864196227
    ));
#509 = B_SPLINE_CURVE_WITH_KNOTS('',3,(#510,#511,#512,#513,#514,#515,
    #516),.UNSPECIFIED.,.F.,.F.,(4,3,4),(2.47347300657,6.093943997898,
    12.022464443196),.UNSPECIFIED.);
#510 = CARTESIAN_POINT('',(138.57098908968,204.18304120173,
    7.233429975608));
#511 = CARTESIAN_POINT('',(137.365112238,204.18304119451,7.25559820265)
  );
#512 = CARTESIAN_POINT('',(136.15999929554,204.18304121181,
    7.292775589962));
#513 = CARTESIAN_POINT('',(134.95581430685,204.18304121374,
    7.344878770635));
#514 = CARTESIAN_POINT('',(132.9839656979,204.1830412169,7.430197542499)
  );
#515 = CARTESIAN_POINT('',(131.01343326575,204.1830412016,7.555597794373
    ));
#516 = CARTESIAN_POINT('',(129.0466515046,204.18304120133,7.720864196227
    ));
#517 = ORIENTED_EDGE('',*,*,#518,.T.);
#518 = EDGE_CURVE('',#507,#519,#521,.T.);
#519 = VERTEX_POINT('',#520);
#520 = CARTESIAN_POINT('',(129.04677245565,199.55833006963,
    7.559891853476));
#521 = B_SPLINE_CURVE_WITH_KNOTS('',3,(#522,#523,#524,#525,#526,#527),
  .UNSPECIFIED.,.F.,.F.,(4,2,4),(1.358302281773E-02,2.542717661692,
    4.641094790646),.UNSPECIFIED.);
#522 = CARTESIAN_POINT('',(129.0466515046,204.18304120133,7.720864196228
    ));
#523 = CARTESIAN_POINT('',(129.04667353958,203.34050654449,
    7.691538088339));
#524 = CARTESIAN_POINT('',(129.04669557457,202.49797188765,
    7.662211980456));
#525 = CARTESIAN_POINT('',(129.04673589158,200.95640151041,
    7.608554532873));
#526 = CARTESIAN_POINT('',(129.04675417361,200.25736579002,
    7.584223193173));
#527 = CARTESIAN_POINT('',(129.04677245565,199.55833006963,
    7.559891853476));
#528 = ORIENTED_EDGE('',*,*,#529,.T.);
#529 = EDGE_CURVE('',#519,#530,#532,.T.);
#530 = VERTEX_POINT('',#531);
#531 = CARTESIAN_POINT('',(140.92635753241,199.37180245683,
    7.041794707935));
#532 = B_SPLINE_CURVE_WITH_KNOTS('',3,(#533,#534,#535,#536,#537,#538,
    #539,#540,#541,#542,#543,#544,#545),.UNSPECIFIED.,.F.,.F.,(4,3,3,3,4
    ),(0.161680053719,6.053434017933,9.97449958991,10.924160900994,
    12.054413904598),.UNSPECIFIED.);
#533 = CARTESIAN_POINT('',(129.04677245565,199.55833006964,
    7.559891853476));
#534 = CARTESIAN_POINT('',(131.00272269753,199.49840754031,
    7.393451656699));
#535 = CARTESIAN_POINT('',(132.9627807252,199.45284824234,7.266906145377
    ));
#536 = CARTESIAN_POINT('',(134.92455336794,199.42174665672,
    7.180518801974));
#537 = CARTESIAN_POINT('',(136.23014746576,199.40104800606,
    7.123026509943));
#538 = CARTESIAN_POINT('',(137.53690311271,199.38674647263,
    7.083298650489));
#539 = CARTESIAN_POINT('',(138.84460432924,199.3788808914,7.061449985573
    ));
#540 = CARTESIAN_POINT('',(139.1613226368,199.37697588929,7.056158354666
    ));
#541 = CARTESIAN_POINT('',(139.47809641497,199.3754484007,7.05191572592)
  );
#542 = CARTESIAN_POINT('',(139.794922596,199.37429896129,7.048724190538)
  );
#543 = CARTESIAN_POINT('',(140.17199781066,199.37293093954,
    7.044925739017));
#544 = CARTESIAN_POINT('',(140.54914450619,199.372098418,7.042616240349)
  );
#545 = CARTESIAN_POINT('',(140.92635753241,199.37180245684,
    7.041794707935));
#546 = ORIENTED_EDGE('',*,*,#547,.T.);
#547 = EDGE_CURVE('',#530,#488,#548,.T.);
#548 = B_SPLINE_CURVE_WITH_KNOTS('',3,(#549,#550,#551,#552,#553,#554),
  .UNSPECIFIED.,.F.,.F.,(4,2,4),(0.239904214157,2.542717661123,
    2.697261553222),.UNSPECIFIED.);
#549 = CARTESIAN_POINT('',(140.9263575324,199.37180245684,7.041794707935
    ));
#550 = CARTESIAN_POINT('',(140.9263575324,200.13894243281,7.068494868085
    ));
#551 = CARTESIAN_POINT('',(140.9263575324,200.90608240877,7.095195028235
    ));
#552 = CARTESIAN_POINT('',(140.9263575324,201.724705842,7.123687060269)
  );
#553 = CARTESIAN_POINT('',(140.9263575324,201.77618929926,7.125478932152
    ));
#554 = CARTESIAN_POINT('',(140.9263575324,201.82767275652,7.127270804036
    ));
#555 = B_SPLINE_SURFACE_WITH_KNOTS('',3,3,(
    (#556,#557,#558,#559,#560,#561)
    ,(#562,#563,#564,#565,#566,#567)
    ,(#568,#569,#570,#571,#572,#573)
    ,(#574,#575,#576,#577,#578,#579
    )),.UNSPECIFIED.,.F.,.F.,.F.,(4,4),(4,2,4),(0.149201732185,
    0.182623658265),(4.540421941369E-02,0.119158176945,0.126905272304),
  .UNSPECIFIED.);
#556 = CARTESIAN_POINT('',(129.04665150459,204.18304120133,
    7.720864196228));
#557 = CARTESIAN_POINT('',(132.61705909114,204.1934706761,7.421209962583
    ));
#558 = CARTESIAN_POINT('',(136.20463042102,204.19934710278,
    7.252372376343));
#559 = CARTESIAN_POINT('',(140.17204579661,204.20071907338,
    7.212955503687));
#560 = CARTESIAN_POINT('',(140.54919635707,204.20079834478,
    7.210678106195));
#561 = CARTESIAN_POINT('',(140.92635748823,204.20082654851,
    7.209867968002));
#562 = CARTESIAN_POINT('',(129.04665153456,202.5733665041,7.664839776173
    ));
#563 = CARTESIAN_POINT('',(132.61705912111,202.58379597887,
    7.365185542528));
#564 = CARTESIAN_POINT('',(136.20463045098,202.58967240555,
    7.196347956288));
#565 = CARTESIAN_POINT('',(140.17204582657,202.59104437616,
    7.156931083632));
#566 = CARTESIAN_POINT('',(140.54919638703,202.59112364755,7.15465368614
    ));
#567 = CARTESIAN_POINT('',(140.92635751819,202.59115185128,
    7.153843547947));
#568 = CARTESIAN_POINT('',(129.04665156453,200.96369180688,
    7.608815356118));
#569 = CARTESIAN_POINT('',(132.61705915108,200.97412128166,
    7.309161122473));
#570 = CARTESIAN_POINT('',(136.20463048096,200.97999770833,
    7.140323536233));
#571 = CARTESIAN_POINT('',(140.17204585654,200.98136967894,
    7.100906663577));
#572 = CARTESIAN_POINT('',(140.549196417,200.98144895034,7.098629266085)
  );
#573 = CARTESIAN_POINT('',(140.92635754816,200.98147715407,
    7.097819127892));
#574 = CARTESIAN_POINT('',(129.04665159449,199.35401710966,
    7.552790936063));
#575 = CARTESIAN_POINT('',(132.61705918104,199.36444658444,
    7.253136702418));
#576 = CARTESIAN_POINT('',(136.20463051092,199.37032301111,
    7.084299116178));
#577 = CARTESIAN_POINT('',(140.1720458865,199.37169498171,7.044882243522
    ));
#578 = CARTESIAN_POINT('',(140.54919644696,199.37177425311,7.04260484603
    ));
#579 = CARTESIAN_POINT('',(140.92635757813,199.37180245684,
    7.041794707837));
#580 = ADVANCED_FACE('',(#581),#632,.F.);
#581 = FACE_BOUND('',#582,.T.);
#582 = EDGE_LOOP('',(#583,#593,#602,#603,#611,#617,#618,#626));
#583 = ORIENTED_EDGE('',*,*,#584,.F.);
#584 = EDGE_CURVE('',#585,#587,#589,.T.);
#585 = VERTEX_POINT('',#586);
#586 = CARTESIAN_POINT('',(141.57635753241,199.37182291922,
    7.041851544061));
#587 = VERTEX_POINT('',#588);
#588 = CARTESIAN_POINT('',(141.57635753241,198.39647994415,
    4.332749102223));
#589 = LINE('',#590,#591);
#590 = CARTESIAN_POINT('',(141.57635753241,199.73423541752,
    8.048484707124));
#591 = VECTOR('',#592,1.);
#592 = DIRECTION('',(-6.846E-14,-0.338739789867,-0.940880095847));
#593 = ORIENTED_EDGE('',*,*,#594,.T.);
#594 = EDGE_CURVE('',#585,#73,#595,.T.);
#595 = B_SPLINE_CURVE_WITH_KNOTS('',3,(#596,#597,#598,#599,#600,#601),
  .UNSPECIFIED.,.F.,.F.,(4,2,4),(0.119780790899,6.216044289228,
    12.283292611808),.UNSPECIFIED.);
#596 = CARTESIAN_POINT('',(141.57635753241,199.37182291923,
    7.041851544061));
#597 = CARTESIAN_POINT('',(143.6084502913,199.37354373264,7.046631257378
    ));
#598 = CARTESIAN_POINT('',(145.64070983843,199.39079972368,
    7.094561317547));
#599 = CARTESIAN_POINT('',(149.69064143016,199.45600375237,
    7.275671345338));
#600 = CARTESIAN_POINT('',(151.70893810589,199.50381501522,
    7.408471408755));
#601 = CARTESIAN_POINT('',(153.72279335641,199.56683056187,
    7.583502731747));
#602 = ORIENTED_EDGE('',*,*,#72,.T.);
#603 = ORIENTED_EDGE('',*,*,#604,.T.);
#604 = EDGE_CURVE('',#65,#605,#607,.T.);
#605 = VERTEX_POINT('',#606);
#606 = CARTESIAN_POINT('',(126.5019040775,196.83658455802,9.493E-11));
#607 = LINE('',#608,#609);
#608 = CARTESIAN_POINT('',(150.56928476498,196.83658455802,9.492851E-11)
  );
#609 = VECTOR('',#610,1.);
#610 = DIRECTION('',(-1.,3.E-17,3.E-17));
#611 = ORIENTED_EDGE('',*,*,#612,.T.);
#612 = EDGE_CURVE('',#605,#519,#613,.T.);
#613 = LINE('',#614,#615);
#614 = CARTESIAN_POINT('',(130.34289163362,200.9445340028,
    11.410197393343));
#615 = VECTOR('',#616,1.);
#616 = DIRECTION('',(0.301943307514,0.322929409256,0.896965348096));
#617 = ORIENTED_EDGE('',*,*,#529,.T.);
#618 = ORIENTED_EDGE('',*,*,#619,.F.);
#619 = EDGE_CURVE('',#620,#530,#622,.T.);
#620 = VERTEX_POINT('',#621);
#621 = CARTESIAN_POINT('',(140.92635753241,198.39647994415,
    4.332749102224));
#622 = LINE('',#623,#624);
#623 = CARTESIAN_POINT('',(140.92635753241,199.89265167364,
    8.488500042504));
#624 = VECTOR('',#625,1.);
#625 = DIRECTION('',(0.,0.338739789867,0.940880095847));
#626 = ORIENTED_EDGE('',*,*,#627,.F.);
#627 = EDGE_CURVE('',#587,#620,#628,.T.);
#628 = LINE('',#629,#630);
#629 = CARTESIAN_POINT('',(146.99740976497,198.39647994415,
    4.332749102223));
#630 = VECTOR('',#631,1.);
#631 = DIRECTION('',(-1.,2.E-17,0.));
#632 = PLANE('',#633);
#633 = AXIS2_PLACEMENT_3D('',#634,#635,#636);
#634 = CARTESIAN_POINT('',(152.74346199755,199.89265167364,
    8.488500042504));
#635 = DIRECTION('',(-2.E-17,-0.940880095847,0.338739789867));
#636 = DIRECTION('',(7.703719777549E-34,-0.338739789867,-0.940880095847)
  );
#637 = ADVANCED_FACE('',(#638),#673,.T.);
#638 = FACE_BOUND('',#639,.T.);
#639 = EDGE_LOOP('',(#640,#648,#649,#650,#656,#657,#658,#667));
#640 = ORIENTED_EDGE('',*,*,#641,.F.);
#641 = EDGE_CURVE('',#507,#642,#644,.T.);
#642 = VERTEX_POINT('',#643);
#643 = CARTESIAN_POINT('',(127.891612268,204.18304120133,4.332749102223)
  );
#644 = LINE('',#645,#646);
#645 = CARTESIAN_POINT('',(129.174077197,204.18304120133,8.094646227251)
  );
#646 = VECTOR('',#647,1.);
#647 = DIRECTION('',(-0.32267392779,1.3043E-13,-0.946510188178));
#648 = ORIENTED_EDGE('',*,*,#518,.T.);
#649 = ORIENTED_EDGE('',*,*,#612,.F.);
#650 = ORIENTED_EDGE('',*,*,#651,.F.);
#651 = EDGE_CURVE('',#142,#605,#652,.T.);
#652 = LINE('',#653,#654);
#653 = CARTESIAN_POINT('',(126.41174370598,204.41807002126,9.493029E-11)
  );
#654 = VECTOR('',#655,1.);
#655 = DIRECTION('',(1.189133676013E-02,-0.999929295555,-2.E-17));
#656 = ORIENTED_EDGE('',*,*,#141,.F.);
#657 = ORIENTED_EDGE('',*,*,#324,.T.);
#658 = ORIENTED_EDGE('',*,*,#659,.F.);
#659 = EDGE_CURVE('',#660,#325,#662,.T.);
#660 = VERTEX_POINT('',#661);
#661 = CARTESIAN_POINT('',(127.88388235256,204.83304120132,
    4.332749102223));
#662 = B_SPLINE_CURVE_WITH_KNOTS('',3,(#663,#664,#665,#666),
  .UNSPECIFIED.,.F.,.F.,(4,4),(-4.287111778034,-0.683622148704),
  .PIECEWISE_BEZIER_KNOTS.);
#663 = CARTESIAN_POINT('',(127.88388235256,204.83304120133,
    4.332749102223));
#664 = CARTESIAN_POINT('',(128.27146640338,204.83304120133,
    5.469662317941));
#665 = CARTESIAN_POINT('',(128.6590504542,204.83304120133,6.606575533657
    ));
#666 = CARTESIAN_POINT('',(129.04663450501,204.83304120133,
    7.743488749376));
#667 = ORIENTED_EDGE('',*,*,#668,.F.);
#668 = EDGE_CURVE('',#642,#660,#669,.T.);
#669 = LINE('',#670,#671);
#670 = CARTESIAN_POINT('',(127.88617111697,204.64058154571,
    4.332749102223));
#671 = VECTOR('',#672,1.);
#672 = DIRECTION('',(-1.189133676013E-02,0.999929295555,0.));
#673 = PLANE('',#674);
#674 = AXIS2_PLACEMENT_3D('',#675,#676,#677);
#675 = CARTESIAN_POINT('',(128.60281641412,204.61558553361,
    6.434036686617));
#676 = DIRECTION('',(0.946450232904,1.125535424974E-02,-0.322653488492)
  );
#677 = DIRECTION('',(-1.189133676013E-02,0.999929295555,
    8.673617379884E-19));
#678 = ADVANCED_FACE('',(#679),#716,.T.);
#679 = FACE_BOUND('',#680,.T.);
#680 = EDGE_LOOP('',(#681,#691,#699,#707));
#681 = ORIENTED_EDGE('',*,*,#682,.T.);
#682 = EDGE_CURVE('',#683,#685,#687,.T.);
#683 = VERTEX_POINT('',#684);
#684 = CARTESIAN_POINT('',(154.47296224893,200.34332211995,
    8.740072433351));
#685 = VERTEX_POINT('',#686);
#686 = CARTESIAN_POINT('',(157.39510753241,195.75804120131,9.4929E-11));
#687 = LINE('',#688,#689);
#688 = CARTESIAN_POINT('',(154.39510753242,200.46548775902,
    8.972934182341));
#689 = VECTOR('',#690,1.);
#690 = DIRECTION('',(0.283887319776,-0.445461462088,-0.84910074518));
#691 = ORIENTED_EDGE('',*,*,#692,.F.);
#692 = EDGE_CURVE('',#693,#685,#695,.T.);
#693 = VERTEX_POINT('',#694);
#694 = CARTESIAN_POINT('',(157.39510753241,213.25804120131,9.4929E-11));
#695 = LINE('',#696,#697);
#696 = CARTESIAN_POINT('',(157.39510753241,195.75804120131,9.49294E-11)
  );
#697 = VECTOR('',#698,1.);
#698 = DIRECTION('',(0.,-1.,0.));
#699 = ORIENTED_EDGE('',*,*,#700,.F.);
#700 = EDGE_CURVE('',#701,#693,#703,.T.);
#701 = VERTEX_POINT('',#702);
#702 = CARTESIAN_POINT('',(154.46982425664,211.01636132276,
    9.106397669258));
#703 = LINE('',#704,#705);
#704 = CARTESIAN_POINT('',(154.39510753242,210.95910499526,
    9.338990597559));
#705 = VECTOR('',#706,1.);
#706 = DIRECTION('',(0.297772282027,0.228186493438,-0.926964180683));
#707 = ORIENTED_EDGE('',*,*,#708,.F.);
#708 = EDGE_CURVE('',#683,#701,#709,.T.);
#709 = B_SPLINE_CURVE_WITH_KNOTS('',3,(#710,#711,#712,#713,#714,#715),
  .UNSPECIFIED.,.F.,.F.,(4,1,1,4),(-10.6793244498,-7.628088892715,
    -4.576853335629,-1.755E-14),.UNSPECIFIED.);
#710 = CARTESIAN_POINT('',(154.47296224893,200.34332211995,
    8.740072433349));
#711 = CARTESIAN_POINT('',(154.47313022763,201.36078713797,8.77493747777
    ));
#712 = CARTESIAN_POINT('',(154.47208131968,203.39352687534,
    8.844627414542));
#713 = CARTESIAN_POINT('',(154.47114402592,206.9510413296,8.966671389047
    ));
#714 = CARTESIAN_POINT('',(154.4697478921,209.49298291794,9.053689632827
    ));
#715 = CARTESIAN_POINT('',(154.46982425664,211.01636132277,
    9.106397669259));
#716 = B_SPLINE_SURFACE_WITH_KNOTS('',3,3,(
    (#717,#718,#719,#720)
    ,(#721,#722,#723,#724)
    ,(#725,#726,#727,#728)
    ,(#729,#730,#731,#732
    )),.UNSPECIFIED.,.F.,.F.,.F.,(4,4),(4,4),(-2.3886E-13,1.),(
    2.490058409462E-02,1.),.PIECEWISE_BEZIER_KNOTS.);
#717 = CARTESIAN_POINT('',(154.46980928471,211.01634984958,
    9.106444276828));
#718 = CARTESIAN_POINT('',(155.44490870061,211.76358030016,6.07096285125
    ));
#719 = CARTESIAN_POINT('',(156.42000811651,212.51081075074,
    3.035481425673));
#720 = CARTESIAN_POINT('',(157.39510753241,213.25804120131,9.49294E-11)
  );
#721 = CARTESIAN_POINT('',(154.46980928471,210.12015199686,
    9.075295263786));
#722 = CARTESIAN_POINT('',(155.44490870061,211.12248183372,
    6.050196842555));
#723 = CARTESIAN_POINT('',(156.42000811651,212.12481167057,
    3.025098421325));
#724 = CARTESIAN_POINT('',(157.39510753241,213.12714150743,9.49294E-11)
  );
#725 = CARTESIAN_POINT('',(154.46980928471,201.24446744286,
    8.780651893203));
#726 = CARTESIAN_POINT('',(155.44490870061,199.45929192697,
    5.853767928834));
#727 = CARTESIAN_POINT('',(156.42000811651,197.6741164111,2.926883964464
    ));
#728 = CARTESIAN_POINT('',(157.39510753241,195.88894089521,9.49294E-11)
  );
#729 = CARTESIAN_POINT('',(154.46980928471,200.34826959014,
    8.749502880161));
#730 = CARTESIAN_POINT('',(155.44490870061,198.81819346053,
    5.833001920139));
#731 = CARTESIAN_POINT('',(156.42000811651,197.28811733092,
    2.916500960117));
#732 = CARTESIAN_POINT('',(157.39510753241,195.75804120131,9.49294E-11)
  );
#733 = ADVANCED_FACE('',(#734),#779,.F.);
#734 = FACE_BOUND('',#735,.F.);
#735 = EDGE_LOOP('',(#736,#750,#759,#771));
#736 = ORIENTED_EDGE('',*,*,#737,.F.);
#737 = EDGE_CURVE('',#738,#740,#742,.T.);
#738 = VERTEX_POINT('',#739);
#739 = CARTESIAN_POINT('',(129.70521894105,198.82021436301,
    8.734955142491));
#740 = VERTEX_POINT('',#741);
#741 = CARTESIAN_POINT('',(128.28880668453,200.33746170474,
    8.908328098944));
#742 = B_SPLINE_CURVE_WITH_KNOTS('',3,(#743,#744,#745,#746,#747,#748,
    #749),.UNSPECIFIED.,.F.,.F.,(4,1,1,1,4),(0.,0.656248160606,
    0.98437224091,1.640620401516,2.296868562123),.UNSPECIFIED.);
#743 = CARTESIAN_POINT('',(129.70521894105,198.820214363,8.73495514249)
  );
#744 = CARTESIAN_POINT('',(129.48765557371,198.82658545913,
    8.752618396601));
#745 = CARTESIAN_POINT('',(129.16584810319,198.91978415632,
    8.782459461646));
#746 = CARTESIAN_POINT('',(128.71907066582,199.23593304782,
    8.831713179184));
#747 = CARTESIAN_POINT('',(128.38800344053,199.68336521323,
    8.876576838458));
#748 = CARTESIAN_POINT('',(128.28880283136,200.1188446793,8.900719522623
    ));
#749 = CARTESIAN_POINT('',(128.28880668452,200.33746170473,
    8.908328098943));
#750 = ORIENTED_EDGE('',*,*,#751,.F.);
#751 = EDGE_CURVE('',#752,#738,#754,.T.);
#752 = VERTEX_POINT('',#753);
#753 = CARTESIAN_POINT('',(129.68525317447,198.59366249927,
    8.570589430125));
#754 = CIRCLE('',#755,0.25);
#755 = AXIS2_PLACEMENT_3D('',#756,#757,#758);
#756 = CARTESIAN_POINT('',(129.68525317447,198.82888252323,
    8.485904482658));
#757 = DIRECTION('',(-0.996298021671,2.912029954489E-02,
    8.088423930633E-02));
#758 = DIRECTION('',(-6.394572371615E-13,-0.940880095847,0.338739789868)
  );
#759 = ORIENTED_EDGE('',*,*,#760,.F.);
#760 = EDGE_CURVE('',#761,#752,#763,.T.);
#761 = VERTEX_POINT('',#762);
#762 = CARTESIAN_POINT('',(128.0297528141,200.3433221171,8.740072427912)
  );
#763 = B_SPLINE_CURVE_WITH_KNOTS('',3,(#764,#765,#766,#767,#768,#769,
    #770),.UNSPECIFIED.,.F.,.F.,(4,1,1,1,4),(-2.296868562123,
    -1.640620401516,-0.98437224091,-0.656248160606,0.),.UNSPECIFIED.);
#764 = CARTESIAN_POINT('',(128.0297528141,200.34332211708,8.740072427912
    ));
#765 = CARTESIAN_POINT('',(128.03615922619,200.0872453783,8.749985505825
    ));
#766 = CARTESIAN_POINT('',(128.16418223438,199.58801415819,
    8.746964794155));
#767 = CARTESIAN_POINT('',(128.54780408377,199.08233065831,
    8.707346784088));
#768 = CARTESIAN_POINT('',(129.05950627295,198.71967414861,
    8.649597084321));
#769 = CARTESIAN_POINT('',(129.42990833206,198.60605223776,
    8.605003038131));
#770 = CARTESIAN_POINT('',(129.68525317447,198.59366249926,
    8.570589430127));
#771 = ORIENTED_EDGE('',*,*,#772,.F.);
#772 = EDGE_CURVE('',#740,#761,#773,.T.);
#773 = B_SPLINE_CURVE_WITH_KNOTS('',3,(#774,#775,#776,#777,#778),
  .UNSPECIFIED.,.F.,.F.,(4,1,4),(0.,0.571428571429,1.),.UNSPECIFIED.);
#774 = CARTESIAN_POINT('',(128.28880668452,200.33746170473,
    8.908328098943));
#775 = CARTESIAN_POINT('',(128.22562581293,200.3372649878,8.914012413321
    ));
#776 = CARTESIAN_POINT('',(128.11172100951,200.33846124751,8.87969809516
    ));
#777 = CARTESIAN_POINT('',(128.04509846519,200.34175544863,
    8.785079690272));
#778 = CARTESIAN_POINT('',(128.0297528141,200.34332211708,8.740072427912
    ));
#779 = B_SPLINE_SURFACE_WITH_KNOTS('',3,3,(
    (#780,#781,#782,#783,#784,#785,#786)
    ,(#787,#788,#789,#790,#791,#792,#793)
    ,(#794,#795,#796,#797,#798,#799,#800)
    ,(#801,#802,#803,#804,#805,#806,#807)
    ,(#808,#809,#810,#811,#812,#813,#814
    )),.UNSPECIFIED.,.F.,.F.,.F.,(4,1,4),(4,1,1,1,4),(0.,0.571428571429,
    1.),(0.,0.656248160606,0.98437224091,1.640620401516,2.296868562123),
  .UNSPECIFIED.);
#780 = CARTESIAN_POINT('',(129.70521894105,198.820214363,8.73495514249)
  );
#781 = CARTESIAN_POINT('',(129.48765557371,198.82658545913,
    8.752618396601));
#782 = CARTESIAN_POINT('',(129.16584810319,198.91978415632,
    8.782459461646));
#783 = CARTESIAN_POINT('',(128.71907066582,199.23593304782,
    8.831713179184));
#784 = CARTESIAN_POINT('',(128.38800344053,199.68336521323,
    8.876576838458));
#785 = CARTESIAN_POINT('',(128.28880283136,200.1188446793,8.900719522623
    ));
#786 = CARTESIAN_POINT('',(128.28880668452,200.33746170473,
    8.908328098943));
#787 = CARTESIAN_POINT('',(129.70341355366,198.76352469757,
    8.733126802987));
#788 = CARTESIAN_POINT('',(129.4764435292,198.77294946377,8.751601037746
    ));
#789 = CARTESIAN_POINT('',(129.14355840251,198.87187209488,
    8.782518497435));
#790 = CARTESIAN_POINT('',(128.68174372746,199.19894307445,
    8.833514877971));
#791 = CARTESIAN_POINT('',(128.3378711789,199.65910090697,8.8800558156)
  );
#792 = CARTESIAN_POINT('',(128.22942596446,200.10903017898,
    8.905627820684));
#793 = CARTESIAN_POINT('',(128.22562581293,200.3372649878,8.914012413321
    ));
#794 = CARTESIAN_POINT('',(129.69745420226,198.66590894031,
    8.694866074614));
#795 = CARTESIAN_POINT('',(129.45436179137,198.68039772276,8.7184431132)
  );
#796 = CARTESIAN_POINT('',(129.10217087678,198.78922176761,
    8.753911348011));
#797 = CARTESIAN_POINT('',(128.61404126737,199.13533715247,
    8.808247762956));
#798 = CARTESIAN_POINT('',(128.2474741203,199.61789069212,8.854668200463
    ));
#799 = CARTESIAN_POINT('',(128.12238520061,200.09335373505,
    8.875800186377));
#800 = CARTESIAN_POINT('',(128.11172100951,200.33846124751,8.87969809516
    ));
#801 = CARTESIAN_POINT('',(129.68891198929,198.60802619801,
    8.610485889443));
#802 = CARTESIAN_POINT('',(129.43607011506,198.62197378813,
    8.641914042217));
#803 = CARTESIAN_POINT('',(129.07009172651,198.73514782321,
    8.683894641638));
#804 = CARTESIAN_POINT('',(128.56384452591,199.09406081336,
    8.740818355017));
#805 = CARTESIAN_POINT('',(128.18358789844,199.59387341778,
    8.782677737075));
#806 = CARTESIAN_POINT('',(128.05419731683,200.08750277404,
    8.791160022832));
#807 = CARTESIAN_POINT('',(128.04509846519,200.34175544863,
    8.785079690272));
#808 = CARTESIAN_POINT('',(129.68525317447,198.59366249926,
    8.570589430127));
#809 = CARTESIAN_POINT('',(129.42990833206,198.60605223776,
    8.605003038131));
#810 = CARTESIAN_POINT('',(129.05950627295,198.71967414861,
    8.649597084321));
#811 = CARTESIAN_POINT('',(128.54780408377,199.08233065831,
    8.707346784088));
#812 = CARTESIAN_POINT('',(128.16418223438,199.58801415819,
    8.746964794155));
#813 = CARTESIAN_POINT('',(128.03615922619,200.0872453783,8.749985505825
    ));
#814 = CARTESIAN_POINT('',(128.0297528141,200.34332211708,8.740072427912
    ));
#815 = ADVANCED_FACE('',(#816),#844,.F.);
#816 = FACE_BOUND('',#817,.F.);
#817 = EDGE_LOOP('',(#818,#827,#836,#843));
#818 = ORIENTED_EDGE('',*,*,#819,.F.);
#819 = EDGE_CURVE('',#820,#738,#822,.T.);
#820 = VERTEX_POINT('',#821);
#821 = CARTESIAN_POINT('',(152.79749612362,198.8202143624,8.734955142812
    ));
#822 = B_SPLINE_CURVE_WITH_KNOTS('',3,(#823,#824,#825,#826),
  .UNSPECIFIED.,.F.,.F.,(4,4),(0.,23.160753694236),
  .PIECEWISE_BEZIER_KNOTS.);
#823 = CARTESIAN_POINT('',(152.79749612362,198.8202143624,8.734955142812
    ));
#824 = CARTESIAN_POINT('',(145.11910269516,198.59536133136,8.11157163777
    ));
#825 = CARTESIAN_POINT('',(137.38361236962,198.59536133183,
    8.111571638399));
#826 = CARTESIAN_POINT('',(129.70521894105,198.82021436301,
    8.734955142491));
#827 = ORIENTED_EDGE('',*,*,#828,.F.);
#828 = EDGE_CURVE('',#829,#820,#831,.T.);
#829 = VERTEX_POINT('',#830);
#830 = CARTESIAN_POINT('',(152.8174618902,198.59366249939,8.570589430473
    ));
#831 = CIRCLE('',#832,0.25);
#832 = AXIS2_PLACEMENT_3D('',#833,#834,#835);
#833 = CARTESIAN_POINT('',(152.8174618902,198.82888252336,8.485904483006
    ));
#834 = DIRECTION('',(-0.99629802166,-2.912029958892E-02,
    -8.088423943194E-02));
#835 = DIRECTION('',(-4.440163514641E-13,-0.940880095847,0.338739789867)
  );
#836 = ORIENTED_EDGE('',*,*,#837,.F.);
#837 = EDGE_CURVE('',#752,#829,#838,.T.);
#838 = B_SPLINE_CURVE_WITH_KNOTS('',3,(#839,#840,#841,#842),
  .UNSPECIFIED.,.F.,.F.,(4,4),(-23.16075369423,0.),
  .PIECEWISE_BEZIER_KNOTS.);
#839 = CARTESIAN_POINT('',(129.68525317447,198.59366249927,
    8.570589430125));
#840 = CARTESIAN_POINT('',(137.37692420313,198.36884647086,
    7.946142782019));
#841 = CARTESIAN_POINT('',(145.12579086163,198.36884647063,
    7.946142781397));
#842 = CARTESIAN_POINT('',(152.8174618902,198.59366249939,8.570589430473
    ));
#843 = ORIENTED_EDGE('',*,*,#751,.T.);
#844 = B_SPLINE_SURFACE_WITH_KNOTS('',3,3,(
    (#845,#846,#847,#848)
    ,(#849,#850,#851,#852)
    ,(#853,#854,#855,#856)
    ,(#857,#858,#859,#860)
    ,(#861,#862,#863,#864
    )),.UNSPECIFIED.,.F.,.F.,.F.,(4,1,4),(4,4),(0.,0.571428571429,1.),(
    0.,23.160753694236),.UNSPECIFIED.);
#845 = CARTESIAN_POINT('',(152.79749612362,198.8202143624,8.734955142812
    ));
#846 = CARTESIAN_POINT('',(145.11910269516,198.59536133136,8.11157163777
    ));
#847 = CARTESIAN_POINT('',(137.38361236962,198.59536133183,
    8.111571638399));
#848 = CARTESIAN_POINT('',(129.70521894105,198.82021436301,
    8.734955142491));
#849 = CARTESIAN_POINT('',(152.79930151102,198.76352469711,
    8.733126803147));
#850 = CARTESIAN_POINT('',(145.11972668658,198.5387213967,8.109551780778
    ));
#851 = CARTESIAN_POINT('',(137.38298837819,198.53872139713,
    8.109551781461));
#852 = CARTESIAN_POINT('',(129.70341355366,198.76352469759,
    8.733126802989));
#853 = CARTESIAN_POINT('',(152.80526086242,198.66590894021,
    8.694866074676));
#854 = CARTESIAN_POINT('',(145.12171005452,198.44119021367,
    8.070913106705));
#855 = CARTESIAN_POINT('',(137.38100501024,198.44119021398,
    8.070913107423));
#856 = CARTESIAN_POINT('',(129.69745420227,198.66590894033,
    8.694866074617));
#857 = CARTESIAN_POINT('',(152.81380307538,198.6080261981,8.610485889691
    ));
#858 = CARTESIAN_POINT('',(145.12456602727,198.38326107579,
    7.986179575231));
#859 = CARTESIAN_POINT('',(137.3781490375,198.38326107603,7.986179575886
    ));
#860 = CARTESIAN_POINT('',(129.68891198929,198.60802619801,
    8.610485889443));
#861 = CARTESIAN_POINT('',(152.8174618902,198.59366249939,8.570589430473
    ));
#862 = CARTESIAN_POINT('',(145.12579086163,198.36884647063,
    7.946142781397));
#863 = CARTESIAN_POINT('',(137.37692420313,198.36884647086,
    7.946142782019));
#864 = CARTESIAN_POINT('',(129.68525317447,198.59366249927,
    8.570589430125));
#865 = ADVANCED_FACE('',(#866),#897,.F.);
#866 = FACE_BOUND('',#867,.F.);
#867 = EDGE_LOOP('',(#868,#877,#878,#889));
#868 = ORIENTED_EDGE('',*,*,#869,.F.);
#869 = EDGE_CURVE('',#829,#683,#870,.T.);
#870 = B_SPLINE_CURVE_WITH_KNOTS('',3,(#871,#872,#873,#874,#875,#876),
  .UNSPECIFIED.,.F.,.F.,(4,1,1,4),(-2.296868563902,-1.640620402787,
    -0.984372241672,5.235E-14),.UNSPECIFIED.);
#871 = CARTESIAN_POINT('',(152.8174618902,198.59366249939,8.570589430472
    ));
#872 = CARTESIAN_POINT('',(153.0728067328,198.60605223791,8.605003038531
    ));
#873 = CARTESIAN_POINT('',(153.56717817627,198.7581574829,8.664479691186
    ));
#874 = CARTESIAN_POINT('',(154.23305959731,199.345286999,8.737818468122)
  );
#875 = CARTESIAN_POINT('',(154.46335263117,199.95920701164,8.7549420491)
  );
#876 = CARTESIAN_POINT('',(154.47296224892,200.34332211995,
    8.740072433348));
#877 = ORIENTED_EDGE('',*,*,#828,.T.);
#878 = ORIENTED_EDGE('',*,*,#879,.F.);
#879 = EDGE_CURVE('',#880,#820,#882,.T.);
#880 = VERTEX_POINT('',#881);
#881 = CARTESIAN_POINT('',(154.2139083784,200.33746170676,8.908328104345
    ));
#882 = B_SPLINE_CURVE_WITH_KNOTS('',3,(#883,#884,#885,#886,#887,#888),
  .UNSPECIFIED.,.F.,.F.,(4,1,1,4),(-5.235E-14,0.984372241672,
    1.640620402787,2.296868563902),.UNSPECIFIED.);
#883 = CARTESIAN_POINT('',(154.21390837839,200.33746170676,
    8.908328104345));
#884 = CARTESIAN_POINT('',(154.21391415852,200.00953616839,
    8.896915238791));
#885 = CARTESIAN_POINT('',(154.02704497273,199.46811350526,8.86106472142
    ));
#886 = CARTESIAN_POINT('',(153.44435052113,198.95125505742,
    8.792425379582));
#887 = CARTESIAN_POINT('',(153.01505949112,198.82658545851,
    8.752618396963));
#888 = CARTESIAN_POINT('',(152.79749612361,198.82021436239,
    8.734955142812));
#889 = ORIENTED_EDGE('',*,*,#890,.T.);
#890 = EDGE_CURVE('',#880,#683,#891,.T.);
#891 = B_SPLINE_CURVE_WITH_KNOTS('',3,(#892,#893,#894,#895,#896),
  .UNSPECIFIED.,.F.,.F.,(4,1,4),(0.,0.571428571429,1.),.UNSPECIFIED.);
#892 = CARTESIAN_POINT('',(154.21390837839,200.33746170676,
    8.908328104345));
#893 = CARTESIAN_POINT('',(154.27708925,200.33726498988,8.914012418754)
  );
#894 = CARTESIAN_POINT('',(154.39099405347,200.33846124983,
    8.879698100624));
#895 = CARTESIAN_POINT('',(154.45761659783,200.34175545134,
    8.785079695718));
#896 = CARTESIAN_POINT('',(154.47296224892,200.34332211995,
    8.740072433348));
#897 = B_SPLINE_SURFACE_WITH_KNOTS('',3,3,(
    (#898,#899,#900,#901,#902,#903)
    ,(#904,#905,#906,#907,#908,#909)
    ,(#910,#911,#912,#913,#914,#915)
    ,(#916,#917,#918,#919,#920,#921)
    ,(#922,#923,#924,#925,#926,#927
  )),.UNSPECIFIED.,.F.,.F.,.F.,(4,1,4),(4,1,1,4),(0.,0.571428571429,1.),
  (-5.235E-14,0.984372241672,1.640620402787,2.296868563902),
  .UNSPECIFIED.);
#898 = CARTESIAN_POINT('',(154.21390837839,200.33746170676,
    8.908328104345));
#899 = CARTESIAN_POINT('',(154.21391415852,200.00953616839,
    8.896915238791));
#900 = CARTESIAN_POINT('',(154.02704497273,199.46811350526,8.86106472142
    ));
#901 = CARTESIAN_POINT('',(153.44435052113,198.95125505742,
    8.792425379582));
#902 = CARTESIAN_POINT('',(153.01505949112,198.82658545851,
    8.752618396963));
#903 = CARTESIAN_POINT('',(152.79749612361,198.82021436239,
    8.734955142812));
#904 = CARTESIAN_POINT('',(154.27708925,200.33726498988,8.914012418754)
  );
#905 = CARTESIAN_POINT('',(154.27138902308,199.99491277646,
    8.901435528668));
#906 = CARTESIAN_POINT('',(154.07246985247,199.43802296245,
    8.863889952354));
#907 = CARTESIAN_POINT('',(153.47040864078,198.90521080697,8.792855601)
  );
#908 = CARTESIAN_POINT('',(153.02627153562,198.77294946332,
    8.751601037951));
#909 = CARTESIAN_POINT('',(152.79930151102,198.76352469711,
    8.733126803145));
#910 = CARTESIAN_POINT('',(154.39099405347,200.33846124983,
    8.879698100624));
#911 = CARTESIAN_POINT('',(154.37499776715,199.97079998099,
    8.873851236271));
#912 = CARTESIAN_POINT('',(154.15438847475,199.38647910106,
    8.839549360851));
#913 = CARTESIAN_POINT('',(153.51834534544,198.82578773889,
    8.765801396521));
#914 = CARTESIAN_POINT('',(153.04835327346,198.68039772267,8.71844311331
    ));
#915 = CARTESIAN_POINT('',(152.80526086242,198.6659089402,8.694866074674
    ));
#916 = CARTESIAN_POINT('',(154.45761659783,200.34175545134,
    8.785079695718));
#917 = CARTESIAN_POINT('',(154.44396832073,199.96037643931,
    8.794200193418));
#918 = CARTESIAN_POINT('',(154.21420743729,199.3541108487,8.771637656282
    ));
#919 = CARTESIAN_POINT('',(153.55511157905,198.77335490112,
    8.697948561302));
#920 = CARTESIAN_POINT('',(153.06664494979,198.62197378824,
    8.641914042514));
#921 = CARTESIAN_POINT('',(152.81380307538,198.6080261981,8.610485889689
    ));
#922 = CARTESIAN_POINT('',(154.47296224892,200.34332211995,
    8.740072433348));
#923 = CARTESIAN_POINT('',(154.46335263117,199.95920701164,8.7549420491)
  );
#924 = CARTESIAN_POINT('',(154.23305959731,199.345286999,8.737818468122)
  );
#925 = CARTESIAN_POINT('',(153.56717817627,198.7581574829,8.664479691186
    ));
#926 = CARTESIAN_POINT('',(153.0728067328,198.60605223791,8.605003038531
    ));
#927 = CARTESIAN_POINT('',(152.8174618902,198.59366249939,8.570589430472
    ));
#928 = ADVANCED_FACE('',(#929),#959,.F.);
#929 = FACE_BOUND('',#930,.F.);
#930 = EDGE_LOOP('',(#931,#941,#950,#958));
#931 = ORIENTED_EDGE('',*,*,#932,.F.);
#932 = EDGE_CURVE('',#933,#761,#935,.T.);
#933 = VERTEX_POINT('',#934);
#934 = CARTESIAN_POINT('',(128.03289079543,211.01636133254,
    9.106397629466));
#935 = B_SPLINE_CURVE_WITH_KNOTS('',3,(#936,#937,#938,#939,#940),
  .UNSPECIFIED.,.F.,.F.,(4,1,4),(-10.67932446122,-4.576853340526,
    6.2293E-13),.UNSPECIFIED.);
#936 = CARTESIAN_POINT('',(128.03289079543,211.01636133257,
    9.106397629467));
#937 = CARTESIAN_POINT('',(128.03299261692,208.98519012398,
    9.036120254171));
#938 = CARTESIAN_POINT('',(128.03111815607,205.42548233491,
    8.914488732519));
#939 = CARTESIAN_POINT('',(128.02950084435,201.86951964603,
    8.792369989627));
#940 = CARTESIAN_POINT('',(128.02975281409,200.34332211708,
    8.740072427912));
#941 = ORIENTED_EDGE('',*,*,#942,.T.);
#942 = EDGE_CURVE('',#933,#943,#945,.T.);
#943 = VERTEX_POINT('',#944);
#944 = CARTESIAN_POINT('',(128.2934934238,211.01033730431,9.279373383774
    ));
#945 = CIRCLE('',#946,0.25);
#946 = AXIS2_PLACEMENT_3D('',#947,#948,#949);
#947 = CARTESIAN_POINT('',(128.27108647938,211.01899824241,
    9.030530226357));
#948 = DIRECTION('',(1.484840201552E-05,0.999394908799,
    3.478241001754E-02));
#949 = DIRECTION('',(-0.952782735796,-1.054763947029E-02,0.303469612434)
  );
#950 = ORIENTED_EDGE('',*,*,#951,.F.);
#951 = EDGE_CURVE('',#740,#943,#952,.T.);
#952 = B_SPLINE_CURVE_WITH_KNOTS('',3,(#953,#954,#955,#956,#957),
  .UNSPECIFIED.,.F.,.F.,(4,1,4),(-6.2293E-13,4.576853340526,
    10.679324461227),.UNSPECIFIED.);
#953 = CARTESIAN_POINT('',(128.28880668452,200.33746170473,
    8.908328098943));
#954 = CARTESIAN_POINT('',(128.28883355751,201.86215636022,
    8.961392381693));
#955 = CARTESIAN_POINT('',(128.29093777996,205.41978311599,
    9.085025356014));
#956 = CARTESIAN_POINT('',(128.29346327202,208.97741111471,
    9.208620494864));
#957 = CARTESIAN_POINT('',(128.2934934238,211.01033730435,9.279373383775
    ));
#958 = ORIENTED_EDGE('',*,*,#772,.T.);
#959 = B_SPLINE_SURFACE_WITH_KNOTS('',3,3,(
    (#960,#961,#962,#963,#964)
    ,(#965,#966,#967,#968,#969)
    ,(#970,#971,#972,#973,#974)
    ,(#975,#976,#977,#978,#979)
    ,(#980,#981,#982,#983,#984
    )),.UNSPECIFIED.,.F.,.F.,.F.,(4,1,4),(4,1,4),(0.,0.571428571429,1.),
  (-6.2293E-13,4.576853340526,10.679324461227),.UNSPECIFIED.);
#960 = CARTESIAN_POINT('',(128.28880668452,200.33746170473,
    8.908328098943));
#961 = CARTESIAN_POINT('',(128.28883355751,201.86215636022,
    8.961392381693));
#962 = CARTESIAN_POINT('',(128.29093777996,205.41978311599,
    9.085025356014));
#963 = CARTESIAN_POINT('',(128.29346327202,208.97741111471,
    9.208620494864));
#964 = CARTESIAN_POINT('',(128.2934934238,211.01033730435,9.279373383775
    ));
#965 = CARTESIAN_POINT('',(128.22562581293,200.3372649878,8.914012413322
    ));
#966 = CARTESIAN_POINT('',(128.22548719503,201.8623448747,8.967109289305
    ));
#967 = CARTESIAN_POINT('',(128.22730113588,205.41952110509,
    9.090750637243));
#968 = CARTESIAN_POINT('',(128.22942371333,208.97767959732,
    9.214394010323));
#969 = CARTESIAN_POINT('',(128.22937061912,211.01013754718,
    9.285140333732));
#970 = CARTESIAN_POINT('',(128.11172100951,200.33846124752,
    8.879698095162));
#971 = CARTESIAN_POINT('',(128.11128378436,201.86421765514,
    8.932597760146));
#972 = CARTESIAN_POINT('',(128.11256560309,205.42062787764,
    9.055829511846));
#973 = CARTESIAN_POINT('',(128.11394593474,208.9797256651,9.178970301721
    ));
#974 = CARTESIAN_POINT('',(128.11374285242,211.01137705105,
    9.249575317625));
#975 = CARTESIAN_POINT('',(128.04509846519,200.34175544863,
    8.785079690273));
#976 = CARTESIAN_POINT('',(128.04472935549,201.86787944004,
    8.837544196744));
#977 = CARTESIAN_POINT('',(128.04613931346,205.4239092037,8.959966612868
    ));
#978 = CARTESIAN_POINT('',(128.04771671058,208.98351741844,
    9.082012006162));
#979 = CARTESIAN_POINT('',(128.04755311106,211.01476089851,
    9.152376270584));
#980 = CARTESIAN_POINT('',(128.02975281409,200.34332211708,
    8.740072427912));
#981 = CARTESIAN_POINT('',(128.02950084435,201.86951964603,
    8.792369989627));
#982 = CARTESIAN_POINT('',(128.03111815607,205.42548233491,
    8.914488732519));
#983 = CARTESIAN_POINT('',(128.03299261692,208.98519012398,
    9.036120254171));
#984 = CARTESIAN_POINT('',(128.03289079543,211.01636133257,
    9.106397629467));
#985 = ADVANCED_FACE('',(#986),#1034,.T.);
#986 = FACE_BOUND('',#987,.T.);
#987 = EDGE_LOOP('',(#988,#989,#990,#991,#1002,#1014,#1023,#1033));
#988 = ORIENTED_EDGE('',*,*,#737,.F.);
#989 = ORIENTED_EDGE('',*,*,#819,.F.);
#990 = ORIENTED_EDGE('',*,*,#879,.F.);
#991 = ORIENTED_EDGE('',*,*,#992,.F.);
#992 = EDGE_CURVE('',#993,#880,#995,.T.);
#993 = VERTEX_POINT('',#994);
#994 = CARTESIAN_POINT('',(154.2092216275,211.0103372937,9.279373423469)
  );
#995 = B_SPLINE_CURVE_WITH_KNOTS('',3,(#996,#997,#998,#999,#1000,#1001),
  .UNSPECIFIED.,.F.,.F.,(4,1,1,4),(1.755E-14,4.576853335629,
    7.628088892715,10.679324449801),.UNSPECIFIED.);
#996 = CARTESIAN_POINT('',(154.2092216275,211.01033729372,9.27937342347)
  );
#997 = CARTESIAN_POINT('',(154.20924424301,209.48564265334,
    9.226308751889));
#998 = CARTESIAN_POINT('',(154.21105055847,206.94447977345,
    9.138026719326));
#999 = CARTESIAN_POINT('',(154.21252933358,203.38685485998,
    9.014337443132));
#1000 = CARTESIAN_POINT('',(154.21389046188,201.35392480917,
    8.943704296103));
#1001 = CARTESIAN_POINT('',(154.21390837839,200.33746170676,
    8.908328104345));
#1002 = ORIENTED_EDGE('',*,*,#1003,.F.);
#1003 = EDGE_CURVE('',#1004,#993,#1006,.T.);
#1004 = VERTEX_POINT('',#1005);
#1005 = CARTESIAN_POINT('',(152.82384115105,212.48560609976,
    9.212690949517));
#1006 = B_SPLINE_CURVE_WITH_KNOTS('',3,(#1007,#1008,#1009,#1010,#1011,
    #1012,#1013),.UNSPECIFIED.,.F.,.F.,(4,1,1,1,4),(0.,0.641701220522,
    0.962551830782,1.604253051304,2.245954271826),.UNSPECIFIED.);
#1007 = CARTESIAN_POINT('',(152.82384115105,212.48560609976,
    9.212690949518));
#1008 = CARTESIAN_POINT('',(153.03668542832,212.48415339563,
    9.229742764701));
#1009 = CARTESIAN_POINT('',(153.35419010101,212.39981909979,
    9.253089497821));
#1010 = CARTESIAN_POINT('',(153.79509641938,212.09304264973,
    9.280205764816));
#1011 = CARTESIAN_POINT('',(154.117569665,211.65158116907,9.293391573276
    ));
#1012 = CARTESIAN_POINT('',(154.20921845667,211.22410827126,
    9.286813396312));
#1013 = CARTESIAN_POINT('',(154.2092216275,211.01033729371,9.27937342347
    ));
#1014 = ORIENTED_EDGE('',*,*,#1015,.F.);
#1015 = EDGE_CURVE('',#1016,#1004,#1018,.T.);
#1016 = VERTEX_POINT('',#1017);
#1017 = CARTESIAN_POINT('',(129.67887389399,212.48560610385,
    9.21269091001));
#1018 = B_SPLINE_CURVE_WITH_KNOTS('',3,(#1019,#1020,#1021,#1022),
  .UNSPECIFIED.,.F.,.F.,(4,4),(0.,23.209850430508),
  .PIECEWISE_BEZIER_KNOTS.);
#1019 = CARTESIAN_POINT('',(129.67887389399,212.48560610385,
    9.21269091001));
#1020 = CARTESIAN_POINT('',(137.37729129442,212.53814931651,
    8.595939608127));
#1021 = CARTESIAN_POINT('',(145.12542375272,212.53814931512,
    8.595939621445));
#1022 = CARTESIAN_POINT('',(152.82384115104,212.48560609974,
    9.212690949516));
#1023 = ORIENTED_EDGE('',*,*,#1024,.F.);
#1024 = EDGE_CURVE('',#943,#1016,#1025,.T.);
#1025 = B_SPLINE_CURVE_WITH_KNOTS('',3,(#1026,#1027,#1028,#1029,#1030,
    #1031,#1032),.UNSPECIFIED.,.F.,.F.,(4,1,1,1,4),(0.,0.64170843797,
    1.283416875939,1.604271094924,2.245979532893),.UNSPECIFIED.);
#1026 = CARTESIAN_POINT('',(128.2934934238,211.01033730431,
    9.279373383774));
#1027 = CARTESIAN_POINT('',(128.29349659442,211.22411068623,
    9.286813439601));
#1028 = CARTESIAN_POINT('',(128.38513614373,211.65156336486,
    9.293391734299));
#1029 = CARTESIAN_POINT('',(128.707612096,212.09304029322,9.280206206001
    ));
#1030 = CARTESIAN_POINT('',(129.14851766647,212.39981662895,
    9.25308998085));
#1031 = CARTESIAN_POINT('',(129.46602722271,212.48415338347,
    9.229742916258));
#1032 = CARTESIAN_POINT('',(129.67887389399,212.48560610385,
    9.21269091001));
#1033 = ORIENTED_EDGE('',*,*,#951,.F.);
#1034 = ( BOUNDED_SURFACE() B_SPLINE_SURFACE(1,2,(
    (#1035,#1036,#1037)
    ,(#1038,#1039,#1040
)),.UNSPECIFIED.,.F.,.F.,.F.) B_SPLINE_SURFACE_WITH_KNOTS((2,2),(3,3),(
    -7.7073E-13,0.296636653856),(-5.074E-14,0.278035746206),
.PIECEWISE_BEZIER_KNOTS.) GEOMETRIC_REPRESENTATION_ITEM() 
RATIONAL_B_SPLINE_SURFACE((
    (1.,0.990352567669,1.)
,(1.,0.990352567669,1.))) REPRESENTATION_ITEM('') SURFACE() );
#1035 = CARTESIAN_POINT('',(122.63646540203,225.67317117036,
    10.411627824855));
#1036 = CARTESIAN_POINT('',(142.69696425707,225.76376939979,
    7.808600854926));
#1037 = CARTESIAN_POINT('',(162.70194661436,225.65937069847,
    10.808159748175));
#1038 = CARTESIAN_POINT('',(122.63646619994,182.81311742809,
    8.919891849517));
#1039 = CARTESIAN_POINT('',(142.69696505498,182.90371565752,
    6.316864879587));
#1040 = CARTESIAN_POINT('',(162.70194741227,182.7993169562,
    9.316423772837));
#1041 = ADVANCED_FACE('',(#1042),#1071,.F.);
#1042 = FACE_BOUND('',#1043,.F.);
#1043 = EDGE_LOOP('',(#1044,#1045,#1054,#1064));
#1044 = ORIENTED_EDGE('',*,*,#1003,.F.);
#1045 = ORIENTED_EDGE('',*,*,#1046,.F.);
#1046 = EDGE_CURVE('',#1047,#1004,#1049,.T.);
#1047 = VERTEX_POINT('',#1048);
#1048 = CARTESIAN_POINT('',(152.84385247432,212.74337363542,
    8.984843899246));
#1049 = CIRCLE('',#1050,0.25);
#1050 = AXIS2_PLACEMENT_3D('',#1051,#1052,#1053);
#1051 = CARTESIAN_POINT('',(152.84385247432,212.49427413362,
    8.963643941645));
#1052 = DIRECTION('',(0.996783195215,-6.796303944883E-03,
    7.985657136397E-02));
#1053 = DIRECTION('',(-1.03384401734E-12,0.996398007206,
    8.479983040109E-02));
#1054 = ORIENTED_EDGE('',*,*,#1055,.F.);
#1055 = EDGE_CURVE('',#701,#1047,#1056,.T.);
#1056 = B_SPLINE_CURVE_WITH_KNOTS('',3,(#1057,#1058,#1059,#1060,#1061,
    #1062,#1063),.UNSPECIFIED.,.F.,.F.,(4,1,1,1,4),(-2.245954271826,
    -1.604253051304,-0.962551830782,-0.641701220522,0.),.UNSPECIFIED.);
#1057 = CARTESIAN_POINT('',(154.46982425664,211.01636132277,
    9.106397669259));
#1058 = CARTESIAN_POINT('',(154.467714921,211.2646611947,9.121650320337)
  );
#1059 = CARTESIAN_POINT('',(154.35857750105,211.75831338451,
    9.136505213181));
#1060 = CARTESIAN_POINT('',(153.9858775073,212.27179028533,
    9.116465142506));
#1061 = CARTESIAN_POINT('',(153.47231829916,212.63574291591,
    9.067616449251));
#1062 = CARTESIAN_POINT('',(153.09720054241,212.74029643523,
    9.021001001557));
#1063 = CARTESIAN_POINT('',(152.84385247432,212.74337363542,
    8.984843899246));
#1064 = ORIENTED_EDGE('',*,*,#1065,.F.);
#1065 = EDGE_CURVE('',#993,#701,#1066,.T.);
#1066 = CIRCLE('',#1067,0.25);
#1067 = AXIS2_PLACEMENT_3D('',#1068,#1069,#1070);
#1068 = CARTESIAN_POINT('',(154.23162857269,211.01899823263,
    9.030530266151));
#1069 = DIRECTION('',(-1.484943400164E-05,0.999394908686,
    3.478241327124E-02));
#1070 = DIRECTION('',(-8.96277807536E-02,-3.464375570778E-02,
    0.995372629274));
#1071 = B_SPLINE_SURFACE_WITH_KNOTS('',3,3,(
    (#1072,#1073,#1074,#1075,#1076,#1077,#1078)
    ,(#1079,#1080,#1081,#1082,#1083,#1084,#1085)
    ,(#1086,#1087,#1088,#1089,#1090,#1091,#1092)
    ,(#1093,#1094,#1095,#1096,#1097,#1098,#1099)
    ,(#1100,#1101,#1102,#1103,#1104,#1105,#1106
  )),.UNSPECIFIED.,.F.,.F.,.F.,(4,1,4),(4,1,1,1,4),(0.,0.571428571429,1.
    ),(0.,0.641701220522,0.962551830782,1.604253051304,2.245954271826),
  .UNSPECIFIED.);
#1072 = CARTESIAN_POINT('',(152.82384115105,212.48560609976,
    9.212690949518));
#1073 = CARTESIAN_POINT('',(153.03668542832,212.48415339563,
    9.229742764701));
#1074 = CARTESIAN_POINT('',(153.35419010101,212.39981909979,
    9.253089497821));
#1075 = CARTESIAN_POINT('',(153.79509641938,212.09304264973,
    9.280205764816));
#1076 = CARTESIAN_POINT('',(154.117569665,211.65158116907,9.293391573276
    ));
#1077 = CARTESIAN_POINT('',(154.20921845667,211.22410827126,
    9.286813396312));
#1078 = CARTESIAN_POINT('',(154.2092216275,211.01033729371,9.27937342347
    ));
#1079 = CARTESIAN_POINT('',(152.82413095183,212.55798213122,
    9.215233269517));
#1080 = CARTESIAN_POINT('',(153.04903349824,212.55337210362,
    9.233029138909));
#1081 = CARTESIAN_POINT('',(153.38154665222,212.46088407386,
    9.257353417464));
#1082 = CARTESIAN_POINT('',(153.84039015134,212.13738709248,
    9.285479246125));
#1083 = CARTESIAN_POINT('',(154.17512094793,211.6773250124,
    9.299268420982));
#1084 = CARTESIAN_POINT('',(154.27201275193,211.23310629127,
    9.292744549738));
#1085 = CARTESIAN_POINT('',(154.2733444323,211.01013753658,
    9.285140373639));
#1086 = CARTESIAN_POINT('',(152.8293352546,212.68543005662,
    9.161118916351));
#1087 = CARTESIAN_POINT('',(153.07464571636,212.67553582935,
    9.18570346367));
#1088 = CARTESIAN_POINT('',(153.43299594134,212.56878952612,
    9.217510161466));
#1089 = CARTESIAN_POINT('',(153.92280616055,212.21624204202,
    9.252467410438));
#1090 = CARTESIAN_POINT('',(154.27896605626,211.72368106812,
    9.268410991383));
#1091 = CARTESIAN_POINT('',(154.38525227446,211.2502066591,
    9.259498245328));
#1092 = CARTESIAN_POINT('',(154.38897722487,211.01137834321,
    9.249537934821));
#1093 = CARTESIAN_POINT('',(152.83949930977,212.73878246975,
    9.038790095969));
#1094 = CARTESIAN_POINT('',(153.0925245123,212.73243570006,
    9.072394772075));
#1095 = CARTESIAN_POINT('',(153.46472981858,212.62511180529,
    9.115304195804));
#1096 = CARTESIAN_POINT('',(153.97341899318,212.26146376045,
    9.16052705273));
#1097 = CARTESIAN_POINT('',(154.34270775994,211.75152743755,
    9.179464233836));
#1098 = CARTESIAN_POINT('',(154.45206761686,211.26162936979,
    9.166234637474));
#1099 = CARTESIAN_POINT('',(154.45516194097,211.01476088853,
    9.152376310475));
#1100 = CARTESIAN_POINT('',(152.84385247432,212.74337363542,
    8.984843899246));
#1101 = CARTESIAN_POINT('',(153.09720054241,212.74029643523,
    9.021001001557));
#1102 = CARTESIAN_POINT('',(153.47231829916,212.63574291591,
    9.067616449251));
#1103 = CARTESIAN_POINT('',(153.9858775073,212.27179028533,
    9.116465142506));
#1104 = CARTESIAN_POINT('',(154.35857750105,211.75831338451,
    9.136505213181));
#1105 = CARTESIAN_POINT('',(154.467714921,211.2646611947,9.121650320337)
  );
#1106 = CARTESIAN_POINT('',(154.46982425664,211.01636132277,
    9.106397669259));
#1107 = ADVANCED_FACE('',(#1108),#1128,.F.);
#1108 = FACE_BOUND('',#1109,.F.);
#1109 = EDGE_LOOP('',(#1110,#1111,#1120,#1127));
#1110 = ORIENTED_EDGE('',*,*,#1015,.F.);
#1111 = ORIENTED_EDGE('',*,*,#1112,.F.);
#1112 = EDGE_CURVE('',#1113,#1016,#1115,.T.);
#1113 = VERTEX_POINT('',#1114);
#1114 = CARTESIAN_POINT('',(129.65886257157,212.74337363878,
    8.984843859646));
#1115 = CIRCLE('',#1116,0.25);
#1116 = AXIS2_PLACEMENT_3D('',#1117,#1118,#1119);
#1117 = CARTESIAN_POINT('',(129.65886257157,212.49427413698,
    8.963643902043));
#1118 = DIRECTION('',(0.996783195489,6.796303671507E-03,
    -7.985656797019E-02));
#1119 = DIRECTION('',(-1.37276830528E-11,0.996398007205,
    8.479983040963E-02));
#1120 = ORIENTED_EDGE('',*,*,#1121,.F.);
#1121 = EDGE_CURVE('',#1047,#1113,#1122,.T.);
#1122 = B_SPLINE_CURVE_WITH_KNOTS('',3,(#1123,#1124,#1125,#1126),
  .UNSPECIFIED.,.F.,.F.,(4,4),(-23.2098504305,0.),
  .PIECEWISE_BEZIER_KNOTS.);
#1123 = CARTESIAN_POINT('',(152.84385247432,212.74337363541,
    8.984843899246));
#1124 = CARTESIAN_POINT('',(145.13212285012,212.79595403477,
    8.367024206829));
#1125 = CARTESIAN_POINT('',(137.37059219788,212.7959540359,
    8.367024193479));
#1126 = CARTESIAN_POINT('',(129.65886257157,212.74337363878,
    8.984843859644));
#1127 = ORIENTED_EDGE('',*,*,#1046,.T.);
#1128 = B_SPLINE_SURFACE_WITH_KNOTS('',3,3,(
    (#1129,#1130,#1131,#1132)
    ,(#1133,#1134,#1135,#1136)
    ,(#1137,#1138,#1139,#1140)
    ,(#1141,#1142,#1143,#1144)
    ,(#1145,#1146,#1147,#1148
  )),.UNSPECIFIED.,.F.,.F.,.F.,(4,1,4),(4,4),(0.,0.571428571429,1.),(0.,
    23.209850430508),.UNSPECIFIED.);
#1129 = CARTESIAN_POINT('',(129.67887389399,212.48560610385,
    9.21269091001));
#1130 = CARTESIAN_POINT('',(137.37729129442,212.53814931651,
    8.595939608127));
#1131 = CARTESIAN_POINT('',(145.12542375272,212.53814931512,
    8.595939621445));
#1132 = CARTESIAN_POINT('',(152.82384115104,212.48560609974,
    9.212690949516));
#1133 = CARTESIAN_POINT('',(129.6785840932,212.55798213519,
    9.215233229787));
#1134 = CARTESIAN_POINT('',(137.37715576961,212.61051671006,
    8.598453189469));
#1135 = CARTESIAN_POINT('',(145.12555927754,212.6105167087,
    8.598453202859));
#1136 = CARTESIAN_POINT('',(152.82413095182,212.5579821312,
    9.215233269518));
#1137 = CARTESIAN_POINT('',(129.67337979064,212.68543006017,
    9.161118876453));
#1138 = CARTESIAN_POINT('',(137.37545251464,212.73795930996,
    8.544048411061));
#1139 = CARTESIAN_POINT('',(145.12726253275,212.73795930875,
    8.544048424513));
#1140 = CARTESIAN_POINT('',(152.8293352546,212.68543005659,
    9.161118916348));
#1141 = CARTESIAN_POINT('',(129.66321573593,212.73878247311,
    9.038790056276));
#1142 = CARTESIAN_POINT('',(137.37205576768,212.79134369469,
    8.42119430065));
#1143 = CARTESIAN_POINT('',(145.13065928014,212.79134369355,
    8.421194314032));
#1144 = CARTESIAN_POINT('',(152.83949930977,212.73878246973,
    9.03879009597));
#1145 = CARTESIAN_POINT('',(129.65886257157,212.74337363878,
    8.984843859644));
#1146 = CARTESIAN_POINT('',(137.37059219788,212.7959540359,
    8.367024193479));
#1147 = CARTESIAN_POINT('',(145.13212285012,212.79595403477,
    8.367024206829));
#1148 = CARTESIAN_POINT('',(152.84385247432,212.74337363541,
    8.984843899246));
#1149 = ADVANCED_FACE('',(#1150),#1156,.F.);
#1150 = FACE_BOUND('',#1151,.F.);
#1151 = EDGE_LOOP('',(#1152,#1153,#1154,#1155));
#1152 = ORIENTED_EDGE('',*,*,#992,.F.);
#1153 = ORIENTED_EDGE('',*,*,#1065,.T.);
#1154 = ORIENTED_EDGE('',*,*,#708,.F.);
#1155 = ORIENTED_EDGE('',*,*,#890,.F.);
#1156 = B_SPLINE_SURFACE_WITH_KNOTS('',3,3,(
    (#1157,#1158,#1159,#1160,#1161,#1162)
    ,(#1163,#1164,#1165,#1166,#1167,#1168)
    ,(#1169,#1170,#1171,#1172,#1173,#1174)
    ,(#1175,#1176,#1177,#1178,#1179,#1180)
    ,(#1181,#1182,#1183,#1184,#1185,#1186
    )),.UNSPECIFIED.,.F.,.F.,.F.,(4,1,4),(4,1,1,4),(0.,0.571428571429,1.
    ),(1.755E-14,4.576853335629,7.628088892715,10.679324449801),
  .UNSPECIFIED.);
#1157 = CARTESIAN_POINT('',(154.2092216275,211.01033729372,9.27937342347
    ));
#1158 = CARTESIAN_POINT('',(154.20924424301,209.48564265334,
    9.226308751889));
#1159 = CARTESIAN_POINT('',(154.21105055847,206.94447977345,
    9.138026719326));
#1160 = CARTESIAN_POINT('',(154.21252933358,203.38685485998,
    9.014337443132));
#1161 = CARTESIAN_POINT('',(154.21389046188,201.35392480917,
    8.943704296103));
#1162 = CARTESIAN_POINT('',(154.21390837839,200.33746170676,
    8.908328104345));
#1163 = CARTESIAN_POINT('',(154.2733444323,211.01013753659,
    9.285140373639));
#1164 = CARTESIAN_POINT('',(154.27330461331,209.48579407598,
    9.232080626158));
#1165 = CARTESIAN_POINT('',(154.27485717415,206.94443628133,
    9.143777592476));
#1166 = CARTESIAN_POINT('',(154.27600594136,203.38685739169,
    9.020053268855));
#1167 = CARTESIAN_POINT('',(154.27718166075,201.35398491322,
    8.949410339353));
#1168 = CARTESIAN_POINT('',(154.27708925,200.33726498989,8.914012418755)
  );
#1169 = CARTESIAN_POINT('',(154.38897219938,211.01137704069,
    9.249575357703));
#1170 = CARTESIAN_POINT('',(154.38881988928,209.48763850291,
    9.196621590817));
#1171 = CARTESIAN_POINT('',(154.38990045536,206.94593073483,
    9.108640629016));
#1172 = CARTESIAN_POINT('',(154.39045339975,203.38841388512,
    8.985362371829));
#1173 = CARTESIAN_POINT('',(154.39128553575,201.35563218697,
    8.914964547242));
#1174 = CARTESIAN_POINT('',(154.39099405347,200.33846124984,
    8.879698100626));
#1175 = CARTESIAN_POINT('',(154.45516194097,211.01476088853,
    9.152376310475));
#1176 = CARTESIAN_POINT('',(154.45503924293,209.49132828012,
    9.099603107197));
#1177 = CARTESIAN_POINT('',(154.45624765541,206.94942540487,
    9.012321362894));
#1178 = CARTESIAN_POINT('',(154.45694635455,203.39191611508,
    8.889940313683));
#1179 = CARTESIAN_POINT('',(154.45786266983,201.35917144433,
    8.82005603665));
#1180 = CARTESIAN_POINT('',(154.45761659783,200.34175545135,
    8.78507969572));
#1181 = CARTESIAN_POINT('',(154.46982425664,211.01636132277,
    9.106397669259));
#1182 = CARTESIAN_POINT('',(154.4697478921,209.49298291794,
    9.053689632827));
#1183 = CARTESIAN_POINT('',(154.47114402592,206.9510413296,
    8.966671389047));
#1184 = CARTESIAN_POINT('',(154.47208131968,203.39352687534,
    8.844627414542));
#1185 = CARTESIAN_POINT('',(154.47313022763,201.36078713797,
    8.77493747777));
#1186 = CARTESIAN_POINT('',(154.47296224893,200.34332211995,
    8.740072433349));
#1187 = ADVANCED_FACE('',(#1188),#1203,.F.);
#1188 = FACE_BOUND('',#1189,.F.);
#1189 = EDGE_LOOP('',(#1190,#1191,#1192,#1202));
#1190 = ORIENTED_EDGE('',*,*,#1024,.F.);
#1191 = ORIENTED_EDGE('',*,*,#942,.F.);
#1192 = ORIENTED_EDGE('',*,*,#1193,.F.);
#1193 = EDGE_CURVE('',#1113,#933,#1194,.T.);
#1194 = B_SPLINE_CURVE_WITH_KNOTS('',3,(#1195,#1196,#1197,#1198,#1199,
    #1200,#1201),.UNSPECIFIED.,.F.,.F.,(4,1,1,1,4),(-2.245979532893,
    -1.604271094924,-1.283416875939,-0.64170843797,0.),.UNSPECIFIED.);
#1195 = CARTESIAN_POINT('',(129.65886257157,212.74337363878,
    8.984843859645));
#1196 = CARTESIAN_POINT('',(129.40551165378,212.74029640403,
    9.021001367966));
#1197 = CARTESIAN_POINT('',(129.03038820019,212.63573991433,
    9.067617425289));
#1198 = CARTESIAN_POINT('',(128.51682999659,212.27178745425,
    9.116465970668));
#1199 = CARTESIAN_POINT('',(128.14412680648,211.75829278602,
    9.136505410338));
#1200 = CARTESIAN_POINT('',(128.03500015458,211.26466399733,
    9.121650451428));
#1201 = CARTESIAN_POINT('',(128.03289079543,211.01636133254,
    9.106397629466));
#1202 = ORIENTED_EDGE('',*,*,#1112,.T.);
#1203 = B_SPLINE_SURFACE_WITH_KNOTS('',3,3,(
    (#1204,#1205,#1206,#1207,#1208,#1209,#1210)
    ,(#1211,#1212,#1213,#1214,#1215,#1216,#1217)
    ,(#1218,#1219,#1220,#1221,#1222,#1223,#1224)
    ,(#1225,#1226,#1227,#1228,#1229,#1230,#1231)
    ,(#1232,#1233,#1234,#1235,#1236,#1237,#1238
  )),.UNSPECIFIED.,.F.,.F.,.F.,(4,1,4),(4,1,1,1,4),(0.,0.571428571429,1.
    ),(0.,0.64170843797,1.283416875939,1.604271094924,2.245979532893),
  .UNSPECIFIED.);
#1204 = CARTESIAN_POINT('',(128.2934934238,211.01033730431,
    9.279373383774));
#1205 = CARTESIAN_POINT('',(128.29349659442,211.22411068623,
    9.286813439601));
#1206 = CARTESIAN_POINT('',(128.38513614373,211.65156336486,
    9.293391734299));
#1207 = CARTESIAN_POINT('',(128.707612096,212.09304029322,9.280206206001
    ));
#1208 = CARTESIAN_POINT('',(129.14851766647,212.39981662895,
    9.25308998085));
#1209 = CARTESIAN_POINT('',(129.46602722271,212.48415338347,
    9.229742916258));
#1210 = CARTESIAN_POINT('',(129.67887389399,212.48560610385,
    9.21269091001));
#1211 = CARTESIAN_POINT('',(128.22937061912,211.01013754714,
    9.285140333731));
#1212 = CARTESIAN_POINT('',(128.23070231426,211.23310880967,
    9.292744594629));
#1213 = CARTESIAN_POINT('',(128.32758447231,211.67730649403,
    9.299268594877));
#1214 = CARTESIAN_POINT('',(128.66231812556,212.13738459482,
    9.28547970287));
#1215 = CARTESIAN_POINT('',(129.12116078972,212.46088141247,
    9.257353919809));
#1216 = CARTESIAN_POINT('',(129.45367901715,212.55337205577,
    9.233029298575));
#1217 = CARTESIAN_POINT('',(129.6785840932,212.55798213519,
    9.215233229788));
#1218 = CARTESIAN_POINT('',(128.11373782694,211.01137835354,
    9.24953789474));
#1219 = CARTESIAN_POINT('',(128.11746281907,211.25020935569,
    9.259498316533));
#1220 = CARTESIAN_POINT('',(128.22373868768,211.72366131054,
    9.268411186553));
#1221 = CARTESIAN_POINT('',(128.57990170647,212.21623929841,
    9.252467987839));
#1222 = CARTESIAN_POINT('',(129.06971094321,212.56878653597,9.2175108236
    ));
#1223 = CARTESIAN_POINT('',(129.4280665697,212.6755357216,9.185703699515
    ));
#1224 = CARTESIAN_POINT('',(129.67337979064,212.68543006017,
    9.161118876453));
#1225 = CARTESIAN_POINT('',(128.04755311106,211.01476089847,
    9.152376270583));
#1226 = CARTESIAN_POINT('',(128.05064746978,211.26163215647,
    9.166234752758));
#1227 = CARTESIAN_POINT('',(128.15999662038,211.75150698935,
    9.179464433563));
#1228 = CARTESIAN_POINT('',(128.52928859444,212.26146092812,
    9.160527815149));
#1229 = CARTESIAN_POINT('',(129.03797675209,212.62510876193,
    9.115305093236));
#1230 = CARTESIAN_POINT('',(129.41018768736,212.73243563206,
    9.072395109651));
#1231 = CARTESIAN_POINT('',(129.66321573592,212.73878247311,
    9.038790056277));
#1232 = CARTESIAN_POINT('',(128.03289079543,211.01636133254,
    9.106397629466));
#1233 = CARTESIAN_POINT('',(128.03500015458,211.26466399733,
    9.121650451428));
#1234 = CARTESIAN_POINT('',(128.14412680648,211.75829278602,
    9.136505410338));
#1235 = CARTESIAN_POINT('',(128.51682999659,212.27178745425,
    9.116465970668));
#1236 = CARTESIAN_POINT('',(129.03038820019,212.63573991433,
    9.067617425289));
#1237 = CARTESIAN_POINT('',(129.40551165378,212.74029640403,
    9.021001367966));
#1238 = CARTESIAN_POINT('',(129.65886257157,212.74337363878,
    8.984843859645));
#1239 = ADVANCED_FACE('',(#1240),#1266,.T.);
#1240 = FACE_BOUND('',#1241,.T.);
#1241 = EDGE_LOOP('',(#1242,#1250,#1251,#1259));
#1242 = ORIENTED_EDGE('',*,*,#1243,.F.);
#1243 = EDGE_CURVE('',#752,#1244,#1246,.T.);
#1244 = VERTEX_POINT('',#1245);
#1245 = CARTESIAN_POINT('',(125.3576075324,195.50804120131,9.4929E-11));
#1246 = LINE('',#1247,#1248);
#1247 = CARTESIAN_POINT('',(129.85760753242,198.71655155297,
    8.911924779805));
#1248 = VECTOR('',#1249,1.);
#1249 = DIRECTION('',(-0.429122651623,-0.305965437746,-0.849846398338));
#1250 = ORIENTED_EDGE('',*,*,#760,.F.);
#1251 = ORIENTED_EDGE('',*,*,#1252,.T.);
#1252 = EDGE_CURVE('',#761,#1253,#1255,.T.);
#1253 = VERTEX_POINT('',#1254);
#1254 = CARTESIAN_POINT('',(125.1076075324,195.75804120131,9.4929E-11));
#1255 = LINE('',#1256,#1257);
#1256 = CARTESIAN_POINT('',(128.10760753242,200.46548775902,
    8.972934182341));
#1257 = VECTOR('',#1258,1.);
#1258 = DIRECTION('',(-0.283887319779,-0.445461462087,-0.849100745179));
#1259 = ORIENTED_EDGE('',*,*,#1260,.F.);
#1260 = EDGE_CURVE('',#1244,#1253,#1261,.T.);
#1261 = CIRCLE('',#1262,0.25);
#1262 = AXIS2_PLACEMENT_3D('',#1263,#1264,#1265);
#1263 = CARTESIAN_POINT('',(125.3576075324,195.75804120131,9.49294E-11)
  );
#1264 = DIRECTION('',(0.,0.,-1.));
#1265 = DIRECTION('',(-1.,-7.11E-15,-0.));
#1266 = B_SPLINE_SURFACE_WITH_KNOTS('',3,3,(
    (#1267,#1268,#1269,#1270)
    ,(#1271,#1272,#1273,#1274)
    ,(#1275,#1276,#1277,#1278)
    ,(#1279,#1280,#1281,#1282)
    ,(#1283,#1284,#1285,#1286)
    ,(#1287,#1288,#1289,#1290)
    ,(#1291,#1292,#1293,#1294
    )),.UNSPECIFIED.,.F.,.F.,.F.,(4,1,1,1,4),(4,4),(-1.9E-15,
    0.285714285714,0.428571428571,0.714285714286,1.),(2.300557264328E-02
    ,1.),.UNSPECIFIED.);
#1267 = CARTESIAN_POINT('',(129.75408245553,198.642737935,8.706900846894
    ));
#1268 = CARTESIAN_POINT('',(128.28859081449,197.59783902378,
    5.804600564627));
#1269 = CARTESIAN_POINT('',(126.82309917344,196.55294011254,
    2.902300282361));
#1270 = CARTESIAN_POINT('',(125.3576075324,195.50804120131,9.49294E-11)
  );
#1271 = CARTESIAN_POINT('',(129.49744550616,198.642737935,8.706900846894
    ));
#1272 = CARTESIAN_POINT('',(128.10509012253,197.59798692398,
    5.804606584432));
#1273 = CARTESIAN_POINT('',(126.71256300349,196.55279221234,
    2.902294262556));
#1274 = CARTESIAN_POINT('',(125.32020761986,195.50804120131,9.49294E-11)
  );
#1275 = CARTESIAN_POINT('',(129.1129921261,198.73094281851,
    8.709967439453));
#1276 = CARTESIAN_POINT('',(127.83006293562,197.66094855858,
    5.806645731309));
#1277 = CARTESIAN_POINT('',(126.54711010482,196.59089742341,
    2.90332170824));
#1278 = CARTESIAN_POINT('',(125.26418091433,195.52090316348,9.492851E-11
    ));
#1279 = CARTESIAN_POINT('',(128.56604815539,199.07417554005,
    8.721900507874));
#1280 = CARTESIAN_POINT('',(127.43890628428,197.90649735077,
    5.814602887918));
#1281 = CARTESIAN_POINT('',(126.31161619323,196.73863126046,
    2.907297620051));
#1282 = CARTESIAN_POINT('',(125.18447432212,195.57095307119,9.49294E-11)
  );
#1283 = CARTESIAN_POINT('',(128.15571825369,199.58779596218,
    8.739757394049));
#1284 = CARTESIAN_POINT('',(127.14539758841,198.27385882472,
    5.826506771551));
#1285 = CARTESIAN_POINT('',(126.13499727521,196.95978590801,
    2.913250622593));
#1286 = CARTESIAN_POINT('',(125.12467660992,195.64584877054,9.493029E-11
    ));
#1287 = CARTESIAN_POINT('',(128.03859081449,200.10070878792,
    8.757589679434));
#1288 = CARTESIAN_POINT('',(127.06164856918,198.64062638275,
    5.838390681395));
#1289 = CARTESIAN_POINT('',(126.08454977772,197.18072369394,
    2.919198998135));
#1290 = CARTESIAN_POINT('',(125.1076075324,195.72064128877,9.49294E-11)
  );
#1291 = CARTESIAN_POINT('',(128.03859081449,200.35719025527,
    8.766506693188));
#1292 = CARTESIAN_POINT('',(127.06159638713,198.82414057062,
    5.84433779549));
#1293 = CARTESIAN_POINT('',(126.08460195977,197.29109088597,
    2.922168897793));
#1294 = CARTESIAN_POINT('',(125.1076075324,195.75804120131,9.49294E-11)
  );
#1295 = ADVANCED_FACE('',(#1296),#1314,.T.);
#1296 = FACE_BOUND('',#1297,.T.);
#1297 = EDGE_LOOP('',(#1298,#1306,#1307,#1308));
#1298 = ORIENTED_EDGE('',*,*,#1299,.F.);
#1299 = EDGE_CURVE('',#1253,#1300,#1302,.T.);
#1300 = VERTEX_POINT('',#1301);
#1301 = CARTESIAN_POINT('',(125.1076075324,213.25804120131,9.493E-11));
#1302 = LINE('',#1303,#1304);
#1303 = CARTESIAN_POINT('',(125.1076075324,213.25804120131,9.493029E-11)
  );
#1304 = VECTOR('',#1305,1.);
#1305 = DIRECTION('',(0.,1.,0.));
#1306 = ORIENTED_EDGE('',*,*,#1252,.F.);
#1307 = ORIENTED_EDGE('',*,*,#932,.F.);
#1308 = ORIENTED_EDGE('',*,*,#1309,.T.);
#1309 = EDGE_CURVE('',#933,#1300,#1310,.T.);
#1310 = LINE('',#1311,#1312);
#1311 = CARTESIAN_POINT('',(128.10760753242,210.95910499525,
    9.338990597559));
#1312 = VECTOR('',#1313,1.);
#1313 = DIRECTION('',(-0.29777228203,0.228186493439,-0.926964180682));
#1314 = B_SPLINE_SURFACE_WITH_KNOTS('',3,3,(
    (#1315,#1316,#1317,#1318)
    ,(#1319,#1320,#1321,#1322)
    ,(#1323,#1324,#1325,#1326)
    ,(#1327,#1328,#1329,#1330
    )),.UNSPECIFIED.,.F.,.F.,.F.,(4,4),(4,4),(-2.58E-15,1.),(
    2.490058825196E-02,1.),.PIECEWISE_BEZIER_KNOTS.);
#1315 = CARTESIAN_POINT('',(128.03290576767,200.34826957056,
    8.749502842857));
#1316 = CARTESIAN_POINT('',(127.05780635591,198.81819344748,
    5.83300189527));
#1317 = CARTESIAN_POINT('',(126.08270694416,197.2881173244,
    2.916500947682));
#1318 = CARTESIAN_POINT('',(125.1076075324,195.75804120131,9.493029E-11)
  );
#1319 = CARTESIAN_POINT('',(128.03290576767,201.24446742003,
    8.780651855767));
#1320 = CARTESIAN_POINT('',(127.05780635591,199.45929191175,
    5.853767903876));
#1321 = CARTESIAN_POINT('',(126.08270694416,197.67411640349,
    2.926883951986));
#1322 = CARTESIAN_POINT('',(125.1076075324,195.88894089521,9.493029E-11)
  );
#1323 = CARTESIAN_POINT('',(128.03290576767,210.12015200968,
    9.075295225093));
#1324 = CARTESIAN_POINT('',(127.05780635591,211.12248184226,
    6.05019681676));
#1325 = CARTESIAN_POINT('',(126.08270694416,212.12481167484,
    3.025098408427));
#1326 = CARTESIAN_POINT('',(125.1076075324,213.12714150743,9.493029E-11)
  );
#1327 = CARTESIAN_POINT('',(128.03290576767,211.01634985913,
    9.106444238002));
#1328 = CARTESIAN_POINT('',(127.05780635591,211.76358030652,
    6.070962825366));
#1329 = CARTESIAN_POINT('',(126.08270694416,212.51081075392,
    3.035481412731));
#1330 = CARTESIAN_POINT('',(125.1076075324,213.25804120131,9.493029E-11)
  );
#1331 = ADVANCED_FACE('',(#1332),#1351,.T.);
#1332 = FACE_BOUND('',#1333,.T.);
#1333 = EDGE_LOOP('',(#1334,#1335,#1343,#1350));
#1334 = ORIENTED_EDGE('',*,*,#1193,.F.);
#1335 = ORIENTED_EDGE('',*,*,#1336,.T.);
#1336 = EDGE_CURVE('',#1113,#1337,#1339,.T.);
#1337 = VERTEX_POINT('',#1338);
#1338 = CARTESIAN_POINT('',(125.3576075324,213.50804120131,9.4929E-11));
#1339 = LINE('',#1340,#1341);
#1340 = CARTESIAN_POINT('',(129.85760753242,212.70804120129,
    9.400000000095));
#1341 = VECTOR('',#1342,1.);
#1342 = DIRECTION('',(-0.430528385913,7.65383797199E-02,-0.899325961681)
  );
#1343 = ORIENTED_EDGE('',*,*,#1344,.F.);
#1344 = EDGE_CURVE('',#1300,#1337,#1345,.T.);
#1345 = CIRCLE('',#1346,0.25);
#1346 = AXIS2_PLACEMENT_3D('',#1347,#1348,#1349);
#1347 = CARTESIAN_POINT('',(125.3576075324,213.25804120131,9.493029E-11)
  );
#1348 = DIRECTION('',(0.,0.,-1.));
#1349 = DIRECTION('',(-7.11E-15,1.,0.));
#1350 = ORIENTED_EDGE('',*,*,#1309,.F.);
#1351 = B_SPLINE_SURFACE_WITH_KNOTS('',3,3,(
    (#1352,#1353,#1354,#1355)
    ,(#1356,#1357,#1358,#1359)
    ,(#1360,#1361,#1362,#1363)
    ,(#1364,#1365,#1366,#1367)
    ,(#1368,#1369,#1370,#1371)
    ,(#1372,#1373,#1374,#1375)
    ,(#1376,#1377,#1378,#1379
    )),.UNSPECIFIED.,.F.,.F.,.F.,(4,1,1,1,4),(4,4),(-1.08E-15,
    0.285714285714,0.428571428571,0.714285714286,1.),(2.441859424577E-02
    ,1.),.UNSPECIFIED.);
#1352 = CARTESIAN_POINT('',(128.03435174969,211.01524178566,
    9.110945575494));
#1353 = CARTESIAN_POINT('',(127.05877034393,211.76284159088,
    6.073963717028));
#1354 = CARTESIAN_POINT('',(126.08318893817,212.5104413961,
    3.036981858561));
#1355 = CARTESIAN_POINT('',(125.1076075324,213.25804120131,9.493029E-11)
  );
#1356 = CARTESIAN_POINT('',(128.03435174969,211.27140639657,
    9.11984969262));
#1357 = CARTESIAN_POINT('',(127.05891813504,211.94602751387,
    6.079897470152));
#1358 = CARTESIAN_POINT('',(126.08304114705,212.62081999656,
    3.039952222564));
#1359 = CARTESIAN_POINT('',(125.1076075324,213.29544111386,9.493029E-11)
  );
#1360 = CARTESIAN_POINT('',(128.12250105866,211.65515219292,9.1331884497
    ));
#1361 = CARTESIAN_POINT('',(127.12184281507,212.22058287194,
    6.088791979788));
#1362 = CARTESIAN_POINT('',(126.12112773816,212.78603714035,
    3.044396470007));
#1363 = CARTESIAN_POINT('',(125.12046949457,213.35146781937,9.492895E-11
    ));
#1364 = CARTESIAN_POINT('',(128.46551752221,212.20108951721,
    9.15216487998));
#1365 = CARTESIAN_POINT('',(127.36724740306,212.61106851513,
    6.101441246744));
#1366 = CARTESIAN_POINT('',(126.26878952142,213.02119541368,
    3.050723633331));
#1367 = CARTESIAN_POINT('',(125.17051940227,213.4311744116,9.492984E-11)
  );
#1368 = CARTESIAN_POINT('',(128.97881433153,212.61066420966,
    9.166401432877));
#1369 = CARTESIAN_POINT('',(127.73439314794,212.90407368892,
    6.11093321034));
#1370 = CARTESIAN_POINT('',(126.48983628521,213.19756264452,
    3.055468222633));
#1371 = CARTESIAN_POINT('',(125.24541510162,213.49097212378,9.49294E-11)
  );
#1372 = CARTESIAN_POINT('',(129.49140399025,212.72757607669,
    9.170465214185));
#1373 = CARTESIAN_POINT('',(128.10094533885,212.98767904861,
    6.113641356827));
#1374 = CARTESIAN_POINT('',(126.71066627126,213.24793822939,
    3.056823857452));
#1375 = CARTESIAN_POINT('',(125.32020761986,213.50804120131,9.493029E-11
    ));
#1376 = CARTESIAN_POINT('',(129.74772385832,212.72757607669,
    9.170465214185));
#1377 = CARTESIAN_POINT('',(128.28435174968,212.98773111823,
    6.113643476155));
#1378 = CARTESIAN_POINT('',(126.82097964104,213.24788615977,
    3.056821738125));
#1379 = CARTESIAN_POINT('',(125.3576075324,213.50804120131,9.493029E-11)
  );
#1380 = ADVANCED_FACE('',(#1381),#1399,.T.);
#1381 = FACE_BOUND('',#1382,.T.);
#1382 = EDGE_LOOP('',(#1383,#1391,#1392,#1393));
#1383 = ORIENTED_EDGE('',*,*,#1384,.F.);
#1384 = EDGE_CURVE('',#1337,#1385,#1387,.T.);
#1385 = VERTEX_POINT('',#1386);
#1386 = CARTESIAN_POINT('',(157.14510753241,213.50804120131,9.4929E-11)
  );
#1387 = LINE('',#1388,#1389);
#1388 = CARTESIAN_POINT('',(142.85760753241,213.50804120131,9.49294E-11)
  );
#1389 = VECTOR('',#1390,1.);
#1390 = DIRECTION('',(1.,0.,0.));
#1391 = ORIENTED_EDGE('',*,*,#1336,.F.);
#1392 = ORIENTED_EDGE('',*,*,#1121,.F.);
#1393 = ORIENTED_EDGE('',*,*,#1394,.T.);
#1394 = EDGE_CURVE('',#1047,#1385,#1395,.T.);
#1395 = LINE('',#1396,#1397);
#1396 = CARTESIAN_POINT('',(152.64510753242,212.7080412013,
    9.400000000095));
#1397 = VECTOR('',#1398,1.);
#1398 = DIRECTION('',(0.430528385911,7.653837971859E-02,-0.899325961682)
  );
#1399 = PLANE('',#1400);
#1400 = AXIS2_PLACEMENT_3D('',#1401,#1402,#1403);
#1401 = CARTESIAN_POINT('',(144.14510753242,212.70804120129,
    9.400000000095));
#1402 = DIRECTION('',(0.,0.996398007206,8.479983040311E-02));
#1403 = DIRECTION('',(0.,-8.479983040311E-02,0.996398007206));
#1404 = ADVANCED_FACE('',(#1405),#1417,.T.);
#1405 = FACE_BOUND('',#1406,.T.);
#1406 = EDGE_LOOP('',(#1407,#1408,#1409,#1416));
#1407 = ORIENTED_EDGE('',*,*,#1055,.F.);
#1408 = ORIENTED_EDGE('',*,*,#700,.T.);
#1409 = ORIENTED_EDGE('',*,*,#1410,.F.);
#1410 = EDGE_CURVE('',#1385,#693,#1411,.T.);
#1411 = CIRCLE('',#1412,0.25);
#1412 = AXIS2_PLACEMENT_3D('',#1413,#1414,#1415);
#1413 = CARTESIAN_POINT('',(157.14510753241,213.25804120131,9.49294E-11)
  );
#1414 = DIRECTION('',(0.,0.,-1.));
#1415 = DIRECTION('',(1.,7.11E-15,0.));
#1416 = ORIENTED_EDGE('',*,*,#1394,.F.);
#1417 = B_SPLINE_SURFACE_WITH_KNOTS('',3,3,(
    (#1418,#1419,#1420,#1421)
    ,(#1422,#1423,#1424,#1425)
    ,(#1426,#1427,#1428,#1429)
    ,(#1430,#1431,#1432,#1433)
    ,(#1434,#1435,#1436,#1437)
    ,(#1438,#1439,#1440,#1441)
    ,(#1442,#1443,#1444,#1445
    )),.UNSPECIFIED.,.F.,.F.,.F.,(4,1,1,1,4),(4,4),(0.,0.285714285714,
    0.571428571429,0.714285714286,1.),(2.426039110707E-02,1.),
  .UNSPECIFIED.);
#1418 = CARTESIAN_POINT('',(152.7542792924,212.72744951419,
    9.171952323689));
#1419 = CARTESIAN_POINT('',(154.21788870574,212.98764674324,
    6.114634882491));
#1420 = CARTESIAN_POINT('',(155.68149811908,213.24784397227,
    3.057317441293));
#1421 = CARTESIAN_POINT('',(157.14510753241,213.50804120131,9.49294E-11)
  );
#1422 = CARTESIAN_POINT('',(153.01063466117,212.72744951419,
    9.171952323689));
#1423 = CARTESIAN_POINT('',(154.40131879341,212.98759466517,
    6.11463276282));
#1424 = CARTESIAN_POINT('',(155.79182331272,213.24789605034,
    3.057319560964));
#1425 = CARTESIAN_POINT('',(157.18250744495,213.50804120131,9.49294E-11)
  );
#1426 = CARTESIAN_POINT('',(153.52329531439,212.6105214564,
    9.167887883388));
#1427 = CARTESIAN_POINT('',(154.76791829695,212.90397851579,
    6.111924177172));
#1428 = CARTESIAN_POINT('',(156.01267698063,213.19751506441,
    3.055963706311));
#1429 = CARTESIAN_POINT('',(157.25729996319,213.4909721238,9.493073E-11)
  );
#1430 = CARTESIAN_POINT('',(154.03666321612,212.20089004308,
    9.153649021849));
#1431 = CARTESIAN_POINT('',(155.13511143396,212.61093552439,
    6.102430674332));
#1432 = CARTESIAN_POINT('',(156.23374744471,213.0211289303,
    3.051218347612));
#1433 = CARTESIAN_POINT('',(157.33219566255,213.43117441162,9.493117E-11
    ));
#1434 = CARTESIAN_POINT('',(154.37972718798,211.65487711344,
    9.134669514296));
#1435 = CARTESIAN_POINT('',(155.38054770123,212.22039948435,
    6.089779356134));
#1436 = CARTESIAN_POINT('',(156.38142505699,212.78594544848,
    3.044890158257));
#1437 = CARTESIAN_POINT('',(157.38224557025,213.35146781939,9.492984E-11
    ));
#1438 = CARTESIAN_POINT('',(154.46788870575,211.27107817318,
    9.121328594163));
#1439 = CARTESIAN_POINT('',(155.44348049956,211.94580868901,
    6.080883404137));
#1440 = CARTESIAN_POINT('',(156.4195157386,212.62071059803,
    3.040445190122));
#1441 = CARTESIAN_POINT('',(157.39510753241,213.29544111386,9.49294E-11)
  );
#1442 = CARTESIAN_POINT('',(154.46788870575,211.01487808675,
    9.112423033119));
#1443 = CARTESIAN_POINT('',(155.44362831464,211.76259912494,
    6.074948688778));
#1444 = CARTESIAN_POINT('',(156.41936792352,212.51032016312,
    3.037474344436));
#1445 = CARTESIAN_POINT('',(157.39510753241,213.25804120131,9.49294E-11)
  );
#1446 = ADVANCED_FACE('',(#1447,#1470),#1476,.F.);
#1447 = FACE_BOUND('',#1448,.T.);
#1448 = EDGE_LOOP('',(#1449,#1450,#1451,#1452,#1461,#1467,#1468,#1469));
#1449 = ORIENTED_EDGE('',*,*,#1384,.T.);
#1450 = ORIENTED_EDGE('',*,*,#1410,.T.);
#1451 = ORIENTED_EDGE('',*,*,#692,.T.);
#1452 = ORIENTED_EDGE('',*,*,#1453,.T.);
#1453 = EDGE_CURVE('',#685,#1454,#1456,.T.);
#1454 = VERTEX_POINT('',#1455);
#1455 = CARTESIAN_POINT('',(157.14510753241,195.50804120131,9.4929E-11)
  );
#1456 = CIRCLE('',#1457,0.25);
#1457 = AXIS2_PLACEMENT_3D('',#1458,#1459,#1460);
#1458 = CARTESIAN_POINT('',(157.14510753241,195.75804120131,9.49294E-11)
  );
#1459 = DIRECTION('',(0.,0.,-1.));
#1460 = DIRECTION('',(7.11E-15,-1.,0.));
#1461 = ORIENTED_EDGE('',*,*,#1462,.T.);
#1462 = EDGE_CURVE('',#1454,#1244,#1463,.T.);
#1463 = LINE('',#1464,#1465);
#1464 = CARTESIAN_POINT('',(139.64510753241,195.50804120131,9.49294E-11)
  );
#1465 = VECTOR('',#1466,1.);
#1466 = DIRECTION('',(-1.,0.,0.));
#1467 = ORIENTED_EDGE('',*,*,#1260,.T.);
#1468 = ORIENTED_EDGE('',*,*,#1299,.T.);
#1469 = ORIENTED_EDGE('',*,*,#1344,.T.);
#1470 = FACE_BOUND('',#1471,.T.);
#1471 = EDGE_LOOP('',(#1472,#1473,#1474,#1475));
#1472 = ORIENTED_EDGE('',*,*,#64,.F.);
#1473 = ORIENTED_EDGE('',*,*,#149,.F.);
#1474 = ORIENTED_EDGE('',*,*,#651,.T.);
#1475 = ORIENTED_EDGE('',*,*,#604,.F.);
#1476 = PLANE('',#1477);
#1477 = AXIS2_PLACEMENT_3D('',#1478,#1479,#1480);
#1478 = CARTESIAN_POINT('',(148.39510753241,204.50804120131,9.49294E-11)
  );
#1479 = DIRECTION('',(3.E-17,-1.E-17,1.));
#1480 = DIRECTION('',(1.,0.,-3.E-17));
#1481 = ADVANCED_FACE('',(#1482),#1530,.F.);
#1482 = FACE_BOUND('',#1483,.F.);
#1483 = EDGE_LOOP('',(#1484,#1503,#1512,#1513,#1514));
#1484 = ORIENTED_EDGE('',*,*,#1485,.T.);
#1485 = EDGE_CURVE('',#1486,#1488,#1490,.T.);
#1486 = VERTEX_POINT('',#1487);
#1487 = CARTESIAN_POINT('',(143.93172597722,204.18304120132,
    7.233841268691));
#1488 = VERTEX_POINT('',#1489);
#1489 = CARTESIAN_POINT('',(141.57635753241,201.82767275651,
    7.127326928177));
#1490 = B_SPLINE_CURVE_WITH_KNOTS('',3,(#1491,#1492,#1493,#1494,#1495,
    #1496,#1497,#1498,#1499,#1500,#1501,#1502),.UNSPECIFIED.,.F.,.F.,(4,
    2,2,2,2,4),(7.855719542351E-02,1.072828284996,2.092439296525,
    3.025851519774,3.445415042635,3.678901226155),.UNSPECIFIED.);
#1491 = CARTESIAN_POINT('',(143.93172597722,204.18304120132,
    7.233841268691));
#1492 = CARTESIAN_POINT('',(143.89191213102,203.85468496433,
    7.221676102672));
#1493 = CARTESIAN_POINT('',(143.79206706251,203.53620114411,
    7.208727987346));
#1494 = CARTESIAN_POINT('',(143.47792321324,202.9435141119,
    7.182921784874));
#1495 = CARTESIAN_POINT('',(143.26365916846,202.67609331346,
    7.170332084852));
#1496 = CARTESIAN_POINT('',(142.76900065428,202.25338723397,
    7.149612057329));
#1497 = CARTESIAN_POINT('',(142.49941495181,202.09368388604,
    7.14136808276));
#1498 = CARTESIAN_POINT('',(142.07779706399,201.93383271663,
    7.13299237363));
#1499 = CARTESIAN_POINT('',(141.9433912768,201.89449087775,
    7.130903889736));
#1500 = CARTESIAN_POINT('',(141.73037750029,201.84973419055,
    7.128514147506));
#1501 = CARTESIAN_POINT('',(141.65357922606,201.83703604031,
    7.127832173729));
#1502 = CARTESIAN_POINT('',(141.57635753242,201.82767275651,
    7.127326928177));
#1503 = ORIENTED_EDGE('',*,*,#1504,.T.);
#1504 = EDGE_CURVE('',#1488,#585,#1505,.T.);
#1505 = B_SPLINE_CURVE_WITH_KNOTS('',3,(#1506,#1507,#1508,#1509,#1510,
    #1511),.UNSPECIFIED.,.F.,.F.,(4,2,4),(2.435707720158,2.566474445747,
    4.893044584446),.UNSPECIFIED.);
#1506 = CARTESIAN_POINT('',(141.57635753241,201.8276727565,
    7.127326928177));
#1507 = CARTESIAN_POINT('',(141.57635753241,201.78411022526,
    7.125810742605));
#1508 = CARTESIAN_POINT('',(141.57635753241,201.74054769402,
    7.124294557033));
#1509 = CARTESIAN_POINT('',(141.57635753241,200.92193108159,
    7.095802762327));
#1510 = CARTESIAN_POINT('',(141.57635753241,200.1468770004,
    7.068827153194));
#1511 = CARTESIAN_POINT('',(141.57635753241,199.37182291922,
    7.041851544061));
#1512 = ORIENTED_EDGE('',*,*,#594,.T.);
#1513 = ORIENTED_EDGE('',*,*,#80,.T.);
#1514 = ORIENTED_EDGE('',*,*,#1515,.T.);
#1515 = EDGE_CURVE('',#24,#1486,#1516,.T.);
#1516 = B_SPLINE_CURVE_WITH_KNOTS('',3,(#1517,#1518,#1519,#1520,#1521,
    #1522,#1523,#1524,#1525,#1526,#1527,#1528,#1529),.UNSPECIFIED.,.F.,
  .F.,(4,3,3,3,4),(0.199916430492,5.077214019287,6.054605441521,
    6.645723026907,9.954511608082),.UNSPECIFIED.);
#1517 = CARTESIAN_POINT('',(153.67214988623,204.18304120133,
    7.739831488866));
#1518 = CARTESIAN_POINT('',(152.05226747746,204.183041202,7.601373382548
    ));
#1519 = CARTESIAN_POINT('',(150.42980440805,204.1830412211,
    7.489919452028));
#1520 = CARTESIAN_POINT('',(148.80611716195,204.18304122536,
    7.405560759768));
#1521 = CARTESIAN_POINT('',(148.48073656792,204.18304122621,
    7.388655606718));
#1522 = CARTESIAN_POINT('',(148.15530678939,204.18304122667,
    7.372838554489));
#1523 = CARTESIAN_POINT('',(147.82983870777,204.18304122679,
    7.358110326965));
#1524 = CARTESIAN_POINT('',(147.63299852466,204.18304122686,
    7.349202826763));
#1525 = CARTESIAN_POINT('',(147.43614311246,204.18304122681,
    7.340693519912));
#1526 = CARTESIAN_POINT('',(147.23926505363,204.18304122659,
    7.332582215948));
#1527 = CARTESIAN_POINT('',(146.13723748913,204.18304122533,
    7.287179083646));
#1528 = CARTESIAN_POINT('',(145.03458424192,204.18304121838,
    7.254250132046));
#1529 = CARTESIAN_POINT('',(143.9317259532,204.18304121126,
    7.233840983004));
#1530 = B_SPLINE_SURFACE_WITH_KNOTS('',3,3,(
    (#1531,#1532,#1533,#1534)
    ,(#1535,#1536,#1537,#1538)
    ,(#1539,#1540,#1541,#1542)
    ,(#1543,#1544,#1545,#1546
    )),.UNSPECIFIED.,.F.,.F.,.F.,(4,4),(4,4),(0.149197171929,
    0.182623503224),(0.131355673549,0.214658903145),
  .PIECEWISE_BEZIER_KNOTS.);
#1531 = CARTESIAN_POINT('',(141.57635744235,204.20148350595,
    7.209946957315));
#1532 = CARTESIAN_POINT('',(145.63197972602,204.20115612536,
    7.219355315048));
#1533 = CARTESIAN_POINT('',(149.68771402028,204.19492896207,
    7.398274234917));
#1534 = CARTESIAN_POINT('',(153.72279327049,204.18289041658,
    7.744163812367));
#1535 = CARTESIAN_POINT('',(141.57635747232,202.59159664371,
    7.153915152897));
#1536 = CARTESIAN_POINT('',(145.63197975599,202.59126926312,
    7.16332351063));
#1537 = CARTESIAN_POINT('',(149.68771405025,202.58504209983,
    7.342242430499));
#1538 = CARTESIAN_POINT('',(153.72279330046,202.57300355434,
    7.688132007949));
#1539 = CARTESIAN_POINT('',(141.57635750229,200.98170978146,
    7.097883348479));
#1540 = CARTESIAN_POINT('',(145.63197978596,200.98138240088,
    7.107291706212));
#1541 = CARTESIAN_POINT('',(149.68771408022,200.97515523758,
    7.286210626081));
#1542 = CARTESIAN_POINT('',(153.72279333043,200.9631166921,
    7.632100203531));
#1543 = CARTESIAN_POINT('',(141.57635753226,199.37182291922,
    7.041851544061));
#1544 = CARTESIAN_POINT('',(145.63197981593,199.37149553863,
    7.051259901794));
#1545 = CARTESIAN_POINT('',(149.68771411019,199.36526837534,
    7.230178821663));
#1546 = CARTESIAN_POINT('',(153.7227933604,199.35322982986,
    7.576068399113));
#1547 = ADVANCED_FACE('',(#1548),#1559,.T.);
#1548 = FACE_BOUND('',#1549,.T.);
#1549 = EDGE_LOOP('',(#1550,#1551,#1557,#1558));
#1550 = ORIENTED_EDGE('',*,*,#869,.F.);
#1551 = ORIENTED_EDGE('',*,*,#1552,.T.);
#1552 = EDGE_CURVE('',#829,#1454,#1553,.T.);
#1553 = LINE('',#1554,#1555);
#1554 = CARTESIAN_POINT('',(152.64510753242,198.71655155297,
    8.911924779805));
#1555 = VECTOR('',#1556,1.);
#1556 = DIRECTION('',(0.429122651621,-0.305965437747,-0.849846398339));
#1557 = ORIENTED_EDGE('',*,*,#1453,.F.);
#1558 = ORIENTED_EDGE('',*,*,#682,.F.);
#1559 = B_SPLINE_SURFACE_WITH_KNOTS('',3,3,(
    (#1560,#1561,#1562,#1563)
    ,(#1564,#1565,#1566,#1567)
    ,(#1568,#1569,#1570,#1571)
    ,(#1572,#1573,#1574,#1575)
    ,(#1576,#1577,#1578,#1579)
    ,(#1580,#1581,#1582,#1583)
    ,(#1584,#1585,#1586,#1587
    )),.UNSPECIFIED.,.F.,.F.,.F.,(4,1,1,1,4),(4,4),(-1.938E-14,
    0.285714285714,0.571428571429,0.714285714286,1.),(2.30055723296E-02,
    1.),.UNSPECIFIED.);
#1560 = CARTESIAN_POINT('',(154.46412424941,200.35719025674,
    8.766506696003));
#1561 = CARTESIAN_POINT('',(155.44111867708,198.8241405716,
    5.844337797367));
#1562 = CARTESIAN_POINT('',(156.41811310474,197.29109088646,
    2.922168898731));
#1563 = CARTESIAN_POINT('',(157.39510753241,195.75804120131,9.49294E-11)
  );
#1564 = CARTESIAN_POINT('',(154.46412424941,200.10070878933,
    8.757589682246));
#1565 = CARTESIAN_POINT('',(155.44106649503,198.64062638368,
    5.838390683269));
#1566 = CARTESIAN_POINT('',(156.41816528679,197.18072369442,
    2.919198999072));
#1567 = CARTESIAN_POINT('',(157.39510753241,195.72064128877,9.49294E-11)
  );
#1568 = CARTESIAN_POINT('',(154.34699681021,199.58779596343,
    8.739757396855));
#1569 = CARTESIAN_POINT('',(155.3573174758,198.27385882554,
    5.826506773421));
#1570 = CARTESIAN_POINT('',(156.3677177893,196.95978590842,
    2.913250623528));
#1571 = CARTESIAN_POINT('',(157.3780384549,195.64584877053,9.492895E-11)
  );
#1572 = CARTESIAN_POINT('',(153.93666690839,199.07417554115,
    8.721900510674));
#1573 = CARTESIAN_POINT('',(155.06380877985,197.9064973515,
    5.814602889785));
#1574 = CARTESIAN_POINT('',(156.19109887124,196.73863126082,
    2.907297620984));
#1575 = CARTESIAN_POINT('',(157.3182407427,195.57095307118,9.492895E-11)
  );
#1576 = CARTESIAN_POINT('',(153.38972293752,198.73094281954,
    8.709967442249));
#1577 = CARTESIAN_POINT('',(154.67265212841,197.66094855927,
    5.806645733172));
#1578 = CARTESIAN_POINT('',(155.9556049596,196.59089742376,
    2.903321709172));
#1579 = CARTESIAN_POINT('',(157.23853415049,195.52090316349,9.493029E-11
    ));
#1580 = CARTESIAN_POINT('',(153.00526955735,198.64273793601,
    8.706900849689));
#1581 = CARTESIAN_POINT('',(154.39762494141,197.59798692465,
    5.804606586296));
#1582 = CARTESIAN_POINT('',(155.79015206089,196.55279221267,
    2.902294263488));
#1583 = CARTESIAN_POINT('',(157.18250744495,195.50804120131,9.49294E-11)
  );
#1584 = CARTESIAN_POINT('',(152.74863260791,198.64273793601,
    8.706900849689));
#1585 = CARTESIAN_POINT('',(154.21412424941,197.59783902444,
    5.804600566491));
#1586 = CARTESIAN_POINT('',(155.67961589091,196.55294011288,
    2.902300283293));
#1587 = CARTESIAN_POINT('',(157.14510753241,195.50804120131,9.49294E-11)
  );
#1588 = ADVANCED_FACE('',(#1589),#1595,.T.);
#1589 = FACE_BOUND('',#1590,.T.);
#1590 = EDGE_LOOP('',(#1591,#1592,#1593,#1594));
#1591 = ORIENTED_EDGE('',*,*,#1462,.F.);
#1592 = ORIENTED_EDGE('',*,*,#1552,.F.);
#1593 = ORIENTED_EDGE('',*,*,#837,.F.);
#1594 = ORIENTED_EDGE('',*,*,#1243,.T.);
#1595 = PLANE('',#1596);
#1596 = AXIS2_PLACEMENT_3D('',#1597,#1598,#1599);
#1597 = CARTESIAN_POINT('',(152.64510753242,198.71655155297,
    8.911924779805));
#1598 = DIRECTION('',(-2.E-17,-0.940880095847,0.338739789867));
#1599 = DIRECTION('',(7.703719777549E-34,-0.338739789867,-0.940880095847
    ));
#1600 = ADVANCED_FACE('',(#1601),#1626,.T.);
#1601 = FACE_BOUND('',#1602,.T.);
#1602 = EDGE_LOOP('',(#1603,#1604,#1612,#1620));
#1603 = ORIENTED_EDGE('',*,*,#286,.T.);
#1604 = ORIENTED_EDGE('',*,*,#1605,.F.);
#1605 = EDGE_CURVE('',#1606,#174,#1608,.T.);
#1606 = VERTEX_POINT('',#1607);
#1607 = CARTESIAN_POINT('',(141.7513575324,202.50804120133,
    0.200000000094));
#1608 = LINE('',#1609,#1610);
#1609 = CARTESIAN_POINT('',(141.7513575324,202.50804120133,9.415757E-11)
  );
#1610 = VECTOR('',#1611,1.);
#1611 = DIRECTION('',(0.,0.,1.));
#1612 = ORIENTED_EDGE('',*,*,#1613,.F.);
#1613 = EDGE_CURVE('',#1614,#1606,#1616,.T.);
#1614 = VERTEX_POINT('',#1615);
#1615 = CARTESIAN_POINT('',(140.7513575324,202.50804120133,
    0.200000000094));
#1616 = LINE('',#1617,#1618);
#1617 = CARTESIAN_POINT('',(137.0013575324,202.50804120133,
    0.200000000094));
#1618 = VECTOR('',#1619,1.);
#1619 = DIRECTION('',(1.,0.,0.));
#1620 = ORIENTED_EDGE('',*,*,#1621,.T.);
#1621 = EDGE_CURVE('',#1614,#278,#1622,.T.);
#1622 = LINE('',#1623,#1624);
#1623 = CARTESIAN_POINT('',(140.7513575324,202.50804120133,9.415757E-11)
  );
#1624 = VECTOR('',#1625,1.);
#1625 = DIRECTION('',(0.,0.,1.));
#1626 = PLANE('',#1627);
#1627 = AXIS2_PLACEMENT_3D('',#1628,#1629,#1630);
#1628 = CARTESIAN_POINT('',(141.7513575324,202.50804120133,9.415846E-11)
  );
#1629 = DIRECTION('',(0.,1.,0.));
#1630 = DIRECTION('',(-1.,0.,0.));
#1631 = ADVANCED_FACE('',(#1632),#1650,.T.);
#1632 = FACE_BOUND('',#1633,.T.);
#1633 = EDGE_LOOP('',(#1634,#1635,#1643,#1649));
#1634 = ORIENTED_EDGE('',*,*,#173,.T.);
#1635 = ORIENTED_EDGE('',*,*,#1636,.F.);
#1636 = EDGE_CURVE('',#1637,#176,#1639,.T.);
#1637 = VERTEX_POINT('',#1638);
#1638 = CARTESIAN_POINT('',(141.7513575324,204.00804120133,
    0.200000000094));
#1639 = LINE('',#1640,#1641);
#1640 = CARTESIAN_POINT('',(141.7513575324,204.00804120133,9.415757E-11)
  );
#1641 = VECTOR('',#1642,1.);
#1642 = DIRECTION('',(0.,0.,1.));
#1643 = ORIENTED_EDGE('',*,*,#1644,.F.);
#1644 = EDGE_CURVE('',#1606,#1637,#1645,.T.);
#1645 = LINE('',#1646,#1647);
#1646 = CARTESIAN_POINT('',(141.7513575324,199.76202744683,
    0.200000000094));
#1647 = VECTOR('',#1648,1.);
#1648 = DIRECTION('',(0.,1.,-3.1E-16));
#1649 = ORIENTED_EDGE('',*,*,#1605,.T.);
#1650 = PLANE('',#1651);
#1651 = AXIS2_PLACEMENT_3D('',#1652,#1653,#1654);
#1652 = CARTESIAN_POINT('',(141.7513575324,204.00804120133,9.415757E-11)
  );
#1653 = DIRECTION('',(-1.,0.,0.));
#1654 = DIRECTION('',(0.,-1.,3.1E-16));
#1655 = ADVANCED_FACE('',(#1656),#1674,.T.);
#1656 = FACE_BOUND('',#1657,.T.);
#1657 = EDGE_LOOP('',(#1658,#1659,#1667,#1673));
#1658 = ORIENTED_EDGE('',*,*,#184,.T.);
#1659 = ORIENTED_EDGE('',*,*,#1660,.F.);
#1660 = EDGE_CURVE('',#1661,#185,#1663,.T.);
#1661 = VERTEX_POINT('',#1662);
#1662 = CARTESIAN_POINT('',(143.2513575324,204.00804120133,
    0.200000000094));
#1663 = LINE('',#1664,#1665);
#1664 = CARTESIAN_POINT('',(143.2513575324,204.00804120133,9.415757E-11)
  );
#1665 = VECTOR('',#1666,1.);
#1666 = DIRECTION('',(0.,0.,1.));
#1667 = ORIENTED_EDGE('',*,*,#1668,.F.);
#1668 = EDGE_CURVE('',#1637,#1661,#1669,.T.);
#1669 = LINE('',#1670,#1671);
#1670 = CARTESIAN_POINT('',(136.5013575324,204.00804120133,
    0.200000000094));
#1671 = VECTOR('',#1672,1.);
#1672 = DIRECTION('',(1.,0.,0.));
#1673 = ORIENTED_EDGE('',*,*,#1636,.T.);
#1674 = PLANE('',#1675);
#1675 = AXIS2_PLACEMENT_3D('',#1676,#1677,#1678);
#1676 = CARTESIAN_POINT('',(140.7513575324,204.00804120133,9.415757E-11)
  );
#1677 = DIRECTION('',(0.,1.,0.));
#1678 = DIRECTION('',(-1.,0.,0.));
#1679 = ADVANCED_FACE('',(#1680),#1698,.T.);
#1680 = FACE_BOUND('',#1681,.T.);
#1681 = EDGE_LOOP('',(#1682,#1683,#1691,#1697));
#1682 = ORIENTED_EDGE('',*,*,#193,.T.);
#1683 = ORIENTED_EDGE('',*,*,#1684,.F.);
#1684 = EDGE_CURVE('',#1685,#194,#1687,.T.);
#1685 = VERTEX_POINT('',#1686);
#1686 = CARTESIAN_POINT('',(143.2513575324,205.00804120133,
    0.200000000094));
#1687 = LINE('',#1688,#1689);
#1688 = CARTESIAN_POINT('',(143.2513575324,205.00804120133,9.415668E-11)
  );
#1689 = VECTOR('',#1690,1.);
#1690 = DIRECTION('',(0.,0.,1.));
#1691 = ORIENTED_EDGE('',*,*,#1692,.F.);
#1692 = EDGE_CURVE('',#1661,#1685,#1693,.T.);
#1693 = LINE('',#1694,#1695);
#1694 = CARTESIAN_POINT('',(143.2513575324,200.26202744683,
    0.200000000094));
#1695 = VECTOR('',#1696,1.);
#1696 = DIRECTION('',(0.,1.,-3.1E-16));
#1697 = ORIENTED_EDGE('',*,*,#1660,.T.);
#1698 = PLANE('',#1699);
#1699 = AXIS2_PLACEMENT_3D('',#1700,#1701,#1702);
#1700 = CARTESIAN_POINT('',(143.2513575324,205.00804120133,9.415668E-11)
  );
#1701 = DIRECTION('',(-1.,0.,0.));
#1702 = DIRECTION('',(0.,-1.,3.1E-16));
#1703 = ADVANCED_FACE('',(#1704),#1722,.T.);
#1704 = FACE_BOUND('',#1705,.T.);
#1705 = EDGE_LOOP('',(#1706,#1707,#1715,#1721));
#1706 = ORIENTED_EDGE('',*,*,#204,.T.);
#1707 = ORIENTED_EDGE('',*,*,#1708,.F.);
#1708 = EDGE_CURVE('',#1709,#205,#1711,.T.);
#1709 = VERTEX_POINT('',#1710);
#1710 = CARTESIAN_POINT('',(141.7513575324,205.00804120133,
    0.200000000094));
#1711 = LINE('',#1712,#1713);
#1712 = CARTESIAN_POINT('',(141.7513575324,205.00804120133,9.415668E-11)
  );
#1713 = VECTOR('',#1714,1.);
#1714 = DIRECTION('',(0.,0.,1.));
#1715 = ORIENTED_EDGE('',*,*,#1716,.F.);
#1716 = EDGE_CURVE('',#1685,#1709,#1717,.T.);
#1717 = LINE('',#1718,#1719);
#1718 = CARTESIAN_POINT('',(137.0013575324,205.00804120133,
    0.200000000094));
#1719 = VECTOR('',#1720,1.);
#1720 = DIRECTION('',(-1.,0.,0.));
#1721 = ORIENTED_EDGE('',*,*,#1684,.T.);
#1722 = PLANE('',#1723);
#1723 = AXIS2_PLACEMENT_3D('',#1724,#1725,#1726);
#1724 = CARTESIAN_POINT('',(141.7513575324,205.00804120133,9.415668E-11)
  );
#1725 = DIRECTION('',(0.,-1.,0.));
#1726 = DIRECTION('',(1.,0.,0.));
#1727 = ADVANCED_FACE('',(#1728),#1746,.T.);
#1728 = FACE_BOUND('',#1729,.T.);
#1729 = EDGE_LOOP('',(#1730,#1731,#1739,#1745));
#1730 = ORIENTED_EDGE('',*,*,#213,.T.);
#1731 = ORIENTED_EDGE('',*,*,#1732,.F.);
#1732 = EDGE_CURVE('',#1733,#214,#1735,.T.);
#1733 = VERTEX_POINT('',#1734);
#1734 = CARTESIAN_POINT('',(141.7513575324,206.50804120133,
    0.200000000094));
#1735 = LINE('',#1736,#1737);
#1736 = CARTESIAN_POINT('',(141.7513575324,206.50804120133,9.415668E-11)
  );
#1737 = VECTOR('',#1738,1.);
#1738 = DIRECTION('',(0.,0.,1.));
#1739 = ORIENTED_EDGE('',*,*,#1740,.F.);
#1740 = EDGE_CURVE('',#1709,#1733,#1741,.T.);
#1741 = LINE('',#1742,#1743);
#1742 = CARTESIAN_POINT('',(141.7513575324,201.01202744683,
    0.200000000094));
#1743 = VECTOR('',#1744,1.);
#1744 = DIRECTION('',(0.,1.,-3.1E-16));
#1745 = ORIENTED_EDGE('',*,*,#1708,.T.);
#1746 = PLANE('',#1747);
#1747 = AXIS2_PLACEMENT_3D('',#1748,#1749,#1750);
#1748 = CARTESIAN_POINT('',(141.7513575324,206.50804120133,9.415668E-11)
  );
#1749 = DIRECTION('',(-1.,0.,0.));
#1750 = DIRECTION('',(0.,-1.,3.1E-16));
#1751 = ADVANCED_FACE('',(#1752,#1763),#1817,.T.);
#1752 = FACE_BOUND('',#1753,.T.);
#1753 = EDGE_LOOP('',(#1754));
#1754 = ORIENTED_EDGE('',*,*,#1755,.T.);
#1755 = EDGE_CURVE('',#1756,#1756,#1758,.T.);
#1756 = VERTEX_POINT('',#1757);
#1757 = CARTESIAN_POINT('',(141.2513575324,201.80804120133,
    0.200000000094));
#1758 = CIRCLE('',#1759,2.7);
#1759 = AXIS2_PLACEMENT_3D('',#1760,#1761,#1762);
#1760 = CARTESIAN_POINT('',(141.2513575324,204.50804120133,
    0.200000000094));
#1761 = DIRECTION('',(0.,-3.1E-16,-1.));
#1762 = DIRECTION('',(0.,1.,-3.1E-16));
#1763 = FACE_BOUND('',#1764,.T.);
#1764 = EDGE_LOOP('',(#1765,#1775,#1783,#1791,#1799,#1805,#1806,#1807,
    #1808,#1809,#1810,#1811));
#1765 = ORIENTED_EDGE('',*,*,#1766,.T.);
#1766 = EDGE_CURVE('',#1767,#1769,#1771,.T.);
#1767 = VERTEX_POINT('',#1768);
#1768 = CARTESIAN_POINT('',(140.7513575324,206.50804120133,
    0.200000000094));
#1769 = VERTEX_POINT('',#1770);
#1770 = CARTESIAN_POINT('',(140.7513575324,205.00804120133,
    0.200000000094));
#1771 = LINE('',#1772,#1773);
#1772 = CARTESIAN_POINT('',(140.7513575324,200.26202744683,
    0.200000000094));
#1773 = VECTOR('',#1774,1.);
#1774 = DIRECTION('',(0.,-1.,3.1E-16));
#1775 = ORIENTED_EDGE('',*,*,#1776,.T.);
#1776 = EDGE_CURVE('',#1769,#1777,#1779,.T.);
#1777 = VERTEX_POINT('',#1778);
#1778 = CARTESIAN_POINT('',(139.2513575324,205.00804120133,
    0.200000000094));
#1779 = LINE('',#1780,#1781);
#1780 = CARTESIAN_POINT('',(135.7513575324,205.00804120133,
    0.200000000094));
#1781 = VECTOR('',#1782,1.);
#1782 = DIRECTION('',(-1.,0.,0.));
#1783 = ORIENTED_EDGE('',*,*,#1784,.T.);
#1784 = EDGE_CURVE('',#1777,#1785,#1787,.T.);
#1785 = VERTEX_POINT('',#1786);
#1786 = CARTESIAN_POINT('',(139.2513575324,204.00804120133,
    0.200000000094));
#1787 = LINE('',#1788,#1789);
#1788 = CARTESIAN_POINT('',(139.2513575324,199.76202744683,
    0.200000000094));
#1789 = VECTOR('',#1790,1.);
#1790 = DIRECTION('',(0.,-1.,3.1E-16));
#1791 = ORIENTED_EDGE('',*,*,#1792,.T.);
#1792 = EDGE_CURVE('',#1785,#1793,#1795,.T.);
#1793 = VERTEX_POINT('',#1794);
#1794 = CARTESIAN_POINT('',(140.7513575324,204.00804120133,
    0.200000000094));
#1795 = LINE('',#1796,#1797);
#1796 = CARTESIAN_POINT('',(136.5013575324,204.00804120133,
    0.200000000094));
#1797 = VECTOR('',#1798,1.);
#1798 = DIRECTION('',(1.,0.,0.));
#1799 = ORIENTED_EDGE('',*,*,#1800,.T.);
#1800 = EDGE_CURVE('',#1793,#1614,#1801,.T.);
#1801 = LINE('',#1802,#1803);
#1802 = CARTESIAN_POINT('',(140.7513575324,200.26202744683,
    0.200000000094));
#1803 = VECTOR('',#1804,1.);
#1804 = DIRECTION('',(0.,-1.,3.1E-16));
#1805 = ORIENTED_EDGE('',*,*,#1613,.T.);
#1806 = ORIENTED_EDGE('',*,*,#1644,.T.);
#1807 = ORIENTED_EDGE('',*,*,#1668,.T.);
#1808 = ORIENTED_EDGE('',*,*,#1692,.T.);
#1809 = ORIENTED_EDGE('',*,*,#1716,.T.);
#1810 = ORIENTED_EDGE('',*,*,#1740,.T.);
#1811 = ORIENTED_EDGE('',*,*,#1812,.T.);
#1812 = EDGE_CURVE('',#1733,#1767,#1813,.T.);
#1813 = LINE('',#1814,#1815);
#1814 = CARTESIAN_POINT('',(136.5013575324,206.50804120133,
    0.200000000094));
#1815 = VECTOR('',#1816,1.);
#1816 = DIRECTION('',(-1.,0.,0.));
#1817 = PLANE('',#1818);
#1818 = AXIS2_PLACEMENT_3D('',#1819,#1820,#1821);
#1819 = CARTESIAN_POINT('',(132.2513575324,195.51601369233,
    0.200000000094));
#1820 = DIRECTION('',(0.,-3.1E-16,-1.));
#1821 = DIRECTION('',(0.,1.,-3.1E-16));
#1822 = ADVANCED_FACE('',(#1823),#1946,.T.);
#1823 = FACE_BOUND('',#1824,.T.);
#1824 = EDGE_LOOP('',(#1825,#1836,#1837,#1845,#1854,#1861,#1862,#1873,
    #1882,#1888,#1889,#1898,#1907,#1913,#1914,#1922,#1931,#1937,#1938,
    #1939));
#1825 = ORIENTED_EDGE('',*,*,#1826,.F.);
#1826 = EDGE_CURVE('',#488,#1827,#1829,.T.);
#1827 = VERTEX_POINT('',#1828);
#1828 = CARTESIAN_POINT('',(140.92635753241,201.82767275651,
    4.332749102223));
#1829 = B_SPLINE_CURVE_WITH_KNOTS('',3,(#1830,#1831,#1832,#1833,#1834,
    #1835),.UNSPECIFIED.,.F.,.F.,(4,2,4),(-2.794521701813,
    -1.638371489346,0.),.UNSPECIFIED.);
#1830 = CARTESIAN_POINT('',(140.9263575324,201.82767275651,
    7.127270804036));
#1831 = CARTESIAN_POINT('',(140.9263575324,201.82767275651,6.74188739988
    ));
#1832 = CARTESIAN_POINT('',(140.9263575324,201.82767275651,
    6.356503995725));
#1833 = CARTESIAN_POINT('',(140.9263575324,201.82767275651,
    5.424996761787));
#1834 = CARTESIAN_POINT('',(140.9263575324,201.82767275651,
    4.878872932005));
#1835 = CARTESIAN_POINT('',(140.9263575324,201.82767275651,
    4.332749102223));
#1836 = ORIENTED_EDGE('',*,*,#487,.T.);
#1837 = ORIENTED_EDGE('',*,*,#1838,.F.);
#1838 = EDGE_CURVE('',#1839,#490,#1841,.T.);
#1839 = VERTEX_POINT('',#1840);
#1840 = CARTESIAN_POINT('',(138.57098908758,204.18304120133,
    4.332749102223));
#1841 = LINE('',#1842,#1843);
#1842 = CARTESIAN_POINT('',(138.57098908758,204.18304120132,9.416024E-11
    ));
#1843 = VECTOR('',#1844,1.);
#1844 = DIRECTION('',(0.,0.,1.));
#1845 = ORIENTED_EDGE('',*,*,#1846,.F.);
#1846 = EDGE_CURVE('',#1847,#1839,#1849,.T.);
#1847 = VERTEX_POINT('',#1848);
#1848 = CARTESIAN_POINT('',(138.57098908758,204.83304120132,
    4.332749102223));
#1849 = CIRCLE('',#1850,2.7);
#1850 = AXIS2_PLACEMENT_3D('',#1851,#1852,#1853);
#1851 = CARTESIAN_POINT('',(141.2513575324,204.50804120133,
    4.332749102223));
#1852 = DIRECTION('',(0.,-0.,1.));
#1853 = DIRECTION('',(0.,1.,0.));
#1854 = ORIENTED_EDGE('',*,*,#1855,.F.);
#1855 = EDGE_CURVE('',#336,#1847,#1856,.T.);
#1856 = B_SPLINE_CURVE_WITH_KNOTS('',3,(#1857,#1858,#1859,#1860),
  .UNSPECIFIED.,.F.,.F.,(4,4),(-2.923304010747,0.),
  .PIECEWISE_BEZIER_KNOTS.);
#1857 = CARTESIAN_POINT('',(138.57098908758,204.83304120133,
    7.25605311297));
#1858 = CARTESIAN_POINT('',(138.57098908758,204.83304120133,
    6.281618442721));
#1859 = CARTESIAN_POINT('',(138.57098908758,204.83304120133,
    5.307183772472));
#1860 = CARTESIAN_POINT('',(138.57098908758,204.83304120133,
    4.332749102223));
#1861 = ORIENTED_EDGE('',*,*,#347,.T.);
#1862 = ORIENTED_EDGE('',*,*,#1863,.F.);
#1863 = EDGE_CURVE('',#1864,#348,#1866,.T.);
#1864 = VERTEX_POINT('',#1865);
#1865 = CARTESIAN_POINT('',(140.92635753241,207.18840964615,
    4.332749102223));
#1866 = B_SPLINE_CURVE_WITH_KNOTS('',3,(#1867,#1868,#1869,#1870,#1871,
    #1872),.UNSPECIFIED.,.F.,.F.,(4,2,4),(-3.381787173766,
    -1.767165682974,-0.400686049736),.UNSPECIFIED.);
#1867 = CARTESIAN_POINT('',(140.92635753241,207.18840964615,
    4.332749102223));
#1868 = CARTESIAN_POINT('',(140.92635753241,207.18840964615,
    4.87095626582));
#1869 = CARTESIAN_POINT('',(140.92635753241,207.18840964615,
    5.409163429417));
#1870 = CARTESIAN_POINT('',(140.92635753241,207.18840964615,
    6.402863804094));
#1871 = CARTESIAN_POINT('',(140.92635753241,207.18840964617,
    6.858357015173));
#1872 = CARTESIAN_POINT('',(140.92635753241,207.18840964616,
    7.313850226253));
#1873 = ORIENTED_EDGE('',*,*,#1874,.F.);
#1874 = EDGE_CURVE('',#1875,#1864,#1877,.T.);
#1875 = VERTEX_POINT('',#1876);
#1876 = CARTESIAN_POINT('',(141.57635753241,207.18840964615,
    4.332749102223));
#1877 = CIRCLE('',#1878,2.7);
#1878 = AXIS2_PLACEMENT_3D('',#1879,#1880,#1881);
#1879 = CARTESIAN_POINT('',(141.2513575324,204.50804120133,
    4.332749102223));
#1880 = DIRECTION('',(0.,-0.,1.));
#1881 = DIRECTION('',(0.,1.,0.));
#1882 = ORIENTED_EDGE('',*,*,#1883,.F.);
#1883 = EDGE_CURVE('',#417,#1875,#1884,.T.);
#1884 = LINE('',#1885,#1886);
#1885 = CARTESIAN_POINT('',(141.57635753241,207.18840964615,9.416024E-11
    ));
#1886 = VECTOR('',#1887,1.);
#1887 = DIRECTION('',(0.,0.,-1.));
#1888 = ORIENTED_EDGE('',*,*,#427,.T.);
#1889 = ORIENTED_EDGE('',*,*,#1890,.F.);
#1890 = EDGE_CURVE('',#1891,#428,#1893,.T.);
#1891 = VERTEX_POINT('',#1892);
#1892 = CARTESIAN_POINT('',(143.93172597723,204.83304120132,
    4.332749102223));
#1893 = B_SPLINE_CURVE_WITH_KNOTS('',3,(#1894,#1895,#1896,#1897),
  .UNSPECIFIED.,.F.,.F.,(4,4),(-3.381787173766,-0.458071881359),
  .PIECEWISE_BEZIER_KNOTS.);
#1894 = CARTESIAN_POINT('',(143.93172597723,204.83304120132,
    4.332749102223));
#1895 = CARTESIAN_POINT('',(143.93172597723,204.83304120132,
    5.307320866359));
#1896 = CARTESIAN_POINT('',(143.93172597723,204.83304120132,
    6.281892630494));
#1897 = CARTESIAN_POINT('',(143.93172597723,204.83304120132,
    7.25646439463));
#1898 = ORIENTED_EDGE('',*,*,#1899,.F.);
#1899 = EDGE_CURVE('',#1900,#1891,#1902,.T.);
#1900 = VERTEX_POINT('',#1901);
#1901 = CARTESIAN_POINT('',(143.93172597722,204.18304120132,
    4.332749102223));
#1902 = CIRCLE('',#1903,2.7);
#1903 = AXIS2_PLACEMENT_3D('',#1904,#1905,#1906);
#1904 = CARTESIAN_POINT('',(141.2513575324,204.50804120133,
    4.332749102223));
#1905 = DIRECTION('',(0.,-0.,1.));
#1906 = DIRECTION('',(0.,1.,0.));
#1907 = ORIENTED_EDGE('',*,*,#1908,.F.);
#1908 = EDGE_CURVE('',#1486,#1900,#1909,.T.);
#1909 = LINE('',#1910,#1911);
#1910 = CARTESIAN_POINT('',(143.93172597722,204.18304120132,9.416024E-11
    ));
#1911 = VECTOR('',#1912,1.);
#1912 = DIRECTION('',(0.,0.,-1.));
#1913 = ORIENTED_EDGE('',*,*,#1485,.T.);
#1914 = ORIENTED_EDGE('',*,*,#1915,.F.);
#1915 = EDGE_CURVE('',#1916,#1488,#1918,.T.);
#1916 = VERTEX_POINT('',#1917);
#1917 = CARTESIAN_POINT('',(141.57635753241,201.82767275651,
    4.332749102223));
#1918 = LINE('',#1919,#1920);
#1919 = CARTESIAN_POINT('',(141.57635753241,201.82767275651,9.416024E-11
    ));
#1920 = VECTOR('',#1921,1.);
#1921 = DIRECTION('',(0.,0.,1.));
#1922 = ORIENTED_EDGE('',*,*,#1923,.F.);
#1923 = EDGE_CURVE('',#1924,#1916,#1926,.T.);
#1924 = VERTEX_POINT('',#1925);
#1925 = CARTESIAN_POINT('',(141.2513575324,201.80804120133,
    4.332749102223));
#1926 = CIRCLE('',#1927,2.7);
#1927 = AXIS2_PLACEMENT_3D('',#1928,#1929,#1930);
#1928 = CARTESIAN_POINT('',(141.2513575324,204.50804120133,
    4.332749102223));
#1929 = DIRECTION('',(0.,-0.,1.));
#1930 = DIRECTION('',(0.,1.,0.));
#1931 = ORIENTED_EDGE('',*,*,#1932,.T.);
#1932 = EDGE_CURVE('',#1924,#1756,#1933,.T.);
#1933 = LINE('',#1934,#1935);
#1934 = CARTESIAN_POINT('',(141.2513575324,201.80804120133,9.416024E-11)
  );
#1935 = VECTOR('',#1936,1.);
#1936 = DIRECTION('',(0.,0.,-1.));
#1937 = ORIENTED_EDGE('',*,*,#1755,.F.);
#1938 = ORIENTED_EDGE('',*,*,#1932,.F.);
#1939 = ORIENTED_EDGE('',*,*,#1940,.F.);
#1940 = EDGE_CURVE('',#1827,#1924,#1941,.T.);
#1941 = CIRCLE('',#1942,2.7);
#1942 = AXIS2_PLACEMENT_3D('',#1943,#1944,#1945);
#1943 = CARTESIAN_POINT('',(141.2513575324,204.50804120133,
    4.332749102223));
#1944 = DIRECTION('',(0.,-0.,1.));
#1945 = DIRECTION('',(0.,1.,0.));
#1946 = CYLINDRICAL_SURFACE('',#1947,2.7);
#1947 = AXIS2_PLACEMENT_3D('',#1948,#1949,#1950);
#1948 = CARTESIAN_POINT('',(141.2513575324,204.50804120133,9.416024E-11)
  );
#1949 = DIRECTION('',(0.,0.,1.));
#1950 = DIRECTION('',(0.,1.,0.));
#1951 = ADVANCED_FACE('',(#1952),#1963,.T.);
#1952 = FACE_BOUND('',#1953,.T.);
#1953 = EDGE_LOOP('',(#1954,#1955,#1961,#1962));
#1954 = ORIENTED_EDGE('',*,*,#222,.T.);
#1955 = ORIENTED_EDGE('',*,*,#1956,.F.);
#1956 = EDGE_CURVE('',#1767,#223,#1957,.T.);
#1957 = LINE('',#1958,#1959);
#1958 = CARTESIAN_POINT('',(140.7513575324,206.50804120133,9.415668E-11)
  );
#1959 = VECTOR('',#1960,1.);
#1960 = DIRECTION('',(0.,0.,1.));
#1961 = ORIENTED_EDGE('',*,*,#1812,.F.);
#1962 = ORIENTED_EDGE('',*,*,#1732,.T.);
#1963 = PLANE('',#1964);
#1964 = AXIS2_PLACEMENT_3D('',#1965,#1966,#1967);
#1965 = CARTESIAN_POINT('',(140.7513575324,206.50804120133,9.415668E-11)
  );
#1966 = DIRECTION('',(0.,-1.,0.));
#1967 = DIRECTION('',(1.,0.,0.));
#1968 = ADVANCED_FACE('',(#1969),#1980,.T.);
#1969 = FACE_BOUND('',#1970,.T.);
#1970 = EDGE_LOOP('',(#1971,#1972,#1978,#1979));
#1971 = ORIENTED_EDGE('',*,*,#233,.T.);
#1972 = ORIENTED_EDGE('',*,*,#1973,.F.);
#1973 = EDGE_CURVE('',#1769,#234,#1974,.T.);
#1974 = LINE('',#1975,#1976);
#1975 = CARTESIAN_POINT('',(140.7513575324,205.00804120133,9.415668E-11)
  );
#1976 = VECTOR('',#1977,1.);
#1977 = DIRECTION('',(0.,0.,1.));
#1978 = ORIENTED_EDGE('',*,*,#1766,.F.);
#1979 = ORIENTED_EDGE('',*,*,#1956,.T.);
#1980 = PLANE('',#1981);
#1981 = AXIS2_PLACEMENT_3D('',#1982,#1983,#1984);
#1982 = CARTESIAN_POINT('',(140.7513575324,205.00804120133,9.415668E-11)
  );
#1983 = DIRECTION('',(1.,0.,0.));
#1984 = DIRECTION('',(0.,1.,-3.1E-16));
#1985 = ADVANCED_FACE('',(#1986),#1997,.T.);
#1986 = FACE_BOUND('',#1987,.T.);
#1987 = EDGE_LOOP('',(#1988,#1989,#1995,#1996));
#1988 = ORIENTED_EDGE('',*,*,#242,.T.);
#1989 = ORIENTED_EDGE('',*,*,#1990,.F.);
#1990 = EDGE_CURVE('',#1777,#243,#1991,.T.);
#1991 = LINE('',#1992,#1993);
#1992 = CARTESIAN_POINT('',(139.2513575324,205.00804120133,9.415668E-11)
  );
#1993 = VECTOR('',#1994,1.);
#1994 = DIRECTION('',(0.,0.,1.));
#1995 = ORIENTED_EDGE('',*,*,#1776,.F.);
#1996 = ORIENTED_EDGE('',*,*,#1973,.T.);
#1997 = PLANE('',#1998);
#1998 = AXIS2_PLACEMENT_3D('',#1999,#2000,#2001);
#1999 = CARTESIAN_POINT('',(139.2513575324,205.00804120133,9.415668E-11)
  );
#2000 = DIRECTION('',(0.,-1.,0.));
#2001 = DIRECTION('',(1.,0.,0.));
#2002 = ADVANCED_FACE('',(#2003),#2014,.T.);
#2003 = FACE_BOUND('',#2004,.T.);
#2004 = EDGE_LOOP('',(#2005,#2006,#2012,#2013));
#2005 = ORIENTED_EDGE('',*,*,#254,.T.);
#2006 = ORIENTED_EDGE('',*,*,#2007,.F.);
#2007 = EDGE_CURVE('',#1785,#255,#2008,.T.);
#2008 = LINE('',#2009,#2010);
#2009 = CARTESIAN_POINT('',(139.2513575324,204.00804120133,9.415757E-11)
  );
#2010 = VECTOR('',#2011,1.);
#2011 = DIRECTION('',(0.,0.,1.));
#2012 = ORIENTED_EDGE('',*,*,#1784,.F.);
#2013 = ORIENTED_EDGE('',*,*,#1990,.T.);
#2014 = PLANE('',#2015);
#2015 = AXIS2_PLACEMENT_3D('',#2016,#2017,#2018);
#2016 = CARTESIAN_POINT('',(139.2513575324,204.00804120133,9.415757E-11)
  );
#2017 = DIRECTION('',(1.,0.,0.));
#2018 = DIRECTION('',(0.,1.,-3.1E-16));
#2019 = ADVANCED_FACE('',(#2020),#2031,.T.);
#2020 = FACE_BOUND('',#2021,.T.);
#2021 = EDGE_LOOP('',(#2022,#2023,#2029,#2030));
#2022 = ORIENTED_EDGE('',*,*,#265,.T.);
#2023 = ORIENTED_EDGE('',*,*,#2024,.F.);
#2024 = EDGE_CURVE('',#1793,#266,#2025,.T.);
#2025 = LINE('',#2026,#2027);
#2026 = CARTESIAN_POINT('',(140.7513575324,204.00804120133,9.415757E-11)
  );
#2027 = VECTOR('',#2028,1.);
#2028 = DIRECTION('',(0.,0.,1.));
#2029 = ORIENTED_EDGE('',*,*,#1792,.F.);
#2030 = ORIENTED_EDGE('',*,*,#2007,.T.);
#2031 = PLANE('',#2032);
#2032 = AXIS2_PLACEMENT_3D('',#2033,#2034,#2035);
#2033 = CARTESIAN_POINT('',(140.7513575324,204.00804120133,9.415757E-11)
  );
#2034 = DIRECTION('',(0.,1.,0.));
#2035 = DIRECTION('',(-1.,0.,0.));
#2036 = ADVANCED_FACE('',(#2037),#2043,.T.);
#2037 = FACE_BOUND('',#2038,.T.);
#2038 = EDGE_LOOP('',(#2039,#2040,#2041,#2042));
#2039 = ORIENTED_EDGE('',*,*,#277,.T.);
#2040 = ORIENTED_EDGE('',*,*,#1621,.F.);
#2041 = ORIENTED_EDGE('',*,*,#1800,.F.);
#2042 = ORIENTED_EDGE('',*,*,#2024,.T.);
#2043 = PLANE('',#2044);
#2044 = AXIS2_PLACEMENT_3D('',#2045,#2046,#2047);
#2045 = CARTESIAN_POINT('',(140.7513575324,205.00804120133,9.415668E-11)
  );
#2046 = DIRECTION('',(1.,0.,0.));
#2047 = DIRECTION('',(0.,1.,-3.1E-16));
#2048 = ADVANCED_FACE('',(#2049),#2061,.F.);
#2049 = FACE_BOUND('',#2050,.F.);
#2050 = EDGE_LOOP('',(#2051,#2058,#2059,#2060));
#2051 = ORIENTED_EDGE('',*,*,#2052,.T.);
#2052 = EDGE_CURVE('',#1891,#32,#2053,.T.);
#2053 = B_SPLINE_CURVE_WITH_KNOTS('',1,(#2054,#2055,#2056,#2057),
  .UNSPECIFIED.,.F.,.F.,(2,1,1,2),(11.680368444824,18.,19.,
    22.524533457961),.UNSPECIFIED.);
#2054 = CARTESIAN_POINT('',(143.93172597723,204.83304120132,
    4.332749102223));
#2055 = CARTESIAN_POINT('',(150.2513575324,204.83304120132,
    4.332749102223));
#2056 = CARTESIAN_POINT('',(151.2513575324,204.83304120132,
    4.332749102223));
#2057 = CARTESIAN_POINT('',(154.77589099037,204.83304120132,
    4.332749102223));
#2058 = ORIENTED_EDGE('',*,*,#39,.F.);
#2059 = ORIENTED_EDGE('',*,*,#451,.F.);
#2060 = ORIENTED_EDGE('',*,*,#1890,.F.);
#2061 = B_SPLINE_SURFACE_WITH_KNOTS('',1,1,(
    (#2062,#2063,#2064)
    ,(#2065,#2066,#2067)
    ,(#2068,#2069,#2070
    )),.UNSPECIFIED.,.F.,.F.,.F.,(2,1,2),(2,1,2),(2.025E-13,18.,
    66.499999999999),(0.,3.,10.5),.UNSPECIFIED.);
#2062 = CARTESIAN_POINT('',(132.2513575324,204.83304120133,
    4.332749102223));
#2063 = CARTESIAN_POINT('',(132.2513575324,204.83304120133,
    7.332749102223));
#2064 = CARTESIAN_POINT('',(132.2513575324,204.83304120133,
    14.832749102223));
#2065 = CARTESIAN_POINT('',(150.2513575324,204.83304120132,
    4.332749102223));
#2066 = CARTESIAN_POINT('',(150.2513575324,204.83304120132,
    7.332749102223));
#2067 = CARTESIAN_POINT('',(150.2513575324,204.83304120132,
    14.832749102223));
#2068 = CARTESIAN_POINT('',(198.7513575324,204.8330412013,4.332749102223
    ));
#2069 = CARTESIAN_POINT('',(198.7513575324,204.8330412013,7.332749102223
    ));
#2070 = CARTESIAN_POINT('',(198.7513575324,204.8330412013,
    14.832749102223));
#2071 = ADVANCED_FACE('',(#2072),#2083,.F.);
#2072 = FACE_BOUND('',#2073,.T.);
#2073 = EDGE_LOOP('',(#2074,#2075,#2076,#2077));
#2074 = ORIENTED_EDGE('',*,*,#1899,.T.);
#2075 = ORIENTED_EDGE('',*,*,#2052,.T.);
#2076 = ORIENTED_EDGE('',*,*,#31,.T.);
#2077 = ORIENTED_EDGE('',*,*,#2078,.F.);
#2078 = EDGE_CURVE('',#1900,#22,#2079,.T.);
#2079 = LINE('',#2080,#2081);
#2080 = CARTESIAN_POINT('',(141.2513575324,204.18304120132,
    4.332749102223));
#2081 = VECTOR('',#2082,1.);
#2082 = DIRECTION('',(1.,-4.0422E-13,0.));
#2083 = PLANE('',#2084);
#2084 = AXIS2_PLACEMENT_3D('',#2085,#2086,#2087);
#2085 = CARTESIAN_POINT('',(141.2513575324,204.83304120132,
    4.332749102223));
#2086 = DIRECTION('',(0.,0.,1.));
#2087 = DIRECTION('',(1.,0.,-0.));
#2088 = ADVANCED_FACE('',(#2089),#2095,.T.);
#2089 = FACE_BOUND('',#2090,.T.);
#2090 = EDGE_LOOP('',(#2091,#2092,#2093,#2094));
#2091 = ORIENTED_EDGE('',*,*,#1908,.T.);
#2092 = ORIENTED_EDGE('',*,*,#2078,.T.);
#2093 = ORIENTED_EDGE('',*,*,#21,.T.);
#2094 = ORIENTED_EDGE('',*,*,#1515,.T.);
#2095 = PLANE('',#2096);
#2096 = AXIS2_PLACEMENT_3D('',#2097,#2098,#2099);
#2097 = CARTESIAN_POINT('',(141.2513575324,204.18304120132,
    5.832749102223));
#2098 = DIRECTION('',(-4.0422E-13,-1.,0.));
#2099 = DIRECTION('',(-0.,0.,-1.));
#2100 = ADVANCED_FACE('',(#2101),#2111,.F.);
#2101 = FACE_BOUND('',#2102,.F.);
#2102 = EDGE_LOOP('',(#2103,#2108,#2109,#2110));
#2103 = ORIENTED_EDGE('',*,*,#2104,.T.);
#2104 = EDGE_CURVE('',#1864,#108,#2105,.T.);
#2105 = B_SPLINE_CURVE_WITH_KNOTS('',1,(#2106,#2107),.UNSPECIFIED.,.F.,
  .F.,(2,2),(11.680368444836,16.376736628859),.PIECEWISE_BEZIER_KNOTS.);
#2106 = CARTESIAN_POINT('',(140.92635753241,207.18840964615,
    4.332749102223));
#2107 = CARTESIAN_POINT('',(140.92635753241,211.88477783017,
    4.332749102223));
#2108 = ORIENTED_EDGE('',*,*,#115,.F.);
#2109 = ORIENTED_EDGE('',*,*,#377,.F.);
#2110 = ORIENTED_EDGE('',*,*,#1863,.F.);
#2111 = B_SPLINE_SURFACE_WITH_KNOTS('',1,1,(
    (#2112,#2113,#2114)
    ,(#2115,#2116,#2117)
    ,(#2118,#2119,#2120)
    ,(#2121,#2122,#2123
    )),.UNSPECIFIED.,.F.,.F.,.F.,(2,1,1,2),(2,1,2),(-66.20000000002,
    -3.43547E-12,18.000000000003,20.700000000005),(0.,3.,10.5),
  .UNSPECIFIED.);
#2112 = CARTESIAN_POINT('',(140.92635753239,129.30804120132,
    4.332749102223));
#2113 = CARTESIAN_POINT('',(140.92635753239,129.30804120132,
    7.332749102223));
#2114 = CARTESIAN_POINT('',(140.92635753239,129.30804120132,
    14.832749102223));
#2115 = CARTESIAN_POINT('',(140.9263575324,195.50804120131,
    4.332749102223));
#2116 = CARTESIAN_POINT('',(140.9263575324,195.50804120131,
    7.332749102223));
#2117 = CARTESIAN_POINT('',(140.9263575324,195.50804120131,
    14.832749102223));
#2118 = CARTESIAN_POINT('',(140.92635753241,213.50804120131,
    4.332749102223));
#2119 = CARTESIAN_POINT('',(140.92635753241,213.50804120131,
    7.332749102223));
#2120 = CARTESIAN_POINT('',(140.92635753241,213.50804120131,
    14.832749102223));
#2121 = CARTESIAN_POINT('',(140.92635753241,216.20804120131,
    4.332749102223));
#2122 = CARTESIAN_POINT('',(140.92635753241,216.20804120131,
    7.332749102223));
#2123 = CARTESIAN_POINT('',(140.92635753241,216.20804120131,
    14.832749102223));
#2124 = ADVANCED_FACE('',(#2125),#2136,.F.);
#2125 = FACE_BOUND('',#2126,.T.);
#2126 = EDGE_LOOP('',(#2127,#2128,#2129,#2130));
#2127 = ORIENTED_EDGE('',*,*,#1874,.T.);
#2128 = ORIENTED_EDGE('',*,*,#2104,.T.);
#2129 = ORIENTED_EDGE('',*,*,#107,.T.);
#2130 = ORIENTED_EDGE('',*,*,#2131,.T.);
#2131 = EDGE_CURVE('',#98,#1875,#2132,.T.);
#2132 = LINE('',#2133,#2134);
#2133 = CARTESIAN_POINT('',(141.57635753241,204.50804120131,
    4.332749102223));
#2134 = VECTOR('',#2135,1.);
#2135 = DIRECTION('',(-2.0211E-13,-1.,0.));
#2136 = PLANE('',#2137);
#2137 = AXIS2_PLACEMENT_3D('',#2138,#2139,#2140);
#2138 = CARTESIAN_POINT('',(141.2513575324,204.83304120132,
    4.332749102223));
#2139 = DIRECTION('',(0.,0.,1.));
#2140 = DIRECTION('',(1.,0.,-0.));
#2141 = ADVANCED_FACE('',(#2142),#2148,.T.);
#2142 = FACE_BOUND('',#2143,.T.);
#2143 = EDGE_LOOP('',(#2144,#2145,#2146,#2147));
#2144 = ORIENTED_EDGE('',*,*,#1883,.T.);
#2145 = ORIENTED_EDGE('',*,*,#2131,.F.);
#2146 = ORIENTED_EDGE('',*,*,#97,.T.);
#2147 = ORIENTED_EDGE('',*,*,#416,.T.);
#2148 = PLANE('',#2149);
#2149 = AXIS2_PLACEMENT_3D('',#2150,#2151,#2152);
#2150 = CARTESIAN_POINT('',(141.57635753241,204.50804120131,
    5.832749102223));
#2151 = DIRECTION('',(1.,-2.0211E-13,0.));
#2152 = DIRECTION('',(0.,0.,-1.));
#2153 = ADVANCED_FACE('',(#2154),#2166,.F.);
#2154 = FACE_BOUND('',#2155,.F.);
#2155 = EDGE_LOOP('',(#2156,#2157,#2158,#2165));
#2156 = ORIENTED_EDGE('',*,*,#335,.F.);
#2157 = ORIENTED_EDGE('',*,*,#659,.F.);
#2158 = ORIENTED_EDGE('',*,*,#2159,.T.);
#2159 = EDGE_CURVE('',#660,#1847,#2160,.T.);
#2160 = B_SPLINE_CURVE_WITH_KNOTS('',1,(#2161,#2162,#2163,#2164),
  .UNSPECIFIED.,.F.,.F.,(2,1,1,2),(-4.36747517984,-1.,0.,6.319631555176)
  ,.UNSPECIFIED.);
#2161 = CARTESIAN_POINT('',(127.88388235256,204.83304120132,
    4.332749102223));
#2162 = CARTESIAN_POINT('',(131.2513575324,204.83304120132,
    4.332749102223));
#2163 = CARTESIAN_POINT('',(132.2513575324,204.83304120132,
    4.332749102223));
#2164 = CARTESIAN_POINT('',(138.57098908758,204.83304120132,
    4.332749102223));
#2165 = ORIENTED_EDGE('',*,*,#1855,.F.);
#2166 = B_SPLINE_SURFACE_WITH_KNOTS('',1,1,(
    (#2167,#2168,#2169,#2170)
    ,(#2171,#2172,#2173,#2174)
    ,(#2175,#2176,#2177,#2178
    )),.UNSPECIFIED.,.F.,.F.,.F.,(2,1,2),(2,1,1,2),(-48.49999999999,
    2.025E-13,18.),(-113.9999999999,0.,3.,39.650002000038),
  .UNSPECIFIED.);
#2167 = CARTESIAN_POINT('',(83.751357532408,204.83304120135,
    -109.6672508977));
#2168 = CARTESIAN_POINT('',(83.751357532408,204.83304120135,
    4.332749102223));
#2169 = CARTESIAN_POINT('',(83.751357532408,204.83304120135,
    7.332749102223));
#2170 = CARTESIAN_POINT('',(83.751357532408,204.83304120135,
    43.982751102262));
#2171 = CARTESIAN_POINT('',(132.2513575324,204.83304120133,
    -109.6672508977));
#2172 = CARTESIAN_POINT('',(132.2513575324,204.83304120133,
    4.332749102223));
#2173 = CARTESIAN_POINT('',(132.2513575324,204.83304120133,
    7.332749102223));
#2174 = CARTESIAN_POINT('',(132.2513575324,204.83304120133,
    43.982751102262));
#2175 = CARTESIAN_POINT('',(150.2513575324,204.83304120132,
    -109.6672508977));
#2176 = CARTESIAN_POINT('',(150.2513575324,204.83304120132,
    4.332749102223));
#2177 = CARTESIAN_POINT('',(150.2513575324,204.83304120132,
    7.332749102223));
#2178 = CARTESIAN_POINT('',(150.2513575324,204.83304120132,
    43.982751102262));
#2179 = ADVANCED_FACE('',(#2180),#2191,.F.);
#2180 = FACE_BOUND('',#2181,.T.);
#2181 = EDGE_LOOP('',(#2182,#2183,#2189,#2190));
#2182 = ORIENTED_EDGE('',*,*,#1846,.T.);
#2183 = ORIENTED_EDGE('',*,*,#2184,.T.);
#2184 = EDGE_CURVE('',#1839,#642,#2185,.T.);
#2185 = LINE('',#2186,#2187);
#2186 = CARTESIAN_POINT('',(141.2513575324,204.18304120133,
    4.332749102223));
#2187 = VECTOR('',#2188,1.);
#2188 = DIRECTION('',(-1.,4.0422E-13,0.));
#2189 = ORIENTED_EDGE('',*,*,#668,.T.);
#2190 = ORIENTED_EDGE('',*,*,#2159,.T.);
#2191 = PLANE('',#2192);
#2192 = AXIS2_PLACEMENT_3D('',#2193,#2194,#2195);
#2193 = CARTESIAN_POINT('',(141.2513575324,204.83304120132,
    4.332749102223));
#2194 = DIRECTION('',(0.,0.,1.));
#2195 = DIRECTION('',(1.,0.,-0.));
#2196 = ADVANCED_FACE('',(#2197),#2203,.T.);
#2197 = FACE_BOUND('',#2198,.T.);
#2198 = EDGE_LOOP('',(#2199,#2200,#2201,#2202));
#2199 = ORIENTED_EDGE('',*,*,#1838,.T.);
#2200 = ORIENTED_EDGE('',*,*,#506,.T.);
#2201 = ORIENTED_EDGE('',*,*,#641,.T.);
#2202 = ORIENTED_EDGE('',*,*,#2184,.F.);
#2203 = PLANE('',#2204);
#2204 = AXIS2_PLACEMENT_3D('',#2205,#2206,#2207);
#2205 = CARTESIAN_POINT('',(141.2513575324,204.18304120132,
    5.832749102223));
#2206 = DIRECTION('',(-4.0422E-13,-1.,0.));
#2207 = DIRECTION('',(-0.,0.,-1.));
#2208 = ADVANCED_FACE('',(#2209),#2219,.F.);
#2209 = FACE_BOUND('',#2210,.F.);
#2210 = EDGE_LOOP('',(#2211,#2212,#2213,#2218));
#2211 = ORIENTED_EDGE('',*,*,#547,.F.);
#2212 = ORIENTED_EDGE('',*,*,#619,.F.);
#2213 = ORIENTED_EDGE('',*,*,#2214,.T.);
#2214 = EDGE_CURVE('',#620,#1827,#2215,.T.);
#2215 = B_SPLINE_CURVE_WITH_KNOTS('',1,(#2216,#2217),.UNSPECIFIED.,.F.,
  .F.,(2,2),(2.88843874283,6.319631555191),.PIECEWISE_BEZIER_KNOTS.);
#2216 = CARTESIAN_POINT('',(140.92635753241,198.39647994415,
    4.332749102223));
#2217 = CARTESIAN_POINT('',(140.92635753241,201.82767275651,
    4.332749102223));
#2218 = ORIENTED_EDGE('',*,*,#1826,.F.);
#2219 = B_SPLINE_SURFACE_WITH_KNOTS('',1,1,(
    (#2220,#2221,#2222)
    ,(#2223,#2224,#2225)
    ,(#2226,#2227,#2228)
    ,(#2229,#2230,#2231
    )),.UNSPECIFIED.,.F.,.F.,.F.,(2,1,1,2),(2,1,2),(-66.20000000002,
    -3.43547E-12,18.000000000003,20.700000000005),(0.,3.,10.5),
  .UNSPECIFIED.);
#2220 = CARTESIAN_POINT('',(140.92635753239,129.30804120132,
    4.332749102223));
#2221 = CARTESIAN_POINT('',(140.92635753239,129.30804120132,
    7.332749102223));
#2222 = CARTESIAN_POINT('',(140.92635753239,129.30804120132,
    14.832749102223));
#2223 = CARTESIAN_POINT('',(140.9263575324,195.50804120131,
    4.332749102223));
#2224 = CARTESIAN_POINT('',(140.9263575324,195.50804120131,
    7.332749102223));
#2225 = CARTESIAN_POINT('',(140.9263575324,195.50804120131,
    14.832749102223));
#2226 = CARTESIAN_POINT('',(140.92635753241,213.50804120131,
    4.332749102223));
#2227 = CARTESIAN_POINT('',(140.92635753241,213.50804120131,
    7.332749102223));
#2228 = CARTESIAN_POINT('',(140.92635753241,213.50804120131,
    14.832749102223));
#2229 = CARTESIAN_POINT('',(140.92635753241,216.20804120131,
    4.332749102223));
#2230 = CARTESIAN_POINT('',(140.92635753241,216.20804120131,
    7.332749102223));
#2231 = CARTESIAN_POINT('',(140.92635753241,216.20804120131,
    14.832749102223));
#2232 = ADVANCED_FACE('',(#2233),#2245,.F.);
#2233 = FACE_BOUND('',#2234,.T.);
#2234 = EDGE_LOOP('',(#2235,#2236,#2237,#2243,#2244));
#2235 = ORIENTED_EDGE('',*,*,#1940,.T.);
#2236 = ORIENTED_EDGE('',*,*,#1923,.T.);
#2237 = ORIENTED_EDGE('',*,*,#2238,.T.);
#2238 = EDGE_CURVE('',#1916,#587,#2239,.T.);
#2239 = LINE('',#2240,#2241);
#2240 = CARTESIAN_POINT('',(141.57635753241,204.50804120131,
    4.332749102223));
#2241 = VECTOR('',#2242,1.);
#2242 = DIRECTION('',(-2.0211E-13,-1.,0.));
#2243 = ORIENTED_EDGE('',*,*,#627,.T.);
#2244 = ORIENTED_EDGE('',*,*,#2214,.T.);
#2245 = PLANE('',#2246);
#2246 = AXIS2_PLACEMENT_3D('',#2247,#2248,#2249);
#2247 = CARTESIAN_POINT('',(141.2513575324,204.83304120132,
    4.332749102223));
#2248 = DIRECTION('',(0.,0.,1.));
#2249 = DIRECTION('',(1.,0.,-0.));
#2250 = ADVANCED_FACE('',(#2251),#2257,.T.);
#2251 = FACE_BOUND('',#2252,.T.);
#2252 = EDGE_LOOP('',(#2253,#2254,#2255,#2256));
#2253 = ORIENTED_EDGE('',*,*,#1915,.T.);
#2254 = ORIENTED_EDGE('',*,*,#1504,.T.);
#2255 = ORIENTED_EDGE('',*,*,#584,.T.);
#2256 = ORIENTED_EDGE('',*,*,#2238,.F.);
#2257 = PLANE('',#2258);
#2258 = AXIS2_PLACEMENT_3D('',#2259,#2260,#2261);
#2259 = CARTESIAN_POINT('',(141.57635753241,204.50804120131,
    5.832749102223));
#2260 = DIRECTION('',(1.,-2.0211E-13,0.));
#2261 = DIRECTION('',(0.,0.,-1.));
#2262 = ( GEOMETRIC_REPRESENTATION_CONTEXT(3) 
GLOBAL_UNCERTAINTY_ASSIGNED_CONTEXT((#2266)) 
GLOBAL_UNIT_ASSIGNED_CONTEXT((#2263,#2264,#2265)) REPRESENTATION_CONTEXT
('Context #1','3D Context with UNIT and UNCERTAINTY') );
#2263 = ( LENGTH_UNIT() NAMED_UNIT(*) SI_UNIT(.MILLI.,.METRE.) );
#2264 = ( NAMED_UNIT(*) PLANE_ANGLE_UNIT() SI_UNIT($,.RADIAN.) );
#2265 = ( NAMED_UNIT(*) SI_UNIT($,.STERADIAN.) SOLID_ANGLE_UNIT() );
#2266 = UNCERTAINTY_MEASURE_WITH_UNIT(LENGTH_MEASURE(5.E-04),#2263,
  'distance_accuracy_value','confusion accuracy');
#2267 = PRODUCT_RELATED_PRODUCT_CATEGORY('part',$,(#7));
#2268 = MECHANICAL_DESIGN_GEOMETRIC_PRESENTATION_REPRESENTATION('',(
    #2269),#2262);
#2269 = STYLED_ITEM('color',(#2270),#15);
#2270 = PRESENTATION_STYLE_ASSIGNMENT((#2271,#2277));
#2271 = SURFACE_STYLE_USAGE(.BOTH.,#2272);
#2272 = SURFACE_SIDE_STYLE('',(#2273));
#2273 = SURFACE_STYLE_FILL_AREA(#2274);
#2274 = FILL_AREA_STYLE('',(#2275));
#2275 = FILL_AREA_STYLE_COLOUR('',#2276);
#2276 = DRAUGHTING_PRE_DEFINED_COLOUR('white');
#2277 = CURVE_STYLE('',#2278,POSITIVE_LENGTH_MEASURE(0.1),#2279);
#2278 = DRAUGHTING_PRE_DEFINED_CURVE_FONT('continuous');
#2279 = COLOUR_RGB('',9.803921802644E-02,9.803921802644E-02,
  9.803921802644E-02);
ENDSEC;
END-ISO-10303-21;
